{"type":"FeatureCollection","crs":{"type":"name","properties":{"name":"EPSG:3005"}},"features":[{"type":"Feature","id":10021,"geometry":{"type":"LineString","coordinates":[[1621024.7520000003,537496.8479999993],[1621011.9849999994,537502.30800000019],[1620991.4609999992,537512.7229999993],[1620976.523,537527.00799999945],[1620966.1219999995,537544.71800000034],[1620960.3599999994,537558.20900000073],[1620955.6520000007,537571.66899999976],[1620946.9989999998,537584.64800000004],[1620936.2960000001,537597.37600000016],[1620932.2440000009,537605.01600000076],[1620918.8450000007,537622.3599999994],[1620913.8340000007,537630.83899999969],[1620904.5500000007,537647.72800000012],[1620895.3159999996,537664.78199999966],[1620884.6620000005,537685.65100000054],[1620881.1909999996,537697.18799999915],[1620877.0179999992,537713.90300000086],[1620871.5460000001,537733.33000000007],[1620866.3760000002,537749.76400000043]]},"properties":{"LINEAR_FEATURE_ID":707093127,"WATERSHED_GROUP_ID":90,"EDGE_TYPE":1000,"BLUE_LINE_KEY":356545045,"WATERSHED_KEY":356545045,"FWA_WATERSHED_CODE":"300-625474-042847-000000-000000-000000-000000-000000-000000-000000-000000-000000-000000-000000-000000-000000-000000-000000-000000-000000-000000","LOCAL_WATERSHED_CODE":"300-625474-042847-250749-000000-000000-000000-000000-000000-000000-000000-000000-000000-000000-000000-000000-000000-000000-000000-000000-000000","WATERSHED_GROUP_CODE":"KOTL","DOWNSTREAM_ROUTE_MEASURE":3660.7110078614901,"LENGTH_METRE":308.46450430551999,"FEATURE_SOURCE":"linear stream -","GNIS_ID":25643,"GNIS_NAME":"Sproule Creek","LEFT_RIGHT_TRIBUTARY":"RIGHT","STREAM_ORDER":4,"STREAM_MAGNITUDE":69,"WATERBODY_KEY":null,"BLUE_LINE_KEY_50K":114,"WATERSHED_CODE_50K":"340095600000000000000000000000000000000000000","WATERSHED_KEY_50K":114,"WATERSHED_GROUP_CODE_50K":"KOTL","GRADIENT":null,"FEATURE_CODE":"GA24850000","OBJECTID":10021,"GEOMETRY.LEN":0,"FEATURE_LENGTH_M":308.8184}},{"type":"Feature","id":116711,"geometry":{"type":"LineString","coordinates":[[1620783.7390000001,526672.37299999967],[1620797.8929999992,526664.04900000058],[1620803.1219999995,526662.77199999988],[1620814.6429999992,526659.23000000045],[1620838.3239999991,526656.21199999936],[1620854.5580000002,526655.15799999982],[1620865.7829999998,526654.6099999994],[1620885.5299999993,526650.15699999966],[1620896.7039999999,526649.44299999997],[1620913.2850000001,526645.56100000069],[1620925.4560000002,526645.12900000066],[1620941.0800000001,526642.08699999936],[1620958.2599999998,526641.14900000021],[1620969.3680000007,526641.70299999975],[1620990.9470000006,526638.26999999955],[1621000.9389999993,526639.64599999972],[1621018.5739999991,526635.73299999908],[1621033.7440000009,526635.66499999911],[1621044.8100000005,526635.09899999946],[1621063.9149999991,526636.46700000018],[1621078.9260000009,526636.38099999912],[1621099.1559999995,526635.9729999993],[1621109.4340000004,526635.31100000069],[1621126.0150000006,526631.4299999997],[1621141.2909999993,526631.21600000001],[1621153.4729999993,526629.82899999991],[1621172.7559999991,526629.30599999987],[1621182.8650000002,526629.58000000007],[1621198.1520000007,526628.41200000048],[1621219.0429999996,526630.15799999982],[1621236.3809999991,526629.23900000006],[1621245.2689999994,526630.48100000061],[1621263.4370000008,526630.77899999917],[1621284.1490000002,526634.41699999943],[1621305.1459999997,526636.01700000092],[1621317.0319999997,526637.62399999984],[1621331.8650000002,526639.4299999997],[1621345.6339999996,526642.2229999993],[1621359.6779999994,526643.93300000019],[1621373.4470000006,526646.72599999979],[1621397.1569999997,526650.72900000028],[1621414.2200000007,526650.89399999939],[1621433.3350000009,526651.30800000019],[1621449.4509999994,526651.35799999908],[1621467.4220000003,526645.57399999909],[1621485.432,526645.85400000028],[1621508.3629999999,526648.80599999987],[1621522.3000000007,526650.66300000064],[1621533.0199999996,526652.92600000091],[1621546.0209999997,526653.71199999936],[1621558.1809999999,526654.23699999973],[1621571.5850000009,526651.88299999945],[1621592.1109999996,526648.48399999924],[1621617.193,526642.6099999994],[1621633.8900000006,526637.62800000049],[1621646.0620000008,526637.19800000079],[1621663.2829999998,526637.38199999928],[1621675.5820000004,526634.89399999939],[1621683.9250000007,526632.88099999912],[1621698.1300000008,526624.72599999979],[1621712.6679999996,526605.28999999911],[1621723.7060000002,526597.70500000007],[1621733.3320000004,526593.93500000052],[1621753.7679999992,526584.30599999987],[1621761.1750000007,526581.2229999993],[1621772.5779999997,526578.78500000015],[1621792.7280000001,526571.1950000003],[1621800.125,526569.06699999981],[1621825.5130000003,526559.24499999918],[1621837.6840000004,526558.81499999948],[1621844.9130000006,526557.62299999967],[1621853.1390000004,526556.71199999936],[1621869.0580000002,526550.67899999954],[1621882.2640000004,526542.24300000072],[1621887.0099999998,526536.92200000025],[1621896.2019999996,526519.86400000006],[1621902.841,526514.77300000004],[1621913.7890000008,526500.96000000089],[1621919.7660000008,526493.71499999985],[1621928.8599999994,526485.7349999994],[1621949.9370000008,526470.28600000031],[1621954.5140000004,526465.90000000037],[1621961.7239999995,526456.73399999924],[1621977.0810000002,526439.47100000083],[1621995.1500000004,526424.61199999973],[1622008.0519999992,526410.23900000006],[1622016.8300000001,526397.2770000007]]},"properties":{"LINEAR_FEATURE_ID":707102433,"WATERSHED_GROUP_ID":90,"EDGE_TYPE":1000,"BLUE_LINE_KEY":356547356,"WATERSHED_KEY":356547356,"FWA_WATERSHED_CODE":"300-625474-027067-000000-000000-000000-000000-000000-000000-000000-000000-000000-000000-000000-000000-000000-000000-000000-000000-000000-000000","LOCAL_WATERSHED_CODE":"300-625474-027067-626965-000000-000000-000000-000000-000000-000000-000000-000000-000000-000000-000000-000000-000000-000000-000000-000000-000000","WATERSHED_GROUP_CODE":"KOTL","DOWNSTREAM_ROUTE_MEASURE":7918.6967827599301,"LENGTH_METRE":1334.9948561882702,"FEATURE_SOURCE":"linear stream -","GNIS_ID":27525,"GNIS_NAME":"Rover Creek","LEFT_RIGHT_TRIBUTARY":"LEFT","STREAM_ORDER":2,"STREAM_MAGNITUDE":8,"WATERBODY_KEY":null,"BLUE_LINE_KEY_50K":88,"WATERSHED_CODE_50K":"340062200000000000000000000000000000000000000","WATERSHED_KEY_50K":88,"WATERSHED_GROUP_CODE_50K":"KOTL","GRADIENT":null,"FEATURE_CODE":"GA24850150","OBJECTID":116711,"GEOMETRY.LEN":0,"FEATURE_LENGTH_M":1356.3418000000001}},{"type":"Feature","id":151584,"geometry":{"type":"LineString","coordinates":[[1615187.4619999994,541748.06200000085],[1615172.0380000006,541758.31699999981],[1615144.5500000007,541775.88399999961],[1615134.3100000005,541784.69199999981],[1615124.2400000002,541792.56399999931]]},"properties":{"LINEAR_FEATURE_ID":707088741,"WATERSHED_GROUP_ID":90,"EDGE_TYPE":1000,"BLUE_LINE_KEY":356545045,"WATERSHED_KEY":356545045,"FWA_WATERSHED_CODE":"300-625474-042847-000000-000000-000000-000000-000000-000000-000000-000000-000000-000000-000000-000000-000000-000000-000000-000000-000000-000000","LOCAL_WATERSHED_CODE":"300-625474-042847-809173-000000-000000-000000-000000-000000-000000-000000-000000-000000-000000-000000-000000-000000-000000-000000-000000-000000","WATERSHED_GROUP_CODE":"KOTL","DOWNSTREAM_ROUTE_MEASURE":11813.1936254797,"LENGTH_METRE":77.432412780864894,"FEATURE_SOURCE":"linear stream -","GNIS_ID":25643,"GNIS_NAME":"Sproule Creek","LEFT_RIGHT_TRIBUTARY":"RIGHT","STREAM_ORDER":4,"STREAM_MAGNITUDE":15,"WATERBODY_KEY":null,"BLUE_LINE_KEY_50K":114,"WATERSHED_CODE_50K":"340095600000000000000000000000000000000000000","WATERSHED_KEY_50K":114,"WATERSHED_GROUP_CODE_50K":"KOTL","GRADIENT":null,"FEATURE_CODE":"GA24850000","OBJECTID":151584,"GEOMETRY.LEN":0,"FEATURE_LENGTH_M":77.677599999999998}},{"type":"Feature","id":262456,"geometry":{"type":"LineString","coordinates":[[1613716.6610000003,539035.96399999969],[1613720.0099999998,539041.47100000083],[1613724.4140000008,539046.9450000003]]},"properties":{"LINEAR_FEATURE_ID":707091481,"WATERSHED_GROUP_ID":90,"EDGE_TYPE":1000,"BLUE_LINE_KEY":356565749,"WATERSHED_KEY":356565749,"FWA_WATERSHED_CODE":"300-625474-033788-000000-000000-000000-000000-000000-000000-000000-000000-000000-000000-000000-000000-000000-000000-000000-000000-000000-000000","LOCAL_WATERSHED_CODE":"300-625474-033788-786493-000000-000000-000000-000000-000000-000000-000000-000000-000000-000000-000000-000000-000000-000000-000000-000000-000000","WATERSHED_GROUP_CODE":"KOTL","DOWNSTREAM_ROUTE_MEASURE":9366.633253512271,"LENGTH_METRE":13.470756349114001,"FEATURE_SOURCE":"linear stream -","GNIS_ID":18605,"GNIS_NAME":"Falls Creek","LEFT_RIGHT_TRIBUTARY":"RIGHT","STREAM_ORDER":3,"STREAM_MAGNITUDE":10,"WATERBODY_KEY":null,"BLUE_LINE_KEY_50K":106,"WATERSHED_CODE_50K":"340075500000000000000000000000000000000000000","WATERSHED_KEY_50K":106,"WATERSHED_GROUP_CODE_50K":"KOTL","GRADIENT":null,"FEATURE_CODE":"GA24850000","OBJECTID":262456,"GEOMETRY.LEN":0,"FEATURE_LENGTH_M":13.5418}},{"type":"Feature","id":291303,"geometry":{"type":"LineString","coordinates":[[1623554.2410000004,529623.49799999967],[1623577.5480000004,529607.37099999934],[1623584.7890000008,529605.22699999996],[1623605.7719999999,529598.86199999973],[1623618.8650000002,529591.53299999982],[1623628.8990000002,529584.62700000033],[1623635.0859999992,529582.51300000027],[1623645.1199999992,529575.60799999908],[1623665.6219999995,529565.19800000079],[1623676.3159999996,529560.44600000046],[1623702.8139999993,529550.76999999955],[1623715.557,529537.33799999952],[1623721.4389999993,529515.89200000092],[1623725.568,529491.20099999942],[1623731.4849999994,529475.81799999997],[1623744.3210000005,529454.2650000006],[1623757.5179999992,529437.8599999994],[1623774.1689999998,529418.84600000083],[1623780.2689999994,529410.50300000049],[1623793.5840000007,529392.99499999918],[1623806.7819999997,529376.58999999985],[1623820.2660000008,529358.14599999972],[1623832.8389999997,529345.65100000054],[1623853.3300000001,529336.19700000063],[1623864.3210000005,529328.45199999958],[1623874.2359999996,529322.64900000021],[1623892.5179999992,529312.92500000075],[1623899.4360000007,529306.75500000082],[1623911.3479999993,529292.10600000061],[1623920.6150000002,529283.19299999997],[1623944.3870000001,529263.13800000027],[1623963.0480000004,529243.25500000082],[1623971.3790000007,529233.27099999972],[1623975.9580000006,529228.8870000001],[1623990.2090000007,529212.45099999942],[1624004.352,529196.16200000048],[1624013.4350000005,529180.21000000089],[1624025.8139999993,529161.63199999928],[1624029.5390000008,529149.01099999994],[1624043.3849999998,529135.71499999985],[1624049.9649999999,529131.4179999996],[1624064.7819999997,529125.25699999928],[1624072.3479999993,529122.19600000046],[1624096.2630000003,529108.06000000052],[1624123.3190000001,529086.33400000073],[1624131.4800000004,529077.28600000031],[1624136.0590000004,529072.90300000086],[1624153.0059999991,529050.89699999988],[1624158.1579999998,529042.43799999915]]},"properties":{"LINEAR_FEATURE_ID":707100326,"WATERSHED_GROUP_ID":90,"EDGE_TYPE":1000,"BLUE_LINE_KEY":356540400,"WATERSHED_KEY":356540400,"FWA_WATERSHED_CODE":"300-625474-033700-000000-000000-000000-000000-000000-000000-000000-000000-000000-000000-000000-000000-000000-000000-000000-000000-000000-000000","LOCAL_WATERSHED_CODE":"300-625474-033700-562213-000000-000000-000000-000000-000000-000000-000000-000000-000000-000000-000000-000000-000000-000000-000000-000000-000000","WATERSHED_GROUP_CODE":"KOTL","DOWNSTREAM_ROUTE_MEASURE":6987.8991298780102,"LENGTH_METRE":868.31446753904811,"FEATURE_SOURCE":"linear stream -","GNIS_ID":11830,"GNIS_NAME":"Fortynine Creek","LEFT_RIGHT_TRIBUTARY":"LEFT","STREAM_ORDER":3,"STREAM_MAGNITUDE":16,"WATERBODY_KEY":null,"BLUE_LINE_KEY_50K":99,"WATERSHED_CODE_50K":"340075200000000000000000000000000000000000000","WATERSHED_KEY_50K":99,"WATERSHED_GROUP_CODE_50K":"KOTL","GRADIENT":null,"FEATURE_CODE":"GA24850000","OBJECTID":291303,"GEOMETRY.LEN":0,"FEATURE_LENGTH_M":876.18190000000004}},{"type":"Feature","id":320183,"geometry":{"type":"LineString","coordinates":[[1618332.0789999999,541125.85199999996],[1618315.1329999994,541124.58999999985],[1618294.2559999991,541121.89399999939],[1618285.9039999992,541123.90899999999]]},"properties":{"LINEAR_FEATURE_ID":707089439,"WATERSHED_GROUP_ID":90,"EDGE_TYPE":1000,"BLUE_LINE_KEY":356545045,"WATERSHED_KEY":356545045,"FWA_WATERSHED_CODE":"300-625474-042847-000000-000000-000000-000000-000000-000000-000000-000000-000000-000000-000000-000000-000000-000000-000000-000000-000000-000000","LOCAL_WATERSHED_CODE":"300-625474-042847-579590-000000-000000-000000-000000-000000-000000-000000-000000-000000-000000-000000-000000-000000-000000-000000-000000-000000","WATERSHED_GROUP_CODE":"KOTL","DOWNSTREAM_ROUTE_MEASURE":8461.4937632704205,"LENGTH_METRE":46.634913877115395,"FEATURE_SOURCE":"linear stream -","GNIS_ID":25643,"GNIS_NAME":"Sproule Creek","LEFT_RIGHT_TRIBUTARY":"RIGHT","STREAM_ORDER":4,"STREAM_MAGNITUDE":38,"WATERBODY_KEY":null,"BLUE_LINE_KEY_50K":114,"WATERSHED_CODE_50K":"340095600000000000000000000000000000000000000","WATERSHED_KEY_50K":114,"WATERSHED_GROUP_CODE_50K":"KOTL","GRADIENT":null,"FEATURE_CODE":"GA24850000","OBJECTID":320183,"GEOMETRY.LEN":0,"FEATURE_LENGTH_M":46.658700000000003}},{"type":"Feature","id":348703,"geometry":{"type":"LineString","coordinates":[[1613956.8049999997,535574.32300000079],[1613959.5030000005,535585.65100000054],[1613958.1500000004,535596.64900000021],[1613955.6940000001,535615.48699999973],[1613953.1730000004,535627.14200000092],[1613947.5989999995,535646.72000000067],[1613936.9010000005,535667.43400000036],[1613934.9020000007,535675.32499999925],[1613928.9759999998,535697.73100000061],[1613918.2770000007,535718.44600000046],[1613915.0409999993,535728.26099999994],[1613905.1569999997,535751.14599999972],[1613893.6940000001,535769.85500000045],[1613893.6960000005,535777.82799999975],[1613894.5380000006,535786.06100000069],[1613896.7609999999,535793.34500000067]]},"properties":{"LINEAR_FEATURE_ID":707094859,"WATERSHED_GROUP_ID":90,"EDGE_TYPE":1000,"BLUE_LINE_KEY":356565749,"WATERSHED_KEY":356565749,"FWA_WATERSHED_CODE":"300-625474-033788-000000-000000-000000-000000-000000-000000-000000-000000-000000-000000-000000-000000-000000-000000-000000-000000-000000-000000","LOCAL_WATERSHED_CODE":"300-625474-033788-477586-000000-000000-000000-000000-000000-000000-000000-000000-000000-000000-000000-000000-000000-000000-000000-000000-000000","WATERSHED_GROUP_CODE":"KOTL","DOWNSTREAM_ROUTE_MEASURE":5687.7594170142202,"LENGTH_METRE":233.018271765289,"FEATURE_SOURCE":"linear stream -","GNIS_ID":18605,"GNIS_NAME":"Falls Creek","LEFT_RIGHT_TRIBUTARY":"RIGHT","STREAM_ORDER":5,"STREAM_MAGNITUDE":45,"WATERBODY_KEY":null,"BLUE_LINE_KEY_50K":106,"WATERSHED_CODE_50K":"340075500000000000000000000000000000000000000","WATERSHED_KEY_50K":106,"WATERSHED_GROUP_CODE_50K":"KOTL","GRADIENT":null,"FEATURE_CODE":"GA24850000","OBJECTID":348703,"GEOMETRY.LEN":0,"FEATURE_LENGTH_M":233.55460000000002}},{"type":"Feature","id":377530,"geometry":{"type":"LineString","coordinates":[[1622239.3609999996,546490.23000000045],[1622237.159,546507.02800000086],[1622235.659,546526.14399999939],[1622233.9069999997,546547.94199999981],[1622238.2149999999,546569.68300000019],[1622237.9409999996,546587.83300000057],[1622234.9629999995,546610.59699999914],[1622232.659,546637.59100000001],[1622229.5079999994,546661.28999999911],[1622227.3399999999,546686.22699999996],[1622225.9480000008,546698.17899999954],[1622222.5030000005,546716.89800000004]]},"properties":{"LINEAR_FEATURE_ID":707084830,"WATERSHED_GROUP_ID":90,"EDGE_TYPE":1000,"BLUE_LINE_KEY":356568277,"WATERSHED_KEY":356568277,"FWA_WATERSHED_CODE":"300-625474-048332-391586-000000-000000-000000-000000-000000-000000-000000-000000-000000-000000-000000-000000-000000-000000-000000-000000-000000","LOCAL_WATERSHED_CODE":"300-625474-048332-391586-542739-000000-000000-000000-000000-000000-000000-000000-000000-000000-000000-000000-000000-000000-000000-000000-000000","WATERSHED_GROUP_CODE":"KOTL","DOWNSTREAM_ROUTE_MEASURE":6496.9959473180397,"LENGTH_METRE":228.35503276014001,"FEATURE_SOURCE":"linear stream -","GNIS_ID":18222,"GNIS_NAME":"Baldface Creek","LEFT_RIGHT_TRIBUTARY":"RIGHT","STREAM_ORDER":4,"STREAM_MAGNITUDE":41,"WATERBODY_KEY":null,"BLUE_LINE_KEY_50K":2565,"WATERSHED_CODE_50K":"340108000411000000000000000000000000000000000","WATERSHED_KEY_50K":2565,"WATERSHED_GROUP_CODE_50K":"KOTL","GRADIENT":null,"FEATURE_CODE":"GA24850000","OBJECTID":377530,"GEOMETRY.LEN":0,"FEATURE_LENGTH_M":228.55790000000002}},{"type":"Feature","id":377542,"geometry":{"type":"LineString","coordinates":[[1622869.3770000003,544587.93099999987],[1622874.2960000001,544611.66200000048],[1622872.1510000005,544628.62600000016],[1622869.648,544648.41599999927],[1622868.7420000006,544663.45800000057],[1622867.784,544671.31599999964],[1622866.2390000001,544683.24899999984],[1622863.7349999994,544703.03999999911],[1622858.8739999998,544725.57200000063],[1622856.2239999995,544737.36999999918],[1622852.9460000005,544756.10899999924],[1622850.6280000005,544774.00799999945],[1622848.2960000001,544792.8629999999],[1622846.9240000006,544810.87800000049],[1622845.3670000006,544830.78500000015],[1622843.0350000001,544849.6400000006],[1622841.0240000002,544864.54600000009]]},"properties":{"LINEAR_FEATURE_ID":707086219,"WATERSHED_GROUP_ID":90,"EDGE_TYPE":1000,"BLUE_LINE_KEY":356568277,"WATERSHED_KEY":356568277,"FWA_WATERSHED_CODE":"300-625474-048332-391586-000000-000000-000000-000000-000000-000000-000000-000000-000000-000000-000000-000000-000000-000000-000000-000000-000000","LOCAL_WATERSHED_CODE":"300-625474-048332-391586-366835-000000-000000-000000-000000-000000-000000-000000-000000-000000-000000-000000-000000-000000-000000-000000-000000","WATERSHED_GROUP_CODE":"KOTL","DOWNSTREAM_ROUTE_MEASURE":4391.2974744898902,"LENGTH_METRE":279.53688364372402,"FEATURE_SOURCE":"linear stream -","GNIS_ID":18222,"GNIS_NAME":"Baldface Creek","LEFT_RIGHT_TRIBUTARY":"RIGHT","STREAM_ORDER":4,"STREAM_MAGNITUDE":53,"WATERBODY_KEY":null,"BLUE_LINE_KEY_50K":2565,"WATERSHED_CODE_50K":"340108000411000000000000000000000000000000000","WATERSHED_KEY_50K":2565,"WATERSHED_GROUP_CODE_50K":"KOTL","GRADIENT":null,"FEATURE_CODE":"GA24850000","OBJECTID":377542,"GEOMETRY.LEN":0,"FEATURE_LENGTH_M":280.00540000000001}},{"type":"Feature","id":377581,"geometry":{"type":"LineString","coordinates":[[1617424.8579999991,541420.43400000036],[1617399.8650000002,541418.19800000079],[1617384.5700000003,541419.37299999967],[1617365.5730000008,541417.86500000022],[1617347.0960000008,541420.56599999964],[1617323.2640000004,541425.64900000021],[1617296.5490000006,541437.2379999999],[1617287.0779999997,541440.07599999942],[1617274.9529999997,541440.67799999937],[1617257.7139999997,541441.4570000004],[1617235.5979999993,541440.68799999915],[1617217.2420000006,541442.2890000008],[1617208.8890000004,541444.3049999997],[1617186.125,541448.40100000054],[1617161.1750000007,541454.3049999997],[1617144.591,541457.2379999999]]},"properties":{"LINEAR_FEATURE_ID":707089099,"WATERSHED_GROUP_ID":90,"EDGE_TYPE":1000,"BLUE_LINE_KEY":356545045,"WATERSHED_KEY":356545045,"FWA_WATERSHED_CODE":"300-625474-042847-000000-000000-000000-000000-000000-000000-000000-000000-000000-000000-000000-000000-000000-000000-000000-000000-000000-000000","LOCAL_WATERSHED_CODE":"300-625474-042847-648659-000000-000000-000000-000000-000000-000000-000000-000000-000000-000000-000000-000000-000000-000000-000000-000000-000000","WATERSHED_GROUP_CODE":"KOTL","DOWNSTREAM_ROUTE_MEASURE":9469.8450989706216,"LENGTH_METRE":285.69260677412205,"FEATURE_SOURCE":"linear stream -","GNIS_ID":25643,"GNIS_NAME":"Sproule Creek","LEFT_RIGHT_TRIBUTARY":"RIGHT","STREAM_ORDER":4,"STREAM_MAGNITUDE":32,"WATERBODY_KEY":null,"BLUE_LINE_KEY_50K":114,"WATERSHED_CODE_50K":"340095600000000000000000000000000000000000000","WATERSHED_KEY_50K":114,"WATERSHED_GROUP_CODE_50K":"KOTL","GRADIENT":null,"FEATURE_CODE":"GA24850000","OBJECTID":377581,"GEOMETRY.LEN":0,"FEATURE_LENGTH_M":286.06999999999999}},{"type":"Feature","id":414450,"geometry":{"type":"LineString","coordinates":[[1620671.1290000007,534357.55199999921],[1620673.2479999997,534364.98599999957],[1620673.7970000003,534384.18899999931],[1620670.5199999996,534401.81000000052],[1620666.1720000003,534412.44400000013],[1620664.2960000001,534419.23200000077],[1620662.1309999991,534428.05800000019],[1620661.2009999994,534434.9609999992],[1620658.9220000003,534452.8629999999],[1620655.7129999995,534477.6679999996],[1620654.6740000006,534501.62199999951],[1620654.7339999992,534517.7349999994],[1620653.0449999999,534530.60600000061],[1620649.0030000005,534546.22000000067],[1620641.1860000007,534560.4179999996],[1620636.4810000006,534565.90399999917],[1620614.7290000003,534578.24499999918],[1620594.5140000004,534585.66899999976],[1620591.5040000007,534586.25999999978],[1620588.2170000002,534587.93200000003],[1620580.6329999994,534591.95199999958],[1620571.1689999998,534594.78600000031],[1620564.7019999996,534597.9849999994],[1620554.4649999999,534607.74200000055],[1620545.8330000006,534619.76700000092],[1620541.2980000004,534624.31699999981],[1620531.0739999991,534633.11900000088],[1620520.9680000003,534640.81799999997],[1620503.5170000009,534658.78600000031],[1620488.8929999992,534678.05399999954],[1620480.2479999997,534691.03500000015],[1620473.2080000006,534706.28399999999],[1620464.932,534723.45600000024],[1620461.3359999992,534737.05100000091],[1620457.8839999996,534747.63399999961],[1620448.2009999994,534767.6640000008],[1620444.4480000008,534781.24000000022],[1620440.5749999993,534795.9179999996],[1620439.1610000003,534807.7070000004],[1620435.3049999997,534829.40300000086],[1620430.6549999993,534843.02999999933],[1620426.2719999999,534860.51600000076],[1620424.0940000005,534870.29700000025],[1620421.1549999993,534886.04600000009],[1620416.6530000009,534904.63399999961],[1620412.0189999994,534925.27899999917],[1620411.2589999996,534931.24699999951],[1620409.2119999994,534938.97100000083],[1620404.8509999998,534950.55900000036],[1620395.6429999992,534974.63399999961],[1620392.6500000004,534982.24300000072],[1620381.1919999998,535000.94099999964],[1620364.6740000006,535019.98000000045],[1620348.6260000002,535035.08899999969],[1620330.2390000001,535051.98599999957],[1620323.5889999997,535057.07699999958],[1620315.4149999991,535066.12800000049],[1620298.1319999993,535083.16000000015],[1620275.4470000006,535102.40399999917],[1620268.9800000004,535105.60400000028],[1620253.5069999993,535108.66300000064],[1620234.3949999996,535116.2229999993],[1620220.6960000005,535120.61500000022],[1620214.7039999999,535127.8599999994],[1620210.4859999996,535136.43600000069],[1620201.3809999991,535152.39100000076],[1620193.0899999999,535170.51700000092],[1620176.5830000006,535188.60099999979],[1620164.2819999997,535199.06399999931],[1620154.7009999994,535210.97399999946],[1620144.0189999994,535230.7229999993],[1620137.6219999995,535249.08100000024],[1620134.9680000003,535254.81799999997],[1620123.9969999995,535276.60500000045],[1620117.5329999998,535287.77899999917],[1620108.2919999994,535297.81699999981],[1620099.1319999993,535305.63199999928],[1620091.5989999995,535309.81799999997],[1620070.1370000001,535328.09600000083],[1620049.6840000004,535345.69999999925],[1620037.6960000005,535352.21399999969],[1620031.2290000003,535355.41300000064],[1620008.7090000007,535365.74899999984],[1619992.2929999996,535376.6679999996],[1619978.2530000005,535382.93300000019],[1619960.9529999997,535392.94700000063],[1619933.4949999992,535410.49499999918],[1619909.8709999993,535420.69700000063],[1619899.5779999997,535422.31499999948],[1619883.9849999994,535426.47699999996],[1619875.5739999991,535429.28099999949],[1619860.2860000003,535438.42400000058],[1619846.7719999999,535448.89900000021],[1619836.0580000002,535454.61199999973]]},"properties":{"LINEAR_FEATURE_ID":707095777,"WATERSHED_GROUP_ID":90,"EDGE_TYPE":1000,"BLUE_LINE_KEY":356567071,"WATERSHED_KEY":356567071,"FWA_WATERSHED_CODE":"300-625474-039562-000000-000000-000000-000000-000000-000000-000000-000000-000000-000000-000000-000000-000000-000000-000000-000000-000000-000000","LOCAL_WATERSHED_CODE":"300-625474-039562-000000-000000-000000-000000-000000-000000-000000-000000-000000-000000-000000-000000-000000-000000-000000-000000-000000-000000","WATERSHED_GROUP_CODE":"KOTL","DOWNSTREAM_ROUTE_MEASURE":177.54044758310499,"LENGTH_METRE":1482.43070785954,"FEATURE_SOURCE":"linear stream -","GNIS_ID":27978,"GNIS_NAME":"Smallwood Creek","LEFT_RIGHT_TRIBUTARY":"RIGHT","STREAM_ORDER":3,"STREAM_MAGNITUDE":19,"WATERBODY_KEY":null,"BLUE_LINE_KEY_50K":109,"WATERSHED_CODE_50K":"340088400000000000000000000000000000000000000","WATERSHED_KEY_50K":109,"WATERSHED_GROUP_CODE_50K":"KOTL","GRADIENT":null,"FEATURE_CODE":"GA24850000","OBJECTID":414450,"GEOMETRY.LEN":0,"FEATURE_LENGTH_M":1498.2886000000001}},{"type":"Feature","id":443189,"geometry":{"type":"LineString","coordinates":[[1622222.5030000005,546716.89800000004],[1622217.9409999996,546736.43700000085],[1622213.8939999994,546753.1679999996],[1622210.5720000006,546770.78600000031],[1622209.3650000002,546787.86500000022],[1622210.7980000004,546801.11999999918],[1622214.9670000002,546831.93600000069]]},"properties":{"LINEAR_FEATURE_ID":707084680,"WATERSHED_GROUP_ID":90,"EDGE_TYPE":1000,"BLUE_LINE_KEY":356568277,"WATERSHED_KEY":356568277,"FWA_WATERSHED_CODE":"300-625474-048332-391586-000000-000000-000000-000000-000000-000000-000000-000000-000000-000000-000000-000000-000000-000000-000000-000000-000000","LOCAL_WATERSHED_CODE":"300-625474-048332-391586-561815-000000-000000-000000-000000-000000-000000-000000-000000-000000-000000-000000-000000-000000-000000-000000-000000","WATERSHED_GROUP_CODE":"KOTL","DOWNSTREAM_ROUTE_MEASURE":6725.3509800781703,"LENGTH_METRE":116.757495717666,"FEATURE_SOURCE":"linear stream -","GNIS_ID":18222,"GNIS_NAME":"Baldface Creek","LEFT_RIGHT_TRIBUTARY":"RIGHT","STREAM_ORDER":4,"STREAM_MAGNITUDE":40,"WATERBODY_KEY":null,"BLUE_LINE_KEY_50K":2565,"WATERSHED_CODE_50K":"340108000411000000000000000000000000000000000","WATERSHED_KEY_50K":2565,"WATERSHED_GROUP_CODE_50K":"KOTL","GRADIENT":null,"FEATURE_CODE":"GA24850000","OBJECTID":443189,"GEOMETRY.LEN":0,"FEATURE_LENGTH_M":116.9405}},{"type":"Feature","id":511337,"geometry":{"type":"LineString","coordinates":[[1608131.8579999991,546712.75400000066],[1608152.0840000007,546720.2770000007],[1608166.0350000001,546721.14900000021],[1608171.7369999997,546723.90399999917],[1608183.2630000003,546728.31299999915],[1608193.9230000004,546747.92699999921],[1608205.7770000007,546758.43400000036],[1608223.5199999996,546769.80599999987],[1608234.2860000003,546772.21000000089],[1608254.1830000002,546773.63499999978],[1608265.8809999991,546777.10799999908],[1608290.1190000009,546777.29800000042],[1608314.7880000006,546773.39399999939],[1608331.3800000008,546770.43600000069],[1608351.4499999993,546770.92500000075],[1608375.5150000006,546772.05199999921],[1608395.5700000003,546773.49599999934],[1608419.1679999996,546777.59600000083],[1608440.9940000009,546780.36800000072],[1608463.1009999998,546782.05800000019],[1608480.6879999992,546786.39599999972],[1608495.693,546787.23599999957],[1608513.5749999993,546789.53600000031],[1608517.5199999996,546790.00799999945],[1608518.466,546790.12199999951],[1608525.1170000006,546785.97499999963],[1608533.352,546785.04700000025],[1608546.1359999999,546779.56200000085],[1608559.4489999991,546777.32899999991],[1608567.6339999996,546776.23599999957],[1608576.8010000009,546776.37700000033],[1608580.9179999996,546775.91300000064],[1608605.4649999999,546773.11199999973],[1608624.5879999995,546773.4879999999],[1608641.7980000004,546764.54700000025],[1608656.9759999998,546764.45099999942],[1608669.1720000003,546756.02500000037],[1608693.0170000009,546750.90799999982],[1608713.9110000003,546752.6129999999],[1608722.1459999997,546751.68500000052],[1608744.5759999994,546749.42899999954],[1608763.5769999996,546750.90699999966],[1608788.0439999998,546749.85099999979],[1608793.932,546750.71600000001],[1608799.7559999991,546752.36999999918],[1608805.1490000002,546758.11900000088],[1608820.3560000006,546780.19199999981],[1608826.8680000007,546785.11800000072],[1608839.6989999991,546786.81499999948],[1608851.0879999995,546793.28199999966],[1608869.2620000001,546800.56100000069],[1608876.5500000007,546799.52099999972],[1608882.8560000006,546797.24699999951],[1608890.9179999996,546797.25599999912],[1608895.5,546800.83500000089],[1608911.2080000006,546803.99200000055],[1608916.6889999993,546800.50300000049],[1608927.1620000005,546797.93099999987],[1608948.3509999998,546797.59899999946],[1608971.7640000004,546796.57699999958],[1608992.6239999998,546790.14699999988],[1608999.0879999995,546787.89200000092],[1609014.0930000003,546788.73299999908],[1609033.7459999993,546792.3629999999],[1609057.7459999993,546794.28299999982],[1609072.1640000008,546792.18300000019],[1609093.0429999996,546794.84500000067],[1609112.818,546797.37399999984],[1609132.5439999998,546792.72199999914],[1609147.7219999991,546792.62800000049],[1609168.1370000001,546791.24799999967],[1609188.0669999998,546776.73399999924],[1609194.5299999993,546774.47900000028],[1609204.9529999997,546771.74100000039],[1609229.0179999992,546772.87199999951],[1609246.4169999994,546779.10300000012],[1609267.5720000006,546770.6370000001],[1609293.3619999997,546758.89800000004],[1609314.1740000006,546745.28800000064],[1609322.4079999998,546744.36099999957],[1609331.1079999991,546747.47699999996],[1609336.6370000001,546751.16999999993],[1609360.3929999992,546755.29399999976],[1609368.7489999998,546753.26600000076],[1609394.3809999991,546741.50899999961],[1609417.932,546731.41699999943],[1609436.0739999991,546723.54600000009],[1609458.5209999997,546713.32100000046],[1609469.8920000009,546703.68200000003],[1609483.3269999996,546700.34999999963],[1609505.7929999996,546699.21700000018],[1609523.9489999991,546690.39100000076],[1609536.2679999992,546680.86500000022],[1609552.8420000002,546661.80399999954],[1609562.9710000008,546654.08899999969],[1609574.9460000005,546639.41999999993],[1609579.3890000004,546627.99300000072],[1609592.0160000008,546615.47499999963],[1609598.8049999997,546602.25599999912],[1609607.3149999995,546590.20099999942],[1609631.9509999994,546571.15000000037],[1609651.2109999992,546562.45800000057],[1609660.0500000007,546556.50100000016],[1609676.3279999997,546539.47800000012],[1609698.2599999998,546518.02999999933],[1609703.3399999999,546509.71000000089],[1609705.1870000008,546495.73900000006],[1609708.1830000002,546472.01999999955],[1609710.8379999995,546467.2349999994],[1609717.625,546461.03299999982],[1609736.7630000003,546453.44199999981],[1609749.0659999996,546444.87199999951],[1609752.7320000008,546439.41200000048],[1609756.1630000006,546428.66100000031],[1609761.6899999995,546408.27500000037],[1609764.5170000009,546402.5549999997],[1609770.8039999995,546384.17400000058],[1609782.3129999992,546365.46199999936],[1609788.1530000009,546359.14599999972],[1609806.0160000008,546338.32699999958],[1609819.4179999996,546319.84300000034],[1609820.0219999999,546314.81200000085],[1609823.9820000008,546307.31399999931],[1609828.7029999997,546301.82100000046],[1609847.1889999993,546292.07899999991],[1609853.9749999996,546285.87700000033],[1609872.1809999999,546277.21800000034],[1609883.3640000001,546269.47100000083],[1609888.2569999993,546263.04099999927],[1609901.3650000002,546246.59500000067],[1609906.4110000003,546223.12199999951],[1609908.7369999997,546205.22199999914],[1609913.4580000006,546199.72900000028],[1609931.477,546192.9609999992],[1609944.2740000002,546186.52400000021],[1609956.5759999994,546177.95399999991],[1609978.3829999994,546164.62399999984],[1609998.4529999997,546158.10300000012],[1610020.2939999998,546152.91000000015],[1610027.8910000008,546148.87900000066],[1610036.2620000001,546145.89699999988],[1610046.9940000009,546133.1520000007],[1610064.5120000001,546114.20600000024],[1610079.7919999994,546096.90399999917],[1610082.9780000001,546088.35600000061],[1610084.5280000009,546076.42300000042],[1610099.5140000004,546061.16000000015],[1610110.2109999992,546040.27800000086],[1610124.7660000008,546022.09300000034],[1610139.9079999998,546013.86400000006],[1610147.6410000008,546007.77600000054],[1610157.4749999996,546002.09899999946],[1610181.318,545989.97199999914],[1610203.2819999997,545983.67799999937],[1610208.5179999992,545982.39299999923],[1610231.6870000008,545966.0390000008],[1610246.5700000003,545960.96900000051],[1610267.4299999997,545947.5270000007],[1610283.3609999996,545932.37700000033],[1610291.0800000001,545927.24400000088],[1610308.2009999994,545927.54600000009],[1610327.8029999994,545923.99899999984],[1610343.7559999991,545917.94099999964],[1610349.5800000001,545912.58100000024],[1610361.9120000005,545895.0859999992],[1610363.7550000008,545888.13099999912],[1610367.4210000001,545882.67100000009],[1610369.2650000006,545875.71700000018],[1610378.1030000001,545862.74499999918],[1610403.4890000001,545821.62199999951],[1610414.2200000007,545808.87800000049],[1610424.966,545788.16300000064],[1610442.7770000007,545767.17899999954],[1610451.6280000005,545760.26899999939],[1610459.8269999996,545751.20800000057],[1610478.4480000008,545732.39499999955],[1610499.7719999999,545722.99599999934],[1610512.9120000005,545714.68700000085],[1610518.2699999996,545712.30100000091],[1610544.5219999999,545704.6099999994],[1610568.5500000007,545697.60899999924],[1610580.3849999998,545692.0150000006],[1610598.6970000006,545683.2109999992],[1610614.1970000006,545672.15599999949],[1610620.0209999997,545666.79600000009],[1610623.8090000004,545660.2349999994]]},"properties":{"LINEAR_FEATURE_ID":707611108,"WATERSHED_GROUP_ID":186,"EDGE_TYPE":1000,"BLUE_LINE_KEY":356559464,"WATERSHED_KEY":356559464,"FWA_WATERSHED_CODE":"300-625474-020842-349237-000000-000000-000000-000000-000000-000000-000000-000000-000000-000000-000000-000000-000000-000000-000000-000000-000000","LOCAL_WATERSHED_CODE":"300-625474-020842-349237-000000-000000-000000-000000-000000-000000-000000-000000-000000-000000-000000-000000-000000-000000-000000-000000-000000","WATERSHED_GROUP_CODE":"SLOC","DOWNSTREAM_ROUTE_MEASURE":26.913663553181799,"LENGTH_METRE":3072.7468947868301,"FEATURE_SOURCE":"linear stream -","GNIS_ID":3011,"GNIS_NAME":"Winlaw Creek","LEFT_RIGHT_TRIBUTARY":"LEFT","STREAM_ORDER":3,"STREAM_MAGNITUDE":53,"WATERBODY_KEY":null,"BLUE_LINE_KEY_50K":162,"WATERSHED_CODE_50K":"340047200349000000000000000000000000000000000","WATERSHED_KEY_50K":162,"WATERSHED_GROUP_CODE_50K":"SLOC","GRADIENT":null,"FEATURE_CODE":"GA24850000","OBJECTID":511337,"GEOMETRY.LEN":0,"FEATURE_LENGTH_M":3077.5683000000004}},{"type":"Feature","id":529337,"geometry":{"type":"LineString","coordinates":[[1613720.1980000008,539151.35899999924],[1613719.9600000009,539176.52500000037],[1613726.0120000001,539192.40300000086],[1613733.4700000007,539213.39399999939],[1613737.4719999991,539229.02500000037],[1613736.4010000005,539237.9849999994],[1613736.1659999993,539255.17799999937],[1613737.2799999993,539262.32899999991],[1613740.4450000003,539269.72699999996],[1613747.4480000008,539277.74699999951],[1613765.5059999991,539294.11600000039],[1613776.1370000001,539306.56000000052],[1613779.3149999995,539313.00200000033],[1613786.1899999995,539338.06900000013],[1613789.2479999997,539345.6129999999],[1613792.898,539356.09899999946],[1613799.3010000009,539377.12299999967],[1613800.2909999993,539393.34699999914],[1613799.9949999992,539403.35799999908],[1613799.8670000006,539420.40399999917],[1613804.5140000004,539431.16999999993],[1613812.3129999992,539450.2890000008],[1613810.6549999993,539471.29700000025],[1613809.8880000003,539477.26400000043]]},"properties":{"LINEAR_FEATURE_ID":707091394,"WATERSHED_GROUP_ID":90,"EDGE_TYPE":1000,"BLUE_LINE_KEY":356565749,"WATERSHED_KEY":356565749,"FWA_WATERSHED_CODE":"300-625474-033788-000000-000000-000000-000000-000000-000000-000000-000000-000000-000000-000000-000000-000000-000000-000000-000000-000000-000000","LOCAL_WATERSHED_CODE":"300-625474-033788-796676-000000-000000-000000-000000-000000-000000-000000-000000-000000-000000-000000-000000-000000-000000-000000-000000-000000","WATERSHED_GROUP_CODE":"KOTL","DOWNSTREAM_ROUTE_MEASURE":9487.9160178647708,"LENGTH_METRE":350.63595009603699,"FEATURE_SOURCE":"linear stream -","GNIS_ID":18605,"GNIS_NAME":"Falls Creek","LEFT_RIGHT_TRIBUTARY":"RIGHT","STREAM_ORDER":3,"STREAM_MAGNITUDE":7,"WATERBODY_KEY":null,"BLUE_LINE_KEY_50K":106,"WATERSHED_CODE_50K":"340075500000000000000000000000000000000000000","WATERSHED_KEY_50K":106,"WATERSHED_GROUP_CODE_50K":"KOTL","GRADIENT":null,"FEATURE_CODE":"GA24850000","OBJECTID":529337,"GEOMETRY.LEN":0,"FEATURE_LENGTH_M":352.8888}},{"type":"Feature","id":540059,"geometry":{"type":"LineString","coordinates":[[1603324.8159999996,544006.31499999948],[1603317.5160000008,544015.33300000057],[1603312.7829999998,544021.78700000048],[1603308.1999999993,544025.22900000028],[1603303.4810000006,544030.72800000012],[1603293.3910000008,544046.58999999985],[1603290.7239999995,544052.3320000004],[1603286.7789999992,544058.87900000066],[1603284.2479999997,544062.56499999948],[1603281.3949999996,544070.19800000079],[1603274.1579999998,544078.42699999921],[1603264.7070000004,544097.39499999955],[1603256.1889999993,544117.42899999954],[1603248.7670000009,544127.55000000075],[1603243.8760000002,544133.9849999994],[1603239.0209999997,544141.53999999911],[1603234.7689999994,544151.08000000007],[1603228.7589999996,544158.33799999952],[1603224.9859999996,544163.94899999909],[1603217.3780000005,544175.9609999992],[1603214.7100000009,544181.70299999975],[1603209.0449999999,544194.10500000045],[1603207.3249999993,544199.95900000073],[1603203.8460000008,544203.53199999966],[1603198.0089999996,544216.86999999918],[1603193.7569999993,544226.41000000015],[1603180.8269999996,544248.95099999942],[1603176.5749999993,544258.49100000039],[1603171.3760000002,544267.9179999996],[1603165.7109999992,544280.3200000003],[1603162.2689999994,544292.02899999917],[1603156.1099999994,544309.31399999931],[1603150.7390000001,544319.67799999937],[1603144.7799999993,544334.11700000055],[1603140.6989999991,544342.72100000083],[1603135.7949999999,544357.12600000016],[1603132.8200000003,544372.87600000016],[1603130.9639999997,544387.80199999921],[1603129.7109999992,544397.69800000079],[1603127.2170000002,544416.53399999999],[1603124.7219999991,544428.35500000045],[1603123.7620000001,544436.21299999952],[1603122.3859999999,544447.21000000089],[1603121.1459999997,544456.15100000054],[1603119.1180000007,544472.01300000027],[1603115.4910000004,544492.62800000049],[1603115.3420000002,544502.65499999933],[1603114.102,544511.59600000083],[1603112.5390000008,544524.48399999924],[1603109.75,544538.34300000034],[1603108.4959999993,544548.2379999999],[1603107.5500000007,544555.14100000076],[1603105.6940000001,544570.06699999981],[1603102.8770000003,544592.85099999979],[1603101.3289999999,544604.78399999999],[1603100.5539999995,544610.75100000016],[1603099.7670000009,544624.68799999915],[1603099.4729999993,544626.72599999979],[1603099.2870000005,544628.61700000055],[1603098.8210000005,544631.59100000001],[1603098.6989999991,544632.69199999981]]},"properties":{"LINEAR_FEATURE_ID":707611716,"WATERSHED_GROUP_ID":186,"EDGE_TYPE":1000,"BLUE_LINE_KEY":356570432,"WATERSHED_KEY":356570432,"FWA_WATERSHED_CODE":"300-625474-020842-274982-000000-000000-000000-000000-000000-000000-000000-000000-000000-000000-000000-000000-000000-000000-000000-000000-000000","LOCAL_WATERSHED_CODE":"300-625474-020842-274982-698933-000000-000000-000000-000000-000000-000000-000000-000000-000000-000000-000000-000000-000000-000000-000000-000000","WATERSHED_GROUP_CODE":"SLOC","DOWNSTREAM_ROUTE_MEASURE":1578.9024690471601,"LENGTH_METRE":680.11298670378608,"FEATURE_SOURCE":"linear stream -","GNIS_ID":20473,"GNIS_NAME":"Newcomen Creek","LEFT_RIGHT_TRIBUTARY":"RIGHT","STREAM_ORDER":1,"STREAM_MAGNITUDE":1,"WATERBODY_KEY":null,"BLUE_LINE_KEY_50K":149,"WATERSHED_CODE_50K":"340047200273000820000000000000000000000000000","WATERSHED_KEY_50K":149,"WATERSHED_GROUP_CODE_50K":"SLOC","GRADIENT":null,"FEATURE_CODE":"GA24850150","OBJECTID":540059,"GEOMETRY.LEN":0,"FEATURE_LENGTH_M":820.49030000000005}},{"type":"Feature","id":557951,"geometry":{"type":"LineString","coordinates":[[1618661.6030000001,526798.09999999963],[1618671.4580000006,526783.19099999964],[1618684.4700000007,526768.66499999911],[1618693.4580000006,526760.82599999942],[1618700.4900000002,526753.54700000025],[1618710.0999999996,526741.79700000025],[1618716.0280000009,526734.38499999978],[1618723.4079999998,526724.27800000086],[1618735.1180000007,526703.53500000015],[1618743.4269999992,526685.56900000013],[1618748.5759999994,526677.10500000045],[1618752.1280000005,526665.4179999996],[1618756.5089999996,526654.94800000079],[1618763.0409999993,526635.65000000037],[1618766.1500000004,526625.98200000077],[1618773.6180000007,526607.75400000066],[1618775.2860000003,526594.88199999928],[1618778.1870000008,526580.08699999936],[1618782.0170000009,526557.43200000003],[1618784.6319999993,526544.67500000075],[1618787.068,526533.80900000036],[1618795.8300000001,526512.86900000088],[1618799.9629999995,526496.15000000037],[1618804.2750000004,526477.53999999911],[1618805.6569999997,526466.70600000024],[1618809.841,526450.15300000086],[1618813.6879999992,526435.47199999914],[1618817.7039999999,526419.85600000061],[1618821.7190000005,526404.23900000006],[1618822.9230000004,526395.29700000025],[1618827.0370000005,526370.60300000012],[1618830.0869999994,526346.89699999988],[1618833.4509999994,526328.17200000025],[1618837.7620000001,526309.56200000085],[1618840.1980000008,526298.69600000046],[1618846.6109999996,526280.5],[1618848.8790000007,526270.57100000046],[1618849.7970000003,526263.66699999943],[1618852.6879999992,526239.94199999981],[1618855.8739999998,526223.10799999908],[1618860.3230000008,526196.5429999996],[1618862.375,526172.55599999987],[1618863.5590000004,526155.6400000006],[1618864.6919999998,526138.55700000003],[1618865.4230000004,526124.61500000022],[1618864.1209999993,526118.39800000004],[1618866.0739999991,526103.4879999999],[1618865.8760000002,526097.40499999933],[1618868.9539999999,526080.71800000034],[1618871.8530000001,526065.92300000042],[1618876.5179999992,526053.4140000008],[1618884.7440000009,526028.26300000027],[1618886.8650000002,526012.41699999943],[1618887.4269999992,525999.41100000031],[1618885.5319999997,525974.94600000046],[1618885.966,525963.99699999951],[1618885.8959999997,525955.85700000077]]},"properties":{"LINEAR_FEATURE_ID":707102702,"WATERSHED_GROUP_ID":90,"EDGE_TYPE":1000,"BLUE_LINE_KEY":356508876,"WATERSHED_KEY":356508876,"FWA_WATERSHED_CODE":"300-625474-027067-455381-000000-000000-000000-000000-000000-000000-000000-000000-000000-000000-000000-000000-000000-000000-000000-000000-000000","LOCAL_WATERSHED_CODE":"300-625474-027067-455381-000000-000000-000000-000000-000000-000000-000000-000000-000000-000000-000000-000000-000000-000000-000000-000000-000000","WATERSHED_GROUP_CODE":"KOTL","DOWNSTREAM_ROUTE_MEASURE":0,"LENGTH_METRE":889.27659250208103,"FEATURE_SOURCE":"linear stream -","GNIS_ID":27439,"GNIS_NAME":"Snowwater Creek","LEFT_RIGHT_TRIBUTARY":"LEFT","STREAM_ORDER":3,"STREAM_MAGNITUDE":10,"WATERBODY_KEY":null,"BLUE_LINE_KEY_50K":92,"WATERSHED_CODE_50K":"340062200526000000000000000000000000000000000","WATERSHED_KEY_50K":92,"WATERSHED_GROUP_CODE_50K":"KOTL","GRADIENT":null,"FEATURE_CODE":"GA24850000","OBJECTID":557951,"GEOMETRY.LEN":0,"FEATURE_LENGTH_M":897.31020000000001}},{"type":"Feature","id":586983,"geometry":{"type":"LineString","coordinates":[[1613896.7609999999,535793.34500000067],[1613900.9440000001,535808.03999999911],[1613899.9069999997,535823.06299999915],[1613894.1370000001,535845.4879999999],[1613885.6710000001,535864.55800000019],[1613883.6870000008,535879.46700000018],[1613890.6850000005,535896.4140000008],[1613901.523,535921.9570000004],[1613902.6420000009,535929.10799999908],[1613908.2449999992,535947.96000000089],[1613911.9550000001,535966.58500000089],[1613904.9079999998,535981.83999999985],[1613899.9110000003,535989.36999999918],[1613894.0879999995,536003.65599999949],[1613891.6160000004,536015.47599999979],[1613882.5059999991,536031.43899999931],[1613880.7960000001,536037.2929999996],[1613879.6280000005,536062.34500000067],[1613883.8239999991,536084.05700000003],[1613889.4140000008,536103.86500000022],[1613896.7640000004,536117.98599999957],[1613907.9030000009,536140.53500000015],[1613914.7300000004,536158.41899999976],[1613914.6640000008,536175.63199999928],[1613908.2609999999,536193.99400000088],[1613904.0270000007,536203.52899999917],[1613896.3350000009,536215.67699999921],[1613890.6950000003,536228.07200000063],[1613888.0539999995,536248.80100000091],[1613890.6449999996,536268.24799999967],[1613895.2870000005,536279.96900000051],[1613896.4049999993,536287.11900000088],[1613901.2440000009,536311.93899999931],[1613905.7789999992,536331.77899999917],[1613912.7899999991,536355.74499999918],[1613913.4859999996,536366.99000000022],[1613909.2660000008,536383.5429999996],[1613906.1490000002,536392.25599999912],[1613897.5089999996,536404.28999999911],[1613884.4399999995,536420.73200000077],[1613869.5150000006,536442.05399999954],[1613866.5050000008,536450.61999999918],[1613864.5050000008,536458.51099999994],[1613862.3499999996,536482.32799999975],[1613867.818,536495.2650000006],[1613868.7530000005,536504.30700000003],[1613868.5289999992,536529.4729999993],[1613852.4729999993,536544.59899999946],[1613849.6459999997,536551.27500000037],[1613847.3690000009,536568.22100000083],[1613845.1870000008,536585.97599999979],[1613845.1449999996,536609.25100000016],[1613853.9020000007,536628.48399999924],[1613863.8019999992,536652.9570000004],[1613865.7339999992,536662.27899999917],[1613865.9179999996,536668.3599999994],[1613864.8650000002,536684.33799999952],[1613861.1040000003,536689.94299999997],[1613844.2200000007,536703.85300000012],[1613842.0500000007,536720.65300000086],[1613846.9810000006,536730.3359999992]]},"properties":{"LINEAR_FEATURE_ID":707094724,"WATERSHED_GROUP_ID":90,"EDGE_TYPE":1000,"BLUE_LINE_KEY":356565749,"WATERSHED_KEY":356565749,"FWA_WATERSHED_CODE":"300-625474-033788-000000-000000-000000-000000-000000-000000-000000-000000-000000-000000-000000-000000-000000-000000-000000-000000-000000-000000","LOCAL_WATERSHED_CODE":"300-625474-033788-497152-000000-000000-000000-000000-000000-000000-000000-000000-000000-000000-000000-000000-000000-000000-000000-000000-000000","WATERSHED_GROUP_CODE":"KOTL","DOWNSTREAM_ROUTE_MEASURE":5920.7776887795108,"LENGTH_METRE":1005.27665017611,"FEATURE_SOURCE":"linear stream -","GNIS_ID":18605,"GNIS_NAME":"Falls Creek","LEFT_RIGHT_TRIBUTARY":"RIGHT","STREAM_ORDER":5,"STREAM_MAGNITUDE":44,"WATERBODY_KEY":null,"BLUE_LINE_KEY_50K":106,"WATERSHED_CODE_50K":"340075500000000000000000000000000000000000000","WATERSHED_KEY_50K":106,"WATERSHED_GROUP_CODE_50K":"KOTL","GRADIENT":null,"FEATURE_CODE":"GA24850000","OBJECTID":586983,"GEOMETRY.LEN":0,"FEATURE_LENGTH_M":1007.7127}},{"type":"Feature","id":597715,"geometry":{"type":"LineString","coordinates":[[1608011.5370000005,526902.03399999999],[1607994.7609999999,526875.64499999955],[1607991.4489999991,526870.30900000036],[1607986.9700000007,526865.63099999912],[1607972.7430000007,526865.8479999993],[1607955.1190000009,526877.77600000054],[1607946.7880000006,526887.78299999982],[1607932.9149999991,526894.09999999963],[1607910.9130000006,526892.27600000054],[1607892.5600000005,526893.91499999911],[1607876.6449999996,526899.03299999982],[1607870.9499999993,526904.25200000033],[1607865.3049999997,526909.6370000001],[1607861.0899999999,526919.17799999937],[1607860.6349999998,526922.1520000007],[1607860.1699999999,526926.0820000004],[1607858.6769999992,526937.06299999915],[1607859.5130000003,526947.20500000007],[1607862.8760000002,526952.70600000024],[1607877.7060000002,526978.70299999975],[1607893.6359999999,526995.90399999917],[1607896.8310000002,527002.34200000018],[1607897.9629999995,527009.49100000039],[1607896.4600000009,527021.42600000091],[1607890.1919999998,527030.72199999914],[1607880.0950000007,527038.44600000046],[1607864.0409999993,527046.57599999942],[1607846.6620000005,527055.34500000067],[1607838.9550000001,527061.44099999964],[1607822.0069999993,527083.49300000072],[1607819.0250000004,527091.10799999908],[1607818.284,527096.11999999918],[1607816.898,527106.95399999991],[1607814.7100000009,527132.99599999934],[1607815.4140000008,527150.13599999994],[1607822.1559999995,527169.11199999973],[1607827.2850000001,527176.89599999972],[1607837.1380000003,527186.19999999925],[1607842.6809999999,527189.88900000043],[1607846.2290000003,527202.42600000091],[1607854.5779999997,527223.66599999927],[1607864.3300000001,527242.0429999996],[1607874.6640000008,527255.3900000006],[1607878.2890000008,527275.1099999994],[1607880.6300000008,527296.58999999985],[1607885.7070000004,527304.20900000073],[1607900.5199999996,527322.23299999908],[1607917.1899999995,527334.42200000025],[1607933.7679999992,527354.72900000028],[1607944.4550000001,527374.17500000075],[1607955.4399999995,527390.62800000049],[1607965.1750000007,527401.03299999982],[1607968.5370000005,527406.53500000015],[1607967.0600000005,527425.4879999999]]},"properties":{"LINEAR_FEATURE_ID":707618198,"WATERSHED_GROUP_ID":186,"EDGE_TYPE":1000,"BLUE_LINE_KEY":356559081,"WATERSHED_KEY":356559081,"FWA_WATERSHED_CODE":"300-625474-020842-045408-214991-000000-000000-000000-000000-000000-000000-000000-000000-000000-000000-000000-000000-000000-000000-000000-000000","LOCAL_WATERSHED_CODE":"300-625474-020842-045408-214991-000000-000000-000000-000000-000000-000000-000000-000000-000000-000000-000000-000000-000000-000000-000000-000000","WATERSHED_GROUP_CODE":"SLOC","DOWNSTREAM_ROUTE_MEASURE":0,"LENGTH_METRE":797.85245402586997,"FEATURE_SOURCE":"linear stream -","GNIS_ID":22867,"GNIS_NAME":"McDermid Creek","LEFT_RIGHT_TRIBUTARY":"LEFT","STREAM_ORDER":3,"STREAM_MAGNITUDE":9,"WATERBODY_KEY":null,"BLUE_LINE_KEY_50K":19,"WATERSHED_CODE_50K":"340047200045002140000000000000000000000000000","WATERSHED_KEY_50K":19,"WATERSHED_GROUP_CODE_50K":"SLOC","GRADIENT":null,"FEATURE_CODE":"GA24850000","OBJECTID":597715,"GEOMETRY.LEN":0,"FEATURE_LENGTH_M":803.10610000000008}},{"type":"Feature","id":597833,"geometry":{"type":"LineString","coordinates":[[1605753.2060000002,535233.24499999918],[1605750.6140000001,535221.7770000007],[1605748.023,535210.31000000052]]},"properties":{"LINEAR_FEATURE_ID":707616835,"WATERSHED_GROUP_ID":186,"EDGE_TYPE":1000,"BLUE_LINE_KEY":356435040,"WATERSHED_KEY":356435040,"FWA_WATERSHED_CODE":"300-625474-020842-156509-000000-000000-000000-000000-000000-000000-000000-000000-000000-000000-000000-000000-000000-000000-000000-000000-000000","LOCAL_WATERSHED_CODE":"300-625474-020842-156509-000000-000000-000000-000000-000000-000000-000000-000000-000000-000000-000000-000000-000000-000000-000000-000000-000000","WATERSHED_GROUP_CODE":"SLOC","DOWNSTREAM_ROUTE_MEASURE":34.495973909164597,"LENGTH_METRE":23.513701213048297,"FEATURE_SOURCE":"linear stream -","GNIS_ID":11020,"GNIS_NAME":"Greavison Creek","LEFT_RIGHT_TRIBUTARY":"RIGHT","STREAM_ORDER":2,"STREAM_MAGNITUDE":2,"WATERBODY_KEY":null,"BLUE_LINE_KEY_50K":697,"WATERSHED_CODE_50K":"340047200156000000000000000000000000000000000","WATERSHED_KEY_50K":697,"WATERSHED_GROUP_CODE_50K":"SLOC","GRADIENT":null,"FEATURE_CODE":"GA24850150","OBJECTID":597833,"GEOMETRY.LEN":0,"FEATURE_LENGTH_M":23.555800000000001}},{"type":"Feature","id":615816,"geometry":{"type":"LineString","coordinates":[[1616351.6860000007,541622.33799999952],[1616350.0260000005,541622.44999999925]]},"properties":{"LINEAR_FEATURE_ID":707088902,"WATERSHED_GROUP_ID":90,"EDGE_TYPE":1000,"BLUE_LINE_KEY":356545045,"WATERSHED_KEY":356545045,"FWA_WATERSHED_CODE":"300-625474-042847-000000-000000-000000-000000-000000-000000-000000-000000-000000-000000-000000-000000-000000-000000-000000-000000-000000-000000","LOCAL_WATERSHED_CODE":"300-625474-042847-727118-000000-000000-000000-000000-000000-000000-000000-000000-000000-000000-000000-000000-000000-000000-000000-000000-000000","WATERSHED_GROUP_CODE":"KOTL","DOWNSTREAM_ROUTE_MEASURE":10615.2627663161,"LENGTH_METRE":1.6639142916415999,"FEATURE_SOURCE":"linear stream -","GNIS_ID":25643,"GNIS_NAME":"Sproule Creek","LEFT_RIGHT_TRIBUTARY":"RIGHT","STREAM_ORDER":4,"STREAM_MAGNITUDE":22,"WATERBODY_KEY":null,"BLUE_LINE_KEY_50K":114,"WATERSHED_CODE_50K":"340095600000000000000000000000000000000000000","WATERSHED_KEY_50K":114,"WATERSHED_GROUP_CODE_50K":"KOTL","GRADIENT":null,"FEATURE_CODE":"GA24850000","OBJECTID":615816,"GEOMETRY.LEN":0,"FEATURE_LENGTH_M":1.6638000000000002}},{"type":"Feature","id":644510,"geometry":{"type":"LineString","coordinates":[[1616240.1870000008,537223.81000000052],[1616226.4220000003,537229.00100000016],[1616215.0730000008,537230.65799999982],[1616208.8939999994,537231.82300000079],[1616190.9059999995,537237.61999999918],[1616169.9059999995,537244.00799999945],[1616161.8460000008,537243.99000000022],[1616153.7740000002,537244.92600000091],[1616143.5419999994,537245.76099999994],[1616127.5419999994,537244.62299999967],[1616120.3090000004,537245.82100000046],[1616114.773,537250.09400000051],[1616096.9680000003,537269.9450000003],[1616086.8939999994,537278.77199999988],[1616069.0759999994,537291.60600000061],[1616058.5409999993,537303.40699999966],[1616045.3239999991,537318.86999999918],[1616032.2650000006,537334.35300000012],[1616023.4279999994,537341.25699999928],[1616010.1989999991,537349.70199999958],[1615997.5500000007,537354.07200000063],[1615990.1459999997,537356.20600000024],[1615971.4879999999,537360.80599999987],[1615950.6720000003,537365.30399999954],[1615941.1919999998,537369.10099999979],[1615919.9020000007,537377.52800000086],[1615910.9069999997,537384.41300000064],[1615901.3190000001,537396.32899999991],[1615892.2039999999,537412.2890000008],[1615880.9749999996,537420.81699999981],[1615878.318,537426.5549999997],[1615872.7949999999,537429.87399999984],[1615867.4419999998,537432.25599999912],[1615845.6659999993,537437.59500000067],[1615824.6669999994,537443.9849999994],[1615811.3859999999,537452.26600000076],[1615799.9169999994,537470.97100000083],[1615788.4470000006,537489.67600000091],[1615784.5519999992,537497.33699999936],[1615776.2009999994,537515.30299999937],[1615769.1490000002,537530.55599999987],[1615764.9759999998,537547.27300000004],[1615754.7310000006,537565.00899999961],[1615750.0219999999,537570.49899999984],[1615740.2630000003,537583.35199999996],[1615735.0800000001,537592.77099999972],[1615729.3859999999,537597.02600000054],[1615722.0199999996,537608.25400000066],[1615702.9619999994,537630.9849999994],[1615694.9639999997,537646.12299999967],[1615688.0199999996,537653.25599999912],[1615671.4879999999,537672.30599999987],[1615655.9140000008,537690.5150000006],[1615647.9149999991,537713.62600000016],[1615645.7799999993,537723.57399999909],[1615642.7809999995,537731.18400000036],[1615640.9000000004,537737.9729999993]]},"properties":{"LINEAR_FEATURE_ID":707093415,"WATERSHED_GROUP_ID":90,"EDGE_TYPE":1000,"BLUE_LINE_KEY":356567071,"WATERSHED_KEY":356567071,"FWA_WATERSHED_CODE":"300-625474-039562-000000-000000-000000-000000-000000-000000-000000-000000-000000-000000-000000-000000-000000-000000-000000-000000-000000-000000","LOCAL_WATERSHED_CODE":"300-625474-039562-617354-000000-000000-000000-000000-000000-000000-000000-000000-000000-000000-000000-000000-000000-000000-000000-000000-000000","WATERSHED_GROUP_CODE":"KOTL","DOWNSTREAM_ROUTE_MEASURE":6133.5190868335303,"LENGTH_METRE":845.18142389561206,"FEATURE_SOURCE":"linear stream -","GNIS_ID":27978,"GNIS_NAME":"Smallwood Creek","LEFT_RIGHT_TRIBUTARY":"RIGHT","STREAM_ORDER":2,"STREAM_MAGNITUDE":5,"WATERBODY_KEY":null,"BLUE_LINE_KEY_50K":109,"WATERSHED_CODE_50K":"340088400000000000000000000000000000000000000","WATERSHED_KEY_50K":109,"WATERSHED_GROUP_CODE_50K":"KOTL","GRADIENT":null,"FEATURE_CODE":"GA24850000","OBJECTID":644510,"GEOMETRY.LEN":0,"FEATURE_LENGTH_M":852.17790000000002}},{"type":"Feature","id":683810,"geometry":{"type":"LineString","coordinates":[[1603718.6459999997,529836.52500000037],[1603717.5519999992,529844.36500000022],[1603717.9979999997,529864.66200000048],[1603719.773,529874.9140000008],[1603725.5690000001,529892.81499999948],[1603726.2390000001,529902.93700000085],[1603728.1950000003,529911.29800000042],[1603729.5759999994,529932.66200000048],[1603731.5429999996,529948.99400000088],[1603733.7019999996,529971.40599999949],[1603735.0940000005,529991.81499999948],[1603735.1659999993,530007.92300000042],[1603738.7290000003,530027.47199999914],[1603740.4079999998,530045.84300000034],[1603740.7789999992,530058.95800000057],[1603739.6280000005,530076.03700000048],[1603737.0010000002,530088.79600000009],[1603734.193,530094.52099999972],[1603725.1950000003,530102.38199999928],[1603714.443,530107.00699999928],[1603692.5240000002,530120.35199999996],[1603682.2909999993,530130.13900000043],[1603668.4330000002,530143.48200000077],[1603663.5610000007,530149.91899999976],[1603649.5950000007,530172.33500000089],[1603648.5409999993,530181.29600000009],[1603649.4020000007,530197.49699999951],[1603656.9600000009,530217.6799999997],[1603667.1789999995,530240.08999999985],[1603679.7780000009,530252.89900000021],[1603695.9240000006,530259.91100000031],[1603705.0040000007,530276.12900000066],[1603712.5010000002,530288.17500000075],[1603719.4110000003,530305.25200000033],[1603726.3100000005,530323.28399999999],[1603724.4480000008,530338.04700000025],[1603724.4120000005,530354.30199999921],[1603722.7530000005,530374.18999999948],[1603720.9519999996,530397.08999999985],[1603719.3420000002,530417.14299999923],[1603716.0539999995,530427.75300000049],[1603708.5649999995,530445.99400000088],[1603702.1089999992,530457.18500000052],[1603694.1899999995,530480.47599999979],[1603687.6370000001,530499.78500000015],[1603678.0730000008,530519.69299999997],[1603670.4020000007,530539.82599999942]]},"properties":{"LINEAR_FEATURE_ID":707617931,"WATERSHED_GROUP_ID":186,"EDGE_TYPE":1000,"BLUE_LINE_KEY":356537519,"WATERSHED_KEY":356537519,"FWA_WATERSHED_CODE":"300-625474-020842-045408-245208-000000-000000-000000-000000-000000-000000-000000-000000-000000-000000-000000-000000-000000-000000-000000-000000","LOCAL_WATERSHED_CODE":"300-625474-020842-045408-245208-652914-000000-000000-000000-000000-000000-000000-000000-000000-000000-000000-000000-000000-000000-000000-000000","WATERSHED_GROUP_CODE":"SLOC","DOWNSTREAM_ROUTE_MEASURE":6114.8898677521702,"LENGTH_METRE":782.31346798433503,"FEATURE_SOURCE":"linear stream -","GNIS_ID":13252,"GNIS_NAME":"Gander Creek","LEFT_RIGHT_TRIBUTARY":"LEFT","STREAM_ORDER":3,"STREAM_MAGNITUDE":5,"WATERBODY_KEY":null,"BLUE_LINE_KEY_50K":21,"WATERSHED_CODE_50K":"340047200045002440000000000000000000000000000","WATERSHED_KEY_50K":21,"WATERSHED_GROUP_CODE_50K":"SLOC","GRADIENT":null,"FEATURE_CODE":"GA24850000","OBJECTID":683810,"GEOMETRY.LEN":0,"FEATURE_LENGTH_M":784.2944}},{"type":"Feature","id":683817,"geometry":{"type":"LineString","coordinates":[[1610623.8090000004,545660.2349999994],[1610634.5390000008,545647.49100000039],[1610649.057,545628.18600000069],[1610653.0160000008,545620.68799999915],[1610664.8300000001,545598.9849999994],[1610671.0989999995,545581.55900000036],[1610674.8719999995,545575.95299999975],[1610690.8019999992,545553.78800000064],[1610705.0109999999,545537.47499999963],[1610714.7939999998,545524.61800000072],[1610725.8330000006,545508.88099999912],[1610730.602,545503.55399999954],[1610748.2390000001,545483.50799999945],[1610764.8579999991,545471.63099999912],[1610784.1160000004,545462.94199999981],[1610795.0179999992,545456.27800000086],[1610821.2180000003,545441.40699999966],[1610828.8139999993,545437.37600000016],[1610850.4460000005,545424.98599999957],[1610872.1140000001,545413.71600000001],[1610878.4179999996,545411.44400000013],[1610898.7949999999,545401.93300000019],[1610910.1989999991,545400.43300000019],[1610922.8080000002,545395.88800000027],[1610938.6370000001,545390.93400000036],[1610946.0610000007,545387.83899999969],[1610954.4309999999,545384.85799999908],[1610963.7689999994,545384.06699999981],[1610987.1439999994,545381.93300000019],[1610993.4489999991,545379.66100000031],[1611014.5140000004,545373.42200000025],[1611022.8839999996,545370.44099999964],[1611046.7249999996,545365.33400000073],[1611062.6760000009,545359.27800000086],[1611079.7599999998,545351.44400000013],[1611099.0040000007,545343.7109999992],[1611118.7780000009,545339.23100000061],[1611136.9670000002,545338.54700000025],[1611145.9749999996,545338.67300000042]]},"properties":{"LINEAR_FEATURE_ID":707611222,"WATERSHED_GROUP_ID":186,"EDGE_TYPE":1000,"BLUE_LINE_KEY":356559464,"WATERSHED_KEY":356559464,"FWA_WATERSHED_CODE":"300-625474-020842-349237-000000-000000-000000-000000-000000-000000-000000-000000-000000-000000-000000-000000-000000-000000-000000-000000-000000","LOCAL_WATERSHED_CODE":"300-625474-020842-349237-234188-000000-000000-000000-000000-000000-000000-000000-000000-000000-000000-000000-000000-000000-000000-000000-000000","WATERSHED_GROUP_CODE":"SLOC","DOWNSTREAM_ROUTE_MEASURE":3099.6605583400101,"LENGTH_METRE":646.32007472214707,"FEATURE_SOURCE":"linear stream -","GNIS_ID":3011,"GNIS_NAME":"Winlaw Creek","LEFT_RIGHT_TRIBUTARY":"LEFT","STREAM_ORDER":3,"STREAM_MAGNITUDE":52,"WATERBODY_KEY":null,"BLUE_LINE_KEY_50K":162,"WATERSHED_CODE_50K":"340047200349000000000000000000000000000000000","WATERSHED_KEY_50K":162,"WATERSHED_GROUP_CODE_50K":"SLOC","GRADIENT":null,"FEATURE_CODE":"GA24850000","OBJECTID":683817,"GEOMETRY.LEN":0,"FEATURE_LENGTH_M":647.94310000000007}},{"type":"Feature","id":683818,"geometry":{"type":"LineString","coordinates":[[1608604.716,530574.22599999979],[1608597.7100000009,530565.25999999978],[1608578.7939999998,530547.69800000079],[1608553.9639999997,530544.57399999909],[1608542.9900000002,530528.11999999918],[1608536.6319999993,530522.25999999978],[1608532.1569999997,530517.58100000024],[1608524.5639999993,530513.64599999972],[1608505.8389999997,530502.16499999911],[1608487.4739999995,530495.82799999975],[1608482.0519999992,530491.03600000031],[1608472.2770000007,530488.91300000064],[1608455.9250000007,530481.70099999942]]},"properties":{"LINEAR_FEATURE_ID":707617840,"WATERSHED_GROUP_ID":186,"EDGE_TYPE":1000,"BLUE_LINE_KEY":356521095,"WATERSHED_KEY":356521095,"FWA_WATERSHED_CODE":"300-625474-020842-091761-000000-000000-000000-000000-000000-000000-000000-000000-000000-000000-000000-000000-000000-000000-000000-000000-000000","LOCAL_WATERSHED_CODE":"300-625474-020842-091761-196101-000000-000000-000000-000000-000000-000000-000000-000000-000000-000000-000000-000000-000000-000000-000000-000000","WATERSHED_GROUP_CODE":"SLOC","DOWNSTREAM_ROUTE_MEASURE":1422.80608618522,"LENGTH_METRE":182.17101091907602,"FEATURE_SOURCE":"linear stream -","GNIS_ID":16326,"GNIS_NAME":"Langill Creek","LEFT_RIGHT_TRIBUTARY":"RIGHT","STREAM_ORDER":2,"STREAM_MAGNITUDE":4,"WATERBODY_KEY":null,"BLUE_LINE_KEY_50K":6,"WATERSHED_CODE_50K":"340047200094000000000000000000000000000000000","WATERSHED_KEY_50K":6,"WATERSHED_GROUP_CODE_50K":"SLOC","GRADIENT":null,"FEATURE_CODE":"GA24850000","OBJECTID":683818,"GEOMETRY.LEN":0,"FEATURE_LENGTH_M":185.18730000000002}},{"type":"Feature","id":701746,"geometry":{"type":"LineString","coordinates":[[1624095.2080000006,543061.83899999969],[1624090.0299999993,543070.29499999993],[1624084.2119999994,543075.64299999923],[1624070.8300000001,543094.0979999993],[1624057.1060000006,543114.42600000091],[1624047.9700000007,543123.35400000028],[1624026.5429999996,543140.82200000063],[1624006.0580000002,543151.38800000027],[1623979.9969999995,543165.0979999993],[1623957.2760000005,543177.30399999954],[1623941.0820000004,543193.50100000016],[1623929.2410000004,543200.02300000004],[1623912.3570000008,543212.9450000003],[1623898.6410000008,543225.29900000058]]},"properties":{"LINEAR_FEATURE_ID":707087415,"WATERSHED_GROUP_ID":90,"EDGE_TYPE":1000,"BLUE_LINE_KEY":356568277,"WATERSHED_KEY":356568277,"FWA_WATERSHED_CODE":"300-625474-048332-391586-000000-000000-000000-000000-000000-000000-000000-000000-000000-000000-000000-000000-000000-000000-000000-000000-000000","LOCAL_WATERSHED_CODE":"300-625474-048332-391586-191699-000000-000000-000000-000000-000000-000000-000000-000000-000000-000000-000000-000000-000000-000000-000000-000000","WATERSHED_GROUP_CODE":"KOTL","DOWNSTREAM_ROUTE_MEASURE":2294.7844063950902,"LENGTH_METRE":259.99194470393599,"FEATURE_SOURCE":"linear stream -","GNIS_ID":18222,"GNIS_NAME":"Baldface Creek","LEFT_RIGHT_TRIBUTARY":"RIGHT","STREAM_ORDER":4,"STREAM_MAGNITUDE":66,"WATERBODY_KEY":null,"BLUE_LINE_KEY_50K":2565,"WATERSHED_CODE_50K":"340108000411000000000000000000000000000000000","WATERSHED_KEY_50K":2565,"WATERSHED_GROUP_CODE_50K":"KOTL","GRADIENT":null,"FEATURE_CODE":"GA24850000","OBJECTID":701746,"GEOMETRY.LEN":0,"FEATURE_LENGTH_M":260.52120000000002}},{"type":"Feature","id":712280,"geometry":{"type":"LineString","coordinates":[[1604340.5610000007,547938.55399999954],[1604338.1999999993,547941.30299999937],[1604329.6530000009,547945.22900000028],[1604326.6400000006,547945.82699999958],[1604323.3460000008,547947.50799999945],[1604319.2280000001,547947.97499999963],[1604315.0950000007,547949.39699999988],[1604312.0969999991,547949.04099999927],[1604307.8560000006,547950.60899999924],[1604304.8080000002,547950.08699999936],[1604298.6730000004,547951.4299999997],[1604295.6750000007,547951.07399999909],[1604284.2530000005,547953.54199999943],[1604262.1109999996,547960.79499999993],[1604250.7390000001,547963.42799999937],[1604228.5960000008,547970.68099999987],[1604225.3019999992,547972.36199999973],[1604205.9710000008,547981.8629999999],[1604202.6620000005,547984.49899999984],[1604185.5840000007,547991.39699999988],[1604179.2770000007,547993.67699999921],[1604176.091,547995.2109999992],[1604158.4230000004,548006.18500000052],[1604141.5030000005,548013.10199999996],[1604122.6539999992,548018.67400000058],[1604099.7520000003,548023.92300000042],[1604077.2679999992,548026.03399999999],[1604056.8509999998,548027.43300000019],[1604032.0089999996,548025.2770000007],[1604010.0079999994,548023.45900000073],[1603987.7119999994,548023.67899999954],[1603969.2239999995,548026.42400000058],[1603950.5620000008,548030.10600000061],[1603946.4289999995,548031.52800000086],[1603927.1160000004,548033.05900000036],[1603907.523,548035.67300000042],[1603883.1600000001,548036.60400000028],[1603862.9149999991,548037.06799999997],[1603840.3090000004,548040.28099999949],[1603822.2689999994,548048.02300000004],[1603807.4110000003,548061.24499999918],[1603805.9810000006,548065.06200000085],[1603798.7540000007,548082.37900000066],[1603794.0059999991,548102.86199999973],[1603788.1940000001,548117.31900000013],[1603773.0250000004,548133.53399999999],[1603768.7190000005,548135.89200000092],[1603751.6870000008,548149.97199999914],[1603735.3990000002,548167.01099999994],[1603724.0380000006,548185.75100000016],[1603714.3969999999,548205.6520000007],[1603703.6380000003,548226.37700000033],[1603696.0989999995,548246.68799999915],[1603691.5240000002,548266.23399999924],[1603687.9299999997,548287.01400000043],[1603691.5409999993,548305.46000000089]]},"properties":{"LINEAR_FEATURE_ID":707610321,"WATERSHED_GROUP_ID":186,"EDGE_TYPE":1000,"BLUE_LINE_KEY":356493738,"WATERSHED_KEY":356493738,"FWA_WATERSHED_CODE":"300-625474-020842-324667-000000-000000-000000-000000-000000-000000-000000-000000-000000-000000-000000-000000-000000-000000-000000-000000-000000","LOCAL_WATERSHED_CODE":"300-625474-020842-324667-502206-000000-000000-000000-000000-000000-000000-000000-000000-000000-000000-000000-000000-000000-000000-000000-000000","WATERSHED_GROUP_CODE":"SLOC","DOWNSTREAM_ROUTE_MEASURE":4834.6123388898395,"LENGTH_METRE":840.36355962678499,"FEATURE_SOURCE":"linear stream -","GNIS_ID":11654,"GNIS_NAME":"Benninger Creek","LEFT_RIGHT_TRIBUTARY":"RIGHT","STREAM_ORDER":1,"STREAM_MAGNITUDE":1,"WATERBODY_KEY":null,"BLUE_LINE_KEY_50K":null,"WATERSHED_CODE_50K":null,"WATERSHED_KEY_50K":null,"WATERSHED_GROUP_CODE_50K":null,"GRADIENT":null,"FEATURE_CODE":"GA24850150","OBJECTID":712280,"GEOMETRY.LEN":0,"FEATURE_LENGTH_M":883.50200000000007}},{"type":"Feature","id":730240,"geometry":{"type":"LineString","coordinates":[[1623546.3320000004,543536.18999999948],[1623539.5559999999,543549.39499999955],[1623532.6600000001,543563.70199999958],[1623529.9989999998,543576.45600000024],[1623525.2750000004,543589.91300000064]]},"properties":{"LINEAR_FEATURE_ID":707087031,"WATERSHED_GROUP_ID":90,"EDGE_TYPE":1000,"BLUE_LINE_KEY":356568277,"WATERSHED_KEY":356568277,"FWA_WATERSHED_CODE":"300-625474-048332-391586-000000-000000-000000-000000-000000-000000-000000-000000-000000-000000-000000-000000-000000-000000-000000-000000-000000","LOCAL_WATERSHED_CODE":"300-625474-048332-391586-253614-000000-000000-000000-000000-000000-000000-000000-000000-000000-000000-000000-000000-000000-000000-000000-000000","WATERSHED_GROUP_CODE":"KOTL","DOWNSTREAM_ROUTE_MEASURE":3035.95480400713,"LENGTH_METRE":58.014953789129699,"FEATURE_SOURCE":"linear stream -","GNIS_ID":18222,"GNIS_NAME":"Baldface Creek","LEFT_RIGHT_TRIBUTARY":"RIGHT","STREAM_ORDER":4,"STREAM_MAGNITUDE":62,"WATERBODY_KEY":null,"BLUE_LINE_KEY_50K":2565,"WATERSHED_CODE_50K":"340108000411000000000000000000000000000000000","WATERSHED_KEY_50K":2565,"WATERSHED_GROUP_CODE_50K":"KOTL","GRADIENT":null,"FEATURE_CODE":"GA24850000","OBJECTID":730240,"GEOMETRY.LEN":0,"FEATURE_LENGTH_M":58.0486}},{"type":"Feature","id":730248,"geometry":{"type":"LineString","coordinates":[[1622759.318,545260.31599999964],[1622755.5720000006,545282.02800000086],[1622759.0610000007,545302.55299999937],[1622758.4979999997,545322.74200000055],[1622755.1940000001,545332.38599999994],[1622747.932,545342.50200000033],[1622734.8629999999,545357.01099999994],[1622728.841,545365.20600000024],[1622725.8809999991,545372.97800000012],[1622720.3780000005,545392.40100000054],[1622718.4869999997,545406.20600000024],[1622719.5079999994,545422.60099999979]]},"properties":{"LINEAR_FEATURE_ID":707085706,"WATERSHED_GROUP_ID":90,"EDGE_TYPE":1000,"BLUE_LINE_KEY":356568277,"WATERSHED_KEY":356568277,"FWA_WATERSHED_CODE":"300-625474-048332-391586-000000-000000-000000-000000-000000-000000-000000-000000-000000-000000-000000-000000-000000-000000-000000-000000-000000","LOCAL_WATERSHED_CODE":"300-625474-048332-391586-424666-000000-000000-000000-000000-000000-000000-000000-000000-000000-000000-000000-000000-000000-000000-000000-000000","WATERSHED_GROUP_CODE":"KOTL","DOWNSTREAM_ROUTE_MEASURE":5083.56764347853,"LENGTH_METRE":174.25699117722999,"FEATURE_SOURCE":"linear stream -","GNIS_ID":18222,"GNIS_NAME":"Baldface Creek","LEFT_RIGHT_TRIBUTARY":"RIGHT","STREAM_ORDER":4,"STREAM_MAGNITUDE":51,"WATERBODY_KEY":null,"BLUE_LINE_KEY_50K":2565,"WATERSHED_CODE_50K":"340108000411000000000000000000000000000000000","WATERSHED_KEY_50K":2565,"WATERSHED_GROUP_CODE_50K":"KOTL","GRADIENT":null,"FEATURE_CODE":"GA24850000","OBJECTID":730248,"GEOMETRY.LEN":0,"FEATURE_LENGTH_M":174.392}},{"type":"Feature","id":730305,"geometry":{"type":"LineString","coordinates":[[1618661.6030000001,526798.09999999963],[1618673.9030000009,526795.60500000045],[1618688.4120000005,526793.37800000049],[1618711.6520000007,526792.36999999918],[1618729.4560000002,526787.51300000027],[1618736.8530000001,526785.38099999912],[1618755.4869999997,526781.74100000039],[1618770.1860000007,526776.66699999943],[1618783.4110000003,526776.19800000079],[1618796.5299999993,526775.87600000016],[1618813.7520000003,526776.05100000091],[1618827.5319999997,526777.88199999928],[1618847.9489999991,526784.50400000066],[1618870.4279999994,526790.41899999976],[1618884.0289999992,526794.14100000076],[1618892.5700000003,526798.2070000004],[1618903.341,526800.62900000066],[1618919.2799999993,526802.56299999915],[1618937.1630000006,526804.89100000076],[1618952.9839999992,526807.92600000091],[1618972.9570000004,526816.56799999997],[1618984.9499999993,526818.02199999988],[1618998.7200000007,526820.80900000036],[1619014.5510000009,526822.88900000043],[1619026.5439999998,526824.34400000051],[1619049.8019999992,526831.31100000069],[1619071.5020000003,526836.17600000091],[1619087.1649999991,526839.19299999997],[1619093.1610000003,526839.92100000009],[1619117.2090000007,526842.04099999927],[1619139.9330000002,526844.79800000042],[1619151.977,526846.41899999976],[1619180.2949999999,526853.04399999976],[1619186.1229999997,526854.70800000057],[1619201.2929999996,526854.63599999994],[1619224.4049999993,526855.68700000085],[1619237.6309999991,526855.21900000051],[1619252.6429999992,526855.12800000049],[1619276.8589999992,526856.31299999915],[1619295.9749999996,526856.72000000067],[1619304.0329999998,526856.74100000039],[1619325.4959999993,526854.40300000086],[1619336.7219999991,526853.85300000012],[1619352.1879999992,526850.78700000048],[1619364.4780000001,526849.24899999984],[1619383.1109999996,526845.61199999973],[1619395.1140000001,526846.11199999973],[1619404.2770000007,526846.26799999923],[1619418.9940000009,526849.17100000009],[1619433.0490000006,526849.91999999993],[1619449.9949999992,526851.1799999997],[1619468.2809999995,526850.37099999934],[1619478.3910000008,526850.64200000092]]},"properties":{"LINEAR_FEATURE_ID":707102070,"WATERSHED_GROUP_ID":90,"EDGE_TYPE":1000,"BLUE_LINE_KEY":356547356,"WATERSHED_KEY":356547356,"FWA_WATERSHED_CODE":"300-625474-027067-000000-000000-000000-000000-000000-000000-000000-000000-000000-000000-000000-000000-000000-000000-000000-000000-000000-000000","LOCAL_WATERSHED_CODE":"300-625474-027067-455381-000000-000000-000000-000000-000000-000000-000000-000000-000000-000000-000000-000000-000000-000000-000000-000000-000000","WATERSHED_GROUP_CODE":"KOTL","DOWNSTREAM_ROUTE_MEASURE":5751.5554027321405,"LENGTH_METRE":830.55208662848202,"FEATURE_SOURCE":"linear stream -","GNIS_ID":27525,"GNIS_NAME":"Rover Creek","LEFT_RIGHT_TRIBUTARY":"LEFT","STREAM_ORDER":2,"STREAM_MAGNITUDE":13,"WATERBODY_KEY":null,"BLUE_LINE_KEY_50K":88,"WATERSHED_CODE_50K":"340062200000000000000000000000000000000000000","WATERSHED_KEY_50K":88,"WATERSHED_GROUP_CODE_50K":"KOTL","GRADIENT":null,"FEATURE_CODE":"GA24850000","OBJECTID":730305,"GEOMETRY.LEN":0,"FEATURE_LENGTH_M":844.67410000000007}},{"type":"Feature","id":759225,"geometry":{"type":"LineString","coordinates":[[1623324.2620000001,535029.44899999909],[1623336.5490000006,535019.94800000079],[1623355.7119999994,535004.11199999973],[1623366.2880000006,534992.4879999999],[1623380.8609999996,534973.06100000069],[1623395.4959999993,534952.84300000034],[1623409.4739999995,534930.47199999914],[1623429.9340000004,534911.92500000075],[1623440.2609999999,534895.00799999945],[1623445.2670000009,534886.52999999933],[1623456.2469999995,534863.79199999943],[1623458.1229999997,534857.00400000066],[1623462.2679999992,534833.27099999972],[1623464.1559999995,534825.52800000086],[1623471.2990000006,534802.16100000031],[1623477.4159999993,534784.88800000027],[1623490.9220000003,534766.44600000046],[1623511.7259999998,534754.00100000016],[1623518.9690000005,534751.85799999908],[1623532.0759999994,534752.50500000082],[1623550.9020000007,534754.96900000051],[1623565.6129999999,534757.88599999994],[1623575.2520000003,534762.09600000083],[1623590.6140000001,534776.09699999914],[1623598.2009999994,534780.0549999997],[1623617.0309999995,534790.49400000088],[1623634.6260000002,534802.85500000045],[1623658.3300000001,534806.87299999967],[1623666.0999999996,534808.93999999948],[1623682.0350000001,534810.89100000076],[1623704.0280000009,534812.78600000031],[1623726.4460000005,534818.56100000069],[1623736.2660000008,534820.88000000082],[1623744.1549999993,534821.84600000083],[1623756.0260000005,534824.41499999911],[1623778.784,534828.31799999997],[1623789.6699999999,534829.65100000054],[1623801.3839999996,534832.20199999958],[1623807.2599999998,534834.03800000064],[1623822.7359999996,534838.96299999952],[1623831.2699999996,534843.03800000064],[1623840.318,534852.27999999933],[1623853.9299999997,534863.03700000048],[1623861.568,534867.16200000048],[1623869.4560000002,534868.12800000049],[1623888.3890000004,534870.44700000063],[1623896.6170000006,534869.54099999927],[1623918.8440000005,534861.25799999945],[1623925.9680000003,534860.21700000018],[1623944.6060000006,534856.59899999946],[1623954.8350000009,534855.77800000086],[1623976.0010000002,534856.4570000004],[1623995.4159999993,534853.89100000076],[1624019.2349999994,534848.83500000089],[1624029.8149999995,534845.18700000085],[1624036.5700000003,534839.95399999991],[1624041.1559999995,534835.57100000046],[1624065.0720000006,534814.41899999976],[1624072.6539999992,534810.40399999917],[1624080.0669999998,534807.32499999925],[1624095.6410000008,534796.15499999933],[1624104.6290000007,534789.28199999966],[1624120.0329999998,534779.04900000058],[1624145.0820000004,534764.09600000083],[1624153.4120000005,534755.06900000013],[1624159.8910000008,534750.91899999976],[1624169.0649999995,534750.12900000066],[1624184.6390000004,534738.96000000089],[1624195.8090000004,534730.28099999949],[1624202.4450000003,534726.15000000037],[1624221.6779999994,534725.47599999979],[1624230.1960000005,534722.53299999982],[1624245.1909999996,534715.43899999931],[1624252.6040000003,534712.3599999994],[1624272.2909999993,534700.7379999999],[1624277.6410000008,534698.36400000006],[1624285.2229999993,534694.34899999946],[1624297.9849999994,534688.89499999955],[1624316.4419999998,534687.16999999993],[1624327.0219999999,534683.52300000004],[1624343.9110000003,534676.66100000031],[1624360.1290000007,534668.60099999979],[1624378.1050000004,534654.85600000061],[1624391.1510000005,534639.3900000006],[1624399.7870000005,534635.34500000067],[1624405.1370000001,534632.97100000083],[1624420.6030000001,534621.94800000079],[1624425.1370000001,534617.40000000037],[1624439.1730000004,534611.14699999988],[1624459.8190000001,534598.68600000069],[1624474.5590000004,534578.32399999909],[1624480.2479999997,534574.07799999975],[1624485.7789999992,534569.81100000069],[1624499.0120000001,534560.42899999954],[1624510.3399999999,534551.76999999955],[1624525.2789999992,534536.53700000048],[1624537.0769999996,534523.94899999909],[1624542.727,534518.58100000024],[1624556.8949999996,534510.26999999955],[1624578.8139999993,534497.00899999961],[1624600.6830000002,534483.5820000004],[1624627.0219999999,534474.84999999963],[1624632.5409999993,534471.5390000008],[1624652.716,534463.00799999945],[1624667.5289999992,534457.80700000003],[1624689.6229999997,534451.58500000089],[1624706.0399999991,534448.65399999917],[1624722.9159999993,534442.74899999984],[1624745.0099999998,534436.5270000007],[1624763.7789999992,534430.85500000045],[1624773.2310000006,534428.98399999924],[1624792,534423.31100000069],[1624799.2809999995,534422.28999999911],[1624805.4069999997,534420.96800000034],[1624812.9780000001,534417.90899999999],[1624820.5600000005,534413.89499999955],[1624827.9719999991,534410.81699999981],[1624838.8530000001,534404.17699999921],[1624853.1889999993,534394.93099999987],[1624868.7609999999,534383.76300000027],[1624873.2949999999,534379.21600000001],[1624877.2219999991,534372.6799999997],[1624891.2129999995,534357.33100000024],[1624899.9000000004,534353.45299999975],[1624919.773,534347.91599999927],[1624930.4719999991,534343.1679999996],[1624943.8739999998,534332.84999999963],[1624950.6400000006,534326.66300000064],[1624974.2530000005,534308.50699999928],[1624986.8269999996,534296.97199999914],[1624994.2329999991,534285.91899999976],[1625000.1659999993,534270.5390000008],[1625006.0700000003,534249.09500000067],[1625013.4820000008,534246.01700000092],[1625057.6309999991,534232.45500000007],[1625072.4550000001,534226.29900000058],[1625082.8530000001,534224.54399999976],[1625094.8550000004,534225.06000000052],[1625111.4419999998,534221.19400000013],[1625123.5460000001,534213.58799999952],[1625137.3039999995,534208.41899999976],[1625148.2909999993,534201.63299999945],[1625159.1600000001,534195.94899999909],[1625166.7530000005,534190.98000000045],[1625173.9780000001,534181.81900000013],[1625177.9039999992,534175.28299999982],[1625196.8870000001,534152.4140000008],[1625205.216,534143.38900000043],[1625214.0449999999,534136.49799999967],[1625227.0769999996,534121.98900000006],[1625232.1199999992,534114.63299999945],[1625240.0020000003,534107.62600000016],[1625248.6309999991,534095.60799999908],[1625256.9210000001,534085.4609999992],[1625264.1459999997,534076.30000000075],[1625275.0079999994,534062.64100000076],[1625288.5099999998,534044.20299999975],[1625291.9890000001,534039.68600000069],[1625305.7860000003,534027.18500000052],[1625312.4210000001,534023.0549999997],[1625327.0690000001,534009.86099999957],[1625339.9309999999,533996.2890000008],[1625350.5040000007,533984.6679999996],[1625355.1950000003,533980.1400000006],[1625364.6009999998,533969.17400000058],[1625372.1769999992,533957.18500000052],[1625377.1679999996,533949.6640000008],[1625380.2789999992,533940.95500000007],[1625383.5580000002,533931.31000000052],[1625386.8379999995,533921.66499999911],[1625390.4069999997,533909.98299999908],[1625394.1569999997,533896.40799999982],[1625396.5020000003,533885.69099999964],[1625402.534,533862.18999999948],[1625403.5930000003,533853.23000000045],[1625405.4609999992,533838.46700000018],[1625405.7310000006,533829.41000000015],[1625407.5490000006,533814.48200000077],[1625408.7780000009,533804.58500000089],[1625411.1109999996,533794.82399999909],[1625417.3300000001,533777.40599999949],[1625422.4849999994,533760.97399999946],[1625430.7550000008,533743.80800000019],[1625439.2259999998,533731.76999999955],[1625447.4350000005,533723.84600000083],[1625459.3609999996,533709.20199999958],[1625466.5850000009,533700.04099999927],[1625472.3969999999,533685.76300000027],[1625474.6789999995,533675.8359999992],[1625477.7819999997,533659.1520000007],[1625482.2780000009,533640.56599999964],[1625485.2109999992,533624.81799999997],[1625489.5370000005,533607.1679999996],[1625494.0629999992,533594.64499999955],[1625501.9140000008,533581.57499999925],[1625503.1420000009,533571.67799999937],[1625505.0280000009,533563.93500000052],[1625507.4790000003,533553.07200000063],[1625509.523,533545.34899999946],[1625512.9210000001,533534.60199999996],[1625516.2119999994,533524.00100000016],[1625520.7259999998,533512.43500000052],[1625525.2400000002,533500.86800000072],[1625534.3379999995,533484.91999999993],[1625544.6699999999,533467.05000000075],[1625550.9470000006,533457.77300000004],[1625565.2809999995,533448.52800000086],[1625581.0319999997,533435.47000000067],[1625592.1989999991,533426.79399999976],[1625608.5769999996,533409.82599999942],[1625619.6860000007,533393.00799999945],[1625630.6449999996,533371.22900000028],[1625633.466,533364.55800000019],[1625634.0470000003,533351.55100000091],[1625637.3139999993,533342.86199999973],[1625647.8269999996,533323.09999999963],[1625652.5289999992,533317.61700000055],[1625659.4519999996,533311.44999999925],[1625671.2070000004,533297.74200000055],[1625680.6620000005,533286.94199999981],[1625694.3379999995,533275.5429999996],[1625708.8019999992,533264.24100000039],[1625713.5549999997,533258.92400000058],[1625717.7799999993,533249.39499999955],[1625719.1150000002,533239.35199999996],[1625716.7559999991,533234.11900000088],[1625707.5160000008,533218.78999999911],[1625704.7880000006,533209.36400000006],[1625703.6640000008,533202.20900000073],[1625705.0020000003,533183.2349999994],[1625705.5710000005,533171.18400000036],[1625706.3210000005,533157.24200000055],[1625711.5920000002,533139.70800000057],[1625715.6280000005,533124.09500000067],[1625716.8550000004,533114.19899999909],[1625718.5399999991,533101.32799999975],[1625720.3550000004,533086.40000000037],[1625721.8509999998,533067.4450000003],[1625722.8300000001,533043.32399999909],[1625727.0350000001,533026.77500000037],[1625729.2090000007,533016.99499999918],[1625735.2369999997,532993.49300000072],[1625739.7300000004,532974.90699999966],[1625743.9460000005,532957.40300000086],[1625745.6500000004,532951.55199999921],[1625752.2139999997,532940.23699999973],[1625757.9130000006,532935.03600000031],[1625766.0109999999,532918.80599999987],[1625769.5879999995,532906.16699999943],[1625777.7290000003,532882.12800000049],[1625781.2939999998,532870.4450000003],[1625784.2329999991,532862.67200000025],[1625786.2760000005,532854.94899999909],[1625789.5539999995,532845.30399999954],[1625796.5979999993,532829.10400000028],[1625809.2780000009,532808.49300000072],[1625813.3719999995,532801.02099999972],[1625817.8839999996,532789.45500000007]]},"properties":{"LINEAR_FEATURE_ID":707097063,"WATERSHED_GROUP_ID":90,"EDGE_TYPE":1000,"BLUE_LINE_KEY":356569859,"WATERSHED_KEY":356569859,"FWA_WATERSHED_CODE":"300-625474-043076-000000-000000-000000-000000-000000-000000-000000-000000-000000-000000-000000-000000-000000-000000-000000-000000-000000-000000","LOCAL_WATERSHED_CODE":"300-625474-043076-000000-000000-000000-000000-000000-000000-000000-000000-000000-000000-000000-000000-000000-000000-000000-000000-000000-000000","WATERSHED_GROUP_CODE":"KOTL","DOWNSTREAM_ROUTE_MEASURE":214.99696943116302,"LENGTH_METRE":3855.6850745506504,"FEATURE_SOURCE":"linear stream -","GNIS_ID":21191,"GNIS_NAME":"Sandy Creek","LEFT_RIGHT_TRIBUTARY":"LEFT","STREAM_ORDER":3,"STREAM_MAGNITUDE":8,"WATERBODY_KEY":null,"BLUE_LINE_KEY_50K":116,"WATERSHED_CODE_50K":"340096300000000000000000000000000000000000000","WATERSHED_KEY_50K":116,"WATERSHED_GROUP_CODE_50K":"KOTL","GRADIENT":null,"FEATURE_CODE":"GA24850000","OBJECTID":759225,"GEOMETRY.LEN":0,"FEATURE_LENGTH_M":3921.1884}},{"type":"Feature","id":798450,"geometry":{"type":"LineString","coordinates":[[1607871.9260000009,527871.81299999915],[1607882.1300000008,527887.21700000018],[1607891.2039999999,527895.47100000083],[1607905.6510000005,527908.35099999979],[1607915.0120000001,527914.56799999997],[1607931.0150000006,527915.67799999937],[1607951.9120000005,527917.37099999934],[1607960.6219999995,527920.48200000077],[1607973.6420000009,527929.2070000004],[1607983.0280000009,527942.44099999964],[1607989.2860000003,527957.37399999984],[1607991.6500000004,527962.59699999914],[1607998.5940000005,527986.69899999909],[1608009.6420000009,528011.2890000008],[1608017.6099999994,528019.41200000048],[1608028.8530000001,528026.81000000052],[1608043.6630000006,528044.83500000089],[1608058.8359999992,528068.00500000082],[1608071.0920000002,528083.65300000086],[1608077.2949999999,528089.49400000088],[1608083.2929999996,528090.20800000057],[1608088.7180000003,528095],[1608099.5710000005,528113.50999999978],[1608105.659,528129.38000000082],[1608105.2949999999,528147.50899999961],[1608105.3090000004,528155.48100000061],[1608106.1530000009,528164.6679999996],[1608108.3210000005,528187.08500000089],[1608109.3579999991,528202.35199999996],[1608112.6160000004,528216.92799999937],[1608119.0020000003,528229.8049999997],[1608127.9059999995,528238.99599999934],[1608130.8019999992,528248.42799999937],[1608133.9949999992,528254.86600000039],[1608143.9250000007,528280.27999999933],[1608152.7119999994,528290.57399999909],[1608159.1899999995,528295.33100000024],[1608179.2300000004,528312.06799999997],[1608183.5390000008,528317.68300000019],[1608184.6689999998,528324.83100000024],[1608182.8100000005,528330.6679999996],[1608176.2420000006,528342.95600000024],[1608169.1429999992,528351.03700000048],[1608148.9959999993,528366.64800000004],[1608137.2620000001,528388.36400000006],[1608123.3080000002,528410.77099999972],[1608120.3230000008,528418.38599999994],[1608122.034,528443.7770000007],[1608127.8210000005,528453.71299999952],[1608130.909,528469.22499999963],[1608129.2339999992,528482.09699999914],[1608123.9639999997,528500.5979999993],[1608121.6530000009,528518.3359999992],[1608108.9169999994,528530.84600000083],[1608105.1539999992,528537.41100000031],[1608102.2689999994,528559.22499999963],[1608102.1649999991,528568.29900000058],[1608110.7709999997,528580.48399999924],[1608113.0160000008,528586.81000000052],[1608113.2229999993,528600.86199999973],[1608111.0669999998,528609.69199999981],[1608109.1980000008,528616.48299999908],[1608095.2530000005,528637.93500000052],[1608085.5810000002,528658.93999999948],[1608081.659,528665.48699999973],[1608079.4269999992,528667.13399999961],[1608078.1830000002,528670.01400000043],[1608074.1429999992,528677.66300000064],[1608064.693,528688.49200000055],[1608046.7909999993,528710.42899999954],[1608040.1569999997,528714.58000000007],[1608025.0710000005,528729.83799999952],[1608017.6600000001,528732.93999999948],[1608008.0409999993,528744.70600000024],[1608003.6390000004,528747.21000000089],[1607997.1630000006,528751.38000000082],[1607981.7899999991,528768.67699999921],[1607972.6270000003,528777.46800000034],[1607967.2780000009,528779.85899999924],[1607941.6899999995,528814.90899999999],[1607933.3660000004,528823.95900000073],[1607919.8760000002,528842.43700000085],[1607905.8200000003,528850.64499999955],[1607885.2050000001,528870.18700000085],[1607875.7520000003,528872.08899999969],[1607869.5739999991,528873.26600000076],[1607862.1620000005,528876.36800000072],[1607855.0480000004,528876.47699999996],[1607851.4140000008,528880.9849999994],[1607845.0240000002,528891.38199999928],[1607835.7550000008,528909.24799999967],[1607832.6510000005,528917.96399999969],[1607831.7290000003,528924.86800000072],[1607837.8149999995,528940.7379999999],[1607848.0899999999,528963.32399999909],[1607854.1760000009,528979.19299999997],[1607851.6809999999,528989.89499999955],[1607847.6429999992,529006.47100000083],[1607844.2520000003,529017.22499999963],[1607835.4609999992,529030.20600000024]]},"properties":{"LINEAR_FEATURE_ID":707618096,"WATERSHED_GROUP_ID":186,"EDGE_TYPE":1000,"BLUE_LINE_KEY":356559081,"WATERSHED_KEY":356559081,"FWA_WATERSHED_CODE":"300-625474-020842-045408-214991-000000-000000-000000-000000-000000-000000-000000-000000-000000-000000-000000-000000-000000-000000-000000-000000","LOCAL_WATERSHED_CODE":"300-625474-020842-045408-214991-153477-000000-000000-000000-000000-000000-000000-000000-000000-000000-000000-000000-000000-000000-000000-000000","WATERSHED_GROUP_CODE":"SLOC","DOWNSTREAM_ROUTE_MEASURE":1266.63942295724,"LENGTH_METRE":1460.83840785089,"FEATURE_SOURCE":"linear stream -","GNIS_ID":22867,"GNIS_NAME":"McDermid Creek","LEFT_RIGHT_TRIBUTARY":"LEFT","STREAM_ORDER":3,"STREAM_MAGNITUDE":7,"WATERBODY_KEY":null,"BLUE_LINE_KEY_50K":19,"WATERSHED_CODE_50K":"340047200045002140000000000000000000000000000","WATERSHED_KEY_50K":19,"WATERSHED_GROUP_CODE_50K":"SLOC","GRADIENT":null,"FEATURE_CODE":"GA24850000","OBJECTID":798450,"GEOMETRY.LEN":0,"FEATURE_LENGTH_M":1477.6841000000002}},{"type":"Feature","id":816471,"geometry":{"type":"LineString","coordinates":[[1615124.2400000002,541792.56399999931],[1615108.7520000003,541803.60899999924],[1615086.8039999995,541816.9020000007],[1615069.6209999993,541824.87099999934],[1615056.6740000006,541831.27899999917],[1615035.6539999992,541838.625],[1615009.7609999999,541851.44199999981],[1614995.4039999992,541860.70900000073],[1614981.6750000007,541874.03999999911],[1614964.534,541890.14699999988],[1614949.9920000006,541901.30599999987]]},"properties":{"LINEAR_FEATURE_ID":707088675,"WATERSHED_GROUP_ID":90,"EDGE_TYPE":1000,"BLUE_LINE_KEY":356545045,"WATERSHED_KEY":356545045,"FWA_WATERSHED_CODE":"300-625474-042847-000000-000000-000000-000000-000000-000000-000000-000000-000000-000000-000000-000000-000000-000000-000000-000000-000000-000000","LOCAL_WATERSHED_CODE":"300-625474-042847-814477-000000-000000-000000-000000-000000-000000-000000-000000-000000-000000-000000-000000-000000-000000-000000-000000-000000","WATERSHED_GROUP_CODE":"KOTL","DOWNSTREAM_ROUTE_MEASURE":11890.626038260501,"LENGTH_METRE":207.30412989232101,"FEATURE_SOURCE":"linear stream -","GNIS_ID":25643,"GNIS_NAME":"Sproule Creek","LEFT_RIGHT_TRIBUTARY":"RIGHT","STREAM_ORDER":4,"STREAM_MAGNITUDE":14,"WATERBODY_KEY":null,"BLUE_LINE_KEY_50K":114,"WATERSHED_CODE_50K":"340095600000000000000000000000000000000000000","WATERSHED_KEY_50K":114,"WATERSHED_GROUP_CODE_50K":"KOTL","GRADIENT":null,"FEATURE_CODE":"GA24850000","OBJECTID":816471,"GEOMETRY.LEN":0,"FEATURE_LENGTH_M":208.14370000000002}},{"type":"Feature","id":884449,"geometry":{"type":"LineString","coordinates":[[1609048.557,531185.03700000048],[1609041.6290000007,531160.93400000036],[1609034.3149999995,531146.9879999999],[1609027.4189999998,531128.94700000063],[1609018.1400000006,531107.59200000018],[1609013.477,531087.90399999917],[1609010.9509999994,531061.29800000042],[1609010.2119999994,531035.06499999948],[1609009.5920000002,531007.73000000045],[1609007.4470000006,530993.28500000015],[1609004.0779999997,530979.81000000052],[1608994.0529999994,530963.46800000034],[1608974.4910000004,530942.79800000042],[1608953.5140000004,530917.01700000092],[1608950.3249999993,530910.57799999975],[1608947.4230000004,530902.10099999979],[1608945.2990000006,530894.67300000042]]},"properties":{"LINEAR_FEATURE_ID":707617770,"WATERSHED_GROUP_ID":186,"EDGE_TYPE":1000,"BLUE_LINE_KEY":356521095,"WATERSHED_KEY":356521095,"FWA_WATERSHED_CODE":"300-625474-020842-091761-000000-000000-000000-000000-000000-000000-000000-000000-000000-000000-000000-000000-000000-000000-000000-000000-000000","LOCAL_WATERSHED_CODE":"300-625474-020842-091761-084143-000000-000000-000000-000000-000000-000000-000000-000000-000000-000000-000000-000000-000000-000000-000000-000000","WATERSHED_GROUP_CODE":"SLOC","DOWNSTREAM_ROUTE_MEASURE":610.49814868570502,"LENGTH_METRE":317.20021436238397,"FEATURE_SOURCE":"linear stream -","GNIS_ID":16326,"GNIS_NAME":"Langill Creek","LEFT_RIGHT_TRIBUTARY":"RIGHT","STREAM_ORDER":3,"STREAM_MAGNITUDE":9,"WATERBODY_KEY":null,"BLUE_LINE_KEY_50K":6,"WATERSHED_CODE_50K":"340047200094000000000000000000000000000000000","WATERSHED_KEY_50K":6,"WATERSHED_GROUP_CODE_50K":"SLOC","GRADIENT":null,"FEATURE_CODE":"GA24850000","OBJECTID":884449,"GEOMETRY.LEN":0,"FEATURE_LENGTH_M":317.59780000000001}},{"type":"Feature","id":884494,"geometry":{"type":"LineString","coordinates":[[1614814.6699999999,544610.63800000027],[1614822.8530000001,544609.5549999997],[1614832.807,544609.80199999921],[1614843.3990000002,544606.13900000043],[1614866.9409999996,544596.06799999997],[1614878,544596.44800000079],[1614886.0749999993,544595.51099999994],[1614899.7860000003,544591.10899999924],[1614922.8629999999,544584.01300000027],[1614940.5690000001,544580.25300000049],[1614959.2219999991,544576.60899999924],[1614984.1779999994,544570.69600000046],[1614999.4890000001,544568.56100000069],[1615006.6030000001,544568.46499999985]]},"properties":{"LINEAR_FEATURE_ID":707611542,"WATERSHED_GROUP_ID":186,"EDGE_TYPE":1000,"BLUE_LINE_KEY":356559464,"WATERSHED_KEY":356559464,"FWA_WATERSHED_CODE":"300-625474-020842-349237-000000-000000-000000-000000-000000-000000-000000-000000-000000-000000-000000-000000-000000-000000-000000-000000-000000","LOCAL_WATERSHED_CODE":"300-625474-020842-349237-578387-000000-000000-000000-000000-000000-000000-000000-000000-000000-000000-000000-000000-000000-000000-000000-000000","WATERSHED_GROUP_CODE":"SLOC","DOWNSTREAM_ROUTE_MEASURE":7655.3856686746203,"LENGTH_METRE":198.089907385956,"FEATURE_SOURCE":"linear stream -","GNIS_ID":3011,"GNIS_NAME":"Winlaw Creek","LEFT_RIGHT_TRIBUTARY":"LEFT","STREAM_ORDER":3,"STREAM_MAGNITUDE":24,"WATERBODY_KEY":null,"BLUE_LINE_KEY_50K":162,"WATERSHED_CODE_50K":"340047200349000000000000000000000000000000000","WATERSHED_KEY_50K":162,"WATERSHED_GROUP_CODE_50K":"SLOC","GRADIENT":null,"FEATURE_CODE":"GA24850000","OBJECTID":884494,"GEOMETRY.LEN":0,"FEATURE_LENGTH_M":198.66920000000002}},{"type":"Feature","id":884525,"geometry":{"type":"LineString","coordinates":[[1606899.6620000005,535786.28299999982],[1606890.5490000006,535802.25599999912],[1606869.1270000003,535820.74799999967],[1606861.4330000002,535832.90399999917],[1606858.6060000006,535839.5820000004],[1606852.3200000003,535848.87700000033],[1606848.6659999993,535854.33999999985],[1606832.7789999992,535868.54900000058],[1606810.1999999993,535886.74400000088],[1606793.8530000001,535903.92799999937],[1606775.2579999994,535923.71299999952],[1606771.3259999994,535930.25899999961],[1606766.6190000009,535943.72800000012],[1606765.5659999996,535951.73299999908],[1606763.2129999995,535962.45299999975],[1606762.7400000002,535966.38199999928],[1606762.3169999998,535970.47699999996],[1606761.2009999994,535979.27199999988],[1606760.1620000005,535994.29399999976],[1606759.3870000001,536001.21600000001],[1606760.1089999992,536018.51999999955],[1606764.2899999991,536033.2070000004],[1606766.5260000005,536039.53199999966],[1606770.7080000006,536062.18999999948],[1606773.4820000008,536079.7379999999],[1606778.7689999994,536102.52899999917],[1606787.1989999991,536114.69299999997],[1606806.898,536135.37399999984],[1606815.7880000006,536144.56299999915],[1606822.2719999999,536148.36500000022],[1606829.7280000001,536154.35500000045],[1606835.6190000009,536163.18799999915],[1606842.9179999996,536169.15899999999],[1606854.3330000006,536182.63599999994],[1606869.7579999994,536203.76400000043],[1606887.8920000009,536227.28800000064],[1606892.0089999996,536234.7929999996],[1606895.5329999998,536247.33000000007],[1606900.3709999993,536272.13900000043],[1606901.25,536289.46199999936],[1606905.2609999999,536313.05700000003],[1606906.2589999996,536321.30599999987],[1606907.0869999994,536330.49300000072],[1606908.375,536336.70399999991],[1606910.4910000004,536352.10199999996],[1606912.5559999999,536359.3629999999],[1606916.9199999999,536380.13000000082],[1606918.682,536390.38399999961],[1606921.9149999991,536404.95800000057],[1606923.0329999998,536412.10600000061],[1606933.5140000004,536424.5150000006],[1606939.7579999994,536438.49200000055],[1606947.398,536450.56200000085],[1606949.6329999994,536456.8870000001],[1606956.6410000008,536472.86800000072],[1606961.5850000009,536481.58799999952],[1606977.1280000005,536501.61500000022],[1606985.7149999999,536513.79800000042],[1606989.7239999995,536521.44999999925],[1607000.1909999996,536534.81399999931],[1607006.3719999995,536541.60899999924],[1607017.023,536553.0820000004],[1607025.4379999992,536566.20199999958],[1607029.4470000006,536573.85400000028],[1607031.682,536580.17899999954],[1607036.6260000002,536596.86999999918],[1607038.0969999991,536601.19099999964],[1607040.3320000004,536607.5150000006],[1607044.2219999991,536632.21199999936],[1607047.3910000008,536639.60500000045],[1607055.5160000008,536654.7620000001],[1607056.4499999993,536655.83000000007],[1607060.4590000007,536671.45399999991],[1607063.8619999997,536685.09200000018],[1607068.1610000003,536698.67699999921],[1607071.2229999993,536706.21700000018],[1607075.352,536712.76700000092],[1607075.8259999994,536716.80900000036],[1607077.9279999994,536725.19099999964],[1607078.4140000008,536736.24899999984]]},"properties":{"LINEAR_FEATURE_ID":707616582,"WATERSHED_GROUP_ID":186,"EDGE_TYPE":1000,"BLUE_LINE_KEY":356536682,"WATERSHED_KEY":356536682,"FWA_WATERSHED_CODE":"300-625474-020842-143840-000000-000000-000000-000000-000000-000000-000000-000000-000000-000000-000000-000000-000000-000000-000000-000000-000000","LOCAL_WATERSHED_CODE":"300-625474-020842-143840-118502-000000-000000-000000-000000-000000-000000-000000-000000-000000-000000-000000-000000-000000-000000-000000-000000","WATERSHED_GROUP_CODE":"SLOC","DOWNSTREAM_ROUTE_MEASURE":716.28119817335505,"LENGTH_METRE":1092.5099628292201,"FEATURE_SOURCE":"linear stream -","GNIS_ID":16702,"GNIS_NAME":"Arvid Creek","LEFT_RIGHT_TRIBUTARY":"LEFT","STREAM_ORDER":3,"STREAM_MAGNITUDE":10,"WATERBODY_KEY":null,"BLUE_LINE_KEY_50K":696,"WATERSHED_CODE_50K":"340047200143000000000000000000000000000000000","WATERSHED_KEY_50K":696,"WATERSHED_GROUP_CODE_50K":"SLOC","GRADIENT":null,"FEATURE_CODE":"GA24850000","OBJECTID":884525,"GEOMETRY.LEN":0,"FEATURE_LENGTH_M":1134.3759}},{"type":"Feature","id":884593,"geometry":{"type":"LineString","coordinates":[[1608757.6909999996,542574.09999999963],[1608760.6850000005,542567.44299999997],[1608765.8890000004,542550.04800000042],[1608773.0899999999,542525.71700000018],[1608781.8920000009,542503.65000000037],[1608789.7469999995,542481.47000000067],[1608795.3650000002,542460.93600000069],[1608803.7379999999,542442.96399999969],[1608805.7579999994,542427.10099999979],[1608808.0710000005,542409.20099999942],[1608808.5030000005,542390.11900000088],[1608809.4189999998,542374.12399999984],[1608815.5409999993,542358.75200000033],[1608821.2039999999,542353.37099999934],[1608830.6909999996,542349.56399999931],[1608841.932,542341.02300000004],[1608845.8220000006,542334.31399999931],[1608852.2650000006,542314.99400000088],[1608857.3239999991,542307.62700000033],[1608864.4069999997,542291.4140000008],[1608878.0859999992,542270.88800000027],[1608889.4570000004,542253.27500000037]]},"properties":{"LINEAR_FEATURE_ID":707612443,"WATERSHED_GROUP_ID":186,"EDGE_TYPE":1000,"BLUE_LINE_KEY":356564711,"WATERSHED_KEY":356564711,"FWA_WATERSHED_CODE":"300-625474-020842-330099-000000-000000-000000-000000-000000-000000-000000-000000-000000-000000-000000-000000-000000-000000-000000-000000-000000","LOCAL_WATERSHED_CODE":"300-625474-020842-330099-475907-000000-000000-000000-000000-000000-000000-000000-000000-000000-000000-000000-000000-000000-000000-000000-000000","WATERSHED_GROUP_CODE":"SLOC","DOWNSTREAM_ROUTE_MEASURE":3759.3135328159301,"LENGTH_METRE":357.46156138070199,"FEATURE_SOURCE":"linear stream -","GNIS_ID":14663,"GNIS_NAME":"Pedro Creek","LEFT_RIGHT_TRIBUTARY":"LEFT","STREAM_ORDER":3,"STREAM_MAGNITUDE":17,"WATERBODY_KEY":null,"BLUE_LINE_KEY_50K":155,"WATERSHED_CODE_50K":"340047200319000000000000000000000000000000000","WATERSHED_KEY_50K":155,"WATERSHED_GROUP_CODE_50K":"SLOC","GRADIENT":null,"FEATURE_CODE":"GA24850000","OBJECTID":884593,"GEOMETRY.LEN":0,"FEATURE_LENGTH_M":359.70160000000004}},{"type":"Feature","id":941654,"geometry":{"type":"LineString","coordinates":[[1609626.4680000003,531877.46000000089],[1609630.9900000002,531873.85600000061],[1609646.9140000008,531859.81799999997],[1609650.3939999994,531855.29199999943],[1609658.5529999994,531847.1799999997],[1609662.4790000003,531840.63499999978],[1609676.1610000003,531820.27099999972],[1609691.557,531802.02500000037],[1609707.9580000006,531792.02999999933],[1609725.0059999991,531785.14100000076],[1609736.057,531777.53500000015],[1609746.5879999995,531773.69299999997],[1609764.943,531772.06299999915],[1609771.7569999993,531774.94999999925],[1609778.5830000006,531776.88299999945],[1609789.3739999998,531786.30399999954],[1609794.6140000001,531792.98900000006],[1609806.5690000001,531810.68099999987],[1609810.7050000001,531817.23399999924],[1609813.1150000002,531822.62399999984],[1609815.1870000008,531829.88599999994],[1609816.1429999992,531837.97199999914],[1609813.8699999992,531855.875],[1609813.6490000002,531874.02300000004],[1609813.3900000006,531891.05000000075],[1609813.8080000002,531904.33300000057],[1609815.0109999999,531926.6370000001],[1609818.5659999996,531946.19299999997],[1609820.5470000003,531969.54700000025],[1609832.8609999996,531992.38299999945],[1609848.7219999991,532009.42600000091],[1609857.6579999998,532019.74200000055],[1609867.3330000006,532029.98699999973],[1609870.8599999994,532034.55399999954],[1609876.8650000002,532043.24400000088]]},"properties":{"LINEAR_FEATURE_ID":707617661,"WATERSHED_GROUP_ID":186,"EDGE_TYPE":1000,"BLUE_LINE_KEY":356500919,"WATERSHED_KEY":356500919,"FWA_WATERSHED_CODE":"300-625474-020842-095994-000000-000000-000000-000000-000000-000000-000000-000000-000000-000000-000000-000000-000000-000000-000000-000000-000000","LOCAL_WATERSHED_CODE":"300-625474-020842-095994-000000-000000-000000-000000-000000-000000-000000-000000-000000-000000-000000-000000-000000-000000-000000-000000-000000","WATERSHED_GROUP_CODE":"SLOC","DOWNSTREAM_ROUTE_MEASURE":20.6613792980406,"LENGTH_METRE":494.38917699795905,"FEATURE_SOURCE":"linear stream -","GNIS_ID":16965,"GNIS_NAME":"Jacob Creek","LEFT_RIGHT_TRIBUTARY":"LEFT","STREAM_ORDER":2,"STREAM_MAGNITUDE":6,"WATERBODY_KEY":null,"BLUE_LINE_KEY_50K":7,"WATERSHED_CODE_50K":"340047200096000000000000000000000000000000000","WATERSHED_KEY_50K":7,"WATERSHED_GROUP_CODE_50K":"SLOC","GRADIENT":null,"FEATURE_CODE":"GA24850000","OBJECTID":941654,"GEOMETRY.LEN":0,"FEATURE_LENGTH_M":501.81580000000002}},{"type":"Feature","id":959545,"geometry":{"type":"LineString","coordinates":[[1617522.8900000006,541387.51899999939],[1617516.2469999995,541391.65599999949],[1617492.5800000001,541403.77400000021],[1617479.648,541409.22199999914],[1617455.1689999998,541419.16899999976],[1617441.7540000007,541421.52800000086],[1617424.8579999991,541420.43400000036]]},"properties":{"LINEAR_FEATURE_ID":707089141,"WATERSHED_GROUP_ID":90,"EDGE_TYPE":1000,"BLUE_LINE_KEY":356545045,"WATERSHED_KEY":356545045,"FWA_WATERSHED_CODE":"300-625474-042847-000000-000000-000000-000000-000000-000000-000000-000000-000000-000000-000000-000000-000000-000000-000000-000000-000000-000000","LOCAL_WATERSHED_CODE":"300-625474-042847-641438-000000-000000-000000-000000-000000-000000-000000-000000-000000-000000-000000-000000-000000-000000-000000-000000-000000","WATERSHED_GROUP_CODE":"KOTL","DOWNSTREAM_ROUTE_MEASURE":9364.4222634916605,"LENGTH_METRE":105.42283547895902,"FEATURE_SOURCE":"linear stream -","GNIS_ID":25643,"GNIS_NAME":"Sproule Creek","LEFT_RIGHT_TRIBUTARY":"RIGHT","STREAM_ORDER":4,"STREAM_MAGNITUDE":34,"WATERBODY_KEY":null,"BLUE_LINE_KEY_50K":114,"WATERSHED_CODE_50K":"340095600000000000000000000000000000000000000","WATERSHED_KEY_50K":114,"WATERSHED_GROUP_CODE_50K":"KOTL","GRADIENT":null,"FEATURE_CODE":"GA24850000","OBJECTID":959545,"GEOMETRY.LEN":0,"FEATURE_LENGTH_M":105.49690000000001}},{"type":"Feature","id":970103,"geometry":{"type":"LineString","coordinates":[[1615404.7390000001,544548.69899999909],[1615419.1030000001,544546.45099999942],[1615435.2249999996,544546.4879999999],[1615442.1669999994,544547.32899999991],[1615454.0510000009,544548.92600000091],[1615495.8049999997,544554.29900000058],[1615510.1569999997,544560.02400000021],[1615530.0869999994,544562.59600000083]]},"properties":{"LINEAR_FEATURE_ID":707611560,"WATERSHED_GROUP_ID":186,"EDGE_TYPE":1000,"BLUE_LINE_KEY":356559464,"WATERSHED_KEY":356559464,"FWA_WATERSHED_CODE":"300-625474-020842-349237-000000-000000-000000-000000-000000-000000-000000-000000-000000-000000-000000-000000-000000-000000-000000-000000-000000","LOCAL_WATERSHED_CODE":"300-625474-020842-349237-624096-000000-000000-000000-000000-000000-000000-000000-000000-000000-000000-000000-000000-000000-000000-000000-000000","WATERSHED_GROUP_CODE":"SLOC","DOWNSTREAM_ROUTE_MEASURE":8260.3789745027098,"LENGTH_METRE":127.29019676782902,"FEATURE_SOURCE":"linear stream -","GNIS_ID":3011,"GNIS_NAME":"Winlaw Creek","LEFT_RIGHT_TRIBUTARY":"LEFT","STREAM_ORDER":3,"STREAM_MAGNITUDE":21,"WATERBODY_KEY":null,"BLUE_LINE_KEY_50K":162,"WATERSHED_CODE_50K":"340047200349000000000000000000000000000000000","WATERSHED_KEY_50K":162,"WATERSHED_GROUP_CODE_50K":"SLOC","GRADIENT":null,"FEATURE_CODE":"GA24850000","OBJECTID":970103,"GEOMETRY.LEN":0,"FEATURE_LENGTH_M":127.98820000000001}},{"type":"Feature","id":998866,"geometry":{"type":"LineString","coordinates":[[1611574.0600000005,528208.1400000006],[1611568.7239999995,528186.29700000025],[1611565.0390000008,528176.76799999923],[1611554.2009999994,528166.22199999914],[1611535.1699999999,528148.79600000009],[1611527.7870000005,528135.63499999978],[1611524.773,528127.30299999937],[1611517.0769999996,528109.16300000064],[1611511.8320000004,528102.47599999979],[1611499.2829999998,528098.74000000022],[1611491.8839999996,528100.88199999928],[1611483.2400000002,528105.90300000086],[1611466.4949999992,528109.79499999993],[1611453.4920000006,528109.03299999982],[1611439.1219999995,528103.32499999925],[1611428.7650000006,528096.82300000079],[1611420.6899999995,528088.84100000001],[1611413.8369999994,528079.88900000043],[1611400.2609999999,528059.92799999937],[1611383.4759999998,528048.82899999991],[1611371.7679999992,528045.35400000028],[1611347.7709999997,528052.36199999973],[1611339.8289999999,528051.25100000016],[1611340.8640000001,528034.31599999964],[1611351.3389999997,528016.44099999964],[1611359.0470000003,528010.35099999979],[1611363.1349999998,528002.86999999918],[1611365.0140000004,527995.12399999984],[1611362.7569999993,527989.75200000033],[1611354.9839999992,527987.70399999991],[1611339.8100000005,527987.79900000058],[1611324.3499999996,527989.93200000003],[1611300.9480000008,527990.95299999975],[1611292.5140000004,527986.75400000066],[1611285.852,527974.95600000024],[1611283.1140000001,527965.54099999927],[1611269.7420000006,527950.7070000004],[1611259.2559999991,527946.2620000001],[1611235.9309999999,527931.19099999964],[1611213.4240000006,527918.29199999943],[1611207.4260000009,527917.57300000079]]},"properties":{"LINEAR_FEATURE_ID":707618092,"WATERSHED_GROUP_ID":186,"EDGE_TYPE":1000,"BLUE_LINE_KEY":356570142,"WATERSHED_KEY":356570142,"FWA_WATERSHED_CODE":"300-625474-020842-045408-000000-000000-000000-000000-000000-000000-000000-000000-000000-000000-000000-000000-000000-000000-000000-000000-000000","LOCAL_WATERSHED_CODE":"300-625474-020842-045408-000000-000000-000000-000000-000000-000000-000000-000000-000000-000000-000000-000000-000000-000000-000000-000000-000000","WATERSHED_GROUP_CODE":"SLOC","DOWNSTREAM_ROUTE_MEASURE":28.396466475945001,"LENGTH_METRE":582.56910838258,"FEATURE_SOURCE":"linear stream -","GNIS_ID":18130,"GNIS_NAME":"Goose Creek","LEFT_RIGHT_TRIBUTARY":"RIGHT","STREAM_ORDER":4,"STREAM_MAGNITUDE":81,"WATERBODY_KEY":null,"BLUE_LINE_KEY_50K":18,"WATERSHED_CODE_50K":"340047200045000000000000000000000000000000000","WATERSHED_KEY_50K":18,"WATERSHED_GROUP_CODE_50K":"SLOC","GRADIENT":null,"FEATURE_CODE":"GA24850000","OBJECTID":998866,"GEOMETRY.LEN":0,"FEATURE_LENGTH_M":583.00510000000008}},{"type":"Feature","id":1056426,"geometry":{"type":"LineString","coordinates":[[1608968.9289999995,526999.63199999928],[1608958.0380000006,526998.3320000004],[1608948.3129999992,526986.96900000051],[1608936.6769999992,526967.40699999966],[1608931.4199999999,526961.67899999954],[1608924.307,526961.78600000031],[1608911.2860000003,526953.05900000036],[1608895.4340000004,526943.03700000048],[1608876.8969999999,526937.6370000001],[1608865.4729999993,526932.12900000066],[1608849.3249999993,526925.10099999979],[1608847.0270000007,526918.6099999994],[1608848.0470000003,526902.63099999912],[1608854.102,526879.28299999982],[1608861.1209999993,526864.01999999955],[1608863.5700000003,526852.19700000063],[1608863.0720000006,526840.18200000003]]},"properties":{"LINEAR_FEATURE_ID":707618208,"WATERSHED_GROUP_ID":186,"EDGE_TYPE":1000,"BLUE_LINE_KEY":356570142,"WATERSHED_KEY":356570142,"FWA_WATERSHED_CODE":"300-625474-020842-045408-000000-000000-000000-000000-000000-000000-000000-000000-000000-000000-000000-000000-000000-000000-000000-000000-000000","LOCAL_WATERSHED_CODE":"300-625474-020842-045408-157305-000000-000000-000000-000000-000000-000000-000000-000000-000000-000000-000000-000000-000000-000000-000000-000000","WATERSHED_GROUP_CODE":"SLOC","DOWNSTREAM_ROUTE_MEASURE":3630.3443704208303,"LENGTH_METRE":235.52191470245302,"FEATURE_SOURCE":"linear stream -","GNIS_ID":18130,"GNIS_NAME":"Goose Creek","LEFT_RIGHT_TRIBUTARY":"RIGHT","STREAM_ORDER":4,"STREAM_MAGNITUDE":78,"WATERBODY_KEY":null,"BLUE_LINE_KEY_50K":18,"WATERSHED_CODE_50K":"340047200045000000000000000000000000000000000","WATERSHED_KEY_50K":18,"WATERSHED_GROUP_CODE_50K":"SLOC","GRADIENT":null,"FEATURE_CODE":"GA24850000","OBJECTID":1056426,"GEOMETRY.LEN":0,"FEATURE_LENGTH_M":235.5669}},{"type":"Feature","id":1103020,"geometry":{"type":"LineString","coordinates":[[1618150.2430000007,541214.43600000069],[1618139.7060000002,541218.25899999961],[1618122.2829999998,541220.92699999921],[1618108.8690000009,541223.28399999999],[1618090.3920000009,541225.98299999908],[1618066.4030000009,541231.0429999996],[1618058.2090000007,541233.07799999975],[1618039.5610000007,541236.71299999952],[1618025.1500000004,541238.78999999911],[1618011.7489999998,541240.19299999997],[1617990.2609999999,541243.48299999908],[1617974.3190000001,541249.52099999972],[1617948.2650000006,541255.28700000048],[1617933.5989999995,541260.52300000004],[1617920.0130000003,541263.81699999981],[1617897.5850000009,541274.01099999994],[1617887.6449999996,541287.79499999993],[1617875.3859999999,541305.44299999997],[1617853.7770000007,541324.82699999958],[1617841.6579999998,541332.4450000003],[1617825.5449999999,541339.41899999976],[1617816.3670000006,541340.21900000051],[1617808.7699999996,541337.2229999993],[1617790.8969999999,541326.91899999976],[1617783.0079999994,541325.96199999936],[1617776.5360000003,541329.16300000064],[1617760.1239999998,541346.14800000004],[1617745.1079999991,541346.2379999999],[1617720.0079999994,541344.14800000004],[1617703.8870000001,541344.10400000028],[1617684.9340000004,541350.73399999924],[1617671.5120000001,541361.06499999948],[1617661.75,541365.93999999948],[1617651.4539999999,541367.56100000069],[1617640.5669999998,541366.23900000006],[1617626.8039999995,541363.45199999958],[1617618.6229999997,541364.53199999966],[1617601.3910000008,541372.32799999975],[1617576.7909999993,541383.37600000016],[1617569.8350000009,541383.4879999999],[1617551.9690000005,541380.20399999991],[1617535.8489999995,541380.16100000031],[1617530.4810000006,541383.49599999934],[1617522.8900000006,541387.51899999939]]},"properties":{"LINEAR_FEATURE_ID":707089323,"WATERSHED_GROUP_ID":90,"EDGE_TYPE":1000,"BLUE_LINE_KEY":356545045,"WATERSHED_KEY":356545045,"FWA_WATERSHED_CODE":"300-625474-042847-000000-000000-000000-000000-000000-000000-000000-000000-000000-000000-000000-000000-000000-000000-000000-000000-000000-000000","LOCAL_WATERSHED_CODE":"300-625474-042847-594385-000000-000000-000000-000000-000000-000000-000000-000000-000000-000000-000000-000000-000000-000000-000000-000000-000000","WATERSHED_GROUP_CODE":"KOTL","DOWNSTREAM_ROUTE_MEASURE":8677.4948104164396,"LENGTH_METRE":686.92745307522807,"FEATURE_SOURCE":"linear stream -","GNIS_ID":25643,"GNIS_NAME":"Sproule Creek","LEFT_RIGHT_TRIBUTARY":"RIGHT","STREAM_ORDER":4,"STREAM_MAGNITUDE":36,"WATERBODY_KEY":null,"BLUE_LINE_KEY_50K":114,"WATERSHED_CODE_50K":"340095600000000000000000000000000000000000000","WATERSHED_KEY_50K":114,"WATERSHED_GROUP_CODE_50K":"KOTL","GRADIENT":null,"FEATURE_CODE":"GA24850000","OBJECTID":1103020,"GEOMETRY.LEN":0,"FEATURE_LENGTH_M":687.63260000000002}},{"type":"Feature","id":1113683,"geometry":{"type":"LineString","coordinates":[[1603029.7109999992,538222.58799999952],[1603019.8900000006,538212.33699999936],[1603002.1140000001,538201.94199999981],[1602986.5840000007,538196.9140000008],[1602969.3440000005,538189.77099999972],[1602963.4670000002,538187.95900000073],[1602940.9920000006,538182.10899999924],[1602918.9790000003,538173.28500000015],[1602910.273,538170.18099999987],[1602901.568,538167.07799999975],[1602878.0950000007,538160.95099999942],[1602859.2620000001,538158.56100000069],[1602842.4810000006,538156.41499999911],[1602819.3729999997,538154.47499999963]]},"properties":{"LINEAR_FEATURE_ID":707615103,"WATERSHED_GROUP_ID":186,"EDGE_TYPE":1000,"BLUE_LINE_KEY":356519284,"WATERSHED_KEY":356519284,"FWA_WATERSHED_CODE":"300-625474-020842-219896-000000-000000-000000-000000-000000-000000-000000-000000-000000-000000-000000-000000-000000-000000-000000-000000-000000","LOCAL_WATERSHED_CODE":"300-625474-020842-219896-000000-000000-000000-000000-000000-000000-000000-000000-000000-000000-000000-000000-000000-000000-000000-000000-000000","WATERSHED_GROUP_CODE":"SLOC","DOWNSTREAM_ROUTE_MEASURE":34.5670065003562,"LENGTH_METRE":224.69674950381003,"FEATURE_SOURCE":"linear stream -","GNIS_ID":12790,"GNIS_NAME":"Cowie Creek","LEFT_RIGHT_TRIBUTARY":"RIGHT","STREAM_ORDER":3,"STREAM_MAGNITUDE":6,"WATERBODY_KEY":null,"BLUE_LINE_KEY_50K":704,"WATERSHED_CODE_50K":"340047200219000000000000000000000000000000000","WATERSHED_KEY_50K":704,"WATERSHED_GROUP_CODE_50K":"SLOC","GRADIENT":null,"FEATURE_CODE":"GA24850000","OBJECTID":1113683,"GEOMETRY.LEN":0,"FEATURE_LENGTH_M":225.03999999999999}},{"type":"Feature","id":1188927,"geometry":{"type":"LineString","coordinates":[[1618787.5240000002,540751.42300000042],[1618783.7520000003,540764.99799999967],[1618778.159,540784.57200000063],[1618777.3780000005,540791.49400000088],[1618773.1879999992,540816.18200000003],[1618768.4250000007,540821.50400000066],[1618752.0140000004,540823.49499999918],[1618731.0030000005,540822.85400000028],[1618710.6539999992,540831.38399999961],[1618702.1180000007,540835.28999999911],[1618692.5089999996,540848.15599999949],[1618678.3210000005,540864.45199999958],[1618664.3169999998,540878.85700000077],[1618646.1980000008,540893.71800000034],[1618641.6070000008,540898.10300000012],[1618635.0010000002,540903.3599999994],[1618623.1750000007,540908.93999999948],[1618598.4049999993,540920.91899999976],[1618581.1620000005,540929.6679999996],[1618566.0329999998,540937.87600000016],[1618543.5059999991,540955.23200000077],[1618529.4309999999,540963.40799999982],[1618507.3540000003,540978.74599999934]]},"properties":{"LINEAR_FEATURE_ID":707089811,"WATERSHED_GROUP_ID":90,"EDGE_TYPE":1000,"BLUE_LINE_KEY":356545045,"WATERSHED_KEY":356545045,"FWA_WATERSHED_CODE":"300-625474-042847-000000-000000-000000-000000-000000-000000-000000-000000-000000-000000-000000-000000-000000-000000-000000-000000-000000-000000","LOCAL_WATERSHED_CODE":"300-625474-042847-537110-000000-000000-000000-000000-000000-000000-000000-000000-000000-000000-000000-000000-000000-000000-000000-000000-000000","WATERSHED_GROUP_CODE":"KOTL","DOWNSTREAM_ROUTE_MEASURE":7841.3198400502106,"LENGTH_METRE":387.31554174194503,"FEATURE_SOURCE":"linear stream -","GNIS_ID":25643,"GNIS_NAME":"Sproule Creek","LEFT_RIGHT_TRIBUTARY":"RIGHT","STREAM_ORDER":4,"STREAM_MAGNITUDE":40,"WATERBODY_KEY":null,"BLUE_LINE_KEY_50K":114,"WATERSHED_CODE_50K":"340095600000000000000000000000000000000000000","WATERSHED_KEY_50K":114,"WATERSHED_GROUP_CODE_50K":"KOTL","GRADIENT":null,"FEATURE_CODE":"GA24850000","OBJECTID":1188927,"GEOMETRY.LEN":0,"FEATURE_LENGTH_M":387.79140000000001}},{"type":"Feature","id":1188929,"geometry":{"type":"LineString","coordinates":[[1622214.9670000002,546831.93600000069],[1622214.6909999996,546857.10500000045],[1622212.659,546872.96600000001],[1622209.9739999995,546893.69199999981],[1622207.0449999999,546916.62199999951],[1622204.9829999991,546941.41200000048],[1622202.1750000007,546963.24000000022],[1622203.3120000008,546985.55000000075],[1622204.4489999991,547000.84300000034],[1622207.4649999999,547017.32200000063],[1622213.4930000007,547033.21299999952],[1622218.1070000008,547051.96199999936],[1622223.3609999996,547066.80100000091],[1622234.1060000006,547084.22699999996],[1622249.2970000003,547100.28299999982],[1622261.1970000006,547118.00999999978],[1622271.8059999999,547137.49300000072],[1622274.3709999993,547148.97199999914],[1622271.5620000008,547170.80000000075],[1622267.4480000008,547195.33899999969],[1622261.659,547208.82599999942],[1622254.5629999992,547225.02500000037],[1622249.1899999995,547235.37299999967],[1622248.1050000004,547244.3320000004],[1622252.3760000002,547257.93400000036],[1622256.5240000002,547272.63900000043],[1622255.2850000001,547298.64599999972],[1622254.5089999996,547304.61199999973],[1622252.6140000001,547311.39900000021],[1622250.8920000009,547317.24899999984],[1622246,547323.6679999996],[1622241.4529999997,547328.21600000001],[1622238.7339999992,547333.78500000015],[1622235.9069999997,547339.5],[1622232.1339999996,547345.09899999946],[1622230.4110000003,547350.94999999925],[1622230.7400000002,547357.05100000091],[1622230.9100000001,547363.13299999945],[1622231.0659999996,547370.17100000009],[1622231.2369999997,547376.25300000049],[1622234.3900000006,547383.65799999982],[1622236.6109999996,547389.99100000039],[1622239.4849999994,547398.47800000012],[1622239.8129999992,547404.57899999991],[1622239.9829999991,547410.66100000031],[1622238.4309999999,547422.59400000051],[1622238.5869999994,547429.63099999912],[1622236.5199999996,547437.35400000028]]},"properties":{"LINEAR_FEATURE_ID":707084617,"WATERSHED_GROUP_ID":90,"EDGE_TYPE":1000,"BLUE_LINE_KEY":356568277,"WATERSHED_KEY":356568277,"FWA_WATERSHED_CODE":"300-625474-048332-391586-000000-000000-000000-000000-000000-000000-000000-000000-000000-000000-000000-000000-000000-000000-000000-000000-000000","LOCAL_WATERSHED_CODE":"300-625474-048332-391586-571569-000000-000000-000000-000000-000000-000000-000000-000000-000000-000000-000000-000000-000000-000000-000000-000000","WATERSHED_GROUP_CODE":"KOTL","DOWNSTREAM_ROUTE_MEASURE":6842.1084757958397,"LENGTH_METRE":639.29933250644604,"FEATURE_SOURCE":"linear stream -","GNIS_ID":18222,"GNIS_NAME":"Baldface Creek","LEFT_RIGHT_TRIBUTARY":"RIGHT","STREAM_ORDER":4,"STREAM_MAGNITUDE":39,"WATERBODY_KEY":null,"BLUE_LINE_KEY_50K":2565,"WATERSHED_CODE_50K":"340108000411000000000000000000000000000000000","WATERSHED_KEY_50K":2565,"WATERSHED_GROUP_CODE_50K":"KOTL","GRADIENT":null,"FEATURE_CODE":"GA24850000","OBJECTID":1188929,"GEOMETRY.LEN":0,"FEATURE_LENGTH_M":642.97829999999999}},{"type":"Feature","id":1199640,"geometry":{"type":"LineString","coordinates":[[1603326.0720000006,535434.28500000015],[1603309.2359999996,535416.03099999949],[1603302.2369999997,535399.10199999996],[1603300.1060000006,535384.66100000031],[1603298.0930000003,535361.14900000021],[1603296.0390000008,535352.93500000052],[1603290.7359999996,535331.10500000045],[1603274.1899999995,535310.81299999915],[1603269.8890000004,535305.20299999975],[1603262.7070000004,535290.1640000008],[1603260.7599999998,535281.80399999954],[1603260.2300000004,535261.65499999933],[1603258.9260000009,535248.42899999954],[1603260.7530000005,535233.50100000016],[1603261.3310000002,535221.45399999991],[1603262.5529999994,535212.51300000027],[1603261.9059999995,535201.43700000085],[1603258.0120000001,535184.71600000001],[1603252.6040000003,535171.00300000049],[1603247.0130000003,535159.18300000019],[1603237.4759999998,535146.89399999939],[1603232.398,535140.2349999994],[1603226.8100000005,535136.38499999978],[1603205.7510000002,535126.71800000034],[1603191.6260000002,535118.82899999991],[1603185.273,535112.97499999963],[1603180.1950000003,535106.31599999964],[1603173.3690000009,535104.39200000092],[1603161.9649999999,535097.94099999964],[1603148.8249999993,535091.28399999999],[1603135.1860000007,535086.48100000061],[1603123.7699999996,535080.9849999994],[1603115.693,535073.97100000083],[1603108.8650000002,535064.07599999942],[1603102.6309999991,535057.12099999934],[1603098.3300000001,535051.50999999978],[1603091.9739999995,535037.68600000069],[1603086.6730000004,535023.82799999975],[1603083.7760000005,535007.38399999961]]},"properties":{"LINEAR_FEATURE_ID":707616923,"WATERSHED_GROUP_ID":186,"EDGE_TYPE":1000,"BLUE_LINE_KEY":356542853,"WATERSHED_KEY":356542853,"FWA_WATERSHED_CODE":"300-625474-020842-168868-000000-000000-000000-000000-000000-000000-000000-000000-000000-000000-000000-000000-000000-000000-000000-000000-000000","LOCAL_WATERSHED_CODE":"300-625474-020842-168868-294329-000000-000000-000000-000000-000000-000000-000000-000000-000000-000000-000000-000000-000000-000000-000000-000000","WATERSHED_GROUP_CODE":"SLOC","DOWNSTREAM_ROUTE_MEASURE":1944.1372572651001,"LENGTH_METRE":531.44268049294294,"FEATURE_SOURCE":"linear stream -","GNIS_ID":29359,"GNIS_NAME":"Wolverton Creek","LEFT_RIGHT_TRIBUTARY":"RIGHT","STREAM_ORDER":3,"STREAM_MAGNITUDE":14,"WATERBODY_KEY":null,"BLUE_LINE_KEY_50K":700,"WATERSHED_CODE_50K":"340047200172000000000000000000000000000000000","WATERSHED_KEY_50K":700,"WATERSHED_GROUP_CODE_50K":"SLOC","GRADIENT":null,"FEATURE_CODE":"GA24850000","OBJECTID":1199640,"GEOMETRY.LEN":0,"FEATURE_LENGTH_M":540.66910000000007}},{"type":"Feature","id":1257106,"geometry":{"type":"LineString","coordinates":[[1610723.0109999999,547677.75400000066],[1610726.0370000005,547693.26700000092],[1610725.5690000001,547713.30399999954],[1610732.2459999993,547731.32899999991],[1610741.9059999995,547750.66899999976],[1610748.4159999993,547755.5979999993],[1610753.4619999994,547763.22100000083],[1610764.8780000005,547784.84600000083],[1610776.9130000006,547800.4849999994],[1610779.9580000006,547808.0270000007],[1610780.5769999996,547819.10500000045],[1610778.7440000009,547842.16699999943],[1610777.9480000008,547856.10500000045],[1610776.7200000007,547874.1370000001],[1610784.4680000003,547884.15799999982],[1610792.2489999998,547902.31599999964],[1610799.0820000004,547920.3599999994],[1610805.0749999993,547928.09699999914],[1610807,547936.4609999992],[1610814.1290000007,547952.46800000034],[1610816.6410000008,547963.77300000004],[1610819.8389999997,547978.34999999963],[1610825.7219999991,548003.29700000025],[1610825.2530000005,548023.33300000057],[1610824.3650000002,548046.50899999961],[1610823.7100000009,548051.37399999984],[1610821.6720000003,548067.23599999957],[1610816.8080000002,548081.80100000091],[1610809.2229999993,548101.93899999931],[1610804.3589999992,548116.50400000066],[1610798.5449999999,548137.97100000083],[1610796.4869999997,548161.80399999954],[1610794.4989999998,548177.83100000024],[1610791.977,548197.62099999934],[1610790.7479999997,548215.6520000007],[1610789.1730000004,548235.55599999987],[1610793.1449999996,548251.18300000019],[1610804.0759999994,548276.73699999973],[1610804.1070000008,548284.87399999984],[1610804.8929999992,548302.03099999949],[1610804.5830000006,548305.02400000021],[1610804.1420000009,548323.15100000054],[1610808.2709999997,548338.79700000025],[1610814.1520000007,548363.74300000072],[1610815.4250000007,548369.95600000024],[1610825.3780000005,548387.25899999961],[1610828.8859999999,548398.84400000051],[1610840.2990000006,548420.46900000051],[1610853.4360000007,548436.24100000039],[1610866.5889999997,548451.05900000036],[1610874.8049999997,548458.10600000061],[1610884.1549999993,548463.37700000033],[1610899.9489999991,548474.36600000039],[1610922.7520000003,548485.40000000037],[1610940.3220000006,548490.70199999958],[1610955.0309999995,548493.58699999936],[1610975.1309999991,548502.2229999993],[1610986.3440000005,548509.63199999928],[1610998.6919999998,548515.26300000027],[1611001.8579999991,548521.70299999975],[1611008.8320000004,548530.67500000075],[1611021.1909999996,548552.4140000008],[1611035.4279999994,548575.3359999992],[1611047.4920000006,548599.1129999999],[1611057.784,548621.56100000069],[1611064.7579999994,548630.53299999982],[1611085.8149999995,548655.39100000076],[1611091.5109999999,548665.16599999927],[1611093.4199999999,548674.48599999957],[1611096.9069999997,548694.04199999943],[1611096.1439999994,548709.09999999963],[1611093.3249999993,548730.92799999937],[1611093.3310000002,548754.05199999921],[1611093.8550000004,548774.36800000072],[1611097.4690000005,548785.80599999987],[1611103.3479999993,548810.75300000049],[1611112.8809999991,548831.19600000046],[1611127.5899999999,548834.0820000004],[1611151.4810000006,548836.15799999982],[1611168.2410000004,548839.29099999927],[1611185.2970000003,548840.38599999994],[1611189.2420000006,548840.8599999994],[1611206.9489999991,548844.10700000077],[1611221.0370000005,548852.97800000012],[1611228.784,548863],[1611231.8269999996,548870.5429999996],[1611230.2339999992,548891.40100000054],[1611230.9010000005,548902.64499999955],[1611230.773,548910.7620000001],[1611236.9370000008,548917.56399999931],[1611244.6879999992,548920.5700000003],[1611261.2609999999,548925.59400000051],[1611271.2459999993,548933.97100000083],[1611281.2320000008,548942.34899999946],[1611283.4509999994,548948.67600000091],[1611283.4609999992,548964.78399999999],[1611286.6659999993,548995.47000000067]]},"properties":{"LINEAR_FEATURE_ID":707610420,"WATERSHED_GROUP_ID":186,"EDGE_TYPE":1000,"BLUE_LINE_KEY":356545379,"WATERSHED_KEY":356545379,"FWA_WATERSHED_CODE":"300-625474-020842-367151-000000-000000-000000-000000-000000-000000-000000-000000-000000-000000-000000-000000-000000-000000-000000-000000-000000","LOCAL_WATERSHED_CODE":"300-625474-020842-367151-612568-000000-000000-000000-000000-000000-000000-000000-000000-000000-000000-000000-000000-000000-000000-000000-000000","WATERSHED_GROUP_CODE":"SLOC","DOWNSTREAM_ROUTE_MEASURE":2711.8855559896401,"LENGTH_METRE":1607.35219308353,"FEATURE_SOURCE":"linear stream -","GNIS_ID":22239,"GNIS_NAME":"Dumont Creek","LEFT_RIGHT_TRIBUTARY":"LEFT","STREAM_ORDER":1,"STREAM_MAGNITUDE":1,"WATERBODY_KEY":null,"BLUE_LINE_KEY_50K":177,"WATERSHED_CODE_50K":"340047200367008900000000000000000000000000000","WATERSHED_KEY_50K":177,"WATERSHED_GROUP_CODE_50K":"SLOC","GRADIENT":null,"FEATURE_CODE":"GA24850000","OBJECTID":1257106,"GEOMETRY.LEN":0,"FEATURE_LENGTH_M":1610.7525000000001}},{"type":"Feature","id":1274845,"geometry":{"type":"LineString","coordinates":[[1624239.8910000008,542916.10300000012],[1624227.6009999998,542924.64299999923],[1624209.5810000002,542932.32100000046],[1624184.6799999997,542953.34999999963],[1624175.3729999997,542963.21399999969],[1624163.4169999994,542977.85600000061],[1624147.8129999992,542996.99599999934],[1624136.3350000009,543007.71000000089]]},"properties":{"LINEAR_FEATURE_ID":707087546,"WATERSHED_GROUP_ID":90,"EDGE_TYPE":1000,"BLUE_LINE_KEY":356568277,"WATERSHED_KEY":356568277,"FWA_WATERSHED_CODE":"300-625474-048332-391586-000000-000000-000000-000000-000000-000000-000000-000000-000000-000000-000000-000000-000000-000000-000000-000000-000000","LOCAL_WATERSHED_CODE":"300-625474-048332-391586-174184-000000-000000-000000-000000-000000-000000-000000-000000-000000-000000-000000-000000-000000-000000-000000-000000","WATERSHED_GROUP_CODE":"KOTL","DOWNSTREAM_ROUTE_MEASURE":2085.1182386946698,"LENGTH_METRE":140.007740980363,"FEATURE_SOURCE":"linear stream -","GNIS_ID":18222,"GNIS_NAME":"Baldface Creek","LEFT_RIGHT_TRIBUTARY":"RIGHT","STREAM_ORDER":4,"STREAM_MAGNITUDE":68,"WATERBODY_KEY":null,"BLUE_LINE_KEY_50K":2565,"WATERSHED_CODE_50K":"340108000411000000000000000000000000000000000","WATERSHED_KEY_50K":2565,"WATERSHED_GROUP_CODE_50K":"KOTL","GRADIENT":null,"FEATURE_CODE":"GA24850000","OBJECTID":1274845,"GEOMETRY.LEN":0,"FEATURE_LENGTH_M":140.13820000000001}},{"type":"Feature","id":1285654,"geometry":{"type":"LineString","coordinates":[[1615253.2229999993,544572.78399999999],[1615268.3839999996,544573.66200000048],[1615277.6850000005,544571.75699999928],[1615296.8049999997,544572.15699999966],[1615303.7609999999,544572.04199999943],[1615324.3430000003,544569.74799999967],[1615339.6539999992,544567.61400000006],[1615365.3690000009,544556.69199999981],[1615390.977,544552.93400000036],[1615404.7390000001,544548.69899999909]]},"properties":{"LINEAR_FEATURE_ID":707611559,"WATERSHED_GROUP_ID":186,"EDGE_TYPE":1000,"BLUE_LINE_KEY":356559464,"WATERSHED_KEY":356559464,"FWA_WATERSHED_CODE":"300-625474-020842-349237-000000-000000-000000-000000-000000-000000-000000-000000-000000-000000-000000-000000-000000-000000-000000-000000-000000","LOCAL_WATERSHED_CODE":"300-625474-020842-349237-612374-000000-000000-000000-000000-000000-000000-000000-000000-000000-000000-000000-000000-000000-000000-000000-000000","WATERSHED_GROUP_CODE":"SLOC","DOWNSTREAM_ROUTE_MEASURE":8105.2296239206607,"LENGTH_METRE":155.149350582051,"FEATURE_SOURCE":"linear stream -","GNIS_ID":3011,"GNIS_NAME":"Winlaw Creek","LEFT_RIGHT_TRIBUTARY":"LEFT","STREAM_ORDER":3,"STREAM_MAGNITUDE":22,"WATERBODY_KEY":null,"BLUE_LINE_KEY_50K":162,"WATERSHED_CODE_50K":"340047200349000000000000000000000000000000000","WATERSHED_KEY_50K":162,"WATERSHED_GROUP_CODE_50K":"SLOC","GRADIENT":null,"FEATURE_CODE":"GA24850000","OBJECTID":1285654,"GEOMETRY.LEN":0,"FEATURE_LENGTH_M":155.5573}},{"type":"Feature","id":1314486,"geometry":{"type":"LineString","coordinates":[[1605215.0960000008,535567.83100000024],[1605207.6649999991,535563.91899999976],[1605199.9049999993,535560.92500000075]]},"properties":{"LINEAR_FEATURE_ID":707616670,"WATERSHED_GROUP_ID":186,"EDGE_TYPE":1000,"BLUE_LINE_KEY":356506542,"WATERSHED_KEY":356506542,"FWA_WATERSHED_CODE":"300-625474-020842-162883-000000-000000-000000-000000-000000-000000-000000-000000-000000-000000-000000-000000-000000-000000-000000-000000-000000","LOCAL_WATERSHED_CODE":"300-625474-020842-162883-000000-000000-000000-000000-000000-000000-000000-000000-000000-000000-000000-000000-000000-000000-000000-000000-000000","WATERSHED_GROUP_CODE":"SLOC","DOWNSTREAM_ROUTE_MEASURE":40.958665791665297,"LENGTH_METRE":16.715632438779199,"FEATURE_SOURCE":"linear stream -","GNIS_ID":11527,"GNIS_NAME":"Groom Creek","LEFT_RIGHT_TRIBUTARY":"RIGHT","STREAM_ORDER":1,"STREAM_MAGNITUDE":1,"WATERBODY_KEY":null,"BLUE_LINE_KEY_50K":699,"WATERSHED_CODE_50K":"340047200163000000000000000000000000000000000","WATERSHED_KEY_50K":699,"WATERSHED_GROUP_CODE_50K":"SLOC","GRADIENT":null,"FEATURE_CODE":"GA24850150","OBJECTID":1314486,"GEOMETRY.LEN":0,"FEATURE_LENGTH_M":17.011800000000001}},{"type":"Feature","id":1343299,"geometry":{"type":"LineString","coordinates":[[1603731.5319999997,535800.35700000077],[1603716.3399999999,535793.45500000007],[1603697.1649999991,535784.96499999985],[1603688.5659999996,535781.71399999969],[1603679.0950000007,535776.60600000061],[1603652.5010000002,535771.22199999914],[1603622.727,535767.375],[1603613.8489999995,535765.2070000004],[1603592.7670000009,535757.44800000079],[1603575.9979999997,535754.34500000067],[1603552.2320000008,535742.28299999982],[1603534.6349999998,535729.99499999918],[1603526.5079999994,535722.81499999948],[1603514.1579999998,535716.25],[1603507.0289999992,535709.3479999993],[1603498.2569999993,535699.06299999915],[1603480.6720000003,535685.8200000003],[1603474.1229999997,535674.84200000018],[1603463.1280000005,535657.27899999917],[1603456.3010000009,535647.38399999961],[1603446.4629999995,535638.08799999952],[1603439.3340000007,535631.18600000069],[1603431.5089999996,535621.01300000027],[1603425.4590000007,535612.16599999927],[1603421.7359999996,535586.53800000064],[1603417.4330000002,535572.95600000024],[1603405.5969999991,535547.1640000008],[1603394.9560000002,535534.74400000088],[1603386.8790000007,535527.73000000045],[1603381.7640000004,535519.94999999925],[1603378.8690000009,535503.50699999928],[1603377.2249999996,535492.15300000086],[1603371.6850000005,535480.49799999967],[1603360.3870000001,535465.92799999937],[1603353.3770000003,535457.92400000058],[1603343.0789999999,535451.60300000012],[1603331.9529999997,535444.06799999997],[1603326.0720000006,535434.28500000015]]},"properties":{"LINEAR_FEATURE_ID":707616739,"WATERSHED_GROUP_ID":186,"EDGE_TYPE":1000,"BLUE_LINE_KEY":356542853,"WATERSHED_KEY":356542853,"FWA_WATERSHED_CODE":"300-625474-020842-168868-000000-000000-000000-000000-000000-000000-000000-000000-000000-000000-000000-000000-000000-000000-000000-000000-000000","LOCAL_WATERSHED_CODE":"300-625474-020842-168868-205563-000000-000000-000000-000000-000000-000000-000000-000000-000000-000000-000000-000000-000000-000000-000000-000000","WATERSHED_GROUP_CODE":"SLOC","DOWNSTREAM_ROUTE_MEASURE":1357.8091901865901,"LENGTH_METRE":586.32806707850796,"FEATURE_SOURCE":"linear stream -","GNIS_ID":29359,"GNIS_NAME":"Wolverton Creek","LEFT_RIGHT_TRIBUTARY":"RIGHT","STREAM_ORDER":3,"STREAM_MAGNITUDE":15,"WATERBODY_KEY":null,"BLUE_LINE_KEY_50K":700,"WATERSHED_CODE_50K":"340047200172000000000000000000000000000000000","WATERSHED_KEY_50K":700,"WATERSHED_GROUP_CODE_50K":"SLOC","GRADIENT":null,"FEATURE_CODE":"GA24850000","OBJECTID":1343299,"GEOMETRY.LEN":0,"FEATURE_LENGTH_M":597.6848}},{"type":"Feature","id":1361261,"geometry":{"type":"LineString","coordinates":[[1613846.1140000001,537505.3320000004],[1613843.6500000004,537524.16899999976],[1613844.6960000005,537548.53199999966],[1613845.9949999992,537561.76400000043],[1613855.7080000006,537580.15599999949],[1613859.5319999997,537589.70600000024],[1613869.8880000003,537611.20500000007],[1613870.2280000001,537617.30599999987],[1613867.8849999998,537627.06900000013],[1613864.5940000005,537644.68999999948],[1613856.4619999994,537661.88800000027],[1613850.5260000005,537684.2929999996],[1613849.2880000006,537694.18899999931],[1613847.1649999991,537711.15399999917],[1613848.2939999998,537717.34999999963],[1613852.6989999991,537722.82399999909],[1613858.2339999992,537726.52099999972],[1613861.5850000009,537732.0270000007],[1613868.2870000005,537743.03999999911],[1613869.2329999991,537751.12700000033],[1613867.4120000005,537773.07200000063],[1613865.409,537788.93500000052],[1613863.8800000008,537800.86900000088],[1613864.2310000006,537813.98699999973],[1613866.3450000007,537821.41699999943],[1613871.6370000001,537843.26300000027],[1613881.8100000005,537858.68099999987],[1613892.2850000001,537879.07899999991],[1613893.4010000005,537886.22900000028],[1613891.9210000001,537906.30100000091],[1613890.5600000005,537925.27199999988],[1613891.0940000005,537944.47100000083],[1613889.3929999992,537957.34100000001],[1613888.3239999991,537974.27400000021],[1613886.8049999997,537993.22499999963],[1613887.0850000009,538015.58300000057],[1613886.1490000002,538022.48599999957],[1613880.977,538038.92400000058],[1613877.0769999996,538062.53199999966],[1613875.4260000009,538083.53999999911],[1613875.4370000008,538090.55700000003],[1613874.0759999994,538109.52800000086],[1613875.3619999997,538115.74200000055],[1613881.7709999997,538136.76600000076],[1613880.7149999999,538144.77099999972],[1613867.6520000007,538160.25699999928],[1613865.0150000006,538180.03099999949],[1613862.2449999992,538201.86099999957],[1613864.1730000004,538219.15499999933],[1613862.9330000002,538229.05199999921],[1613855.5879999995,538246.34400000051],[1613851.8120000008,538252.90499999933],[1613848.1689999998,538257.40899999999],[1613841.8690000009,538259.67899999954],[1613833.9900000002,538265.74499999918],[1613830.0429999996,538273.24200000055],[1613819.2119999994,538295.05700000003],[1613815.0350000001,538311.77400000021],[1613811.9240000006,538335.47699999996],[1613810.7320000008,538353.51099999994],[1613807.148,538373.17100000009],[1613796.1459999997,538395.92200000025],[1613788.0120000001,538413.11900000088],[1613786.3100000005,538425.98900000006],[1613778.7679999992,538446.12800000049],[1613774.8920000009,538467.82499999925],[1613771.0059999991,538482.50500000082],[1613767.8829999994,538499.18999999948],[1613769.0480000004,538506.50599999912],[1613780.9289999995,538524.04399999976],[1613787.8100000005,538541.13800000027],[1613790.977,538548.53600000031],[1613797.2129999995,538570.49499999918],[1613797.1030000001,538578.61400000006],[1613800.1569999997,538602.10400000028],[1613803.2139999997,538617.62099999934],[1613807.6789999995,538630.27800000086],[1613807.727,538638.41599999927],[1613806.7899999991,538645.31900000013],[1613806.193,538658.32200000063],[1613804.1390000004,538666.04800000042],[1613800.5449999999,538670.71700000018],[1613784.0069999993,538689.77099999972],[1613781.9529999997,538697.49599999934],[1613782.9350000005,538706.70399999991],[1613791.8190000001,538715.90699999966],[1613792.8269999996,538723.20399999991],[1613790.1779999994,538735.96000000089],[1613784.8090000004,538747.27199999988],[1613774.1119999997,538759.05800000019],[1613766.0960000008,538775.15300000086],[1613761.7469999995,538792.80700000003],[1613755.9149999991,538807.09300000034],[1613750.6199999992,538824.63199999928],[1613743.7180000003,538847.87800000049],[1613739.6630000006,538855.52199999988],[1613728.1260000002,538867.04700000025],[1613723.1239999998,538874.57599999942],[1613719.9969999995,538899.23299999908],[1613717.7019999996,538909.16200000048],[1613713.4590000007,538926.66899999976],[1613712.4020000007,538934.67400000058],[1613708.9859999996,538953.39699999988],[1613711.2180000003,538959.72499999963],[1613715.5020000003,538966.30100000091],[1613721.9829999991,538970.11199999973],[1613726.2660000008,538976.68799999915],[1613724.4269999992,538999.58799999952],[1613716.7740000002,539019.87299999967],[1613715.5460000001,539028.81399999931],[1613716.6610000003,539035.96399999969]]},"properties":{"LINEAR_FEATURE_ID":707093118,"WATERSHED_GROUP_ID":90,"EDGE_TYPE":1000,"BLUE_LINE_KEY":356565749,"WATERSHED_KEY":356565749,"FWA_WATERSHED_CODE":"300-625474-033788-000000-000000-000000-000000-000000-000000-000000-000000-000000-000000-000000-000000-000000-000000-000000-000000-000000-000000","LOCAL_WATERSHED_CODE":"300-625474-033788-649344-000000-000000-000000-000000-000000-000000-000000-000000-000000-000000-000000-000000-000000-000000-000000-000000-000000","WATERSHED_GROUP_CODE":"KOTL","DOWNSTREAM_ROUTE_MEASURE":7733.2776099183102,"LENGTH_METRE":1633.3556435939602,"FEATURE_SOURCE":"linear stream -","GNIS_ID":18605,"GNIS_NAME":"Falls Creek","LEFT_RIGHT_TRIBUTARY":"RIGHT","STREAM_ORDER":3,"STREAM_MAGNITUDE":11,"WATERBODY_KEY":null,"BLUE_LINE_KEY_50K":106,"WATERSHED_CODE_50K":"340075500000000000000000000000000000000000000","WATERSHED_KEY_50K":106,"WATERSHED_GROUP_CODE_50K":"KOTL","GRADIENT":null,"FEATURE_CODE":"GA24850000","OBJECTID":1361261,"GEOMETRY.LEN":0,"FEATURE_LENGTH_M":1646.6782000000001}},{"type":"Feature","id":1371710,"geometry":{"type":"LineString","coordinates":[[1607490.3599999994,526557.49100000039],[1607483.034,526543.54700000025],[1607475.6559999995,526529.43899999931],[1607464.7579999994,526504.86800000072],[1607453.8709999993,526479.34300000034],[1607454.5260000005,526458.22000000067],[1607455.2599999998,526444.27999999933],[1607457.2440000009,526436.38599999994],[1607459.3790000007,526419.58400000073],[1607460.8800000008,526407.64800000004],[1607451.5800000001,526386.29700000025],[1607442.7510000002,526384.28999999911],[1607427.6940000001,526383.29399999976],[1607403.7980000004,526381.24699999951],[1607380.5730000008,526380.39499999955],[1607362.6860000007,526378.10700000077],[1607351.7329999991,526377.59999999963],[1607346.682,526376.99899999984],[1607342.7249999996,526377.4849999994],[1607325.6669999994,526376.41100000031],[1607312.9130000006,526357.67699999921],[1607310.6649999991,526351.35199999996],[1607303.5720000006,526335.20600000024],[1607294.1539999992,526314.95600000024],[1607291.4519999996,526311.60600000061],[1607289.8430000003,526309.34300000034],[1607283.4120000005,526295.34699999914],[1607277.3579999991,526280.59899999946],[1607267.2479999997,526256.12299999967],[1607267.0519999992,526250.04199999943],[1607269.8650000002,526243.3629999999],[1607278.1940000001,526233.35600000061],[1607283.9959999993,526227.98900000006],[1607298.9839999992,526220.84600000083],[1607313.7650000006,526208.57799999975],[1607317.5150000006,526202.96700000018],[1607324.9969999995,526183.77199999988],[1607326.2119999994,526173.87399999984],[1607326.5800000001,526154.78999999911],[1607319.5089999996,526131.79199999943],[1607319.4409999996,526123.65399999917],[1607319.0470000003,526111.49200000055],[1607316.898,526096.09300000034],[1607318.2019999996,526078.07699999958],[1607317.8190000001,526064.96000000089],[1607321.693,526019.1950000003],[1607324.7919999994,526010.47699999996],[1607332.1040000003,525992.21900000051],[1607338.9030000009,525987.13099999912],[1607347.9110000003,525987.24599999934],[1607359.0700000003,525978.53199999966]]},"properties":{"LINEAR_FEATURE_ID":707618269,"WATERSHED_GROUP_ID":186,"EDGE_TYPE":1000,"BLUE_LINE_KEY":356570142,"WATERSHED_KEY":356570142,"FWA_WATERSHED_CODE":"300-625474-020842-045408-000000-000000-000000-000000-000000-000000-000000-000000-000000-000000-000000-000000-000000-000000-000000-000000-000000","LOCAL_WATERSHED_CODE":"300-625474-020842-045408-245208-000000-000000-000000-000000-000000-000000-000000-000000-000000-000000-000000-000000-000000-000000-000000-000000","WATERSHED_GROUP_CODE":"SLOC","DOWNSTREAM_ROUTE_MEASURE":5658.9961821576699,"LENGTH_METRE":766.65755761729304,"FEATURE_SOURCE":"linear stream -","GNIS_ID":18130,"GNIS_NAME":"Goose Creek","LEFT_RIGHT_TRIBUTARY":"RIGHT","STREAM_ORDER":4,"STREAM_MAGNITUDE":50,"WATERBODY_KEY":null,"BLUE_LINE_KEY_50K":18,"WATERSHED_CODE_50K":"340047200045000000000000000000000000000000000","WATERSHED_KEY_50K":18,"WATERSHED_GROUP_CODE_50K":"SLOC","GRADIENT":null,"FEATURE_CODE":"GA24850000","OBJECTID":1371710,"GEOMETRY.LEN":0,"FEATURE_LENGTH_M":766.80930000000001}},{"type":"Feature","id":1371728,"geometry":{"type":"LineString","coordinates":[[1603392.7780000009,541744.08699999936],[1603345.8920000009,541740.11199999973],[1603334.3110000007,541735.55000000075],[1603321.3129999992,541726.83400000073],[1603304.6769999992,541714.65799999982]]},"properties":{"LINEAR_FEATURE_ID":707612707,"WATERSHED_GROUP_ID":186,"EDGE_TYPE":1000,"BLUE_LINE_KEY":356534761,"WATERSHED_KEY":356534761,"FWA_WATERSHED_CODE":"300-625474-020842-261758-000000-000000-000000-000000-000000-000000-000000-000000-000000-000000-000000-000000-000000-000000-000000-000000-000000","LOCAL_WATERSHED_CODE":"300-625474-020842-261758-000000-000000-000000-000000-000000-000000-000000-000000-000000-000000-000000-000000-000000-000000-000000-000000-000000","WATERSHED_GROUP_CODE":"SLOC","DOWNSTREAM_ROUTE_MEASURE":0,"LENGTH_METRE":95.766887650734191,"FEATURE_SOURCE":"linear stream -","GNIS_ID":22906,"GNIS_NAME":"McFayden Creek","LEFT_RIGHT_TRIBUTARY":"RIGHT","STREAM_ORDER":3,"STREAM_MAGNITUDE":10,"WATERBODY_KEY":null,"BLUE_LINE_KEY_50K":145,"WATERSHED_CODE_50K":"340047200260000000000000000000000000000000000","WATERSHED_KEY_50K":145,"WATERSHED_GROUP_CODE_50K":"SLOC","GRADIENT":null,"FEATURE_CODE":"GA24850000","OBJECTID":1371728,"GEOMETRY.LEN":0,"FEATURE_LENGTH_M":96.225800000000007}},{"type":"Feature","id":1400667,"geometry":{"type":"LineString","coordinates":[[1607891.6490000002,543456.70900000073],[1607905.2009999994,543445.25400000066],[1607915.3259999994,543437.53500000015],[1607938.5370000005,543421.33500000089],[1607945.3059999999,543416.08500000089],[1607951.1420000009,543409.76700000092],[1607956.8570000008,543404.55100000091],[1607983.3739999998,543385.71700000018],[1607996.6190000009,543377.25500000082],[1608009.5700000003,543370.83100000024],[1608022.0559999999,543367.38000000082],[1608032.5270000007,543364.80599999987],[1608041.1899999995,543359.78199999966],[1608046.8910000008,543355.52099999972],[1608058.0969999991,543345.85899999924],[1608068.5289999992,543335.14699999988],[1608073.2329999991,543330.60700000077],[1608078.5899999999,543328.21800000034],[1608085.0649999995,543325.00599999912],[1608088.0779999997,543324.41000000015],[1608093.6060000006,543321.08500000089],[1608099.7890000008,543319.91000000015],[1608108.1579999998,543316.92500000075],[1608134.4069999997,543309.22100000083],[1608139.7640000004,543306.8320000004],[1608152.5429999996,543301.34400000051],[1608160.9629999995,543298.52400000021],[1608167.5600000005,543294.2109999992],[1608173.5529999994,543287.91200000048],[1608184.6390000004,543279.35199999996],[1608202.1319999993,543261.35300000012],[1608209.5649999995,543250.28299999982],[1608231.4829999991,543228.82699999958],[1608243.1150000002,543208.0549999997],[1608248.1750000007,543200.68799999915],[1608262.0299999993,543179.22499999963],[1608266.7609999999,543172.77500000037],[1608270.5820000004,543167.3320000004],[1608287.4350000005,543146.22800000012],[1608296.2829999998,543139.31299999915],[1608300.0529999994,543133.70500000007],[1608306.7139999997,543128.60199999996],[1608325.3249999993,543109.78099999949],[1608337.6359999999,543100.25200000033]]},"properties":{"LINEAR_FEATURE_ID":707612111,"WATERSHED_GROUP_ID":186,"EDGE_TYPE":1000,"BLUE_LINE_KEY":356564711,"WATERSHED_KEY":356564711,"FWA_WATERSHED_CODE":"300-625474-020842-330099-000000-000000-000000-000000-000000-000000-000000-000000-000000-000000-000000-000000-000000-000000-000000-000000-000000","LOCAL_WATERSHED_CODE":"300-625474-020842-330099-313436-000000-000000-000000-000000-000000-000000-000000-000000-000000-000000-000000-000000-000000-000000-000000-000000","WATERSHED_GROUP_CODE":"SLOC","DOWNSTREAM_ROUTE_MEASURE":2475.9164992931601,"LENGTH_METRE":585.39424861186205,"FEATURE_SOURCE":"linear stream -","GNIS_ID":14663,"GNIS_NAME":"Pedro Creek","LEFT_RIGHT_TRIBUTARY":"LEFT","STREAM_ORDER":3,"STREAM_MAGNITUDE":20,"WATERBODY_KEY":null,"BLUE_LINE_KEY_50K":155,"WATERSHED_CODE_50K":"340047200319000000000000000000000000000000000","WATERSHED_KEY_50K":155,"WATERSHED_GROUP_CODE_50K":"SLOC","GRADIENT":null,"FEATURE_CODE":"GA24850000","OBJECTID":1400667,"GEOMETRY.LEN":0,"FEATURE_LENGTH_M":616.94940000000008}},{"type":"Feature","id":1447142,"geometry":{"type":"LineString","coordinates":[[1615754.3770000003,541661.16200000048],[1615738.2550000008,541661.125],[1615726.0789999999,541661.56499999948],[1615712.9560000002,541661.8900000006],[1615703.7770000007,541662.69299999997],[1615684.3660000004,541664.33000000007],[1615676.3049999997,541664.31200000085],[1615651.4690000005,541662.10400000028],[1615627.7709999997,541665.13599999994],[1615610.2390000001,541667.95900000073],[1615589.5250000004,541672.30900000036],[1615578.3320000004,541673.9849999994]]},"properties":{"LINEAR_FEATURE_ID":707088846,"WATERSHED_GROUP_ID":90,"EDGE_TYPE":1000,"BLUE_LINE_KEY":356545045,"WATERSHED_KEY":356545045,"FWA_WATERSHED_CODE":"300-625474-042847-000000-000000-000000-000000-000000-000000-000000-000000-000000-000000-000000-000000-000000-000000-000000-000000-000000-000000","LOCAL_WATERSHED_CODE":"300-625474-042847-769333-000000-000000-000000-000000-000000-000000-000000-000000-000000-000000-000000-000000-000000-000000-000000-000000-000000","WATERSHED_GROUP_CODE":"KOTL","DOWNSTREAM_ROUTE_MEASURE":11231.5685701069,"LENGTH_METRE":177.25449810497702,"FEATURE_SOURCE":"linear stream -","GNIS_ID":25643,"GNIS_NAME":"Sproule Creek","LEFT_RIGHT_TRIBUTARY":"RIGHT","STREAM_ORDER":4,"STREAM_MAGNITUDE":18,"WATERBODY_KEY":null,"BLUE_LINE_KEY_50K":114,"WATERSHED_CODE_50K":"340095600000000000000000000000000000000000000","WATERSHED_KEY_50K":114,"WATERSHED_GROUP_CODE_50K":"KOTL","GRADIENT":null,"FEATURE_CODE":"GA24850000","OBJECTID":1447142,"GEOMETRY.LEN":0,"FEATURE_LENGTH_M":177.57640000000001}},{"type":"Feature","id":1447225,"geometry":{"type":"LineString","coordinates":[[1619746.8599999994,526826.48000000045],[1619760.2640000004,526824.12199999951],[1619772.2400000002,526817.60400000028],[1619789.3929999992,526809.64200000092],[1619814.9509999994,526798.875],[1619829.3019999992,526796.63199999928],[1619840.9810000006,526793.10799999908],[1619853.2709999997,526791.57200000063],[1619871.6180000007,526789.97399999946],[1619885.6830000002,526789.76899999939],[1619906.6530000009,526784.34400000051],[1619931.5789999999,526778.44400000013],[1619956.4940000009,526773.49799999967],[1619966.6140000001,526772.81499999948],[1619976.9030000009,526771.1950000003],[1619989.6459999997,526766.68400000036],[1620003.9969999995,526764.44199999981],[1620016.6229999997,526761.03299999982],[1620034.6329999994,526761.30800000019],[1620045.8579999991,526760.75899999961],[1620070.3190000001,526758.78800000064],[1620096.2320000008,526754.12399999984],[1620110.5830000006,526751.88199999928],[1620124.4409999996,526746.55100000091],[1620140.7359999996,526744.70500000007],[1620153.0260000005,526743.16899999976],[1620169.3110000007,526742.27800000086],[1620188.4260000009,526742.68799999915],[1620203.4269999992,526743.55399999954],[1620221.5950000007,526743.84899999946],[1620235.8289999999,526742.71000000089],[1620257.5669999998,526739.2929999996],[1620269.9169999994,526736.96700000018],[1620291.5480000004,526733.69700000063],[1620302.8900000006,526732.04700000025]]},"properties":{"LINEAR_FEATURE_ID":707102107,"WATERSHED_GROUP_ID":90,"EDGE_TYPE":1000,"BLUE_LINE_KEY":356547356,"WATERSHED_KEY":356547356,"FWA_WATERSHED_CODE":"300-625474-027067-000000-000000-000000-000000-000000-000000-000000-000000-000000-000000-000000-000000-000000-000000-000000-000000-000000-000000","LOCAL_WATERSHED_CODE":"300-625474-027067-542634-000000-000000-000000-000000-000000-000000-000000-000000-000000-000000-000000-000000-000000-000000-000000-000000-000000","WATERSHED_GROUP_CODE":"KOTL","DOWNSTREAM_ROUTE_MEASURE":6853.5835680126311,"LENGTH_METRE":568.93138346713511,"FEATURE_SOURCE":"linear stream -","GNIS_ID":27525,"GNIS_NAME":"Rover Creek","LEFT_RIGHT_TRIBUTARY":"LEFT","STREAM_ORDER":2,"STREAM_MAGNITUDE":11,"WATERBODY_KEY":null,"BLUE_LINE_KEY_50K":88,"WATERSHED_CODE_50K":"340062200000000000000000000000000000000000000","WATERSHED_KEY_50K":88,"WATERSHED_GROUP_CODE_50K":"KOTL","GRADIENT":null,"FEATURE_CODE":"GA24850000","OBJECTID":1447225,"GEOMETRY.LEN":0,"FEATURE_LENGTH_M":574.08890000000008}},{"type":"Feature","id":1457888,"geometry":{"type":"LineString","coordinates":[[1609690.2430000007,527350.56000000052],[1609684.625,527362.96000000089],[1609677.2569999993,527381.05000000075],[1609665.9269999992,527390.69600000046],[1609657.4120000005,527393.6640000008],[1609651.4810000006,527401.08500000089],[1609647.3819999993,527409.52199999988],[1609631.068,527426.70299999975],[1609623.7760000005,527428.70099999942],[1609607.6649999991,527427.73200000077],[1609599.2310000006,527423.53600000031],[1609584.159,527414.56100000069],[1609579.8489999995,527408.9450000003],[1609576.0050000008,527399.40000000037],[1609574.0950000007,527391.20099999942],[1609566.693,527370.07100000046],[1609560.8990000002,527351.20500000007],[1609558.8440000005,527327.68600000069],[1609556.3859999999,527307.30599999987],[1609553.6469999999,527297.89200000092],[1609549.6339999996,527289.28299999982],[1609541.2100000009,527284.13099999912],[1609526.6699999999,527279.36500000022],[1609512.8200000003,527269.42100000009],[1609508.6789999995,527262.86900000088],[1609494.3420000002,527239.95399999991],[1609480.8399999999,527227.18200000003],[1609467.6400000006,527220.34500000067],[1609449.4519999996,527212.11500000022],[1609430.8369999994,527199.52899999917],[1609421.9149999991,527182.3629999999],[1609419.943,527174.95399999991],[1609415.5500000007,527153.22699999996],[1609407.4460000005,527138.23100000061],[1609397.4350000005,527128.90499999933],[1609390.1260000002,527122.93099999987],[1609379.6119999997,527111.4729999993],[1609375.0160000008,527107.89499999955],[1609354.6089999992,527086.00999999978],[1609335.7689999994,527074.67300000042],[1609327.9949999992,527072.62900000066],[1609321.9969999995,527071.91300000064],[1609302.7090000007,527072.47800000012],[1609280.9940000009,527068.6099999994],[1609265.9879999999,527067.77500000037],[1609242.8719999995,527066.76799999923],[1609229.1669999994,527072.14499999955],[1609208.9309999999,527072.59899999946],[1609195.3550000004,527075.91899999976],[1609187.2939999998,527075.91300000064],[1609173.3430000003,527075.04499999993],[1609153.2860000003,527073.60700000077],[1609135.2310000006,527072.24799999967],[1609119.3959999997,527070.19800000079],[1609109.4519999996,527069.01099999994],[1609095.7809999995,527057.17699999921],[1609079.5659999996,527042.00999999978],[1609067.3640000001,527035.45199999958],[1609047.8800000008,527029.93799999915],[1609028.682,527022.38599999994],[1609011.2440000009,527008.18899999931],[1608998.8729999997,527002.56799999997],[1608977.8190000001,527000.85199999996],[1608968.9289999995,526999.63199999928]]},"properties":{"LINEAR_FEATURE_ID":707618183,"WATERSHED_GROUP_ID":186,"EDGE_TYPE":1000,"BLUE_LINE_KEY":356570142,"WATERSHED_KEY":356570142,"FWA_WATERSHED_CODE":"300-625474-020842-045408-000000-000000-000000-000000-000000-000000-000000-000000-000000-000000-000000-000000-000000-000000-000000-000000-000000","LOCAL_WATERSHED_CODE":"300-625474-020842-045408-114532-000000-000000-000000-000000-000000-000000-000000-000000-000000-000000-000000-000000-000000-000000-000000-000000","WATERSHED_GROUP_CODE":"SLOC","DOWNSTREAM_ROUTE_MEASURE":2643.2257547386798,"LENGTH_METRE":987.11861568214397,"FEATURE_SOURCE":"linear stream -","GNIS_ID":18130,"GNIS_NAME":"Goose Creek","LEFT_RIGHT_TRIBUTARY":"RIGHT","STREAM_ORDER":4,"STREAM_MAGNITUDE":79,"WATERBODY_KEY":null,"BLUE_LINE_KEY_50K":18,"WATERSHED_CODE_50K":"340047200045000000000000000000000000000000000","WATERSHED_KEY_50K":18,"WATERSHED_GROUP_CODE_50K":"SLOC","GRADIENT":null,"FEATURE_CODE":"GA24850000","OBJECTID":1457888,"GEOMETRY.LEN":0,"FEATURE_LENGTH_M":987.5326}},{"type":"Feature","id":1476007,"geometry":{"type":"LineString","coordinates":[[1622719.5079999994,545422.60099999979],[1622722.0260000005,545433.91499999911],[1622721.9289999995,545451.13000000082],[1622720.0610000007,545474.02899999917],[1622717.0879999995,545496.7929999996],[1622714.8890000004,545513.59100000001],[1622713.5140000004,545524.58799999952],[1622711.9529999997,545537.47599999979],[1622708.0470000003,545552.15000000037],[1622702.557,545570.61800000072],[1622698.7579999994,545585.14699999988],[1622693.1319999993,545605.67200000025],[1622689.8279999997,545615.31599999964],[1622687.1610000003,545621.05000000075]]},"properties":{"LINEAR_FEATURE_ID":707085587,"WATERSHED_GROUP_ID":90,"EDGE_TYPE":1000,"BLUE_LINE_KEY":356568277,"WATERSHED_KEY":356568277,"FWA_WATERSHED_CODE":"300-625474-048332-391586-000000-000000-000000-000000-000000-000000-000000-000000-000000-000000-000000-000000-000000-000000-000000-000000-000000","LOCAL_WATERSHED_CODE":"300-625474-048332-391586-439223-000000-000000-000000-000000-000000-000000-000000-000000-000000-000000-000000-000000-000000-000000-000000-000000","WATERSHED_GROUP_CODE":"KOTL","DOWNSTREAM_ROUTE_MEASURE":5257.8246346557598,"LENGTH_METRE":203.014683749146,"FEATURE_SOURCE":"linear stream -","GNIS_ID":18222,"GNIS_NAME":"Baldface Creek","LEFT_RIGHT_TRIBUTARY":"RIGHT","STREAM_ORDER":4,"STREAM_MAGNITUDE":46,"WATERBODY_KEY":null,"BLUE_LINE_KEY_50K":2565,"WATERSHED_CODE_50K":"340108000411000000000000000000000000000000000","WATERSHED_KEY_50K":2565,"WATERSHED_GROUP_CODE_50K":"KOTL","GRADIENT":null,"FEATURE_CODE":"GA24850000","OBJECTID":1476007,"GEOMETRY.LEN":0,"FEATURE_LENGTH_M":203.44720000000001}},{"type":"Feature","id":1476034,"geometry":{"type":"LineString","coordinates":[[1613854.0749999993,536943.90100000054],[1613857.9000000004,536953.45099999942],[1613855.6089999992,536963.37900000066],[1613840.3159999996,536980.51099999994],[1613833.3849999998,536994.6640000008],[1613830.9619999994,537014.62199999951],[1613829.9079999998,537038.57200000063],[1613827.7880000006,537063.50999999978],[1613824.7329999991,537087.37900000066],[1613820.2070000004,537106.92400000058],[1613813.9829999991,537131.36800000072],[1613810.3910000008,537144.00999999978],[1613806.3259999994,537160.58100000024],[1613805.2719999999,537168.5859999992],[1613801.693,537188.24599999934],[1613798.9279999994,537210.07599999942],[1613796.8059999999,537235.01400000043],[1613796.9890000001,537249.06799999997],[1613795.9340000004,537265.04600000009],[1613795.2200000007,537279.15100000054],[1613795.0999999996,537296.19800000079],[1613797.5800000001,537315.79099999927],[1613799.9969999995,537328.19999999925],[1613804.8049999997,537346.95800000057],[1613816.0590000004,537368.40499999933],[1613823.5879999995,537388.60700000077],[1613833.7620000001,537411.99699999951],[1613848.5869999994,537438.18099999987],[1613849.4130000006,537447.36999999918],[1613849.9360000007,537467.52400000021],[1613847.4719999991,537486.36099999957],[1613846.1140000001,537505.3320000004]]},"properties":{"LINEAR_FEATURE_ID":707093691,"WATERSHED_GROUP_ID":90,"EDGE_TYPE":1000,"BLUE_LINE_KEY":356565749,"WATERSHED_KEY":356565749,"FWA_WATERSHED_CODE":"300-625474-033788-000000-000000-000000-000000-000000-000000-000000-000000-000000-000000-000000-000000-000000-000000-000000-000000-000000-000000","LOCAL_WATERSHED_CODE":"300-625474-033788-600246-000000-000000-000000-000000-000000-000000-000000-000000-000000-000000-000000-000000-000000-000000-000000-000000-000000","WATERSHED_GROUP_CODE":"KOTL","DOWNSTREAM_ROUTE_MEASURE":7148.5524749174201,"LENGTH_METRE":584.72513500089303,"FEATURE_SOURCE":"linear stream -","GNIS_ID":18605,"GNIS_NAME":"Falls Creek","LEFT_RIGHT_TRIBUTARY":"RIGHT","STREAM_ORDER":4,"STREAM_MAGNITUDE":16,"WATERBODY_KEY":null,"BLUE_LINE_KEY_50K":106,"WATERSHED_CODE_50K":"340075500000000000000000000000000000000000000","WATERSHED_KEY_50K":106,"WATERSHED_GROUP_CODE_50K":"KOTL","GRADIENT":null,"FEATURE_CODE":"GA24850000","OBJECTID":1476034,"GEOMETRY.LEN":0,"FEATURE_LENGTH_M":587.25930000000005}},{"type":"Feature","id":1504679,"geometry":{"type":"LineString","coordinates":[[1621063.5930000003,530977.00300000049],[1621081.5700000003,530971.22000000067],[1621099.5590000004,530964.48100000061],[1621114.6559999995,530957.23100000061],[1621129.3589999992,530952.16499999911],[1621145.1040000003,530948.02400000021],[1621158.6909999996,530943.77899999917],[1621171.4389999993,530939.27300000004],[1621185.9609999992,530936.09899999946],[1621203.0030000005,530929.24499999918],[1621220.9910000004,530922.50699999928],[1621236.4600000009,530919.44899999909],[1621255.3839999996,530913.78199999966],[1621276.9560000002,530902.37700000033],[1621300.7489999998,530890.28700000048],[1621313.6760000009,530883.8900000006],[1621327.7200000007,530876.67100000009],[1621352.2789999992,530866.58799999952],[1621369.9179999996,530853.74799999967],[1621383.5999999996,530841.38299999945],[1621398.3880000003,530829.15300000086],[1621419.5429999996,530821.84400000051],[1621444.9409999996,530812.02400000021],[1621469.5109999999,530800.98599999957],[1621495.5460000001,530795.22900000028],[1621506.4110000003,530789.53700000048],[1621530.3330000006,530775.39100000076],[1621546.6079999991,530766.53099999949],[1621565.1699999999,530755.71800000034],[1621577.6410000008,530752.29499999993],[1621601.9120000005,530744.25100000016],[1621620.0690000001,530736.57799999975],[1621630.5960000008,530732.75899999961],[1621635.1769999992,530728.37399999984],[1621658.4900000002,530712.24000000022],[1621661.2960000001,530706.52300000004],[1621668.2609999999,530683.13399999961],[1621683.5380000006,530673.99300000072],[1621697.4849999994,530674.89699999988],[1621712.4749999996,530676.72499999963],[1621727.6449999996,530676.66100000031],[1621733.6530000009,530676.43700000085],[1621742.1669999994,530673.4879999999],[1621761.102,530666.86700000055],[1621764.5559999999,530664.25899999961],[1621778.4299999997,530657.97699999996],[1621798.1309999991,530653.36400000006],[1621812.9399999995,530648.15300000086],[1621828.8650000002,530642.12199999951],[1621835.2100000009,530640.02600000054],[1621844.1420000009,530632.98200000077],[1621856.7589999996,530621.60500000045]]},"properties":{"LINEAR_FEATURE_ID":707099046,"WATERSHED_GROUP_ID":90,"EDGE_TYPE":1000,"BLUE_LINE_KEY":356540400,"WATERSHED_KEY":356540400,"FWA_WATERSHED_CODE":"300-625474-033700-000000-000000-000000-000000-000000-000000-000000-000000-000000-000000-000000-000000-000000-000000-000000-000000-000000-000000","LOCAL_WATERSHED_CODE":"300-625474-033700-327721-000000-000000-000000-000000-000000-000000-000000-000000-000000-000000-000000-000000-000000-000000-000000-000000-000000","WATERSHED_GROUP_CODE":"KOTL","DOWNSTREAM_ROUTE_MEASURE":4073.3381624007102,"LENGTH_METRE":892.55089475237708,"FEATURE_SOURCE":"linear stream -","GNIS_ID":11830,"GNIS_NAME":"Fortynine Creek","LEFT_RIGHT_TRIBUTARY":"LEFT","STREAM_ORDER":3,"STREAM_MAGNITUDE":22,"WATERBODY_KEY":null,"BLUE_LINE_KEY_50K":99,"WATERSHED_CODE_50K":"340075200000000000000000000000000000000000000","WATERSHED_KEY_50K":99,"WATERSHED_GROUP_CODE_50K":"KOTL","GRADIENT":null,"FEATURE_CODE":"GA24850000","OBJECTID":1504679,"GEOMETRY.LEN":0,"FEATURE_LENGTH_M":900.66020000000003}},{"type":"Feature","id":1504709,"geometry":{"type":"LineString","coordinates":[[1613724.4140000008,539046.9450000003],[1613731.4169999994,539054.96499999985],[1613731.5850000009,539062.00100000016],[1613729.6370000001,539085.04700000025],[1613725.4039999992,539109.57200000063],[1613722.6300000008,539131.4020000007],[1613720.1980000008,539151.35899999924]]},"properties":{"LINEAR_FEATURE_ID":707091477,"WATERSHED_GROUP_ID":90,"EDGE_TYPE":1000,"BLUE_LINE_KEY":356565749,"WATERSHED_KEY":356565749,"FWA_WATERSHED_CODE":"300-625474-033788-000000-000000-000000-000000-000000-000000-000000-000000-000000-000000-000000-000000-000000-000000-000000-000000-000000-000000","LOCAL_WATERSHED_CODE":"300-625474-033788-787624-000000-000000-000000-000000-000000-000000-000000-000000-000000-000000-000000-000000-000000-000000-000000-000000-000000","WATERSHED_GROUP_CODE":"KOTL","DOWNSTREAM_ROUTE_MEASURE":9380.1040098613903,"LENGTH_METRE":107.81200800338301,"FEATURE_SOURCE":"linear stream -","GNIS_ID":18605,"GNIS_NAME":"Falls Creek","LEFT_RIGHT_TRIBUTARY":"RIGHT","STREAM_ORDER":3,"STREAM_MAGNITUDE":9,"WATERBODY_KEY":null,"BLUE_LINE_KEY_50K":106,"WATERSHED_CODE_50K":"340075500000000000000000000000000000000000000","WATERSHED_KEY_50K":106,"WATERSHED_GROUP_CODE_50K":"KOTL","GRADIENT":null,"FEATURE_CODE":"GA24850000","OBJECTID":1504709,"GEOMETRY.LEN":0,"FEATURE_LENGTH_M":107.92240000000001}},{"type":"Feature","id":1533692,"geometry":{"type":"LineString","coordinates":[[1623107.7909999993,544015.49599999934],[1623102.4749999996,544026.00999999978],[1623088.7459999993,544046.33899999969],[1623078.6789999995,544061.21499999985],[1623070.4729999993,544071.21600000001],[1623062.4700000007,544085.38800000027],[1623056.9690000005,544097.7929999996],[1623051.9499999993,544113.28800000064],[1623047.5690000001,544131.89100000076],[1623045.2039999999,544149.625],[1623041.4739999995,544163.36400000006],[1623036.4399999995,544179.81399999931],[1623031.5559999999,544193.25200000033],[1623027.8259999994,544206.99100000039],[1623026.0960000008,544220.81499999948],[1623014.1239999998,544243.43300000019],[1623004.5600000005,544263.47499999963],[1622998.5820000004,544286.82799999975],[1622989.6209999993,544308.85799999908],[1622972.7719999999,544329.92100000009],[1622967.5769999996,544339.33400000073],[1622951.193,544357.42400000058],[1622941.8959999997,544366.33400000073],[1622933.3969999999,544378.37199999951],[1622929.9240000006,544388.95199999958],[1622926.9930000007,544412.83699999936],[1622924.1559999995,544419.50799999945],[1622915.9269999992,544427.43200000003],[1622899.2469999995,544440.54099999927],[1622890.4179999996,544453.49599999934],[1622881.1459999997,544471.5],[1622877.193,544486.00899999961],[1622875.2080000006,544510.01099999994],[1622872.1190000009,544533.87700000033],[1622869.909,544551.63000000082],[1622868.5390000008,544569.64499999955],[1622869.3770000003,544587.93099999987]]},"properties":{"LINEAR_FEATURE_ID":707086657,"WATERSHED_GROUP_ID":90,"EDGE_TYPE":1000,"BLUE_LINE_KEY":356568277,"WATERSHED_KEY":356568277,"FWA_WATERSHED_CODE":"300-625474-048332-391586-000000-000000-000000-000000-000000-000000-000000-000000-000000-000000-000000-000000-000000-000000-000000-000000-000000","LOCAL_WATERSHED_CODE":"300-625474-048332-391586-313526-000000-000000-000000-000000-000000-000000-000000-000000-000000-000000-000000-000000-000000-000000-000000-000000","WATERSHED_GROUP_CODE":"KOTL","DOWNSTREAM_ROUTE_MEASURE":3753.1482068571299,"LENGTH_METRE":638.14926763276003,"FEATURE_SOURCE":"linear stream -","GNIS_ID":18222,"GNIS_NAME":"Baldface Creek","LEFT_RIGHT_TRIBUTARY":"RIGHT","STREAM_ORDER":4,"STREAM_MAGNITUDE":54,"WATERBODY_KEY":null,"BLUE_LINE_KEY_50K":2565,"WATERSHED_CODE_50K":"340108000411000000000000000000000000000000000","WATERSHED_KEY_50K":2565,"WATERSHED_GROUP_CODE_50K":"KOTL","GRADIENT":null,"FEATURE_CODE":"GA24850000","OBJECTID":1533692,"GEOMETRY.LEN":0,"FEATURE_LENGTH_M":638.72900000000004}},{"type":"Feature","id":1533754,"geometry":{"type":"LineString","coordinates":[[1617928.1549999993,527334.39399999939],[1617941.375,527324.99400000088],[1617965.3279999997,527311.95099999942],[1617977.3049999997,527305.42899999954],[1617986.4010000005,527297.44299999997],[1618002.0199999996,527285.46299999952],[1618011.1160000004,527277.47699999996],[1618019.7300000004,527265.44600000046],[1618037.3320000004,527245.57499999925],[1618061.2180000003,527224.39299999923],[1618072.7119999994,527213.82699999958],[1618089.682,527198.82300000079],[1618101.7760000005,527191.19899999909],[1618117.3839999996,527180.17600000091],[1618134.8350000009,527169.21499999985],[1618143.9810000006,527161.39499999955],[1618156.9149999991,527154.03299999982],[1618175.7559999991,527141.16899999976],[1618187.9010000005,527133.7109999992],[1618194.659,527127.5150000006],[1618208.9829999991,527118.24899999984],[1618217.6750000007,527113.40300000086],[1618228.0040000007,527103.49300000072],[1618239.0329999998,527096.85799999908],[1618246.7379999999,527090.77600000054],[1618270.8589999992,527076.79800000042],[1618298.4020000007,527058.13199999928],[1618308.3269999996,527051.3629999999],[1618326.568,527035.55599999987],[1618340.3599999994,527022.08100000024],[1618356.7280000001,527004.13399999961],[1618370.9739999995,526987.68400000036],[1618386.6809999999,526967.58500000089],[1618406.1649999991,526948.90000000037],[1618420.7860000003,526936.64100000076],[1618440.0419999994,526929.08899999969],[1618455.8049999997,526923.02800000086],[1618469.8330000006,526916.75599999912],[1618486.0390000008,526908.67500000075],[1618501.1420000009,526900.4609999992],[1618515.1799999997,526893.23399999924],[1618536.7430000007,526881.81699999981],[1618553.7789999992,526874.95299999975],[1618570.8149999995,526868.08999999985],[1618582.7909999993,526861.5700000003],[1618593.6520000007,526855.87099999934],[1618616.784,526840.65799999982],[1618624.6569999997,526833.64100000076],[1618646.182,526816.16100000031],[1618652.1710000001,526807.95800000057],[1618661.6030000001,526798.09999999963]]},"properties":{"LINEAR_FEATURE_ID":707102055,"WATERSHED_GROUP_ID":90,"EDGE_TYPE":1000,"BLUE_LINE_KEY":356547356,"WATERSHED_KEY":356547356,"FWA_WATERSHED_CODE":"300-625474-027067-000000-000000-000000-000000-000000-000000-000000-000000-000000-000000-000000-000000-000000-000000-000000-000000-000000-000000","LOCAL_WATERSHED_CODE":"300-625474-027067-382637-000000-000000-000000-000000-000000-000000-000000-000000-000000-000000-000000-000000-000000-000000-000000-000000-000000","WATERSHED_GROUP_CODE":"KOTL","DOWNSTREAM_ROUTE_MEASURE":4832.7801940899199,"LENGTH_METRE":918.77520864222799,"FEATURE_SOURCE":"linear stream -","GNIS_ID":27525,"GNIS_NAME":"Rover Creek","LEFT_RIGHT_TRIBUTARY":"LEFT","STREAM_ORDER":3,"STREAM_MAGNITUDE":23,"WATERBODY_KEY":null,"BLUE_LINE_KEY_50K":88,"WATERSHED_CODE_50K":"340062200000000000000000000000000000000000000","WATERSHED_KEY_50K":88,"WATERSHED_GROUP_CODE_50K":"KOTL","GRADIENT":null,"FEATURE_CODE":"GA24850000","OBJECTID":1533754,"GEOMETRY.LEN":0,"FEATURE_LENGTH_M":924.05550000000005}},{"type":"Feature","id":1591485,"geometry":{"type":"LineString","coordinates":[[1617635.2860000003,527462.35799999908],[1617647.432,527454.90000000037],[1617670.7630000003,527445.76700000092],[1617686.3990000002,527441.75999999978],[1617714.7799999993,527433.2379999999],[1617739.6400000006,527419.18799999915],[1617764.1270000003,527410.35400000028],[1617782.8890000004,527404.65399999917],[1617798.4370000008,527394.41899999976],[1617821,527383.27999999933],[1617846.8469999991,527370.46600000001],[1617868.284,527361.10400000028],[1617881.3249999993,527353.59500000067],[1617898.5409999993,527344.83799999952],[1617915.4100000001,527338.90899999999],[1617928.1549999993,527334.39399999939]]},"properties":{"LINEAR_FEATURE_ID":707101605,"WATERSHED_GROUP_ID":90,"EDGE_TYPE":1000,"BLUE_LINE_KEY":356547356,"WATERSHED_KEY":356547356,"FWA_WATERSHED_CODE":"300-625474-027067-000000-000000-000000-000000-000000-000000-000000-000000-000000-000000-000000-000000-000000-000000-000000-000000-000000-000000","LOCAL_WATERSHED_CODE":"300-625474-027067-357216-000000-000000-000000-000000-000000-000000-000000-000000-000000-000000-000000-000000-000000-000000-000000-000000-000000","WATERSHED_GROUP_CODE":"KOTL","DOWNSTREAM_ROUTE_MEASURE":4511.7185275026495,"LENGTH_METRE":321.06166658726102,"FEATURE_SOURCE":"linear stream -","GNIS_ID":27525,"GNIS_NAME":"Rover Creek","LEFT_RIGHT_TRIBUTARY":"LEFT","STREAM_ORDER":3,"STREAM_MAGNITUDE":24,"WATERBODY_KEY":null,"BLUE_LINE_KEY_50K":88,"WATERSHED_CODE_50K":"340062200000000000000000000000000000000000000","WATERSHED_KEY_50K":88,"WATERSHED_GROUP_CODE_50K":"KOTL","GRADIENT":null,"FEATURE_CODE":"GA24850000","OBJECTID":1591485,"GEOMETRY.LEN":0,"FEATURE_LENGTH_M":321.68830000000003}},{"type":"Feature","id":1602398,"geometry":{"type":"LineString","coordinates":[[1603064.2559999991,534915.16599999927],[1603063.4230000004,534898.01099999994],[1603062.0800000001,534883.6640000008],[1603059.3680000007,534873.30000000075],[1603055.8129999992,534854.7070000004],[1603050.0360000003,534836.80599999987],[1603045.5739999991,534823.2070000004],[1603039.3249999993,534809.23599999957],[1603033.2620000001,534801.34500000067],[1603027.0779999997,534794.5549999997],[1603021.3699999992,534791.80700000003],[1603001.3589999992,534766.16499999911],[1602997.0449999999,534761.50999999978],[1602989.4020000007,534749.44600000046],[1602982.7430000007,534738.61500000022],[1602976.9690000005,534728.68600000069],[1602968.2050000001,534709.47599999979]]},"properties":{"LINEAR_FEATURE_ID":707617029,"WATERSHED_GROUP_ID":186,"EDGE_TYPE":1000,"BLUE_LINE_KEY":356542853,"WATERSHED_KEY":356542853,"FWA_WATERSHED_CODE":"300-625474-020842-168868-000000-000000-000000-000000-000000-000000-000000-000000-000000-000000-000000-000000-000000-000000-000000-000000-000000","LOCAL_WATERSHED_CODE":"300-625474-020842-168868-389286-000000-000000-000000-000000-000000-000000-000000-000000-000000-000000-000000-000000-000000-000000-000000-000000","WATERSHED_GROUP_CODE":"SLOC","DOWNSTREAM_ROUTE_MEASURE":2571.35752273138,"LENGTH_METRE":233.594298588036,"FEATURE_SOURCE":"linear stream -","GNIS_ID":29359,"GNIS_NAME":"Wolverton Creek","LEFT_RIGHT_TRIBUTARY":"RIGHT","STREAM_ORDER":3,"STREAM_MAGNITUDE":12,"WATERBODY_KEY":null,"BLUE_LINE_KEY_50K":700,"WATERSHED_CODE_50K":"340047200172000000000000000000000000000000000","WATERSHED_KEY_50K":700,"WATERSHED_GROUP_CODE_50K":"SLOC","GRADIENT":null,"FEATURE_CODE":"GA24850000","OBJECTID":1602398,"GEOMETRY.LEN":0,"FEATURE_LENGTH_M":240.49340000000001}},{"type":"Feature","id":1631106,"geometry":{"type":"LineString","coordinates":[[1605038.1769999992,527610.98000000045],[1605020.0830000006,527626.84600000083],[1605013.4499999993,527631.00100000016],[1605009.8670000006,527635.67699999921],[1605001.0789999999,527648.66200000048],[1604997.148,527656.16499999911],[1604989.1779999994,527671.31900000013],[1604985.5700000003,527682.84600000083],[1604982.0020000003,527695.49400000088],[1604976.4849999994,527698.82499999925],[1604971.6830000002,527713.39800000004],[1604968.6989999991,527721.01400000043],[1604966.375,527730.78099999949],[1604963.6099999994,527737.62600000016],[1604957.2890000008,527746.75899999961]]},"properties":{"LINEAR_FEATURE_ID":707618131,"WATERSHED_GROUP_ID":186,"EDGE_TYPE":1000,"BLUE_LINE_KEY":356537519,"WATERSHED_KEY":356537519,"FWA_WATERSHED_CODE":"300-625474-020842-045408-245208-000000-000000-000000-000000-000000-000000-000000-000000-000000-000000-000000-000000-000000-000000-000000-000000","LOCAL_WATERSHED_CODE":"300-625474-020842-045408-245208-321986-000000-000000-000000-000000-000000-000000-000000-000000-000000-000000-000000-000000-000000-000000-000000","WATERSHED_GROUP_CODE":"SLOC","DOWNSTREAM_ROUTE_MEASURE":3015.57912582873,"LENGTH_METRE":162.77187740156202,"FEATURE_SOURCE":"linear stream -","GNIS_ID":13252,"GNIS_NAME":"Gander Creek","LEFT_RIGHT_TRIBUTARY":"LEFT","STREAM_ORDER":3,"STREAM_MAGNITUDE":11,"WATERBODY_KEY":null,"BLUE_LINE_KEY_50K":21,"WATERSHED_CODE_50K":"340047200045002440000000000000000000000000000","WATERSHED_KEY_50K":21,"WATERSHED_GROUP_CODE_50K":"SLOC","GRADIENT":null,"FEATURE_CODE":"GA24850000","OBJECTID":1631106,"GEOMETRY.LEN":0,"FEATURE_LENGTH_M":167.53550000000001}},{"type":"Feature","id":1649491,"geometry":{"type":"LineString","coordinates":[[1619020.4079999998,529453.85400000028],[1619032.1940000001,529441.25300000049],[1619044.7579999994,529429.70299999975],[1619051.5189999994,529423.50799999945],[1619071.8310000002,529406.99899999984],[1619081.7589999996,529400.23100000061],[1619097.2039999999,529390.14699999988],[1619120.8249999993,529378.98299999908],[1619142.5629999992,529366.63399999961],[1619167.1309999991,529355.58500000089],[1619179.1099999994,529349.06599999964],[1619197.3839999996,529340.28299999982],[1619217.6950000003,529323.77400000021],[1619229.9729999993,529314.26300000027],[1619244.5879999995,529302.96199999936],[1619260.3300000001,529289.88499999978],[1619277.3049999997,529274.88499999978],[1619285.5079999994,529266.95199999958],[1619310.0620000008,529247.92899999954],[1619323.0810000002,529233.40499999933],[1619336.7599999998,529221.03500000015],[1619351.3859999999,529208.77899999917],[1619357.0820000004,529203.57100000046],[1619369.466,529193.9140000008],[1619384.9210000001,529182.875],[1619397.3660000004,529172.42699999921],[1619403.4560000002,529165.03500000015],[1619424.0639999993,529145.53299999982],[1619433.3430000003,529135.65799999982],[1619457.716,529118.5270000007],[1619471.0969999991,529109.15100000054],[1619490.0050000008,529095.50200000033],[1619498.9859999996,529088.61999999918],[1619525.2420000006,529072.67500000075],[1619536.4140000008,529063.02999999933],[1619554.0879999995,529051.3049999997],[1619561.0059999991,529045.12900000066],[1619583.5109999999,529034.78800000064],[1619605.1300000008,529023.54199999943],[1619632.0350000001,529010.70600000024],[1619643.5690000001,529006.20800000057],[1619661.2569999993,529002.4570000004],[1619679.7239999995,528999.75699999928],[1619694.6999999993,528993.60500000045],[1619710.1689999998,528990.54099999927],[1619723.3699999992,528983.05599999987],[1619741.0690000001,528978.34999999963],[1619748.5960000008,528974.16300000064],[1619764.4020000007,528969.22699999996]]},"properties":{"LINEAR_FEATURE_ID":707100376,"WATERSHED_GROUP_ID":90,"EDGE_TYPE":1000,"BLUE_LINE_KEY":356565245,"WATERSHED_KEY":356565245,"FWA_WATERSHED_CODE":"300-625474-031888-000000-000000-000000-000000-000000-000000-000000-000000-000000-000000-000000-000000-000000-000000-000000-000000-000000-000000","LOCAL_WATERSHED_CODE":"300-625474-031888-489065-000000-000000-000000-000000-000000-000000-000000-000000-000000-000000-000000-000000-000000-000000-000000-000000-000000","WATERSHED_GROUP_CODE":"KOTL","DOWNSTREAM_ROUTE_MEASURE":2107.7259631584498,"LENGTH_METRE":900.48666804937704,"FEATURE_SOURCE":"linear stream -","GNIS_ID":13092,"GNIS_NAME":"Bird Creek","LEFT_RIGHT_TRIBUTARY":"LEFT","STREAM_ORDER":1,"STREAM_MAGNITUDE":1,"WATERBODY_KEY":null,"BLUE_LINE_KEY_50K":97,"WATERSHED_CODE_50K":"340071700000000000000000000000000000000000000","WATERSHED_KEY_50K":97,"WATERSHED_GROUP_CODE_50K":"KOTL","GRADIENT":null,"FEATURE_CODE":"GA24850000","OBJECTID":1649491,"GEOMETRY.LEN":0,"FEATURE_LENGTH_M":911.81850000000009}},{"type":"Feature","id":1677840,"geometry":{"type":"LineString","coordinates":[[1619350.3049999997,540246.55900000036],[1619339.4269999992,540252.25200000033],[1619330.2960000001,540261.18799999915],[1619314.693,540273.32300000079],[1619294.5120000001,540288.88900000043],[1619267.2180000003,540304.54499999993],[1619256.6309999991,540308.20099999942],[1619242.4370000008,540317.47800000012],[1619233.1469999999,540326.39499999955],[1619215.1879999992,540341.27400000021],[1619198.8310000002,540358.42100000009],[1619189.0519999992,540372.22199999914],[1619175.3499999996,540391.60600000061],[1619165.7430000007,540404.47100000083],[1619158.2119999994,540415.67600000091],[1619141.3200000003,540429.56799999997],[1619118.4780000001,540450.87099999934],[1619113.7660000008,540456.35799999908],[1619104,540469.20399999991],[1619081.1569999997,540490.50599999912]]},"properties":{"LINEAR_FEATURE_ID":707090366,"WATERSHED_GROUP_ID":90,"EDGE_TYPE":1000,"BLUE_LINE_KEY":356545045,"WATERSHED_KEY":356545045,"FWA_WATERSHED_CODE":"300-625474-042847-000000-000000-000000-000000-000000-000000-000000-000000-000000-000000-000000-000000-000000-000000-000000-000000-000000-000000","LOCAL_WATERSHED_CODE":"300-625474-042847-484557-000000-000000-000000-000000-000000-000000-000000-000000-000000-000000-000000-000000-000000-000000-000000-000000-000000","WATERSHED_GROUP_CODE":"KOTL","DOWNSTREAM_ROUTE_MEASURE":7074.0959385917404,"LENGTH_METRE":367.74385535701003,"FEATURE_SOURCE":"linear stream -","GNIS_ID":25643,"GNIS_NAME":"Sproule Creek","LEFT_RIGHT_TRIBUTARY":"RIGHT","STREAM_ORDER":4,"STREAM_MAGNITUDE":44,"WATERBODY_KEY":null,"BLUE_LINE_KEY_50K":114,"WATERSHED_CODE_50K":"340095600000000000000000000000000000000000000","WATERSHED_KEY_50K":114,"WATERSHED_GROUP_CODE_50K":"KOTL","GRADIENT":null,"FEATURE_CODE":"GA24850000","OBJECTID":1677840,"GEOMETRY.LEN":0,"FEATURE_LENGTH_M":368.64440000000002}},{"type":"Feature","id":1677879,"geometry":{"type":"LineString","coordinates":[[1624506.7420000006,542699.07599999942],[1624498.3949999996,542708.09999999963],[1624485.4509999994,542714.48599999957],[1624462.727,542719.67100000009],[1624452.1390000004,542723.31599999964],[1624443.1889999993,542730.35199999996],[1624434.352,542744.26099999994],[1624429.3430000003,542766.77400000021],[1624424.977,542777.40300000086],[1624415.8330000006,542794.3049999997],[1624406.7119999994,542802.2770000007],[1624390.1720000003,542813.32499999925],[1624378.1600000001,542820.78299999982],[1624354.3450000007,542824.87800000049],[1624345.6370000001,542829.7109999992],[1624324.3829999994,542846.24200000055],[1624307.1879999992,542855.13800000027],[1624295.1769999992,542862.59600000083],[1624279.2909999993,542875.79900000058],[1624266.8010000009,542887.18600000069],[1624253.6060000006,542903.75],[1624239.8910000008,542916.10300000012]]},"properties":{"LINEAR_FEATURE_ID":707087739,"WATERSHED_GROUP_ID":90,"EDGE_TYPE":1000,"BLUE_LINE_KEY":356568277,"WATERSHED_KEY":356568277,"FWA_WATERSHED_CODE":"300-625474-048332-391586-000000-000000-000000-000000-000000-000000-000000-000000-000000-000000-000000-000000-000000-000000-000000-000000-000000","LOCAL_WATERSHED_CODE":"300-625474-048332-391586-144048-000000-000000-000000-000000-000000-000000-000000-000000-000000-000000-000000-000000-000000-000000-000000-000000","WATERSHED_GROUP_CODE":"KOTL","DOWNSTREAM_ROUTE_MEASURE":1724.36842552759,"LENGTH_METRE":360.74981316707397,"FEATURE_SOURCE":"linear stream -","GNIS_ID":18222,"GNIS_NAME":"Baldface Creek","LEFT_RIGHT_TRIBUTARY":"RIGHT","STREAM_ORDER":4,"STREAM_MAGNITUDE":69,"WATERBODY_KEY":null,"BLUE_LINE_KEY_50K":2565,"WATERSHED_CODE_50K":"340108000411000000000000000000000000000000000","WATERSHED_KEY_50K":2565,"WATERSHED_GROUP_CODE_50K":"KOTL","GRADIENT":null,"FEATURE_CODE":"GA24850000","OBJECTID":1677879,"GEOMETRY.LEN":0,"FEATURE_LENGTH_M":361.1807}},{"type":"Feature","id":1706957,"geometry":{"type":"LineString","coordinates":[[1622949.4130000006,548137.05900000036],[1622951.3420000002,548138.41200000048],[1622958.4519999996,548145.34500000067],[1622963.0179999992,548149.89299999923],[1622969.3550000004,548155.77400000021],[1622976.0010000002,548158.66200000048],[1622988.8129999992,548161.34999999963],[1623000.3350000009,548165.7929999996],[1623008.8589999992,548169.86900000088],[1623013.1449999996,548175.49899999984],[1623019.6530000009,548180.44400000013],[1623027.0590000004,548185.33999999985],[1623034.3420000002,548191.33799999952],[1623041.6239999998,548197.33500000089],[1623046.2050000001,548200.92799999937],[1623053.3000000007,548208.81599999964],[1623054.1099999994,548210.98900000006]]},"properties":{"LINEAR_FEATURE_ID":707083757,"WATERSHED_GROUP_ID":90,"EDGE_TYPE":1000,"BLUE_LINE_KEY":356568277,"WATERSHED_KEY":356568277,"FWA_WATERSHED_CODE":"300-625474-048332-391586-000000-000000-000000-000000-000000-000000-000000-000000-000000-000000-000000-000000-000000-000000-000000-000000-000000","LOCAL_WATERSHED_CODE":"300-625474-048332-391586-713740-000000-000000-000000-000000-000000-000000-000000-000000-000000-000000-000000-000000-000000-000000-000000-000000","WATERSHED_GROUP_CODE":"KOTL","DOWNSTREAM_ROUTE_MEASURE":8543.9950482313507,"LENGTH_METRE":131.257899902746,"FEATURE_SOURCE":"linear stream -","GNIS_ID":18222,"GNIS_NAME":"Baldface Creek","LEFT_RIGHT_TRIBUTARY":"RIGHT","STREAM_ORDER":3,"STREAM_MAGNITUDE":14,"WATERBODY_KEY":null,"BLUE_LINE_KEY_50K":2565,"WATERSHED_CODE_50K":"340108000411000000000000000000000000000000000","WATERSHED_KEY_50K":2565,"WATERSHED_GROUP_CODE_50K":"KOTL","GRADIENT":null,"FEATURE_CODE":"GA24850000","OBJECTID":1706957,"GEOMETRY.LEN":0,"FEATURE_LENGTH_M":131.86440000000002}},{"type":"Feature","id":1717386,"geometry":{"type":"LineString","coordinates":[[1611421.2170000002,545319.17899999954],[1611432.9189999998,545311.78199999966],[1611450.2459999993,545294.73000000045],[1611462.9049999993,545290.35199999996],[1611475.2559999991,545288.96700000018],[1611493.4309999999,545289.23900000006],[1611510.6730000004,545288.44299999997],[1611517.6160000004,545289.27800000086],[1611542.4030000009,545284.28600000031],[1611550.9450000003,545280.37099999934],[1611572.4250000007,545270.99499999918],[1611595.4690000005,545255.74699999951],[1611615.5510000009,545241.25899999961],[1611624.523,545233.24899999984],[1611631.8230000008,545224.24100000039],[1611643.6209999993,545210.51099999994],[1611663.5299999993,545196.96000000089],[1611685.7990000006,545180.66200000048],[1611691.4639999997,545175.28399999999],[1611698.8870000001,545165.17400000058],[1611705.7929999996,545150.85600000061],[1611711.3359999992,545146.57899999991],[1611734.2430000007,545133.38900000043],[1611755.0989999995,545119.95199999958],[1611774.5280000009,545110.33000000007],[1611798.8479999993,545101.29600000009],[1611818.7579999994,545094.7620000001],[1611837.7060000002,545089.06900000013],[1611851.6050000004,545082.76899999939],[1611874.6980000008,545067.68799999915],[1611898.3650000002,545056.50300000049],[1611905.7880000006,545053.41000000015],[1611928.5739999991,545048.33799999952],[1611947.0559999999,545038.60300000012],[1611967.3800000008,545021.91300000064],[1611976.1079999991,545016.10700000077]]},"properties":{"LINEAR_FEATURE_ID":707611353,"WATERSHED_GROUP_ID":186,"EDGE_TYPE":1000,"BLUE_LINE_KEY":356559464,"WATERSHED_KEY":356559464,"FWA_WATERSHED_CODE":"300-625474-020842-349237-000000-000000-000000-000000-000000-000000-000000-000000-000000-000000-000000-000000-000000-000000-000000-000000-000000","LOCAL_WATERSHED_CODE":"300-625474-020842-349237-304702-000000-000000-000000-000000-000000-000000-000000-000000-000000-000000-000000-000000-000000-000000-000000-000000","WATERSHED_GROUP_CODE":"SLOC","DOWNSTREAM_ROUTE_MEASURE":4032.9640476488503,"LENGTH_METRE":651.25753242921701,"FEATURE_SOURCE":"linear stream -","GNIS_ID":3011,"GNIS_NAME":"Winlaw Creek","LEFT_RIGHT_TRIBUTARY":"LEFT","STREAM_ORDER":3,"STREAM_MAGNITUDE":36,"WATERBODY_KEY":null,"BLUE_LINE_KEY_50K":162,"WATERSHED_CODE_50K":"340047200349000000000000000000000000000000000","WATERSHED_KEY_50K":162,"WATERSHED_GROUP_CODE_50K":"SLOC","GRADIENT":null,"FEATURE_CODE":"GA24850000","OBJECTID":1717386,"GEOMETRY.LEN":0,"FEATURE_LENGTH_M":653.00099999999998}},{"type":"Feature","id":1735515,"geometry":{"type":"LineString","coordinates":[[1622687.1610000003,545621.05000000075],[1622680.8450000007,545631.28199999966],[1622671.2520000003,545642.23000000045],[1622662.3910000008,545657.09500000067],[1622650.4389999993,545670.78399999999],[1622634.3430000003,545686.83699999936],[1622617.6089999992,545699.78099999949],[1622606.8969999999,545704.52999999933],[1622586.6620000005,545711.94099999964],[1622578.3310000002,545723.0429999996],[1622565.727,545741.59699999914],[1622563.6989999991,545750.44099999964],[1622557.0889999997,545762.71000000089]]},"properties":{"LINEAR_FEATURE_ID":707085455,"WATERSHED_GROUP_ID":90,"EDGE_TYPE":1000,"BLUE_LINE_KEY":356568277,"WATERSHED_KEY":356568277,"FWA_WATERSHED_CODE":"300-625474-048332-391586-000000-000000-000000-000000-000000-000000-000000-000000-000000-000000-000000-000000-000000-000000-000000-000000-000000","LOCAL_WATERSHED_CODE":"300-625474-048332-391586-456182-000000-000000-000000-000000-000000-000000-000000-000000-000000-000000-000000-000000-000000-000000-000000-000000","WATERSHED_GROUP_CODE":"KOTL","DOWNSTREAM_ROUTE_MEASURE":5460.839318404911,"LENGTH_METRE":198.534520649955,"FEATURE_SOURCE":"linear stream -","GNIS_ID":18222,"GNIS_NAME":"Baldface Creek","LEFT_RIGHT_TRIBUTARY":"RIGHT","STREAM_ORDER":4,"STREAM_MAGNITUDE":45,"WATERBODY_KEY":null,"BLUE_LINE_KEY_50K":2565,"WATERSHED_CODE_50K":"340108000411000000000000000000000000000000000","WATERSHED_KEY_50K":2565,"WATERSHED_GROUP_CODE_50K":"KOTL","GRADIENT":null,"FEATURE_CODE":"GA24850000","OBJECTID":1735515,"GEOMETRY.LEN":0,"FEATURE_LENGTH_M":198.7679}},{"type":"Feature","id":1746153,"geometry":{"type":"LineString","coordinates":[[1608889.4570000004,542253.27500000037],[1608896.4989999998,542228.92500000075],[1608903.568,542213.66599999927],[1608905.9350000005,542202.94800000079],[1608909.193,542185.16100000031],[1608911.8530000001,542172.40399999917],[1608914.6889999993,542165.72800000012],[1608926.6999999993,542151.22100000083],[1608938.7960000001,542134.49200000055],[1608953.3359999992,542116.30100000091],[1608956.1300000008,542101.4879999999],[1608957.9729999993,542079.54499999993],[1608959.2210000008,542069.64900000021],[1608966.9440000001,542056.54199999943],[1608978.2630000003,542038.76400000043],[1608988.5069999993,542029.9450000003],[1608992.1539999992,542025.43799999915],[1609006.3650000002,542008.16499999911],[1609020.8460000008,541997.78099999949],[1609025.4399999995,541993.38800000027],[1609026.3819999993,541986.4849999994]]},"properties":{"LINEAR_FEATURE_ID":707612551,"WATERSHED_GROUP_ID":186,"EDGE_TYPE":1000,"BLUE_LINE_KEY":356564711,"WATERSHED_KEY":356564711,"FWA_WATERSHED_CODE":"300-625474-020842-330099-000000-000000-000000-000000-000000-000000-000000-000000-000000-000000-000000-000000-000000-000000-000000-000000-000000","LOCAL_WATERSHED_CODE":"300-625474-020842-330099-521159-000000-000000-000000-000000-000000-000000-000000-000000-000000-000000-000000-000000-000000-000000-000000-000000","WATERSHED_GROUP_CODE":"SLOC","DOWNSTREAM_ROUTE_MEASURE":4116.7750941966306,"LENGTH_METRE":310.45685133637198,"FEATURE_SOURCE":"linear stream -","GNIS_ID":14663,"GNIS_NAME":"Pedro Creek","LEFT_RIGHT_TRIBUTARY":"LEFT","STREAM_ORDER":3,"STREAM_MAGNITUDE":16,"WATERBODY_KEY":null,"BLUE_LINE_KEY_50K":155,"WATERSHED_CODE_50K":"340047200319000000000000000000000000000000000","WATERSHED_KEY_50K":155,"WATERSHED_GROUP_CODE_50K":"SLOC","GRADIENT":null,"FEATURE_CODE":"GA24850000","OBJECTID":1746153,"GEOMETRY.LEN":0,"FEATURE_LENGTH_M":312.27640000000002}},{"type":"Feature","id":1764563,"geometry":{"type":"LineString","coordinates":[[1622631.9220000003,538908.09500000067],[1622642.5779999997,538918.64900000021],[1622658.0969999991,538939.68500000052],[1622671.4450000003,538961.57300000079],[1622683.3230000008,538979.13499999978],[1622694.3049999997,538996.74599999934],[1622699.3650000002,539004.38199999928],[1622708.0769999996,539014.5390000008],[1622713.8420000002,539024.49400000088],[1622732.5390000008,539051.98100000061],[1622741.1180000007,539064.1950000003],[1622757.1140000001,539073.32899999991],[1622764.8790000007,539083.36999999918],[1622776.2719999999,539097.84200000018],[1622785.9309999999,539108.11400000006]]},"properties":{"LINEAR_FEATURE_ID":707091594,"WATERSHED_GROUP_ID":90,"EDGE_TYPE":1000,"BLUE_LINE_KEY":356546566,"WATERSHED_KEY":356546566,"FWA_WATERSHED_CODE":"300-625474-042847-221596-000000-000000-000000-000000-000000-000000-000000-000000-000000-000000-000000-000000-000000-000000-000000-000000-000000","LOCAL_WATERSHED_CODE":"300-625474-042847-221596-426431-000000-000000-000000-000000-000000-000000-000000-000000-000000-000000-000000-000000-000000-000000-000000-000000","WATERSHED_GROUP_CODE":"KOTL","DOWNSTREAM_ROUTE_MEASURE":2289.3521513923201,"LENGTH_METRE":254.57855396155503,"FEATURE_SOURCE":"linear stream -","GNIS_ID":25836,"GNIS_NAME":"Rixen Creek","LEFT_RIGHT_TRIBUTARY":"LEFT","STREAM_ORDER":3,"STREAM_MAGNITUDE":8,"WATERBODY_KEY":null,"BLUE_LINE_KEY_50K":2542,"WATERSHED_CODE_50K":"340095600220000000000000000000000000000000000","WATERSHED_KEY_50K":2542,"WATERSHED_GROUP_CODE_50K":"KOTL","GRADIENT":null,"FEATURE_CODE":"GA24850000","OBJECTID":1764563,"GEOMETRY.LEN":0,"FEATURE_LENGTH_M":257.41290000000004}},{"type":"Feature","id":1775098,"geometry":{"type":"LineString","coordinates":[[1604965.9370000008,536098.59100000001],[1604940.9240000006,536097.37299999967],[1604932.0470000003,536095.20299999975],[1604925.2219999991,536093.2770000007],[1604903.2709999997,536091.62600000016],[1604897.0899999999,536092.8049999997],[1604870.3800000008,536104.45900000073],[1604847.9550000001,536106.7379999999],[1604831.9509999994,536105.63399999961],[1604807.7770000007,536104.67600000091],[1604797.7709999997,536104.28500000015],[1604780.5289999992,536105.10700000077],[1604769.2980000004,536105.68700000085],[1604747.9900000002,536107.14200000092],[1604730.5779999997,536108.90100000054],[1604712.3900000006,536109.61099999957],[1604694.2139999997,536109.36600000039],[1604673.1579999998,536107.66300000064],[1604660.1530000009,536106.91599999927],[1604642.3169999998,536104.79900000058],[1604625.3780000005,536102.62800000049],[1604611.5960000008,536100.83300000057],[1604599.5500000007,536099.24400000088],[1604577.7180000003,536096.49300000072],[1604563.4759999998,536097.67100000009],[1604544.8259999994,536101.35600000061],[1604528.4120000005,536103.39299999923],[1604504.2259999998,536111.3629999999],[1604482.5779999997,536114.69199999981],[1604471.6370000001,536113.23399999924],[1604452.8039999995,536110.83999999985],[1604430.3269999996,536104.98399999924],[1604418.9000000004,536100.43899999931],[1604404.4859999996,536094.58400000073],[1604385.6649999991,536091.2349999994],[1604373.1840000004,536094.69600000046],[1604360.716,536105.17200000025],[1604346.6569999997,536112.43099999987],[1604324.7060000002,536118.75400000066],[1604316.7640000004,536117.6520000007],[1604296.9959999993,536114.19099999964],[1604283.6870000008,536108.46700000018],[1604260.0419999994,536095.30000000075],[1604237.3819999993,536083.36500000022],[1604228.3719999995,536075.28199999966],[1604222.6640000008,536072.53199999966],[1604199.0189999994,536059.36500000022],[1604181.6060000006,536053.15499999933],[1604164.6530000009,536043.97000000067],[1604155.9470000006,536040.86500000022],[1604139.9409999996,536031.7929999996],[1604130.3949999996,536028.42799999937],[1604106.0370000005,536021.39399999939],[1604072.7259999998,536005.96499999985],[1604052.7870000005,535995.47000000067],[1604042.318,535990.08400000073],[1604024.2359999996,535982.67899999954],[1604006.0079999994,535974.30000000075],[1603989.2259999998,535964.1799999997],[1603969.4059999995,535952.58300000057],[1603950.6919999998,535941.11800000072],[1603930.557,535933.47000000067],[1603915.0250000004,535928.43999999948],[1603904.4370000008,535924.15599999949],[1603896.0209999997,535919.01300000027],[1603882.25,535908.2929999996],[1603868.7180000003,535895.36999999918],[1603859.3550000004,535890.11600000039],[1603844.2819999997,535874.14100000076],[1603826.8169999998,535859.79499999993],[1603808.102,535848.33100000024],[1603792.4370000008,535837.3870000001],[1603782.5610000007,535826.97000000067],[1603769.4340000004,535819.35600000061],[1603747.5380000006,535809.42799999937],[1603731.5319999997,535800.35700000077]]},"properties":{"LINEAR_FEATURE_ID":707616576,"WATERSHED_GROUP_ID":186,"EDGE_TYPE":1000,"BLUE_LINE_KEY":356542853,"WATERSHED_KEY":356542853,"FWA_WATERSHED_CODE":"300-625474-020842-168868-000000-000000-000000-000000-000000-000000-000000-000000-000000-000000-000000-000000-000000-000000-000000-000000-000000","LOCAL_WATERSHED_CODE":"300-625474-020842-168868-000000-000000-000000-000000-000000-000000-000000-000000-000000-000000-000000-000000-000000-000000-000000-000000-000000","WATERSHED_GROUP_CODE":"SLOC","DOWNSTREAM_ROUTE_MEASURE":19.573821611743899,"LENGTH_METRE":1338.2353685748501,"FEATURE_SOURCE":"linear stream -","GNIS_ID":29359,"GNIS_NAME":"Wolverton Creek","LEFT_RIGHT_TRIBUTARY":"RIGHT","STREAM_ORDER":3,"STREAM_MAGNITUDE":16,"WATERBODY_KEY":null,"BLUE_LINE_KEY_50K":700,"WATERSHED_CODE_50K":"340047200172000000000000000000000000000000000","WATERSHED_KEY_50K":700,"WATERSHED_GROUP_CODE_50K":"SLOC","GRADIENT":null,"FEATURE_CODE":"GA24850000","OBJECTID":1775098,"GEOMETRY.LEN":0,"FEATURE_LENGTH_M":1353.0340000000001}},{"type":"Feature","id":1775179,"geometry":{"type":"LineString","coordinates":[[1605748.023,535210.31000000052],[1605733.8949999996,535194.44099999964],[1605713.4680000003,535180.85300000012],[1605691.7540000007,535169.02500000037],[1605680.9169999994,535159.44700000063],[1605658.7400000002,535142.62199999951],[1605654.2689999994,535137.9450000003],[1605646.3090000004,535121.85400000028],[1605645.1359999999,535106.5700000003],[1605645.7129999995,535094.52199999988],[1605644.5940000005,535087.375],[1605637.5810000002,535071.39599999972],[1605631.2149999999,535066.49400000088],[1605627.8609999996,535060.99400000088],[1605619.6270000003,535053.9570000004],[1605612.6290000007,535044.99499999918],[1605604.8540000003,535034.98399999924],[1605587.4910000004,535012.51400000043],[1605578.5840000007,534996.31100000069],[1605561.7589999996,534977.09300000034],[1605555.6840000004,534970.15399999917],[1605536.6750000007,534952.74899999984],[1605528.7300000004,534943.67500000075],[1605523.3239999991,534937.93099999987],[1605519.9570000004,534933.38599999994],[1605512.6689999998,534926.4609999992],[1605499.2899999991,534905.5820000004],[1605492.9340000004,534891.75400000066],[1605487.1569999997,534873.84999999963],[1605483.8029999994,534868.34999999963],[1605480.6190000009,534861.9140000008],[1605478.3819999993,534855.58999999985],[1605475.1970000006,534849.15399999917],[1605465.7760000005,534827.78800000064],[1605458.7780000009,534818.82599999942],[1605455.2379999999,534807.24599999934],[1605446.9340000004,534785.05599999987],[1605440.3949999996,534773.11999999918],[1605433.0800000001,534760.13499999978],[1605428.7239999995,534746.38499999978],[1605427.6040000003,534739.2379999999],[1605424.7090000007,534730.76400000043],[1605421.0620000008,534719.33000000007],[1605416.2850000001,534709.67600000091],[1605413.9969999995,534703.18700000085],[1605407.5089999996,534691.41599999927],[1605402.2070000004,534677.55399999954],[1605399.4940000009,534667.18799999915],[1605395.3239999991,534659.51899999939],[1605393.7320000008,534656.30100000091],[1605391.4940000009,534649.97699999996],[1605391.6070000008,534632.93300000019],[1605390.9499999993,534630.78199999966],[1605390.5940000005,534625.63900000043],[1605388.6429999992,534609.30599999987],[1605387.9820000008,534599.18400000036],[1605386.2310000006,534595.94700000063],[1605383.1659999993,534588.40899999999],[1605377.4389999993,534570.67100000009],[1605370.7300000004,534559.67100000009],[1605366.7300000004,534551.06499999948],[1605362.7139999997,534535.44400000013],[1605359.8310000002,534526.01400000043],[1605358.3509999998,534505.75200000033],[1605356.4030000009,534497.3900000006],[1605357.0319999997,534493.47900000028],[1605357.9250000007,534485.45500000007],[1605359.4470000006,534473.51999999955],[1605361.0199999996,534461.75100000016],[1605364.0810000002,534444.89800000004],[1605368.5859999992,534426.30299999937],[1605372.6980000008,534417.86400000006],[1605377.0490000006,534407.22199999914],[1605379.0969999991,534399.49499999918],[1605385.0370000005,534384.09899999946],[1605397.6160000004,534364.55100000091],[1605401.6779999994,534355.94700000063],[1605405.6199999992,534348.44400000013],[1605410.0209999997,534337.96800000034],[1605410.7819999997,534332],[1605414.7119999994,534325.45299999975],[1605415.7750000004,534316.49200000055]]},"properties":{"LINEAR_FEATURE_ID":707617155,"WATERSHED_GROUP_ID":186,"EDGE_TYPE":1000,"BLUE_LINE_KEY":356435040,"WATERSHED_KEY":356435040,"FWA_WATERSHED_CODE":"300-625474-020842-156509-000000-000000-000000-000000-000000-000000-000000-000000-000000-000000-000000-000000-000000-000000-000000-000000-000000","LOCAL_WATERSHED_CODE":"300-625474-020842-156509-000000-000000-000000-000000-000000-000000-000000-000000-000000-000000-000000-000000-000000-000000-000000-000000-000000","WATERSHED_GROUP_CODE":"SLOC","DOWNSTREAM_ROUTE_MEASURE":58.009675122212897,"LENGTH_METRE":1037.0317244550699,"FEATURE_SOURCE":"linear stream -","GNIS_ID":11020,"GNIS_NAME":"Greavison Creek","LEFT_RIGHT_TRIBUTARY":"RIGHT","STREAM_ORDER":2,"STREAM_MAGNITUDE":2,"WATERBODY_KEY":null,"BLUE_LINE_KEY_50K":697,"WATERSHED_CODE_50K":"340047200156000000000000000000000000000000000","WATERSHED_KEY_50K":697,"WATERSHED_GROUP_CODE_50K":"SLOC","GRADIENT":null,"FEATURE_CODE":"GA24850000","OBJECTID":1775179,"GEOMETRY.LEN":0,"FEATURE_LENGTH_M":1189.684}},{"type":"Feature","id":1793166,"geometry":{"type":"LineString","coordinates":[[1623425.3049999997,548598.99799999967],[1623426.2510000002,548599.11400000006],[1623431.2990000006,548599.73399999924],[1623438.2400000002,548600.58500000089],[1623446.9360000007,548603.72599999979],[1623454.4059999995,548607.83300000057],[1623460.0899999999,548611.56200000085],[1623468.7860000003,548614.70199999958],[1623479.3609999996,548619.03099999949],[1623486.0059999991,548621.91999999993],[1623491.5329999998,548625.62900000066],[1623498.6280000005,548633.51799999923],[1623507.6659999993,548641.80599999987],[1623512.898,548647.55199999921],[1623518.7039999999,548650.17899999954],[1623523.9210000001,548656.88099999912],[1623528.3790000007,548661.57599999942],[1623535.4890000001,548668.50999999978],[1623546.0629999992,548672.83799999952],[1623554.5869999994,548676.91499999911],[1623561.3900000006,548679.82399999909],[1623565.9849999994,548682.46199999936],[1623572.6160000004,548686.30599999987],[1623579.2620000001,548689.19600000046],[1623585.8920000009,548693.03999999911],[1623596.1720000003,548699.40599999949],[1623602.8019999992,548703.25100000016],[1623607.6919999998,548703.85099999979],[1623618.159,548708.32599999942],[1623629.0280000009,548710.61800000072],[1623642.9600000009,548712.48699999973],[1623648.1449999996,548711.05000000075],[1623654.3269999996,548709.89499999955],[1623661.7349999994,548707.77300000004],[1623671.6870000008,548708.03800000064],[1623682.1079999991,548705.32899999991],[1623693.5059999991,548710.87600000016],[1623704.8890000004,548717.37800000049],[1623717.8239999991,548718.96600000001],[1623726.8300000001,548719.11400000006],[1623736.7679999992,548720.33400000073],[1623746.8780000005,548720.61900000088],[1623754.6429999992,548722.68799999915],[1623758.1040000003,548727.10099999979]]},"properties":{"LINEAR_FEATURE_ID":707083472,"WATERSHED_GROUP_ID":90,"EDGE_TYPE":1000,"BLUE_LINE_KEY":356568277,"WATERSHED_KEY":356568277,"FWA_WATERSHED_CODE":"300-625474-048332-391586-000000-000000-000000-000000-000000-000000-000000-000000-000000-000000-000000-000000-000000-000000-000000-000000-000000","LOCAL_WATERSHED_CODE":"300-625474-048332-391586-771385-000000-000000-000000-000000-000000-000000-000000-000000-000000-000000-000000-000000-000000-000000-000000-000000","WATERSHED_GROUP_CODE":"KOTL","DOWNSTREAM_ROUTE_MEASURE":9234.0548010929597,"LENGTH_METRE":373.16223987686402,"FEATURE_SOURCE":"linear stream -","GNIS_ID":18222,"GNIS_NAME":"Baldface Creek","LEFT_RIGHT_TRIBUTARY":"RIGHT","STREAM_ORDER":3,"STREAM_MAGNITUDE":7,"WATERBODY_KEY":null,"BLUE_LINE_KEY_50K":2565,"WATERSHED_CODE_50K":"340108000411000000000000000000000000000000000","WATERSHED_KEY_50K":2565,"WATERSHED_GROUP_CODE_50K":"KOTL","GRADIENT":null,"FEATURE_CODE":"GA24850000","OBJECTID":1793166,"GEOMETRY.LEN":0,"FEATURE_LENGTH_M":381.7328}},{"type":"Feature","id":1793167,"geometry":{"type":"LineString","coordinates":[[1623733.3790000007,532002.55100000091],[1623742.0749999993,531997.71399999969],[1623752.3049999997,531987.96299999952],[1623757.0059999991,531982.47800000012],[1623771.7339999992,531962.1129999999],[1623776.1270000003,531951.64699999988],[1623790.1980000008,531920.19800000079],[1623793.4739999995,531910.55199999921],[1623801.7390000001,531893.38399999961],[1623806.8969999999,531884.92500000075],[1623813.0130000003,531875.62600000016],[1623822.6339999996,531863.88599999994],[1623833.3210000005,531851.16100000031],[1623842.2320000008,531837.10099999979],[1623854.1319999993,531815.43400000036],[1623858.3660000004,531804.94800000079],[1623861.1730000004,531799.23200000077],[1623863.4419999998,531781.32899999991],[1623864.8359999992,531770.49599999934],[1623864.2850000001,531759.26600000076],[1623862.5120000001,531749.00200000033],[1623853.7029999997,531723.68400000036],[1623841.4509999994,531700.01700000092],[1623839.4969999995,531691.64499999955],[1623838.4470000006,531669.34999999963],[1623840.7359999996,531658.46700000018],[1623848.4030000009,531638.35400000028],[1623850.2750000004,531631.56599999964],[1623855.1439999994,531625.14599999972],[1623869.8719999995,531604.78099999949],[1623883.4940000009,531584.28099999949],[1623894.818,531566.68999999948],[1623905.0130000003,531550.87399999984],[1623913.4790000003,531538.83300000057],[1623916.2860000003,531533.11700000055],[1623926.1329999994,531511.19800000079],[1623931.9269999992,531497.87399999984],[1623934.8640000001,531490.09999999963],[1623943.477,531470.10400000028],[1623947.5179999992,531462.46499999985],[1623952.1960000005,531449.9609999992],[1623954.5360000003,531439.24400000088],[1623957.1850000005,531433.50799999945],[1623960.4489999991,531424.81699999981],[1623973.0170000009,531404.3479999993],[1623980.2249999996,531396.14100000076],[1623986.5089999996,531385.90599999949],[1623991.1980000008,531381.37700000033],[1624001.7139999997,531369.58699999936],[1624010.9949999992,531359.72000000067],[1624016.9690000005,531353.43400000036],[1624030.7819999997,531339.01799999923],[1624038.9869999997,531331.09200000018],[1624052.9690000005,531315.74000000022],[1624058.2949999999,531306.34500000067],[1624067.3849999998,531290.39399999939],[1624073.1170000006,531268.92899999954],[1624075.2149999999,531251.96199999936],[1624078.2980000004,531236.23299999908],[1624080.3499999996,531227.55399999954],[1624091.3000000007,531205.76999999955],[1624095.1830000002,531198.1129999999],[1624100.3389999997,531189.65399999917],[1624103.6140000001,531180.00799999945],[1624109.5370000005,531164.62600000016],[1624111.4079999998,531157.83799999952],[1624121.4110000003,531135.93899999931],[1624129.3959999997,531119.85300000012],[1624130.3210000005,531112.94899999909],[1624134.3609999996,531105.31100000069],[1624140.1659999993,531091.03099999949],[1624147.9710000008,531076.83699999936],[1624155.8259999994,531062.80800000019],[1624163.7890000008,531048.63299999945],[1624168.9560000002,531039.21800000034],[1624177.3859999999,531021.11400000006],[1624185.2420000006,531007.08500000089],[1624191.9920000006,531001.85199999996],[1624204.102,530993.28700000048],[1624217.784,530980.92899999954],[1624239.9910000004,530964.67100000009],[1624250.3770000003,530954.93799999915],[1624268.2789999992,530933.05000000075],[1624273.4350000005,530924.59100000001],[1624275.5820000004,530907.79099999927],[1624277.7400000002,530898.96499999985],[1624279.2609999999,530886.07399999909],[1624279.5260000005,530877.01700000092],[1624281.227,530871.16499999911],[1624284.1290000007,530848.39699999988],[1624287.7970000003,530827.63599999994],[1624295.0030000005,530810.49799999967],[1624299.7029999997,530805.01300000027],[1624303.4550000001,530799.41300000064],[1624315.7219999991,530790.86800000072],[1624335.6980000008,530776.25],[1624347.8579999991,530767.85199999996],[1624358.3609999996,530757.01799999923],[1624364.1640000008,530751.66899999976],[1624371.1060000006,530743.58899999969],[1624373.9120000005,530737.87199999951],[1624380.1830000002,530728.59300000034],[1624386.3920000009,530711.17400000058],[1624389.4969999995,530702.46399999969],[1624395.9480000008,530691.29399999976],[1624400.6359999999,530686.7650000006]]},"properties":{"LINEAR_FEATURE_ID":707098998,"WATERSHED_GROUP_ID":90,"EDGE_TYPE":1000,"BLUE_LINE_KEY":356553581,"WATERSHED_KEY":356553581,"FWA_WATERSHED_CODE":"300-625474-041757-000000-000000-000000-000000-000000-000000-000000-000000-000000-000000-000000-000000-000000-000000-000000-000000-000000-000000","LOCAL_WATERSHED_CODE":"300-625474-041757-575412-000000-000000-000000-000000-000000-000000-000000-000000-000000-000000-000000-000000-000000-000000-000000-000000-000000","WATERSHED_GROUP_CODE":"KOTL","DOWNSTREAM_ROUTE_MEASURE":3177.2716300628799,"LENGTH_METRE":1541.23116624773,"FEATURE_SOURCE":"linear stream -","GNIS_ID":9404,"GNIS_NAME":"Eagle Creek","LEFT_RIGHT_TRIBUTARY":"LEFT","STREAM_ORDER":2,"STREAM_MAGNITUDE":2,"WATERBODY_KEY":null,"BLUE_LINE_KEY_50K":110,"WATERSHED_CODE_50K":"340093400000000000000000000000000000000000000","WATERSHED_KEY_50K":110,"WATERSHED_GROUP_CODE_50K":"KOTL","GRADIENT":null,"FEATURE_CODE":"GA24850000","OBJECTID":1793167,"GEOMETRY.LEN":0,"FEATURE_LENGTH_M":1560.1582000000001}},{"type":"Feature","id":1793200,"geometry":{"type":"LineString","coordinates":[[1618857.2100000009,540687.81299999915],[1618839.5050000008,540699.53399999999],[1618823.4299999997,540707.62700000033],[1618803.0759999994,540724.12900000066],[1618799.3100000005,540729.73200000077],[1618787.5240000002,540751.42300000042]]},"properties":{"LINEAR_FEATURE_ID":707089871,"WATERSHED_GROUP_ID":90,"EDGE_TYPE":1000,"BLUE_LINE_KEY":356545045,"WATERSHED_KEY":356545045,"FWA_WATERSHED_CODE":"300-625474-042847-000000-000000-000000-000000-000000-000000-000000-000000-000000-000000-000000-000000-000000-000000-000000-000000-000000-000000","LOCAL_WATERSHED_CODE":"300-625474-042847-530474-000000-000000-000000-000000-000000-000000-000000-000000-000000-000000-000000-000000-000000-000000-000000-000000-000000","WATERSHED_GROUP_CODE":"KOTL","DOWNSTREAM_ROUTE_MEASURE":7744.44855615501,"LENGTH_METRE":96.871283895197692,"FEATURE_SOURCE":"linear stream -","GNIS_ID":25643,"GNIS_NAME":"Sproule Creek","LEFT_RIGHT_TRIBUTARY":"RIGHT","STREAM_ORDER":4,"STREAM_MAGNITUDE":41,"WATERBODY_KEY":null,"BLUE_LINE_KEY_50K":114,"WATERSHED_CODE_50K":"340095600000000000000000000000000000000000000","WATERSHED_KEY_50K":114,"WATERSHED_GROUP_CODE_50K":"KOTL","GRADIENT":null,"FEATURE_CODE":"GA24850000","OBJECTID":1793200,"GEOMETRY.LEN":0,"FEATURE_LENGTH_M":97.022100000000009}},{"type":"Feature","id":1822129,"geometry":{"type":"LineString","coordinates":[[1618458.1359999999,536075.2070000004],[1618451.3660000004,536081.40100000054],[1618439.8509999998,536091.96299999952],[1618416.9759999998,536105.13199999928],[1618409.5610000007,536108.21800000034],[1618399.3300000001,536109.04900000058],[1618384.3300000001,536116.15799999982],[1618359.5739999991,536128.14200000092],[1618349.8059999999,536133.97199999914],[1618340.6290000007,536134.77199999988],[1618323.4049999993,536134.59400000051],[1618312.9920000006,536137.31699999981],[1618294.6919999998,536147.0549999997],[1618281.125,536157.36800000072],[1618260.352,536170.95199999958],[1618245.8379999995,536181.15100000054],[1618228.8389999997,536196.15000000037],[1618206.9629999995,536217.57399999909],[1618199.0879999995,536223.63399999961],[1618189.1490000002,536230.40100000054],[1618164.5769999996,536248.46800000034],[1618144.5669999998,536264.05900000036],[1618136.6919999998,536270.11999999918]]},"properties":{"LINEAR_FEATURE_ID":707094481,"WATERSHED_GROUP_ID":90,"EDGE_TYPE":1000,"BLUE_LINE_KEY":356567071,"WATERSHED_KEY":356567071,"FWA_WATERSHED_CODE":"300-625474-039562-000000-000000-000000-000000-000000-000000-000000-000000-000000-000000-000000-000000-000000-000000-000000-000000-000000-000000","LOCAL_WATERSHED_CODE":"300-625474-039562-330896-000000-000000-000000-000000-000000-000000-000000-000000-000000-000000-000000-000000-000000-000000-000000-000000-000000","WATERSHED_GROUP_CODE":"KOTL","DOWNSTREAM_ROUTE_MEASURE":3287.5095495851701,"LENGTH_METRE":383.55628646159505,"FEATURE_SOURCE":"linear stream -","GNIS_ID":27978,"GNIS_NAME":"Smallwood Creek","LEFT_RIGHT_TRIBUTARY":"RIGHT","STREAM_ORDER":3,"STREAM_MAGNITUDE":15,"WATERBODY_KEY":null,"BLUE_LINE_KEY_50K":109,"WATERSHED_CODE_50K":"340088400000000000000000000000000000000000000","WATERSHED_KEY_50K":109,"WATERSHED_GROUP_CODE_50K":"KOTL","GRADIENT":null,"FEATURE_CODE":"GA24850000","OBJECTID":1822129,"GEOMETRY.LEN":0,"FEATURE_LENGTH_M":387.35740000000004}},{"type":"Feature","id":1822148,"geometry":{"type":"LineString","coordinates":[[1617623.2080000006,530946.70099999942],[1617630.0109999999,530941.62600000016],[1617655.2430000007,530932.72399999946],[1617661.2290000003,530925.47699999996],[1617684.1850000005,530904.18099999987],[1617689.0549999997,530897.75500000082],[1617696.1060000006,530889.52099999972],[1617710.8839999996,530869.30700000003],[1617721.8579999991,530854.53199999966],[1617725.6119999997,530848.92799999937],[1617737.6909999996,530825.35700000077],[1617742.0309999995,530814.72199999914],[1617747.6669999994,530801.37299999967],[1617757.0460000001,530783.375],[1617760.8000000007,530777.77099999972],[1617765.3819999993,530773.38299999945],[1617771.1870000008,530768.0270000007],[1617776.8849999998,530762.81799999997],[1617792.6209999993,530750.69299999997],[1617801.4460000005,530743.78999999911],[1617811.1960000005,530738.91300000064],[1617834.7039999999,530728.84600000083],[1617843.0500000007,530726.82799999975],[1617854.7449999992,530722.34500000067],[1617864.3369999994,530717.44800000079],[1617891.1190000009,530697.73299999908],[1617904.6339999996,530686.29600000009],[1617914.5529999994,530680.48200000077],[1617930.9470000006,530670.50999999978],[1617947.8100000005,530656.60899999924],[1617959.1429999992,530646.98100000061],[1617979.8660000004,530627.32899999991],[1617985.8629999999,530619.12600000016],[1617998.5999999996,530606.63800000027],[1618003.3000000007,530601.14900000021],[1618012.8690000009,530589.23399999924],[1618024.659,530576.63099999912],[1618045.5620000008,530555.08799999952],[1618060.6600000001,530538.90000000037],[1618071.3340000007,530527.11900000088],[1618091.0140000004,530506.54399999976],[1618100.5720000006,530495.58400000073],[1618124.1850000005,530476.44299999997],[1618140.0999999996,530462.42699999921],[1618146.2029999997,530454.07799999975],[1618165.9890000001,530433.35700000077],[1618184.5409999993,530414.55800000019],[1618189.2919999994,530409.2349999994],[1618208.3230000008,530394.48100000061],[1618225.2919999994,530380.43300000019],[1618234.4550000001,530371.65899999999],[1618255.0189999994,530351.9879999999],[1618262.1079999991,530344.875],[1618280.4910000004,530327.01300000027],[1618300.4570000004,530304.40100000054],[1618304.3790000007,530297.8599999994],[1618314.5099999998,530273.89599999972],[1618325.1940000001,530261.16000000015],[1618330.2430000007,530252.84300000034],[1618344.0439999998,530239.36800000072],[1618350.1970000006,530231.18500000052],[1618361.8279999997,530218.56399999931],[1618370.9289999995,530210.57899999991],[1618391.0639999993,530195.96000000089],[1618398.2939999998,530185.83400000073],[1618417.1830000002,530165.1640000008],[1618427.6980000008,530153.36400000006],[1618441.8479999993,530137.06299999915],[1618458.3359999992,530118.97199999914],[1618464.8939999994,530107.64900000021],[1618476.3560000006,530095.96399999969],[1618483.625,530086.96000000089],[1618498.1799999997,530067.51799999923],[1618508.3729999997,530051.69299999997],[1618514.7609999999,530032.37700000033],[1618526.8350000009,530008.80800000019],[1618535.2640000004,529990.69600000046],[1618542.7799999993,529978.53299999982],[1618550.2850000001,529967.32499999925],[1618557.3849999998,529959.25699999928],[1618575.2750000004,529938.30700000003],[1618589.2550000008,529922.94099999964],[1618595.2390000001,529915.6950000003],[1618607.6860000007,529905.24599999934],[1618616.7870000005,529897.26099999994],[1618630.1809999999,529886.92699999921],[1618640.2170000002,529880.01300000027],[1618655.0140000004,529866.81900000013],[1618675.3279999997,529850.30900000036],[1618686.9580000006,529837.68799999915],[1618712.2809999995,529820.66999999993],[1618724.7170000002,529811.17699999921],[1618747.2229999993,529791.90300000086],[1618759.477,529775.37199999951],[1618768.875,529764.39399999939],[1618778.7799999993,529750.60799999908],[1618790.6970000006,529735.94899999909],[1618809.7009999994,529714.17799999937],[1618815.8139999993,529704.87399999984],[1618827.7809999995,529690.38099999912],[1618832.6380000003,529684.91200000048],[1618842.0360000003,529673.93400000036],[1618852.8870000001,529660.2620000001],[1618862.6339999996,529646.45600000024],[1618880.8090000004,529623.46900000051],[1618891.4920000006,529610.73399999924],[1618897.3059999999,529604.42300000042],[1618909.1040000003,529590.86700000055],[1618917.4370000008,529580.87600000016],[1618928.1190000009,529568.14100000076],[1618936.7280000001,529557.06699999981],[1618949.2899999991,529536.58799999952],[1618959.0140000004,529524.69299999997],[1618974.3949999996,529506.46900000051],[1618986.7660000008,529488.8359999992],[1618998.5639999993,529475.27999999933],[1619008.9480000008,529465.53800000064],[1619020.4079999998,529453.85400000028]]},"properties":{"LINEAR_FEATURE_ID":707100031,"WATERSHED_GROUP_ID":90,"EDGE_TYPE":1000,"BLUE_LINE_KEY":356565245,"WATERSHED_KEY":356565245,"FWA_WATERSHED_CODE":"300-625474-031888-000000-000000-000000-000000-000000-000000-000000-000000-000000-000000-000000-000000-000000-000000-000000-000000-000000-000000","LOCAL_WATERSHED_CODE":"300-625474-031888-000000-000000-000000-000000-000000-000000-000000-000000-000000-000000-000000-000000-000000-000000-000000-000000-000000-000000","WATERSHED_GROUP_CODE":"KOTL","DOWNSTREAM_ROUTE_MEASURE":33.864378143061998,"LENGTH_METRE":2073.8615850153901,"FEATURE_SOURCE":"linear stream -","GNIS_ID":13092,"GNIS_NAME":"Bird Creek","LEFT_RIGHT_TRIBUTARY":"LEFT","STREAM_ORDER":2,"STREAM_MAGNITUDE":2,"WATERBODY_KEY":null,"BLUE_LINE_KEY_50K":97,"WATERSHED_CODE_50K":"340071700000000000000000000000000000000000000","WATERSHED_KEY_50K":97,"WATERSHED_GROUP_CODE_50K":"KOTL","GRADIENT":null,"FEATURE_CODE":"GA24850000","OBJECTID":1822148,"GEOMETRY.LEN":0,"FEATURE_LENGTH_M":2113.6341000000002}},{"type":"Feature","id":1854102,"geometry":{"type":"LineString","coordinates":[[1618285.9039999992,541123.90899999999],[1618279.432,541127.1099999994],[1618263.6549999993,541140.18400000036],[1618256.2929999996,541150.45299999975],[1618245.273,541166.17799999937],[1618225.2670000009,541187.82799999975],[1618215.3200000003,541194.59300000034],[1618205.6659999993,541199.32100000046],[1618184.5409999993,541206.80100000091],[1618162.7609999999,541212.12900000066],[1618150.2430000007,541214.43600000069]]},"properties":{"LINEAR_FEATURE_ID":707089436,"WATERSHED_GROUP_ID":90,"EDGE_TYPE":1000,"BLUE_LINE_KEY":356545045,"WATERSHED_KEY":356545045,"FWA_WATERSHED_CODE":"300-625474-042847-000000-000000-000000-000000-000000-000000-000000-000000-000000-000000-000000-000000-000000-000000-000000-000000-000000-000000","LOCAL_WATERSHED_CODE":"300-625474-042847-582784-000000-000000-000000-000000-000000-000000-000000-000000-000000-000000-000000-000000-000000-000000-000000-000000-000000","WATERSHED_GROUP_CODE":"KOTL","DOWNSTREAM_ROUTE_MEASURE":8508.1286771475407,"LENGTH_METRE":169.36613326889801,"FEATURE_SOURCE":"linear stream -","GNIS_ID":25643,"GNIS_NAME":"Sproule Creek","LEFT_RIGHT_TRIBUTARY":"RIGHT","STREAM_ORDER":4,"STREAM_MAGNITUDE":37,"WATERBODY_KEY":null,"BLUE_LINE_KEY_50K":114,"WATERSHED_CODE_50K":"340095600000000000000000000000000000000000000","WATERSHED_KEY_50K":114,"WATERSHED_GROUP_CODE_50K":"KOTL","GRADIENT":null,"FEATURE_CODE":"GA24850000","OBJECTID":1854102,"GEOMETRY.LEN":0,"FEATURE_LENGTH_M":169.5711}},{"type":"Feature","id":1862084,"geometry":{"type":"LineString","coordinates":[[1617053.0150000006,545905.84200000018],[1617057.2540000007,545911.30000000075],[1617063.7650000006,545916.23699999973],[1617080.682,545933.44199999981],[1617095.1180000007,545947.47499999963],[1617110.7589999996,545958.46399999969],[1617115.2190000005,545963.1520000007],[1617134.8259999994,545983.71399999969],[1617146.9879999999,545991.25100000016],[1617166.7809999995,546009.92200000025],[1617171.0690000001,546015.54600000009],[1617175.9959999993,546024.27800000086],[1617185.784,546035.51400000043],[1617190.2300000004,546048.17500000075],[1617189.9719999991,546058.35099999979],[1617192.6750000007,546067.76999999955],[1617200.9279999994,546089.98399999924],[1617200.9140000008,546097.95600000024],[1617204.9140000008,546122.68400000036],[1617206.8430000003,546131.05199999921],[1617211.1170000006,546137.63199999928],[1617216.818,546140.39699999988]]},"properties":{"LINEAR_FEATURE_ID":707611039,"WATERSHED_GROUP_ID":186,"EDGE_TYPE":1000,"BLUE_LINE_KEY":356559464,"WATERSHED_KEY":356559464,"FWA_WATERSHED_CODE":"300-625474-020842-349237-000000-000000-000000-000000-000000-000000-000000-000000-000000-000000-000000-000000-000000-000000-000000-000000-000000","LOCAL_WATERSHED_CODE":"300-625474-020842-349237-813401-000000-000000-000000-000000-000000-000000-000000-000000-000000-000000-000000-000000-000000-000000-000000-000000","WATERSHED_GROUP_CODE":"SLOC","DOWNSTREAM_ROUTE_MEASURE":10765.968341002801,"LENGTH_METRE":299.74549865886502,"FEATURE_SOURCE":"linear stream -","GNIS_ID":3011,"GNIS_NAME":"Winlaw Creek","LEFT_RIGHT_TRIBUTARY":"LEFT","STREAM_ORDER":3,"STREAM_MAGNITUDE":7,"WATERBODY_KEY":null,"BLUE_LINE_KEY_50K":171,"WATERSHED_CODE_50K":"340047200349007920000000000000000000000000000","WATERSHED_KEY_50K":171,"WATERSHED_GROUP_CODE_50K":"SLOC","GRADIENT":null,"FEATURE_CODE":"GA24850150","OBJECTID":1862084,"GEOMETRY.LEN":0,"FEATURE_LENGTH_M":305.09140000000002}},{"type":"Feature","id":1864019,"geometry":{"type":"LineString","coordinates":[[1614949.9920000006,541901.30599999987],[1614943.5179999992,541904.50999999978],[1614934.5170000009,541911.39599999972],[1614921.1429999992,541921.89900000021],[1614899.7929999996,541930.16200000048],[1614883.3709999993,541940.1370000001],[1614855.6400000006,541959.90899999999],[1614835.7430000007,541973.45099999942],[1614811.3029999994,541991.54700000025],[1614795.3579999991,541997.59300000034],[1614787.1119999997,541999.46700000018],[1614766.2760000005,542004.92300000042],[1614757.0969999991,542005.72699999996],[1614732.2799999993,542009.58500000089],[1614716.7990000006,542012.65799999982],[1614710.2039999999,542016.96399999969],[1614697.2579999994,542023.37299999967],[1614677.5309999995,542035.98000000045],[1614663.466,542043.2109999992],[1614643.7400000002,542055.81699999981],[1614624.6119999997,542063.39299999923],[1614603.9529999997,542074.9299999997],[1614587.2379999999,542086.94400000013],[1614560.5739999991,542105.73000000045],[1614537.8359999992,542118.92899999954],[1614515.7660000008,542133.32599999942],[1614500.1600000001,542152.49100000039],[1614487.0749999993,542175.94700000063],[1614472.2819999997,542197.28299999982]]},"properties":{"LINEAR_FEATURE_ID":707088574,"WATERSHED_GROUP_ID":90,"EDGE_TYPE":1000,"BLUE_LINE_KEY":356545045,"WATERSHED_KEY":356545045,"FWA_WATERSHED_CODE":"300-625474-042847-000000-000000-000000-000000-000000-000000-000000-000000-000000-000000-000000-000000-000000-000000-000000-000000-000000-000000","LOCAL_WATERSHED_CODE":"300-625474-042847-828676-000000-000000-000000-000000-000000-000000-000000-000000-000000-000000-000000-000000-000000-000000-000000-000000-000000","WATERSHED_GROUP_CODE":"KOTL","DOWNSTREAM_ROUTE_MEASURE":12097.9301681529,"LENGTH_METRE":575.938384399646,"FEATURE_SOURCE":"linear stream -","GNIS_ID":25643,"GNIS_NAME":"Sproule Creek","LEFT_RIGHT_TRIBUTARY":"RIGHT","STREAM_ORDER":3,"STREAM_MAGNITUDE":9,"WATERBODY_KEY":null,"BLUE_LINE_KEY_50K":114,"WATERSHED_CODE_50K":"340095600000000000000000000000000000000000000","WATERSHED_KEY_50K":114,"WATERSHED_GROUP_CODE_50K":"KOTL","GRADIENT":null,"FEATURE_CODE":"GA24850000","OBJECTID":1864019,"GEOMETRY.LEN":0,"FEATURE_LENGTH_M":577.51690000000008}},{"type":"Feature","id":1872327,"geometry":{"type":"LineString","coordinates":[[1622236.5199999996,547437.35400000028],[1622237.6239999998,547437.48900000006],[1622244.7860000003,547444.5859999992],[1622250.1410000008,547449.23000000045],[1622248.5409999993,547453.97900000028],[1622247.7650000006,547459.9450000003],[1622248.0930000003,547466.04600000009],[1622246.5409999993,547477.97900000028],[1622245.7650000006,547483.9450000003],[1622248.932,547490.39399999939],[1622254.6180000007,547494.12099999934],[1622261.5590000004,547494.97100000083],[1622268.3770000003,547496.92300000042],[1622273.7329999991,547501.56599999964],[1622279.2960000001,547506.39499999955],[1622284.6510000005,547511.03800000064],[1622288.9230000004,547517.62299999967],[1622289.9169999994,547524.92200000025],[1622291.1919999998,547531.1400000006],[1622292.1219999995,547539.22900000028],[1622291.0370000005,547548.18799999915],[1622292.3110000007,547554.40499999933],[1622293.4279999994,547560.60400000028],[1622296.7530000005,547567.07200000063],[1622304.0370000005,547573.06799999997],[1622312.2520000003,547580.13599999994],[1622321.2420000006,547588.25500000082],[1622330.5759999994,547594.50200000033],[1622337.0500000007,547598.32599999942],[1622342.1490000002,547599.1099999994],[1622352.7390000001,547602.48000000045],[1622357.3200000003,547606.07200000063],[1622362.8469999991,547609.77999999933],[1622368.5319999997,547613.50699999928],[1622373.4220000003,547614.10600000061],[1622379.2949999999,547615.94099999964],[1622383.8760000002,547619.53299999982],[1622388.9220000003,547627.16899999976],[1622394.0170000009,547634.97199999914],[1622396.9979999997,547643.31200000085],[1622399.6840000004,547653.68999999948],[1622404.7799999993,547661.49200000055],[1622410.477,547671.28199999966],[1622416.3350000009,547674.07300000079],[1622424.8589999992,547678.14800000004],[1622431.1960000005,547684.02800000086],[1622436.7239999995,547687.73599999957],[1622443.6980000008,547696.72499999963],[1622447.8120000008,547703.29099999927],[1622456.0270000007,547710.35799999908],[1622461.4179999996,547716.12299999967],[1622466.4780000001,547722.80399999954],[1622471.818,547728.40300000086],[1622475.9680000003,547736.08899999969],[1622481.1999999993,547741.83500000089],[1622487.3499999996,547749.60700000077],[1622492.568,547756.30700000003],[1622497.9729999993,547761.11700000055],[1622506.4829999991,547766.14699999988],[1622513.4719999991,547774.18099999987],[1622516.625,547781.5859999992],[1622523.0840000007,547786.36500000022],[1622528.4890000001,547791.17400000058],[1622537.0130000003,547795.24899999984],[1622541.5940000005,547798.84100000001],[1622549.3450000007,547801.86400000006],[1622555.6960000005,547806.78999999911],[1622564.2210000008,547810.86500000022],[1622571.1620000005,547811.71499999985],[1622582.0820000004,547814.16899999976],[1622588.6779999994,547816.89200000092],[1622596.6009999998,547818.97900000028],[1622608.3100000005,547821.52999999933],[1622614.1319999993,547823.20099999942],[1622620.0040000007,547825.03700000048],[1622625.7029999997,547827.80900000036],[1622632.1620000005,547832.58799999952],[1622637.6899999995,547836.29600000009],[1622643.0950000007,547841.10500000045],[1622647.6610000003,547845.65300000086],[1622653.0160000008,547850.29700000025],[1622659.3530000001,547856.17799999937],[1622664.7430000007,547861.94199999981],[1622668.8570000008,547868.50799999945],[1622676.7770000007,547877.6129999999],[1622683.7510000002,547886.60300000012],[1622688.4539999999,547889.09400000051],[1622694.7909999993,547894.97399999946],[1622700.1950000003,547899.78399999999],[1622705.8800000008,547903.51099999994],[1622712.0449999999,547910.32799999975],[1622720.2599999998,547917.39599999972],[1622728.0079999994,547927.43799999915],[1622735.2909999993,547933.43500000052],[1622741.1129999999,547935.10600000061],[1622752.6840000004,547939.71399999969],[1622758.1970000006,547944.37700000033],[1622763.4149999991,547951.07799999975],[1622767.5280000009,547957.64399999939],[1622774.6889999993,547964.74200000055],[1622779.7339999992,547972.37900000066],[1622784.6569999997,547981.11800000072],[1622790.9790000003,547987.95399999991],[1622795.2149999999,547993.4179999996],[1622798.5399999991,547999.8870000001],[1622805.9930000007,548011.96600000001],[1622813.2760000005,548017.96299999952],[1622817.8420000002,548022.51099999994],[1622823.898,548029.47399999946],[1622828.8059999999,548039.1679999996],[1622833.557,548048.84200000018],[1622836.8809999991,548055.31100000069],[1622839.8609999996,548063.6520000007],[1622840.977,548069.84999999963],[1622845.2630000003,548075.48000000045],[1622849.8289999999,548080.02800000086],[1622856.1659999993,548085.90899999999],[1622860.6239999998,548090.60300000012],[1622866.1510000005,548094.31100000069],[1622880.3599999994,548102.11400000006],[1622887.1789999995,548104.06699999981],[1622892.8279999997,548106.67300000042],[1622903.5899999999,548109.10899999924],[1622917.3489999995,548111.91300000064],[1622922.8619999997,548116.57599999942],[1622929.2129999995,548121.50200000033],[1622937.7219999991,548126.53299999982],[1622945.0050000008,548132.52999999933],[1622948.6390000004,548136.00699999928],[1622949.4130000006,548137.05900000036]]},"properties":{"LINEAR_FEATURE_ID":707084230,"WATERSHED_GROUP_ID":90,"EDGE_TYPE":1000,"BLUE_LINE_KEY":356568277,"WATERSHED_KEY":356568277,"FWA_WATERSHED_CODE":"300-625474-048332-391586-000000-000000-000000-000000-000000-000000-000000-000000-000000-000000-000000-000000-000000-000000-000000-000000-000000","LOCAL_WATERSHED_CODE":"300-625474-048332-391586-624974-000000-000000-000000-000000-000000-000000-000000-000000-000000-000000-000000-000000-000000-000000-000000-000000","WATERSHED_GROUP_CODE":"KOTL","DOWNSTREAM_ROUTE_MEASURE":7481.4078083022896,"LENGTH_METRE":1062.5872399290599,"FEATURE_SOURCE":"linear stream -","GNIS_ID":18222,"GNIS_NAME":"Baldface Creek","LEFT_RIGHT_TRIBUTARY":"RIGHT","STREAM_ORDER":3,"STREAM_MAGNITUDE":15,"WATERBODY_KEY":null,"BLUE_LINE_KEY_50K":2565,"WATERSHED_CODE_50K":"340108000411000000000000000000000000000000000","WATERSHED_KEY_50K":2565,"WATERSHED_GROUP_CODE_50K":"KOTL","GRADIENT":null,"FEATURE_CODE":"GA24850000","OBJECTID":1872327,"GEOMETRY.LEN":0,"FEATURE_LENGTH_M":1069.4218000000001}},{"type":"Feature","id":1911022,"geometry":{"type":"LineString","coordinates":[[1607047.6469999999,526657.35199999996],[1607040.3310000002,526675.6099999994],[1607032.8479999993,526694.8049999997],[1607027.5950000007,526712.35199999996],[1607021.9780000001,526724.75500000082],[1607008.6129999999,526742.13399999961],[1606993.534,526757.39599999972],[1606987.9159999993,526769.79900000058],[1606981.9519999996,526785.02999999933],[1606978.3859999999,526797.67699999921],[1606971.25,526814.0429999996],[1606957.3019999992,526836.45399999991],[1606951.6060000006,526841.67400000058],[1606934.9560000002,526860.7349999994],[1606929.3110000007,526866.12099999934],[1606922.8479999993,526869.33699999936],[1606914.9829999991,526875.41499999911],[1606893.8430000003,526890.75400000066],[1606876.8680000007,526905.79099999927],[1606866.9509999994,526911.625],[1606841.9550000001,526918.37600000016],[1606822.3800000008,526920.98900000006],[1606809.6209999993,526926.4849999994],[1606789.5130000003,526924.89100000076],[1606781.9340000004,526928.93099999987],[1606775.9250000007,526929.17300000042],[1606758.8670000006,526928.10099999979],[1606738.9159999993,526926.52600000054],[1606722.1439999994,526923.41499999911],[1606709.8910000008,526916.69800000079],[1606687.8719999995,526906.90699999966],[1606674.0720000006,526897.13599999994],[1606664.0759999994,526895.7890000008],[1606639.0639999993,526894.56799999997],[1606624.0690000001,526892.78500000015],[1606607.1170000006,526891.56699999981],[1606583.2210000008,526889.52300000004],[1606563.3479999993,526895.13099999912],[1606541.7530000005,526913.4450000003],[1606535.1720000003,526917.76400000043],[1606515.8719999995,526919.29499999993],[1606507.4739999995,526921.16599999927],[1606496.7780000009,526925.95199999958],[1606486.1989999991,526929.63599999994],[1606472.1290000007,526929.87600000016],[1606459.5150000006,526941.2890000008],[1606441.6199999992,526963.23100000061],[1606430.0209999997,526982.89399999939],[1606423.102,526989.08500000089],[1606416.9920000006,526998.40100000054],[1606410.7239999995,527007.69800000079],[1606407.091,527012.20800000057],[1606400.6940000001,527023.56200000085],[1606394.7119999994,527030.82100000046]]},"properties":{"LINEAR_FEATURE_ID":707618220,"WATERSHED_GROUP_ID":186,"EDGE_TYPE":1000,"BLUE_LINE_KEY":356537519,"WATERSHED_KEY":356537519,"FWA_WATERSHED_CODE":"300-625474-020842-045408-245208-000000-000000-000000-000000-000000-000000-000000-000000-000000-000000-000000-000000-000000-000000-000000-000000","LOCAL_WATERSHED_CODE":"300-625474-020842-045408-245208-051000-000000-000000-000000-000000-000000-000000-000000-000000-000000-000000-000000-000000-000000-000000-000000","WATERSHED_GROUP_CODE":"SLOC","DOWNSTREAM_ROUTE_MEASURE":477.65001318902904,"LENGTH_METRE":865.71418914870299,"FEATURE_SOURCE":"linear stream -","GNIS_ID":13252,"GNIS_NAME":"Gander Creek","LEFT_RIGHT_TRIBUTARY":"LEFT","STREAM_ORDER":3,"STREAM_MAGNITUDE":14,"WATERBODY_KEY":null,"BLUE_LINE_KEY_50K":21,"WATERSHED_CODE_50K":"340047200045002440000000000000000000000000000","WATERSHED_KEY_50K":21,"WATERSHED_GROUP_CODE_50K":"SLOC","GRADIENT":null,"FEATURE_CODE":"GA24850000","OBJECTID":1911022,"GEOMETRY.LEN":0,"FEATURE_LENGTH_M":876.86440000000005}},{"type":"Feature","id":1928952,"geometry":{"type":"LineString","coordinates":[[1615006.6030000001,544568.46499999985],[1615015.7829999998,544567.66100000031],[1615037.1400000006,544566.41699999943],[1615051.5040000007,544564.1679999996],[1615066.5050000008,544558.00899999961],[1615082.2819999997,544552.90000000037],[1615103.4529999997,544553.54800000042],[1615119.5889999997,544552.62900000066],[1615139.8269999996,544552.2070000004],[1615160.8760000002,544553.95600000024],[1615172.8819999993,544554.45199999958],[1615185.8200000003,544556.01700000092],[1615207.3359999992,544561.81000000052],[1615223.4600000009,544568.86400000006],[1615231.3849999998,544570.93899999931],[1615247.2129999995,544573.01400000043],[1615253.2229999993,544572.78399999999]]},"properties":{"LINEAR_FEATURE_ID":707611558,"WATERSHED_GROUP_ID":186,"EDGE_TYPE":1000,"BLUE_LINE_KEY":356559464,"WATERSHED_KEY":356559464,"FWA_WATERSHED_CODE":"300-625474-020842-349237-000000-000000-000000-000000-000000-000000-000000-000000-000000-000000-000000-000000-000000-000000-000000-000000-000000","LOCAL_WATERSHED_CODE":"300-625474-020842-349237-593354-000000-000000-000000-000000-000000-000000-000000-000000-000000-000000-000000-000000-000000-000000-000000-000000","WATERSHED_GROUP_CODE":"SLOC","DOWNSTREAM_ROUTE_MEASURE":7853.4755760605804,"LENGTH_METRE":251.75404786007601,"FEATURE_SOURCE":"linear stream -","GNIS_ID":3011,"GNIS_NAME":"Winlaw Creek","LEFT_RIGHT_TRIBUTARY":"LEFT","STREAM_ORDER":3,"STREAM_MAGNITUDE":23,"WATERBODY_KEY":null,"BLUE_LINE_KEY_50K":162,"WATERSHED_CODE_50K":"340047200349000000000000000000000000000000000","WATERSHED_KEY_50K":162,"WATERSHED_GROUP_CODE_50K":"SLOC","GRADIENT":null,"FEATURE_CODE":"GA24850000","OBJECTID":1928952,"GEOMETRY.LEN":0,"FEATURE_LENGTH_M":252.70840000000001}},{"type":"Feature","id":1942879,"geometry":{"type":"LineString","coordinates":[[1622357.6290000007,534354.85300000012],[1622360.7410000004,534346.14299999923],[1622363.7329999991,534338.53500000015],[1622375.1750000007,534320.79600000009],[1622386.3389999997,534304.13900000043],[1622393.3780000005,534288.89200000092],[1622397.1469999999,534282.33500000089],[1622402.4790000003,534272.93899999931],[1622411.8690000009,534254.94999999925],[1622418.2789999992,534243.61199999973],[1622421.8609999996,534230.9729999993],[1622424.3090000004,534212.13499999978],[1622429.0069999993,534198.67500000075],[1622431.4550000001,534179.83699999936],[1622426.3320000004,534164.06100000069],[1622423.1469999999,534157.61199999973],[1622410.5940000005,534137.89800000004],[1622398.1710000001,534116.12700000033],[1622395.6260000002,534104.81299999915],[1622390.0150000006,534085.94700000063],[1622388.6549999993,534072.54499999993],[1622388.5920000002,534056.4299999997],[1622386.2789999992,534034.93700000085],[1622387.4910000004,534018.02199999988],[1622388.8330000006,533999.04900000058],[1622388.8149999995,533992.02899999917],[1622391.2799999993,533980.2109999992],[1622399.6040000003,533963.2070000004],[1622403.2029999997,533957.5859999992],[1622417.8220000006,533938.32100000046],[1622421.034,533921.49000000022],[1622421.9749999996,533913.63199999928],[1622426.7789999992,533900.02500000037],[1622435.8790000007,533884.07300000079],[1622441.8690000009,533876.83100000024],[1622461.3790000007,533858.1640000008],[1622470.2970000003,533844.10300000012],[1622472.4670000002,533826.3479999993],[1622478.557,533810.9849999994],[1622481.3220000006,533796.17200000025],[1622482.5319999997,533779.25599999912],[1622484.3320000004,533757.30900000036],[1622489.148,533742.74799999967],[1622494.0209999997,533736.32599999942],[1622509.4169999994,533718.1129999999],[1622517.9269999992,533707.19199999981],[1622532.4949999992,533687.7620000001],[1622548.4169999994,533673.75999999978],[1622559.5859999992,533665.07699999958],[1622564.4470000006,533659.61099999957],[1622570.8550000004,533648.27400000021],[1622575.3640000001,533628.73100000061],[1622578.1740000006,533623.01400000043],[1622583.0399999991,533608.61800000072],[1622586.7960000001,533603.01700000092],[1622596.8599999994,533594.19999999925],[1622610.9079999998,533586.98599999957],[1622634.5950000007,533583.98000000045],[1622642.1260000002,533579.79700000025],[1622645.8819999993,533574.19600000046],[1622651.8640000001,533558.97900000028],[1622667.2589999996,533540.76600000076],[1622671.9499999993,533536.23599999957],[1622685.6329999994,533515.90100000054],[1622688.9120000005,533506.25500000082],[1622689.7899999991,533499.18600000069],[1622694.4859999996,533485.72599999979],[1622696.5299999993,533478.00200000033],[1622700.8560000006,533460.34999999963],[1622707.2640000004,533449.01300000027],[1622708.2039999999,533441.15399999917],[1622713.1699999999,533418.6370000001],[1622720.3239999991,533402.2890000008],[1622731.9619999994,533389.67699999921],[1622739.0669999998,533381.61500000022],[1622742.6530000009,533376.94999999925],[1622749.4069999997,533371.71499999985],[1622764.9710000008,533352.56599999964],[1622778.6520000007,533332.23100000061],[1622784.1129999999,533320.77800000086],[1622788.6270000003,533309.21000000089],[1622795.0859999992,533298.0390000008],[1622797.6060000006,533294.3599999994],[1622800.0769999996,533290.51600000076],[1622815.8169999998,533278.40499999933],[1622835.5130000003,533265.82200000063],[1622847.3080000002,533253.23000000045],[1622855.8169999998,533242.30900000036],[1622858.5869999994,533235.47199999914],[1622864.6760000009,533220.10899999924],[1622867.4959999993,533213.43700000085],[1622873.2890000008,533192.1370000001],[1622879.2259999998,533184.73000000045],[1622885.9920000006,533178.53999999911],[1622905.1989999991,533162.86700000055],[1622918.2980000004,533155.53800000064],[1622925.7100000009,533152.4570000004],[1622933.5800000001,533146.4020000007],[1622949.4499999993,533132.2349999994],[1622956.3849999998,533125.10899999924],[1622973.5480000004,533117.16000000015],[1622991.2390000001,533113.42200000025],[1622992.1860000007,533113.53800000064],[1622998.6390000004,533111.29700000025],[1623004.1689999998,533107.02899999917],[1623020.6740000006,533096.92699999921],[1623029.9600000009,533087.05800000019],[1623034.5429999996,533082.67500000075],[1623040.6500000004,533074.33100000024],[1623059.5099999998,533052.55599999987],[1623070.9580000006,533033.86199999973],[1623073.2200000007,533016.91599999927],[1623074.159,533009.05700000003],[1623076.3210000005,533000.23100000061],[1623080.3570000008,532984.61700000055],[1623087.1140000001,532970.45299999975],[1623090.0419999994,532963.63499999978],[1623099.4969999995,532952.83000000007],[1623104.4869999997,532945.30700000003],[1623113.773,532935.43899999931],[1623124.1630000006,532925.70500000007],[1623139.9020000007,532913.59600000083],[1623147.9519999996,532905.65000000037],[1623151.7080000006,532900.04900000058],[1623161.5889999997,532893.12399999984],[1623185.2090000007,532874.00400000066],[1623191.3660000004,532865.82699999958],[1623195.898,532861.27800000086],[1623205.4519999996,532842.35199999996],[1623211.7280000001,532833.07300000079],[1623221.7709999997,532817.23699999973],[1623227.7579999994,532809.99499999918],[1623234.4529999997,532796.62099999934],[1623238.2579999994,532791.18600000069],[1623239.9629999995,532785.33400000073],[1623248.2310000006,532768.16499999911],[1623250.3920000009,532759.33899999969],[1623253.3939999994,532750.77600000054],[1623258.0840000007,532746.24599999934],[1623275.9949999992,532724.35600000061],[1623279.9199999999,532717.81900000013],[1623283.5170000009,532712.19899999909],[1623289.4930000007,532705.91300000064],[1623297.8310000002,532695.92899999954],[1623301.5869999994,532690.32799999975],[1623306.2880000006,532684.84300000034],[1623314.2789999992,532668.75699999928],[1623318.3729999997,532661.28399999999],[1623321.0120000001,532656.50300000049],[1623331.5240000002,532636.7379999999],[1623339.4910000004,532622.56200000085],[1623347.7699999996,532604.43799999915],[1623356.2890000008,532592.56299999915],[1623359.0979999993,532586.84600000083],[1623362.4940000009,532576.0979999993],[1623365.3139999993,532569.42600000091],[1623368.7609999999,532558.84400000051],[1623370.7530000005,532550.95399999991],[1623372.9250000007,532541.17300000042],[1623373.2050000001,532531.16100000031],[1623373.9509999994,532526.14900000021],[1623374.5299999993,532513.14299999923],[1623375.6260000002,532505.30299999937],[1623376.2050000001,532492.29700000025],[1623377.2410000004,532476.31699999981],[1623381.2760000005,532460.70299999975],[1623381.6740000006,532449.58899999969],[1623385.9959999993,532431.93700000085],[1623386.9340000004,532424.07799999975],[1623389.8640000001,532408.33000000007],[1623392.6510000005,532395.59400000051],[1623397.273,532374.94899999909],[1623401.0189999994,532361.37399999984],[1623409.6559999995,532348.39599999972],[1623424.2170000002,532328.96700000018],[1623433.3709999993,532321.15599999949],[1623455.5840000007,532304.89599999972],[1623465.6219999995,532297.99000000022],[1623476.9690000005,532287.4179999996],[1623496.7479999997,532267.67100000009],[1623503.3230000008,532255.39800000004],[1623509.4189999998,532239.08000000007],[1623514.5079999994,532214.50599999912],[1623516.8379999995,532204.74400000088],[1623521.6280000005,532183.16300000064],[1623524.9049999993,532173.51700000092],[1623532.4159999993,532153.38499999978],[1623541.2109999992,532140.42699999921],[1623545.4340000004,532130.89699999988],[1623551.3690000009,532123.49000000022],[1623561.5879999995,532114.69299999997],[1623580.2149999999,532103.0979999993],[1623604.1490000002,532096.93600000069],[1623614.7149999999,532094.24200000055],[1623632.7039999999,532087.5120000001],[1623642.9949999992,532085.90000000037],[1623659.6769999992,532073.90799999982],[1623665.3249999993,532068.5390000008],[1623670.0260000005,532063.05399999954],[1623686.5189999994,532044.97800000012],[1623692.5050000008,532037.73699999973],[1623706.4780000001,532023.33999999985],[1623712.0069999993,532019.07300000079],[1623717.5240000002,532015.76099999994],[1623727.7430000007,532006.96399999969],[1623733.3790000007,532002.55100000091]]},"properties":{"LINEAR_FEATURE_ID":707097893,"WATERSHED_GROUP_ID":90,"EDGE_TYPE":1000,"BLUE_LINE_KEY":356553581,"WATERSHED_KEY":356553581,"FWA_WATERSHED_CODE":"300-625474-041757-000000-000000-000000-000000-000000-000000-000000-000000-000000-000000-000000-000000-000000-000000-000000-000000-000000-000000","LOCAL_WATERSHED_CODE":"300-625474-041757-000000-000000-000000-000000-000000-000000-000000-000000-000000-000000-000000-000000-000000-000000-000000-000000-000000-000000","WATERSHED_GROUP_CODE":"KOTL","DOWNSTREAM_ROUTE_MEASURE":262.59322852344002,"LENGTH_METRE":2914.6784015394401,"FEATURE_SOURCE":"linear stream -","GNIS_ID":9404,"GNIS_NAME":"Eagle Creek","LEFT_RIGHT_TRIBUTARY":"LEFT","STREAM_ORDER":2,"STREAM_MAGNITUDE":3,"WATERBODY_KEY":null,"BLUE_LINE_KEY_50K":110,"WATERSHED_CODE_50K":"340093400000000000000000000000000000000000000","WATERSHED_KEY_50K":110,"WATERSHED_GROUP_CODE_50K":"KOTL","GRADIENT":null,"FEATURE_CODE":"GA24850000","OBJECTID":1942879,"GEOMETRY.LEN":0,"FEATURE_LENGTH_M":2999.4996000000001}},{"type":"Feature","id":1945328,"geometry":{"type":"LineString","coordinates":[[1620758.7149999999,526687.34600000083],[1620770.6500000004,526679.70900000073],[1620783.7390000001,526672.37299999967]]},"properties":{"LINEAR_FEATURE_ID":707102194,"WATERSHED_GROUP_ID":90,"EDGE_TYPE":1000,"BLUE_LINE_KEY":356547356,"WATERSHED_KEY":356547356,"FWA_WATERSHED_CODE":"300-625474-027067-000000-000000-000000-000000-000000-000000-000000-000000-000000-000000-000000-000000-000000-000000-000000-000000-000000-000000","LOCAL_WATERSHED_CODE":"300-625474-027067-624655-000000-000000-000000-000000-000000-000000-000000-000000-000000-000000-000000-000000-000000-000000-000000-000000-000000","WATERSHED_GROUP_CODE":"KOTL","DOWNSTREAM_ROUTE_MEASURE":7889.5225512536099,"LENGTH_METRE":29.174231506315397,"FEATURE_SOURCE":"linear stream -","GNIS_ID":27525,"GNIS_NAME":"Rover Creek","LEFT_RIGHT_TRIBUTARY":"LEFT","STREAM_ORDER":2,"STREAM_MAGNITUDE":9,"WATERBODY_KEY":null,"BLUE_LINE_KEY_50K":88,"WATERSHED_CODE_50K":"340062200000000000000000000000000000000000000","WATERSHED_KEY_50K":88,"WATERSHED_GROUP_CODE_50K":"KOTL","GRADIENT":null,"FEATURE_CODE":"GA24850000","OBJECTID":1945328,"GEOMETRY.LEN":0,"FEATURE_LENGTH_M":29.2072}},{"type":"Feature","id":1961955,"geometry":{"type":"LineString","coordinates":[[1616350.0260000005,541622.44999999925],[1616341.5610000007,541623.02500000037],[1616323.3890000004,541622.73699999973],[1616298.7440000009,541625.6520000007],[1616274.8550000004,541623.55599999987],[1616257.0250000004,541621.39599999972],[1616223.159,541616.97499999963],[1616207.2090000007,541616],[1616187.0160000008,541624.55800000019],[1616166.4849999994,541642.00500000082],[1616153.4049999993,541650.46800000034],[1616128.2829999998,541657.31299999915],[1616103.8090000004,541659.29199999943],[1616083.2799999993,541661.75],[1616064.148,541662.30399999954],[1616047.0429999996,541661.02999999933],[1616027.284,541657.52099999972],[1616015.6209999993,541655.1520000007],[1616010.8640000001,541652.50300000049],[1616002.1630000006,541649.37600000016]]},"properties":{"LINEAR_FEATURE_ID":707088916,"WATERSHED_GROUP_ID":90,"EDGE_TYPE":1000,"BLUE_LINE_KEY":356545045,"WATERSHED_KEY":356545045,"FWA_WATERSHED_CODE":"300-625474-042847-000000-000000-000000-000000-000000-000000-000000-000000-000000-000000-000000-000000-000000-000000-000000-000000-000000-000000","LOCAL_WATERSHED_CODE":"300-625474-042847-727232-000000-000000-000000-000000-000000-000000-000000-000000-000000-000000-000000-000000-000000-000000-000000-000000-000000","WATERSHED_GROUP_CODE":"KOTL","DOWNSTREAM_ROUTE_MEASURE":10616.926680607799,"LENGTH_METRE":362.22351919321397,"FEATURE_SOURCE":"linear stream -","GNIS_ID":25643,"GNIS_NAME":"Sproule Creek","LEFT_RIGHT_TRIBUTARY":"RIGHT","STREAM_ORDER":4,"STREAM_MAGNITUDE":20,"WATERBODY_KEY":null,"BLUE_LINE_KEY_50K":114,"WATERSHED_CODE_50K":"340095600000000000000000000000000000000000000","WATERSHED_KEY_50K":114,"WATERSHED_GROUP_CODE_50K":"KOTL","GRADIENT":null,"FEATURE_CODE":"GA24850000","OBJECTID":1961955,"GEOMETRY.LEN":0,"FEATURE_LENGTH_M":362.96960000000001}},{"type":"Feature","id":1980233,"geometry":{"type":"LineString","coordinates":[[1606171.4140000008,545176.03800000064],[1606154.4859999996,545197.93600000069],[1606150.7129999995,545203.54499999993],[1606136.4890000001,545220.82399999909],[1606131.2880000006,545230.24899999984],[1606114.7320000008,545248.36500000022],[1606102.5739999991,545264.93300000019],[1606100.0419999994,545268.61700000055],[1606095.4940000009,545273.17799999937],[1606087.5889999997,545280.2070000004],[1606075.7530000005,545292.82799999975],[1606067.5399999991,545302.84999999963],[1606051.5859999992,545308.92100000009],[1606030.5690000001,545315.34400000051],[1606028.3310000002,545316.99100000039],[1606010.0030000005,545326.7650000006],[1605990.3839999996,545338.29800000042],[1605973.8420000002,545348.44400000013],[1605955.1549999993,545361.04499999993],[1605936.1889999993,545367.71399999969],[1605924.3530000001,545373.31900000013],[1605918.1699999999,545374.49499999918],[1605913.7579999994,545376.99899999984],[1605912.6390000004,545377.82200000063],[1605894.4979999997,545385.70500000007],[1605876.9299999997,545397.48299999908],[1605873.4509999994,545401.0549999997],[1605865.3880000003,545408.06599999964],[1605852.1740000006,545424.6679999996],[1605834.6060000006,545443.46199999936],[1605818.3790000007,545460.66200000048],[1605805.1150000002,545477.09899999946],[1605792.9550000001,545493.66699999943],[1605780.9820000008,545508.34400000051],[1605765.9460000005,545523.45399999991],[1605750.1500000004,545536.56000000052],[1605734.2310000006,545550.76700000092],[1605729.3389999997,545557.19999999925],[1605713.0610000007,545574.23399999924],[1605698.0749999993,545589.50899999961],[1605676.4039999992,545600.79900000058],[1605655.1989999991,545609.11500000022],[1605637.3509999998,545614.9609999992],[1605615.6950000003,545618.27999999933],[1605590.3870000001,545619.09200000018],[1605573.7449999992,545614.87800000049],[1605556.6879999992,545606.78700000048],[1605537.3420000002,545600.17699999921],[1605517.2850000001,545598.74499999918],[1605511.102,545599.92200000025],[1605497.6799999997,545602.30900000036],[1605487.5510000009,545603.01600000076],[1605481.2100000009,545604.17400000058],[1605462.2430000007,545610.84400000051],[1605444.6740000006,545622.62399999984],[1605441.2090000007,545625.24000000022],[1605438.0749999993,545626.93999999948],[1605418.6410000008,545636.58400000073],[1605400.4340000004,545645.25799999945],[1605382.8800000008,545656.0820000004],[1605366.1359999999,545669.07599999942],[1605350.0590000004,545683.26600000076],[1605333.7809999995,545700.30100000091],[1605315.9529999997,545722.25500000082],[1605301.2599999998,545742.50799999945],[1605290.6980000008,545761.34100000001],[1605280,545782.23000000045],[1605267.6669999994,545799.7349999994],[1605253.4550000001,545816.06000000052],[1605233.7119999994,545828.69800000079],[1605211.9169999994,545841.09100000001],[1605189.4700000007,545851.33300000057],[1605164.3190000001,545859.18099999987],[1605138.3579999991,545864.8599999994],[1605115.6319999993,545869.16999999993],[1605091.0840000007,545871.9879999999],[1605065.6180000007,545872.78399999999],[1605039.8300000001,545870.5120000001],[1605020.7050000001,545870.14900000021],[1604996.6380000003,545876.05399999954],[1604976.7719999999,545889.7929999996],[1604950.9820000008,545901.55199999921],[1604924.898,545908.33400000073],[1604901.6420000009,545909.39299999923],[1604876.6420000009,545907.21499999985],[1604855.9179999996,545911.60500000045],[1604837.1070000008,545925.31200000085],[1604814.1919999998,545938.52999999933],[1604790.5179999992,545949.74400000088],[1604770.1219999995,545960.23200000077],[1604748.7440000009,545969.4879999999],[1604725.3640000001,545978.6640000008],[1604700.0539999995,545986.49599999934],[1604674.9020000007,545994.34600000083],[1604655.9489999991,546000.06399999931],[1604649.6429999992,546002.34300000034]]},"properties":{"LINEAR_FEATURE_ID":707611280,"WATERSHED_GROUP_ID":186,"EDGE_TYPE":1000,"BLUE_LINE_KEY":356468927,"WATERSHED_KEY":356468927,"FWA_WATERSHED_CODE":"300-625474-020842-320351-000000-000000-000000-000000-000000-000000-000000-000000-000000-000000-000000-000000-000000-000000-000000-000000-000000","LOCAL_WATERSHED_CODE":"300-625474-020842-320351-225657-000000-000000-000000-000000-000000-000000-000000-000000-000000-000000-000000-000000-000000-000000-000000-000000","WATERSHED_GROUP_CODE":"SLOC","DOWNSTREAM_ROUTE_MEASURE":1103.3505491877199,"LENGTH_METRE":1832.17712152235,"FEATURE_SOURCE":"linear stream -","GNIS_ID":25958,"GNIS_NAME":"Watson Creek","LEFT_RIGHT_TRIBUTARY":"RIGHT","STREAM_ORDER":2,"STREAM_MAGNITUDE":2,"WATERBODY_KEY":null,"BLUE_LINE_KEY_50K":154,"WATERSHED_CODE_50K":"340047200316000000000000000000000000000000000","WATERSHED_KEY_50K":154,"WATERSHED_GROUP_CODE_50K":"SLOC","GRADIENT":null,"FEATURE_CODE":"GA24850000","OBJECTID":1980233,"GEOMETRY.LEN":0,"FEATURE_LENGTH_M":1974.6751000000002}},{"type":"Feature","id":1981463,"geometry":{"type":"LineString","coordinates":[[1605155.4399999995,541775.83400000073],[1605159.6870000008,541766.29499999993],[1605165.5209999997,541759.97399999946],[1605171.8190000001,541750.67899999954],[1605176.8920000009,541742.35400000028],[1605183.966,541734.10700000077],[1605186.9729999993,541726.49300000072],[1605189.8080000002,541719.81599999964],[1605192.7650000006,541712.03600000031],[1605196.8910000008,541703.59899999946],[1605199.0720000006,541694.76999999955],[1605205.3279999997,541677.33899999969],[1605207.2170000002,541670.54900000058],[1605208.6420000009,541666.73200000077],[1605216.6569999997,541651.58300000057],[1605222.3699999992,541646.3629999999],[1605228.9749999996,541634.07499999925],[1605232.1030000001,541625.3599999994],[1605234.9379999992,541618.68200000003]]},"properties":{"LINEAR_FEATURE_ID":707612761,"WATERSHED_GROUP_ID":186,"EDGE_TYPE":1000,"BLUE_LINE_KEY":356433336,"WATERSHED_KEY":356433336,"FWA_WATERSHED_CODE":"300-625474-020842-280001-000000-000000-000000-000000-000000-000000-000000-000000-000000-000000-000000-000000-000000-000000-000000-000000-000000","LOCAL_WATERSHED_CODE":"300-625474-020842-280001-448006-000000-000000-000000-000000-000000-000000-000000-000000-000000-000000-000000-000000-000000-000000-000000-000000","WATERSHED_GROUP_CODE":"SLOC","DOWNSTREAM_ROUTE_MEASURE":1498.1742132605902,"LENGTH_METRE":178.11920604381299,"FEATURE_SOURCE":"linear stream -","GNIS_ID":11533,"GNIS_NAME":"Ground Creek","LEFT_RIGHT_TRIBUTARY":"LEFT","STREAM_ORDER":2,"STREAM_MAGNITUDE":2,"WATERBODY_KEY":null,"BLUE_LINE_KEY_50K":150,"WATERSHED_CODE_50K":"340047200277000000000000000000000000000000000","WATERSHED_KEY_50K":150,"WATERSHED_GROUP_CODE_50K":"SLOC","GRADIENT":null,"FEATURE_CODE":"GA24850000","OBJECTID":1981463,"GEOMETRY.LEN":0,"FEATURE_LENGTH_M":202.40040000000002}},{"type":"Feature","id":2026462,"geometry":{"type":"LineString","coordinates":[[1623834.3770000003,543294.77500000037],[1623820.2239999995,543319.19800000079],[1623808.0850000009,543342.75100000016],[1623799.7740000002,543352.89699999988],[1623788.0720000006,543364.38199999928],[1623778.6290000007,543376.30299999937],[1623769.6270000003,543383.17400000058],[1623753.4330000002,543399.37099999934],[1623740.9560000002,543409.80399999954],[1623719.9920000006,543424.29900000058],[1623702.8000000007,543440.21499999985],[1623691.0130000003,543453.92200000025],[1623680.4159999993,543465.54199999943],[1623670.3599999994,543472.44400000013],[1623656.4680000003,543478.71499999985],[1623643.5089999996,543486.05800000019],[1623633.9169999994,543489.98599999957],[1623609.7300000004,543497.86700000055],[1623603.2569999993,543501.06100000069],[1623576.2980000004,543514.82200000063],[1623562.591,543519.20199999958],[1623551.2320000008,543528.81499999948],[1623546.3320000004,543536.18999999948]]},"properties":{"LINEAR_FEATURE_ID":707087200,"WATERSHED_GROUP_ID":90,"EDGE_TYPE":1000,"BLUE_LINE_KEY":356568277,"WATERSHED_KEY":356568277,"FWA_WATERSHED_CODE":"300-625474-048332-391586-000000-000000-000000-000000-000000-000000-000000-000000-000000-000000-000000-000000-000000-000000-000000-000000-000000","LOCAL_WATERSHED_CODE":"300-625474-048332-391586-221335-000000-000000-000000-000000-000000-000000-000000-000000-000000-000000-000000-000000-000000-000000-000000-000000","WATERSHED_GROUP_CODE":"KOTL","DOWNSTREAM_ROUTE_MEASURE":2649.5508941991002,"LENGTH_METRE":386.40390980803403,"FEATURE_SOURCE":"linear stream -","GNIS_ID":18222,"GNIS_NAME":"Baldface Creek","LEFT_RIGHT_TRIBUTARY":"RIGHT","STREAM_ORDER":4,"STREAM_MAGNITUDE":64,"WATERBODY_KEY":null,"BLUE_LINE_KEY_50K":2565,"WATERSHED_CODE_50K":"340108000411000000000000000000000000000000000","WATERSHED_KEY_50K":2565,"WATERSHED_GROUP_CODE_50K":"KOTL","GRADIENT":null,"FEATURE_CODE":"GA24850000","OBJECTID":2026462,"GEOMETRY.LEN":0,"FEATURE_LENGTH_M":386.95830000000001}},{"type":"Feature","id":2056170,"geometry":{"type":"LineString","coordinates":[[1621272.3350000009,537192.78199999966],[1621277.6309999991,537214.63900000043],[1621284.6239999998,537223.62600000016],[1621299.0329999998,537237.50500000082],[1621311.0490000006,537245.03099999949],[1621325.7990000006,537257.03700000048],[1621330.8729999997,537263.71700000018],[1621347.3959999997,537285.02999999933],[1621353.7459999993,537298.88199999928],[1621364.8670000006,537314.43300000019],[1621370.4519999996,537326.27800000086],[1621379.1679999996,537336.43200000003],[1621384.8739999998,537347.17500000075],[1621400.6329999994,537374.45600000024],[1621407.4680000003,537391.39699999988],[1621418.8790000007,537404.91000000015],[1621426.0549999997,537419.98000000045],[1621435.7679999992,537438.38900000043],[1621448.7689999994,537455.12700000033],[1621456.2349999994,537468.15799999982],[1621477.4780000001,537491.00500000082],[1621484.773,537496.99899999984],[1621490.0050000008,537503.69800000079],[1621495.1170000006,537511.49799999967],[1621500.9920000006,537521.30599999987],[1621507.5370000005,537540.28500000015],[1621509.7579999994,537547.57399999909],[1621512.7689999994,537554.95800000057],[1621515.659,537563.4450000003],[1621519.3509999998,537575.05900000036],[1621522.8220000006,537587.44400000013],[1621524.9480000008,537601.89699999988],[1621528.602,537612.3900000006],[1621530.8859999999,537626.8629999999],[1621534.2369999997,537640.34999999963],[1621537.6009999998,537652.88099999912],[1621543.1860000007,537664.72599999979],[1621545.602,537677.14200000092],[1621548.6630000006,537692.66599999927],[1621551.3570000008,537703.99899999984],[1621550.9460000005,537715.1129999999],[1621555.534,537726.67699999921],[1621557.0170000009,537738.02199999988],[1621564.6520000007,537750.11700000055],[1621569.2400000002,537761.68200000003],[1621573.4299999997,537775.4299999997],[1621576.5969999991,537782.83400000073],[1621581.0649999995,537795.5],[1621583.6520000007,537806.98000000045],[1621585.3619999997,537809.10199999996],[1621588.0810000002,537818.52500000037],[1621590.0120000001,537827.85099999979],[1621594.0059999991,537836.47199999914],[1621596.0690000001,537843.74100000039],[1621598.3029999994,537850.07399999909],[1621600.8900000006,537861.55399999954],[1621602.5419999994,537879.93600000069],[1621605.4309999999,537896.39699999988],[1621607.3619999997,537905.7229999993],[1621614.0130000003,537916.5820000004],[1621616.9020000007,537925.06799999997],[1621622.9480000008,537933.93999999948],[1621631.9529999997,537942.05700000003],[1621648.1209999993,537950.25100000016],[1621656.0089999996,537951.21399999969],[1621683.8279999997,537954.76999999955],[1621696.6449999996,537957.45199999958],[1621705.1899999995,537960.56799999997],[1621730.1180000007,537963.61199999973],[1621743.8819999993,537966.41000000015],[1621757.6459999997,537969.2070000004],[1621778.352,537972.85199999996],[1621792.1160000004,537975.64900000021],[1621806.6429999992,537980.45399999991],[1621823.1009999998,537986.6099999994],[1621829.2919999994,537992.47000000067],[1621842.2909999993,538001.23399999924],[1621852.9360000007,538020.71600000001],[1621871.6270000003,538041.1799999997],[1621883.9820000008,538054.80900000036],[1621895.8650000002,538064.39499999955],[1621906.8139999993,538072.90899999999],[1621915.3330000006,538077.93600000069],[1621929.5690000001,538084.77899999917],[1621935.9179999996,538090.65799999982],[1621948.5639999993,538094.27600000054],[1621959.9739999995,538099.81699999981],[1621967.9120000005,538108.91999999993],[1621982.7919999994,538118.87199999951],[1621992.6109999996,538129.16200000048],[1622007.8430000003,538144.25999999978],[1622028.1359999999,538166.99400000088],[1622043.4890000001,538180.99000000022],[1622056.3670000006,538198.83100000024],[1622070.4829999991,538214.75],[1622080.4829999991,538231.12299999967],[1622090.7870000005,538244.50300000049],[1622101.0779999997,538258.83799999952],[1622112.5370000005,538272.51899999939],[1622125.0620000008,538285.21299999952],[1622132.0030000005,538294.03600000031],[1622148.0109999999,538310.18600000069],[1622154.6989999991,538322.16699999943],[1622167.7090000007,538337.95099999942],[1622174.2390000001,538349.91300000064],[1622185.3440000005,538366.42200000025],[1622192.8200000003,538378.49899999984],[1622203.875,538386.86800000072],[1622219.4600000009,538407.1129999999],[1622229.0940000005,538419.29499999993],[1622247.6270000003,538431.76799999923],[1622253.6840000004,538439.68500000052],[1622274.6190000009,538465.52899999917],[1622287.1439999994,538478.22399999946],[1622299.0240000002,538495.78399999999],[1622318.5519999992,538516.5120000001],[1622335.9529999997,538538.7349999994],[1622353.4179999996,538560.16699999943],[1622369.1219999995,538579.31200000085],[1622378.6610000003,538590.68500000052],[1622394.6429999992,538608.74699999951],[1622405.5889999997,538625.23699999973],[1622419.5830000006,538642.25799999945],[1622425.9409999996,538655.15699999966],[1622437.8200000003,538672.71800000034],[1622447.9900000002,538688.15499999933],[1622458.2799999993,538702.49100000039],[1622468.6329999994,538716.03800000064],[1622479.2640000004,538728.50200000033],[1622483.2190000005,538736.00300000049],[1622497.5010000002,538758.9609999992],[1622510.9590000007,538772.72800000012],[1622525.2559999991,538786.75699999928],[1622530.4859999996,538793.4570000004],[1622540.3029999994,538803.74799999967],[1622558.7129999995,538825.29800000042],[1622567.1219999995,538838.44700000063],[1622576.648,538850.7770000007],[1622594.5350000001,538868.11600000039],[1622605.1649999991,538880.58000000007],[1622620.807,538892.54099999927],[1622631.9220000003,538908.09500000067]]},"properties":{"LINEAR_FEATURE_ID":707093448,"WATERSHED_GROUP_ID":90,"EDGE_TYPE":1000,"BLUE_LINE_KEY":356546566,"WATERSHED_KEY":356546566,"FWA_WATERSHED_CODE":"300-625474-042847-221596-000000-000000-000000-000000-000000-000000-000000-000000-000000-000000-000000-000000-000000-000000-000000-000000-000000","LOCAL_WATERSHED_CODE":"300-625474-042847-221596-000000-000000-000000-000000-000000-000000-000000-000000-000000-000000-000000-000000-000000-000000-000000-000000-000000","WATERSHED_GROUP_CODE":"KOTL","DOWNSTREAM_ROUTE_MEASURE":0,"LENGTH_METRE":2289.3521513923201,"FEATURE_SOURCE":"linear stream -","GNIS_ID":25836,"GNIS_NAME":"Rixen Creek","LEFT_RIGHT_TRIBUTARY":"LEFT","STREAM_ORDER":3,"STREAM_MAGNITUDE":9,"WATERBODY_KEY":null,"BLUE_LINE_KEY_50K":2542,"WATERSHED_CODE_50K":"340095600220000000000000000000000000000000000","WATERSHED_KEY_50K":2542,"WATERSHED_GROUP_CODE_50K":"KOTL","GRADIENT":null,"FEATURE_CODE":"GA24850000","OBJECTID":2056170,"GEOMETRY.LEN":0,"FEATURE_LENGTH_M":2323.0415000000003}},{"type":"Feature","id":2071446,"geometry":{"type":"LineString","coordinates":[[1623146.3859999999,548365.86700000055],[1623147.1600000001,548366.91899999976],[1623155.2510000002,548375.08999999985],[1623161.1199999992,548383.9450000003],[1623167.5789999999,548388.72499999963],[1623172.1439999994,548393.27300000004],[1623177.5490000006,548398.08300000057],[1623183.0759999994,548401.79099999927],[1623190.0160000008,548402.64299999923],[1623194.9419999998,548404.3629999999],[1623202.534,548407.36800000072],[1623208.341,548409.99499999918],[1623213.7459999993,548414.8049999997],[1623220.8560000006,548421.73900000006],[1623226.5399999991,548425.46700000018],[1623232.8910000008,548430.39299999923],[1623239.5219999999,548434.23699999973],[1623247.0989999995,548438.19800000079],[1623251.852,548440.85400000028],[1623260.3760000002,548444.93099999987],[1623268.6050000004,548451.04499999993],[1623275.0639999993,548455.82499999925],[1623280.7479999997,548459.55299999937],[1623285.0480000004,548464.22800000012],[1623290.5600000005,548468.89200000092],[1623299.5989999995,548477.17899999954],[1623306.5710000005,548486.16899999976],[1623313.4940000009,548494.99400000088],[1623319.3629999999,548503.84999999963],[1623323.943,548507.44199999981],[1623334.5170000009,548511.76999999955],[1623343.2139999997,548514.91100000031],[1623348.4309999999,548521.6129999999],[1623357.2960000001,548530.8359999992],[1623364.5639999993,548537.7890000008],[1623369.9680000003,548542.59899999946],[1623378.477,548547.63099999912],[1623383.8819999993,548552.44199999981],[1623390.3399999999,548557.22199999914],[1623398.0859999992,548567.2650000006],[1623401.2530000005,548573.71499999985],[1623404.4539999999,548581.28600000031],[1623407.7430000007,548586.63399999961],[1623413.9059999995,548593.45199999958],[1623418.659,548596.10899999924],[1623425.3049999997,548598.99799999967]]},"properties":{"LINEAR_FEATURE_ID":707083608,"WATERSHED_GROUP_ID":90,"EDGE_TYPE":1000,"BLUE_LINE_KEY":356568277,"WATERSHED_KEY":356568277,"FWA_WATERSHED_CODE":"300-625474-048332-391586-000000-000000-000000-000000-000000-000000-000000-000000-000000-000000-000000-000000-000000-000000-000000-000000-000000","LOCAL_WATERSHED_CODE":"300-625474-048332-391586-740287-000000-000000-000000-000000-000000-000000-000000-000000-000000-000000-000000-000000-000000-000000-000000-000000","WATERSHED_GROUP_CODE":"KOTL","DOWNSTREAM_ROUTE_MEASURE":8861.7831299946411,"LENGTH_METRE":372.27167109831703,"FEATURE_SOURCE":"linear stream -","GNIS_ID":18222,"GNIS_NAME":"Baldface Creek","LEFT_RIGHT_TRIBUTARY":"RIGHT","STREAM_ORDER":3,"STREAM_MAGNITUDE":8,"WATERBODY_KEY":null,"BLUE_LINE_KEY_50K":2565,"WATERSHED_CODE_50K":"340108000411000000000000000000000000000000000","WATERSHED_KEY_50K":2565,"WATERSHED_GROUP_CODE_50K":"KOTL","GRADIENT":null,"FEATURE_CODE":"GA24850000","OBJECTID":2071446,"GEOMETRY.LEN":0,"FEATURE_LENGTH_M":378.91079999999999}},{"type":"Feature","id":2071447,"geometry":{"type":"LineString","coordinates":[[1624136.3350000009,543007.71000000089],[1624116.1469999999,543023.25699999928],[1624102.4739999995,543043.75],[1624098.3489999995,543052.17600000091],[1624095.2080000006,543061.83899999969]]},"properties":{"LINEAR_FEATURE_ID":707087465,"WATERSHED_GROUP_ID":90,"EDGE_TYPE":1000,"BLUE_LINE_KEY":356568277,"WATERSHED_KEY":356568277,"FWA_WATERSHED_CODE":"300-625474-048332-391586-000000-000000-000000-000000-000000-000000-000000-000000-000000-000000-000000-000000-000000-000000-000000-000000-000000","LOCAL_WATERSHED_CODE":"300-625474-048332-391586-185880-000000-000000-000000-000000-000000-000000-000000-000000-000000-000000-000000-000000-000000-000000-000000-000000","WATERSHED_GROUP_CODE":"KOTL","DOWNSTREAM_ROUTE_MEASURE":2225.1259796750301,"LENGTH_METRE":69.658426720064796,"FEATURE_SOURCE":"linear stream -","GNIS_ID":18222,"GNIS_NAME":"Baldface Creek","LEFT_RIGHT_TRIBUTARY":"RIGHT","STREAM_ORDER":4,"STREAM_MAGNITUDE":67,"WATERBODY_KEY":null,"BLUE_LINE_KEY_50K":2565,"WATERSHED_CODE_50K":"340108000411000000000000000000000000000000000","WATERSHED_KEY_50K":2565,"WATERSHED_GROUP_CODE_50K":"KOTL","GRADIENT":null,"FEATURE_CODE":"GA24850000","OBJECTID":2071447,"GEOMETRY.LEN":0,"FEATURE_LENGTH_M":69.727900000000005}},{"type":"Feature","id":2079422,"geometry":{"type":"LineString","coordinates":[[1604627.7379999999,527759.33500000089],[1604619.6760000009,527759.3359999992],[1604612.6799999997,527758.34699999914],[1604605.2679999992,527761.45399999991],[1604598.1429999992,527762.52199999988],[1604578.6309999991,527773.27999999933],[1604561.8839999996,527777.19299999997],[1604555.0720000006,527783.24000000022],[1604535.3910000008,527794.93500000052],[1604519.477,527808.98900000006],[1604509.4289999995,527816.88399999961],[1604491.3599999994,527839.76799999923],[1604481.2510000002,527848.45299999975],[1604467.3849999998,527853.82300000079],[1604457.9210000001,527856.68700000085],[1604449.5109999999,527859.51600000076],[1604432.9330000002,527862.49300000072],[1604412.6840000004,527863.91899999976],[1604394.9900000002,527867.72100000083],[1604389.4729999993,527871.05199999921],[1604375.6870000008,527892.53099999949],[1604373.7259999998,527907.44099999964],[1604370.0800000001,527912.90699999966],[1604363.1490000002,527920.05599999987],[1604335.3039999995,527940.82599999942],[1604318.2589999996,527947.73299999908],[1604303.8509999998,527949.85199999996],[1604290.7520000003,527957.22599999979],[1604279.4049999993,527958.91100000031],[1604259.4529999997,527957.34500000067],[1604240.1630000006,527957.92899999954]]},"properties":{"LINEAR_FEATURE_ID":707618106,"WATERSHED_GROUP_ID":186,"EDGE_TYPE":1000,"BLUE_LINE_KEY":356537519,"WATERSHED_KEY":356537519,"FWA_WATERSHED_CODE":"300-625474-020842-045408-245208-000000-000000-000000-000000-000000-000000-000000-000000-000000-000000-000000-000000-000000-000000-000000-000000","LOCAL_WATERSHED_CODE":"300-625474-020842-045408-245208-377349-000000-000000-000000-000000-000000-000000-000000-000000-000000-000000-000000-000000-000000-000000-000000","WATERSHED_GROUP_CODE":"SLOC","DOWNSTREAM_ROUTE_MEASURE":3534.0822995466101,"LENGTH_METRE":464.25755827876503,"FEATURE_SOURCE":"linear stream -","GNIS_ID":13252,"GNIS_NAME":"Gander Creek","LEFT_RIGHT_TRIBUTARY":"LEFT","STREAM_ORDER":3,"STREAM_MAGNITUDE":9,"WATERBODY_KEY":null,"BLUE_LINE_KEY_50K":21,"WATERSHED_CODE_50K":"340047200045002440000000000000000000000000000","WATERSHED_KEY_50K":21,"WATERSHED_GROUP_CODE_50K":"SLOC","GRADIENT":null,"FEATURE_CODE":"GA24850000","OBJECTID":2079422,"GEOMETRY.LEN":0,"FEATURE_LENGTH_M":470.86470000000003}},{"type":"Feature","id":2114812,"geometry":{"type":"LineString","coordinates":[[1621856.7589999996,530621.60500000045],[1621872.3340000007,530609.47100000083],[1621889.3010000009,530595.43500000052],[1621907.682,530577.58500000089],[1621924.2210000008,530559.66899999976],[1621929.8440000005,530547.27899999917],[1621945.6840000004,530526.08799999952],[1621965.4900000002,530512.39900000021],[1621976.9910000004,530501.84200000018],[1621999.4859999996,530483.53600000031],[1622020.2789999992,530471.08300000057],[1622031.4419999998,530462.39900000021],[1622037.7129999995,530453.11800000072]]},"properties":{"LINEAR_FEATURE_ID":707099203,"WATERSHED_GROUP_ID":90,"EDGE_TYPE":1000,"BLUE_LINE_KEY":356540400,"WATERSHED_KEY":356540400,"FWA_WATERSHED_CODE":"300-625474-033700-000000-000000-000000-000000-000000-000000-000000-000000-000000-000000-000000-000000-000000-000000-000000-000000-000000-000000","LOCAL_WATERSHED_CODE":"300-625474-033700-399531-000000-000000-000000-000000-000000-000000-000000-000000-000000-000000-000000-000000-000000-000000-000000-000000-000000","WATERSHED_GROUP_CODE":"KOTL","DOWNSTREAM_ROUTE_MEASURE":4965.8890571530901,"LENGTH_METRE":250.10288884133101,"FEATURE_SOURCE":"linear stream -","GNIS_ID":11830,"GNIS_NAME":"Fortynine Creek","LEFT_RIGHT_TRIBUTARY":"LEFT","STREAM_ORDER":3,"STREAM_MAGNITUDE":21,"WATERBODY_KEY":null,"BLUE_LINE_KEY_50K":99,"WATERSHED_CODE_50K":"340075200000000000000000000000000000000000000","WATERSHED_KEY_50K":99,"WATERSHED_GROUP_CODE_50K":"KOTL","GRADIENT":null,"FEATURE_CODE":"GA24850000","OBJECTID":2114812,"GEOMETRY.LEN":0,"FEATURE_LENGTH_M":251.27110000000002}},{"type":"Feature","id":2159988,"geometry":{"type":"LineString","coordinates":[[1614224.4629999995,530542.9729999993],[1614222.8450000007,530563.98399999924],[1614211.4140000008,530581.73900000006],[1614202.9079999998,530592.67200000025],[1614187.2329999991,530612.94600000046],[1614171.0160000008,530629.96499999985],[1614158.4580000006,530649.49799999967],[1614153.5879999995,530655.92699999921],[1614139.5069999993,530679.42200000025],[1614135.7019999996,530684.8629999999],[1614131.2890000008,530688.31699999981],[1614126.5879999995,530693.81000000052],[1614119.4969999995,530700.92699999921],[1614114.5079999994,530708.45800000057],[1614111.0419999994,530712.02600000054],[1614108.5219999999,530715.70900000073],[1614104.7559999991,530722.26999999955],[1614103.8320000004,530729.17400000058],[1614093.9729999993,530743.13299999945],[1614078.2239999995,530756.22399999946],[1614070.6429999992,530760.25300000049],[1614051.4279999994,530767.98399999924],[1614044.3039999995,530769.0390000008],[1614025.4949999992,530773.62900000066],[1614008.3320000004,530781.60700000077],[1614001.0380000006,530783.5979999993],[1613984.9179999996,530783.5700000003],[1613972.9130000006,530783.08100000024],[1613967.6940000001,530783.40899999999],[1613963.7369999997,530783.8900000006],[1613947.0419999994,530787.93799999915],[1613939.4719999991,530791.0120000001],[1613920.534,530797.66000000015],[1613912.9529999997,530801.68999999948],[1613909.1980000008,530807.29600000009],[1613895.0659999996,530830.62600000016],[1613877.6140000001,530849.57100000046],[1613863.7579999994,530862.88900000043],[1613860.8210000005,530870.66699999943],[1613851.2599999998,530890.56100000069],[1613849.8560000006,530893.42200000025],[1613848.2829999998,530897.21800000034],[1613846.2929999996,530905.1099999994],[1613842.0700000003,530914.64599999972],[1613839.7300000004,530925.36500000022],[1613838.1569999997,530929.16200000048],[1613837.5700000003,530934.19299999997],[1613834.7620000001,530939.9140000008],[1613823.1490000002,530959.56100000069],[1613817.3200000003,530966.8320000004],[1613799.5189999994,530979.67500000075],[1613793.4250000007,530987.07300000079],[1613788.2550000008,530996.49499999918],[1613779.4499999993,531010.42200000025],[1613773.6319999993,531016.73699999973],[1613766.7100000009,531022.91899999976],[1613749.1960000005,531033.72499999963],[1613740.2109999992,531040.61500000022],[1613737.5610000007,531046.35500000045],[1613737.6429999992,531061.51099999994],[1613740.7239999995,531077.02899999917],[1613741.3929999992,531087.15399999917],[1613740.8279999997,531099.20299999975],[1613736.784,531115.77600000054],[1613732.9419999998,531137.47499999963],[1613732.3770000003,531149.52400000021],[1613732.6380000003,531171.71700000018],[1613733.0189999994,531183.88099999912],[1613735.3220000006,531198.3479999993],[1613735.3530000001,531213.33799999952],[1613734.7870000005,531225.38800000027],[1613738.0460000001,531247.94199999981],[1613741.2960000001,531262.52300000004],[1613741.2080000006,531278.61600000039],[1613738.7699999996,531297.45500000007],[1613736.9580000006,531312.38299999945],[1613736.2219999991,531325.36800000072],[1613734.5399999991,531338.24000000022],[1613730.1860000007,531349.83300000057],[1613722.5069999993,531361.98200000077],[1613712.6559999995,531383.91499999911],[1613709.6669999994,531391.5270000007],[1613705.0460000001,531412.17600000091],[1613703.4820000008,531423.9450000003],[1613700.0869999994,531434.69700000063],[1613697.4460000005,531448.41000000015],[1613691.9480000008,531458.74899999984],[1613683.2119999994,531479.8599999994],[1613678.5199999996,531493.32499999925],[1613672.5920000002,531508.71499999985],[1613668.8369999994,531514.32100000046],[1613664.6339999996,531530.875],[1613664.0669999998,531542.92400000058],[1613663.1799999997,531550.94899999909],[1613661.0490000006,531574.76799999923],[1613655.0030000005,531591.25899999961],[1613648.2579999994,531604.47800000012],[1613642.1610000003,531620.80399999954],[1613636.5419999994,531641.17300000042],[1613633.6239999998,531655.96800000034],[1613627.2379999999,531674.3320000004],[1613624.8959999997,531685.05199999921],[1613619.2679999992,531697.44800000079],[1613612.4250000007,531718.78600000031],[1613611.3800000008,531726.79199999943],[1613605.7599999998,531747.16100000031],[1613602.6520000007,531755.875],[1613600.7670000009,531763.61999999918],[1613595.0280000009,531785.09100000001],[1613590.3460000008,531797.60199999996],[1613585.6520000007,531811.06699999981],[1613580.0240000002,531823.46399999969],[1613575.2229999993,531837.07599999942],[1613573.1799999997,531844.80199999921],[1613568.6559999995,531857.33100000024],[1613564.9000000004,531862.93799999915],[1613558.4539999999,531873.16300000064],[1613555.3460000008,531881.87700000033],[1613545.6109999996,531902.70800000057],[1613540.6079999991,531911.19400000013],[1613528.7029999997,531932.87900000066],[1613525.8819999993,531939.5549999997],[1613520.2530000005,531951.95099999942],[1613515.7400000002,531963.52600000054]]},"properties":{"LINEAR_FEATURE_ID":707099127,"WATERSHED_GROUP_ID":90,"EDGE_TYPE":1000,"BLUE_LINE_KEY":356534008,"WATERSHED_KEY":356534008,"FWA_WATERSHED_CODE":"300-625474-027365-000000-000000-000000-000000-000000-000000-000000-000000-000000-000000-000000-000000-000000-000000-000000-000000-000000-000000","LOCAL_WATERSHED_CODE":"300-625474-027365-000000-000000-000000-000000-000000-000000-000000-000000-000000-000000-000000-000000-000000-000000-000000-000000-000000-000000","WATERSHED_GROUP_CODE":"KOTL","DOWNSTREAM_ROUTE_MEASURE":108.591204815534,"LENGTH_METRE":1708.1638054459399,"FEATURE_SOURCE":"linear stream -","GNIS_ID":27368,"GNIS_NAME":"Smoky Creek","LEFT_RIGHT_TRIBUTARY":"RIGHT","STREAM_ORDER":2,"STREAM_MAGNITUDE":3,"WATERBODY_KEY":null,"BLUE_LINE_KEY_50K":87,"WATERSHED_CODE_50K":"340061900000000000000000000000000000000000000","WATERSHED_KEY_50K":87,"WATERSHED_GROUP_CODE_50K":"KOTL","GRADIENT":null,"FEATURE_CODE":"GA24850000","OBJECTID":2159988,"GEOMETRY.LEN":0,"FEATURE_LENGTH_M":1751.4097000000002}},{"type":"Feature","id":2179955,"geometry":{"type":"LineString","coordinates":[[1603288.0270000007,541703.43700000085],[1603280.5759999994,541697.45199999958],[1603267.5739999991,541681.72100000083],[1603257.7520000003,541679.43999999948],[1603238.9340000004,541676.09300000034],[1603224.5120000001,541671.19400000013],[1603204.2819999997,541670.70900000073],[1603195.5700000003,541675.57499999925],[1603182.7770000007,541682.02899999917],[1603161.7689999994,541695.48100000061],[1603146.7620000001,541694.65899999999],[1603124.7039999999,541685.66699999943],[1603109.5250000004,541685.77999999933],[1603100.557,541693.8049999997],[1603092.9680000003,541704.86199999973],[1603090.9580000006,541712.75500000082],[1603085.1229999997,541719.07799999975],[1603073.3990000002,541724.5429999996],[1603064.0960000008,541726.47000000067],[1603047.2789999992,541723.20099999942],[1603025.5779999997,541711.38199999928],[1603004.6889999993,541701.73200000077],[1602981.2709999997,541695.76799999923],[1602965.7440000009,541690.73900000006],[1602951.8049999997,541688.92699999921],[1602932.0399999991,541685.46900000051],[1602922.2039999999,541684.14399999939],[1602904.4539999999,541679.80800000019],[1602883.0869999994,541674.08799999952],[1602865.8509999998,541666.94400000013],[1602842.7390000001,541657.98699999973],[1602825.4389999993,541651.63299999945],[1602811.8560000006,541646.99499999918],[1602798.8640000001,541645.29600000009],[1602780.4959999993,541639.93099999987],[1602770.9670000002,541635.6129999999],[1602753.7310000006,541628.47000000067],[1602736.3230000008,541622.2620000001],[1602718.8660000004,541615.8900000006],[1602704.1510000005,541613.02999999933],[1602691.5010000002,541609.45900000073],[1602674.5629999992,541607.2929999996],[1602665.6740000006,541606.08100000024],[1602646.8420000002,541603.69099999964],[1602634.8469999991,541602.26999999955],[1602621.0649999995,541600.47800000012],[1602609.1779999994,541598.91100000031],[1602592.4110000003,541595.80900000036],[1602570.4220000003,541593.04499999993],[1602548.5769999996,541591.25500000082],[1602534.3320000004,541592.43799999915],[1602523.7390000001,541596.125],[1602514.9059999995,541602.09400000051],[1602500.3719999995,541612.33000000007],[1602493.591,541618.54099999927],[1602476.3790000007,541635.47499999963],[1602459.9570000004,541652.50100000016],[1602452.8690000009,541661.70600000024],[1602438.6699999999,541678.0390000008],[1602421.1789999995,541696.05599999987],[1602414.3469999991,541702.10199999996],[1602409.3379999995,541709.6400000006],[1602394.9529999997,541727.86500000022],[1602390.2369999997,541733.36400000006],[1602373.6789999995,541752.44800000079],[1602354.1229999997,541771.17600000091],[1602337.8159999996,541780.08699999936],[1602320.2699999996,541790.92300000042],[1602301.0010000002,541800.5979999993],[1602285.9979999997,541806.7929999996],[1602277.6290000007,541809.78800000064],[1602263.0899999999,541813.00899999961],[1602245.1960000005,541818.70299999975],[1602223.2390000001,541832.04600000009],[1602214.6980000008,541835.97699999996],[1602193.3910000008,541844.45500000007],[1602176.0160000008,541854.35500000045],[1602164.9450000003,541861.9729999993],[1602153.3959999997,541873.51899999939],[1602135.25,541889.38599999994]]},"properties":{"LINEAR_FEATURE_ID":707612779,"WATERSHED_GROUP_ID":186,"EDGE_TYPE":1000,"BLUE_LINE_KEY":356534761,"WATERSHED_KEY":356534761,"FWA_WATERSHED_CODE":"300-625474-020842-261758-000000-000000-000000-000000-000000-000000-000000-000000-000000-000000-000000-000000-000000-000000-000000-000000-000000","LOCAL_WATERSHED_CODE":"300-625474-020842-261758-000000-000000-000000-000000-000000-000000-000000-000000-000000-000000-000000-000000-000000-000000-000000-000000-000000","WATERSHED_GROUP_CODE":"SLOC","DOWNSTREAM_ROUTE_MEASURE":115.845633215492,"LENGTH_METRE":1320.98199850112,"FEATURE_SOURCE":"linear stream -","GNIS_ID":22906,"GNIS_NAME":"McFayden Creek","LEFT_RIGHT_TRIBUTARY":"RIGHT","STREAM_ORDER":3,"STREAM_MAGNITUDE":10,"WATERBODY_KEY":null,"BLUE_LINE_KEY_50K":145,"WATERSHED_CODE_50K":"340047200260000000000000000000000000000000000","WATERSHED_KEY_50K":145,"WATERSHED_GROUP_CODE_50K":"SLOC","GRADIENT":null,"FEATURE_CODE":"GA24850000","OBJECTID":2179955,"GEOMETRY.LEN":0,"FEATURE_LENGTH_M":1350.9075}},{"type":"Feature","id":2180722,"geometry":{"type":"LineString","coordinates":[[1613809.8880000003,539477.26400000043],[1613808.4749999996,539488.09600000083],[1613806.7709999997,539500.96600000001],[1613803.2190000005,539521.74599999934],[1613803.5749999993,539541.88000000082],[1613805.5150000006,539550.24699999951],[1613820.0850000009,539571.13900000043],[1613825.1940000001,539578.93099999987],[1613832.4839999992,539592.88599999994],[1613836.193,539610.55399999954],[1613837.3059999999,539617.70500000007],[1613840.0639999993,539643.23200000077],[1613840.932,539660.55800000019],[1613840.807,539669.63199999928],[1613840.0950000007,539690.75500000082],[1613843.2550000008,539706.125],[1613849.6699999999,539726.19299999997],[1613852.5390000008,539743.60099999979],[1613853.5319999997,539751.85400000028],[1613855.9289999995,539765.21800000034],[1613858.3990000002,539784.81100000069],[1613860.1539999992,539795.06900000013],[1613864.7960000001,539813.80700000003],[1613866.8430000003,539822.0270000007],[1613870.4169999994,539841.75200000033]]},"properties":{"LINEAR_FEATURE_ID":707091067,"WATERSHED_GROUP_ID":90,"EDGE_TYPE":1000,"BLUE_LINE_KEY":356565749,"WATERSHED_KEY":356565749,"FWA_WATERSHED_CODE":"300-625474-033788-000000-000000-000000-000000-000000-000000-000000-000000-000000-000000-000000-000000-000000-000000-000000-000000-000000-000000","LOCAL_WATERSHED_CODE":"300-625474-033788-826118-000000-000000-000000-000000-000000-000000-000000-000000-000000-000000-000000-000000-000000-000000-000000-000000-000000","WATERSHED_GROUP_CODE":"KOTL","DOWNSTREAM_ROUTE_MEASURE":9838.5519679608096,"LENGTH_METRE":377.03961956236401,"FEATURE_SOURCE":"linear stream -","GNIS_ID":18605,"GNIS_NAME":"Falls Creek","LEFT_RIGHT_TRIBUTARY":"RIGHT","STREAM_ORDER":3,"STREAM_MAGNITUDE":5,"WATERBODY_KEY":null,"BLUE_LINE_KEY_50K":106,"WATERSHED_CODE_50K":"340075500000000000000000000000000000000000000","WATERSHED_KEY_50K":106,"WATERSHED_GROUP_CODE_50K":"KOTL","GRADIENT":null,"FEATURE_CODE":"GA24850000","OBJECTID":2180722,"GEOMETRY.LEN":0,"FEATURE_LENGTH_M":379.49400000000003}},{"type":"Feature","id":2184166,"geometry":{"type":"LineString","coordinates":[[1616002.1630000006,541649.37600000016],[1615982.8660000004,541642.89399999939],[1615959.5889999997,541634.81299999915],[1615940.1769999992,541636.44899999909],[1615922.6459999997,541639.27099999972],[1615896.8560000006,541644.91899999976],[1615878.0859999992,541649.6640000008],[1615862.4480000008,541652.71499999985],[1615843.023,541655.30700000003],[1615835.909,541655.4020000007],[1615814.4330000002,541657.74699999951],[1615794.0250000004,541659.10400000028],[1615773.7880000006,541659.52500000037],[1615754.3770000003,541661.16200000048]]},"properties":{"LINEAR_FEATURE_ID":707088882,"WATERSHED_GROUP_ID":90,"EDGE_TYPE":1000,"BLUE_LINE_KEY":356545045,"WATERSHED_KEY":356545045,"FWA_WATERSHED_CODE":"300-625474-042847-000000-000000-000000-000000-000000-000000-000000-000000-000000-000000-000000-000000-000000-000000-000000-000000-000000-000000","LOCAL_WATERSHED_CODE":"300-625474-042847-752043-000000-000000-000000-000000-000000-000000-000000-000000-000000-000000-000000-000000-000000-000000-000000-000000-000000","WATERSHED_GROUP_CODE":"KOTL","DOWNSTREAM_ROUTE_MEASURE":10979.150199800999,"LENGTH_METRE":252.41837030589102,"FEATURE_SOURCE":"linear stream -","GNIS_ID":25643,"GNIS_NAME":"Sproule Creek","LEFT_RIGHT_TRIBUTARY":"RIGHT","STREAM_ORDER":4,"STREAM_MAGNITUDE":19,"WATERBODY_KEY":null,"BLUE_LINE_KEY_50K":114,"WATERSHED_CODE_50K":"340095600000000000000000000000000000000000000","WATERSHED_KEY_50K":114,"WATERSHED_GROUP_CODE_50K":"KOTL","GRADIENT":null,"FEATURE_CODE":"GA24850000","OBJECTID":2184166,"GEOMETRY.LEN":0,"FEATURE_LENGTH_M":252.96450000000002}},{"type":"Feature","id":2214285,"geometry":{"type":"LineString","coordinates":[[1622145.2320000008,536401.00200000033],[1622134.0580000002,536409.68400000036],[1622114.0120000001,536424.1400000006],[1622097.0140000004,536439.12800000049],[1622088.0730000008,536446.16899999976],[1622075.2569999993,536451.46199999936],[1622067.2630000003,536458.61900000088],[1622063.1500000004,536467.04700000025],[1622059.7449999992,536477.79499999993],[1622053.6339999996,536494.1129999999],[1622045.1669999994,536505.19899999909],[1622035.5189999994,536509.92100000009],[1622018.8210000005,536513.94199999981],[1622006.9379999992,536512.33100000024],[1621982.2870000005,536508.20399999991],[1621967.4049999993,536506.22699999996],[1621952.4169999994,536504.39699999988],[1621937.7060000002,536501.48399999924],[1621919.8770000003,536499.30599999987],[1621902.9450000003,536497.07899999991],[1621885.0659999996,536494.73699999973],[1621860.5989999995,536496.69299999997],[1621845.9529999997,536500.96499999985],[1621837.8949999996,536508.91200000048],[1621830.4949999992,536519.0120000001],[1621823.4489999991,536534.25899999961],[1621816.3760000002,536543.44299999997],[1621811.0390000008,536552.83799999952],[1621804.6380000003,536571.19400000013],[1621801.4039999992,536588.98000000045],[1621799.4069999997,536604.84300000034],[1621797.6989999991,536618.66899999976],[1621796.9509999994,536631.65499999933],[1621795.3059999999,536644.69099999964],[1621792.4949999992,536666.35600000061],[1621790.2080000006,536684.25699999928],[1621789.6170000006,536697.26300000027],[1621786.8550000004,536711.11900000088],[1621784.977,536725.88099999912],[1621783.3460000008,536745.93600000069],[1621779.4550000001,536761.56799999997],[1621774.1050000004,536771.91899999976],[1621761.8269999996,536788.44099999964],[1621753.8190000001,536796.55399999954],[1621729.2479999997,536814.60500000045],[1621722.1870000008,536822.83300000057],[1621718.1380000003,536838.44600000046],[1621713.7219999991,536849.86800000072],[1621701.9159999993,536862.4609999992],[1621700.6789999995,536864.38299999945],[1621692.9739999995,536869.50300000049],[1621682.3790000007,536874.1099999994],[1621672.9130000006,536876.94199999981]]},"properties":{"LINEAR_FEATURE_ID":707094213,"WATERSHED_GROUP_ID":90,"EDGE_TYPE":1000,"BLUE_LINE_KEY":356545045,"WATERSHED_KEY":356545045,"FWA_WATERSHED_CODE":"300-625474-042847-000000-000000-000000-000000-000000-000000-000000-000000-000000-000000-000000-000000-000000-000000-000000-000000-000000-000000","LOCAL_WATERSHED_CODE":"300-625474-042847-130184-000000-000000-000000-000000-000000-000000-000000-000000-000000-000000-000000-000000-000000-000000-000000-000000-000000","WATERSHED_GROUP_CODE":"KOTL","DOWNSTREAM_ROUTE_MEASURE":1900.5708451997202,"LENGTH_METRE":790.75700777663508,"FEATURE_SOURCE":"linear stream -","GNIS_ID":25643,"GNIS_NAME":"Sproule Creek","LEFT_RIGHT_TRIBUTARY":"RIGHT","STREAM_ORDER":4,"STREAM_MAGNITUDE":80,"WATERBODY_KEY":null,"BLUE_LINE_KEY_50K":114,"WATERSHED_CODE_50K":"340095600000000000000000000000000000000000000","WATERSHED_KEY_50K":114,"WATERSHED_GROUP_CODE_50K":"KOTL","GRADIENT":null,"FEATURE_CODE":"GA24850000","OBJECTID":2214285,"GEOMETRY.LEN":0,"FEATURE_LENGTH_M":792.37279999999998}},{"type":"Feature","id":2226978,"geometry":{"type":"LineString","coordinates":[[1604957.2890000008,527746.75899999961],[1604950.7219999991,527759.05100000091],[1604942.557,527768.125],[1604935.6370000001,527774.31799999997],[1604929.6280000005,527774.56100000069],[1604912.1180000007,527785.39699999988],[1604894.0610000007,527784.05199999921],[1604885.8819999993,527785.15499999933],[1604862.9309999999,527783.23100000061],[1604845.8220000006,527781.99899999984],[1604838.8760000002,527781.17600000091],[1604822.8709999993,527780.07499999925],[1604804.6710000001,527772.81599999964],[1604793.8969999999,527770.42300000042],[1604785.0059999991,527769.21000000089],[1604765.0659999996,527766.68700000085],[1604757.4710000008,527762.75799999945],[1604739.6750000007,527752.35899999924],[1604732.7290000003,527751.53600000031],[1604723.8389999997,527750.32300000079],[1604706.898,527748.15499999933],[1604683.8289999999,527747.33400000073],[1604677.7799999993,527746.4570000004],[1604659.7630000003,527746.2349999994],[1604649.4700000007,527747.88399999961],[1604627.7379999999,527759.33500000089]]},"properties":{"LINEAR_FEATURE_ID":707618111,"WATERSHED_GROUP_ID":186,"EDGE_TYPE":1000,"BLUE_LINE_KEY":356537519,"WATERSHED_KEY":356537519,"FWA_WATERSHED_CODE":"300-625474-020842-045408-245208-000000-000000-000000-000000-000000-000000-000000-000000-000000-000000-000000-000000-000000-000000-000000-000000","LOCAL_WATERSHED_CODE":"300-625474-020842-045408-245208-339366-000000-000000-000000-000000-000000-000000-000000-000000-000000-000000-000000-000000-000000-000000-000000","WATERSHED_GROUP_CODE":"SLOC","DOWNSTREAM_ROUTE_MEASURE":3178.3510032302902,"LENGTH_METRE":355.73129631632202,"FEATURE_SOURCE":"linear stream -","GNIS_ID":13252,"GNIS_NAME":"Gander Creek","LEFT_RIGHT_TRIBUTARY":"LEFT","STREAM_ORDER":3,"STREAM_MAGNITUDE":10,"WATERBODY_KEY":null,"BLUE_LINE_KEY_50K":21,"WATERSHED_CODE_50K":"340047200045002440000000000000000000000000000","WATERSHED_KEY_50K":21,"WATERSHED_GROUP_CODE_50K":"SLOC","GRADIENT":null,"FEATURE_CODE":"GA24850000","OBJECTID":2226978,"GEOMETRY.LEN":0,"FEATURE_LENGTH_M":370.23320000000001}},{"type":"Feature","id":2269474,"geometry":{"type":"LineString","coordinates":[[1623525.2750000004,543589.91300000064],[1623510.9179999996,543599.15799999982],[1623489.3129999992,543610.54600000009],[1623477.4719999991,543617.06900000013],[1623455.1060000006,543626.44899999909],[1623432.2259999998,543638.63800000027],[1623418.1579999998,543638.82699999958],[1623405.0510000009,543638.17799999937],[1623392.398,543642.52800000086],[1623386.5639999993,543648.83100000024],[1623381.3709999993,543658.24300000072],[1623376.9930000007,543676.84699999914],[1623374.9719999991,543692.70900000073],[1623370.2609999999,543705.2109999992],[1623361.1239999998,543714.13900000043],[1623336.2280000001,543727.19800000079],[1623309.0969999991,543741.89599999972],[1623283.659,543759.67300000042],[1623274.1889999993,543762.5],[1623261.1180000007,543762.97199999914],[1623248.0099999998,543762.32200000063],[1623237.4220000003,543765.96900000051],[1623231.5879999995,543772.27199999988],[1623227.5130000003,543780.86500000022],[1623223.602,543803.51300000027],[1623219.3949999996,543821.18099999987],[1623212.9260000009,543831.39399999939],[1623201.2589999996,543844],[1623198.2510000002,543851.60700000077],[1623183.2939999998,543865.88399999961],[1623173.2100000009,543874.69600000046],[1623162.1429999992,543882.27199999988],[1623145.8920000009,543891.28700000048],[1623136.5969999991,543900.19600000046],[1623131.4030000009,543909.60899999924],[1623122.443,543931.63900000043],[1623119.0470000003,543951.47900000028],[1623116.3890000004,543971.25100000016],[1623115.0069999993,543990.22199999914],[1623111.227,544003.79499999993],[1623107.7909999993,544015.49599999934]]},"properties":{"LINEAR_FEATURE_ID":707087010,"WATERSHED_GROUP_ID":90,"EDGE_TYPE":1000,"BLUE_LINE_KEY":356568277,"WATERSHED_KEY":356568277,"FWA_WATERSHED_CODE":"300-625474-048332-391586-000000-000000-000000-000000-000000-000000-000000-000000-000000-000000-000000-000000-000000-000000-000000-000000-000000","LOCAL_WATERSHED_CODE":"300-625474-048332-391586-258461-000000-000000-000000-000000-000000-000000-000000-000000-000000-000000-000000-000000-000000-000000-000000-000000","WATERSHED_GROUP_CODE":"KOTL","DOWNSTREAM_ROUTE_MEASURE":3093.9697577962602,"LENGTH_METRE":659.17844906086805,"FEATURE_SOURCE":"linear stream -","GNIS_ID":18222,"GNIS_NAME":"Baldface Creek","LEFT_RIGHT_TRIBUTARY":"RIGHT","STREAM_ORDER":4,"STREAM_MAGNITUDE":61,"WATERBODY_KEY":null,"BLUE_LINE_KEY_50K":2565,"WATERSHED_CODE_50K":"340108000411000000000000000000000000000000000","WATERSHED_KEY_50K":2565,"WATERSHED_GROUP_CODE_50K":"KOTL","GRADIENT":null,"FEATURE_CODE":"GA24850000","OBJECTID":2269474,"GEOMETRY.LEN":0,"FEATURE_LENGTH_M":659.93100000000004}},{"type":"Feature","id":2327312,"geometry":{"type":"LineString","coordinates":[[1608893.7359999996,530761.13800000027],[1608880.2430000007,530748.36700000055],[1608862.5370000005,530744.18099999987],[1608856.8269999996,530741.42600000091],[1608842.3369999994,530728.37700000033],[1608820.1960000005,530720.63199999928],[1608808.2970000003,530711.08100000024],[1608799.8760000002,530705.9299999997],[1608776.7489999998,530696.95099999942],[1608767.8489999995,530687.75799999945],[1608752.602,530680.67699999921],[1608733.8890000004,530668.24000000022],[1608714.0979999993,530657.74699999951],[1608701.3709999993,530646.98100000061],[1608689.3039999995,530638.36700000055],[1608673.4590000007,530628.34500000067],[1608653.9680000003,530614.85899999924],[1608636.9350000005,530598.47800000012],[1608618.2210000008,530586.04099999927],[1608610.7860000003,530582.125],[1608604.716,530574.22599999979]]},"properties":{"LINEAR_FEATURE_ID":707617816,"WATERSHED_GROUP_ID":186,"EDGE_TYPE":1000,"BLUE_LINE_KEY":356521095,"WATERSHED_KEY":356521095,"FWA_WATERSHED_CODE":"300-625474-020842-091761-000000-000000-000000-000000-000000-000000-000000-000000-000000-000000-000000-000000-000000-000000-000000-000000-000000","LOCAL_WATERSHED_CODE":"300-625474-020842-091761-148014-000000-000000-000000-000000-000000-000000-000000-000000-000000-000000-000000-000000-000000-000000-000000-000000","WATERSHED_GROUP_CODE":"SLOC","DOWNSTREAM_ROUTE_MEASURE":1073.91137468292,"LENGTH_METRE":348.89471150230298,"FEATURE_SOURCE":"linear stream -","GNIS_ID":16326,"GNIS_NAME":"Langill Creek","LEFT_RIGHT_TRIBUTARY":"RIGHT","STREAM_ORDER":3,"STREAM_MAGNITUDE":7,"WATERBODY_KEY":null,"BLUE_LINE_KEY_50K":6,"WATERSHED_CODE_50K":"340047200094000000000000000000000000000000000","WATERSHED_KEY_50K":6,"WATERSHED_GROUP_CODE_50K":"SLOC","GRADIENT":null,"FEATURE_CODE":"GA24850000","OBJECTID":2327312,"GEOMETRY.LEN":0,"FEATURE_LENGTH_M":353.57170000000002}},{"type":"Feature","id":2335256,"geometry":{"type":"LineString","coordinates":[[1622557.0889999997,545762.71000000089],[1622546.227,545784.50799999945],[1622527.5999999996,545804.23900000006],[1622512.8080000002,545817.58100000024],[1622498.4330000002,545834.80100000091],[1622497.1779999994,545844.69700000063],[1622495.3220000006,545859.62199999951],[1622494.2770000007,545883.73900000006],[1622492.3849999998,545897.54399999976],[1622490.0620000008,545908.42500000075],[1622485.625,545926.86199999973],[1622480.4629999995,545944.4140000008],[1622477.7960000001,545957.16699999943],[1622474.5270000007,545974.94999999925],[1622470.7780000009,545996.66200000048],[1622466.0449999999,546010.11900000088],[1622454.8530000001,546025.81599999964],[1622445.2300000004,546038.67400000058],[1622434.0370000005,546047.35199999996],[1622417.1439999994,546060.2770000007],[1622408.6539999992,546071.3599999994],[1622398.8589999992,546085.15399999917],[1622392.2479999997,546097.42400000058],[1622386.4619999994,546110.91200000048],[1622385.057,546130.83699999936],[1622382.2530000005,546152.66499999911],[1622378.9829999991,546170.44800000079],[1622377.4199999999,546190.35500000045],[1622374.9100000001,546210.14499999955]]},"properties":{"LINEAR_FEATURE_ID":707085343,"WATERSHED_GROUP_ID":90,"EDGE_TYPE":1000,"BLUE_LINE_KEY":356568277,"WATERSHED_KEY":356568277,"FWA_WATERSHED_CODE":"300-625474-048332-391586-000000-000000-000000-000000-000000-000000-000000-000000-000000-000000-000000-000000-000000-000000-000000-000000-000000","LOCAL_WATERSHED_CODE":"300-625474-048332-391586-472767-000000-000000-000000-000000-000000-000000-000000-000000-000000-000000-000000-000000-000000-000000-000000-000000","WATERSHED_GROUP_CODE":"KOTL","DOWNSTREAM_ROUTE_MEASURE":5659.3738390548606,"LENGTH_METRE":502.96728085808803,"FEATURE_SOURCE":"linear stream -","GNIS_ID":18222,"GNIS_NAME":"Baldface Creek","LEFT_RIGHT_TRIBUTARY":"RIGHT","STREAM_ORDER":4,"STREAM_MAGNITUDE":44,"WATERBODY_KEY":null,"BLUE_LINE_KEY_50K":2565,"WATERSHED_CODE_50K":"340108000411000000000000000000000000000000000","WATERSHED_KEY_50K":2565,"WATERSHED_GROUP_CODE_50K":"KOTL","GRADIENT":null,"FEATURE_CODE":"GA24850000","OBJECTID":2335256,"GEOMETRY.LEN":0,"FEATURE_LENGTH_M":503.55170000000004}},{"type":"Feature","id":2336910,"geometry":{"type":"LineString","coordinates":[[1609026.3819999993,541986.4849999994],[1609028.3589999992,541962.4849999994],[1609031.1889999993,541948.7929999996],[1609036.9900000002,541926.36700000055],[1609041.5370000005,541906.82100000046],[1609047.6160000004,541883.31299999915]]},"properties":{"LINEAR_FEATURE_ID":707612593,"WATERSHED_GROUP_ID":186,"EDGE_TYPE":1000,"BLUE_LINE_KEY":356564711,"WATERSHED_KEY":356564711,"FWA_WATERSHED_CODE":"300-625474-020842-330099-000000-000000-000000-000000-000000-000000-000000-000000-000000-000000-000000-000000-000000-000000-000000-000000-000000","LOCAL_WATERSHED_CODE":"300-625474-020842-330099-560461-000000-000000-000000-000000-000000-000000-000000-000000-000000-000000-000000-000000-000000-000000-000000-000000","WATERSHED_GROUP_CODE":"SLOC","DOWNSTREAM_ROUTE_MEASURE":4427.2319455330007,"LENGTH_METRE":105.57615464689501,"FEATURE_SOURCE":"linear stream -","GNIS_ID":14663,"GNIS_NAME":"Pedro Creek","LEFT_RIGHT_TRIBUTARY":"LEFT","STREAM_ORDER":3,"STREAM_MAGNITUDE":10,"WATERBODY_KEY":null,"BLUE_LINE_KEY_50K":155,"WATERSHED_CODE_50K":"340047200319000000000000000000000000000000000","WATERSHED_KEY_50K":155,"WATERSHED_GROUP_CODE_50K":"SLOC","GRADIENT":null,"FEATURE_CODE":"GA24850000","OBJECTID":2336910,"GEOMETRY.LEN":0,"FEATURE_LENGTH_M":107.17310000000001}},{"type":"Feature","id":2345224,"geometry":{"type":"LineString","coordinates":[[1608004.1309999991,545496.93600000069],[1608010.7449999992,545484.6520000007],[1608020.8369999994,545468.79800000042],[1608025.5720000006,545455.3320000004],[1608033.943,545445.33100000024],[1608046.0869999994,545436.7379999999],[1608060.0020000003,545422.4570000004],[1608081.6359999999,545403.03999999911],[1608094.727,545387.54399999976],[1608098.0480000004,545369.92300000042],[1608099.1309999991,545360.96399999969],[1608099.3890000004,545350.78999999911],[1608084.1750000007,545328.71900000051],[1608073.2510000002,545319.28099999949],[1608062.7929999996,545313.88399999961],[1608041.2740000002,545301.10500000045],[1608029.7469999995,545296.69700000063],[1608017.2229999993,545292.00999999978],[1608002.6469999999,545287.07799999975],[1607985.2459999993,545280.85099999979],[1607967.8440000005,545274.62399999984],[1607956.3169999998,545270.21600000001],[1607944.9120000005,545264.7070000004],[1607927.7899999991,545257.39699999988],[1607917.0380000006,545254.0390000008],[1607906.2709999997,545251.63499999978],[1607890.9210000001,545245.65399999917],[1607882.5289999992,545239.54800000042],[1607871.9480000008,545228.23699999973],[1607860.3350000009,545215.52800000086],[1607845.4649999999,545198.60199999996],[1607838.6579999998,545188.69899999909],[1607833.7300000004,545179.97800000012],[1607825.1280000005,545159.65599999949],[1607821.1970000006,545151.21299999952],[1607812.2880000006,545133.88399999961],[1607802.6030000001,545115.50599999912],[1607788.1779999994,545093.53099999949],[1607774.9920000006,545069.63099999912],[1607765.7880000006,545047.32399999909],[1607762.9110000003,545038.8479999993],[1607759.4100000001,545026.31100000069],[1607756.4260000009,545017.98200000077],[1607756.2530000005,545011.9020000007],[1607759.1919999998,544988.01700000092],[1607762.6339999996,544969.29399999976],[1607768.2990000006,544956.89599999972],[1607776.0309999995,544943.7890000008],[1607776.6469999999,544937.80299999937],[1607778.7119999994,544930.07699999958],[1607779.6219999995,544915.03800000064],[1607781.477,544893.09600000083],[1607779.4030000009,544876.74400000088],[1607771.2660000008,544853.44800000079],[1607762.5409999993,544827.21199999936],[1607753.9609999992,544815.98100000061],[1607743.6750000007,544809.64900000021],[1607734.9879999999,544805.58100000024],[1607720.4110000003,544793.63399999961],[1607719.4269999992,544785.38499999978],[1607722.0940000005,544772.62900000066],[1607726.0150000006,544749.97699999996],[1607720.2750000004,544739.0859999992],[1607698.7679999992,544718.33799999952],[1607690.3609999996,544713.18700000085],[1607670.5480000004,544702.52800000086],[1607650.9210000001,544689.97800000012],[1607639.0629999992,544679.47199999914],[1607630.4969999995,544667.28700000048],[1607617.9340000004,544647.44899999909],[1607596.2540000007,544627.6370000001],[1607587.6879999992,544615.45199999958],[1607567.3709999993,544592.61500000022],[1607562.8000000007,544581.06699999981],[1607564.5189999994,544568.19700000063],[1607566.216,544546.23599999957],[1607566.9890000001,544540.26999999955],[1607576.4260000009,544522.26300000027],[1607584.1699999999,544508.19999999925],[1607593.1410000008,544493.1679999996],[1607602.1099999994,544471.11999999918],[1607606.4979999997,544459.52600000054],[1607607.7640000004,544441.65899999999],[1607610.5510000009,544420.78500000015],[1607615.4169999994,544398.24699999951],[1607618.0840000007,544392.50599999912],[1607624.693,544373.20500000007],[1607633.3320000004,544352.07399999909],[1607637.2899999991,544344.57499999925],[1607644.5390000008,544328.38000000082],[1607650.9900000002,544309.06000000052],[1607658.2019999996,544291.74499999918],[1607667.9959999993,544270.91100000031],[1607675.6870000008,544249.66699999943],[1607676.6329999994,544242.76400000043],[1607679.2620000001,544228.8870000001],[1607682.6999999993,544210.1640000008],[1607684.5920000002,544203.375],[1607690.2699999996,544190.02199999988],[1607698.4790000003,544172.9849999994],[1607701.9049999993,544162.23299999908],[1607708.9949999992,544146.01899999939],[1607710.2329999991,544137.07899999991],[1607718.0960000008,544114.89800000004],[1607721.0690000001,544099.14900000021],[1607731.7960000001,544086.39900000021],[1607737.4590000007,544074.00100000016],[1607746.4409999996,544050.99799999967],[1607747.4000000004,544043.1400000006],[1607751.9580000006,544030.6099999994],[1607760.9250000007,544008.56200000085],[1607770.6669999994,543987.56299999915],[1607774.4120000005,543965.84699999914],[1607775.1850000005,543959.88000000082],[1607774.0789999999,543952.73200000077],[1607770.7349999994,543947.23000000045],[1607751.5850000009,543930.75100000016],[1607751.5470000003,543922.61400000006],[1607752.625,543906.63900000043],[1607755.6359999999,543899.02600000054],[1607765.2440000009,543887.09899999946],[1607775.3310000002,543871.24400000088],[1607782.7129999995,543852.99200000055],[1607786.8420000002,543844.55700000003],[1607793.5850000009,543823.19899999909],[1607797.7970000003,543805.52600000054],[1607801.2479999997,543785.8479999993],[1607809.909,543773.80800000019],[1607817.2100000009,543771.81000000052],[1607834.9179999996,543768.0270000007],[1607847.2310000006,543758.49699999951],[1607850.1909999996,543750.71900000051],[1607852.0940000005,543735.95800000057],[1607842.8330000006,543713.4849999994],[1607840.1400000006,543703.11800000072],[1607842.4710000008,543684.26300000027],[1607846.2540000007,543670.68400000036],[1607849.2129999995,543662.90499999933],[1607852.3420000002,543647.17500000075],[1607854.5409999993,543637.39299999923],[1607855.4989999998,543629.53500000015],[1607858.75,543612.70299999975],[1607862.7060000002,543605.20299999975],[1607866.1980000008,543600.67799999937],[1607870.2339999992,543576.92400000058],[1607871.7789999992,543564.99100000039],[1607874.2679999992,543546.15399999917],[1607875.0549999997,543539.23299999908],[1607875.9989999998,543532.33000000007],[1607877.0639999993,543524.32499999925],[1607877.2109999992,543514.29800000042],[1607879.0989999995,543500.49200000055],[1607880.6579999998,543487.60300000012],[1607882.0170000009,543477.56100000069],[1607882.8029999994,543470.63900000043],[1607891.6490000002,543456.70900000073]]},"properties":{"LINEAR_FEATURE_ID":707611911,"WATERSHED_GROUP_ID":186,"EDGE_TYPE":1000,"BLUE_LINE_KEY":356564711,"WATERSHED_KEY":356564711,"FWA_WATERSHED_CODE":"300-625474-020842-330099-000000-000000-000000-000000-000000-000000-000000-000000-000000-000000-000000-000000-000000-000000-000000-000000-000000","LOCAL_WATERSHED_CODE":"300-625474-020842-330099-000000-000000-000000-000000-000000-000000-000000-000000-000000-000000-000000-000000-000000-000000-000000-000000-000000","WATERSHED_GROUP_CODE":"SLOC","DOWNSTREAM_ROUTE_MEASURE":25.204656496764301,"LENGTH_METRE":2450.7118427964001,"FEATURE_SOURCE":"linear stream -","GNIS_ID":14663,"GNIS_NAME":"Pedro Creek","LEFT_RIGHT_TRIBUTARY":"LEFT","STREAM_ORDER":3,"STREAM_MAGNITUDE":21,"WATERBODY_KEY":null,"BLUE_LINE_KEY_50K":155,"WATERSHED_CODE_50K":"340047200319000000000000000000000000000000000","WATERSHED_KEY_50K":155,"WATERSHED_GROUP_CODE_50K":"SLOC","GRADIENT":null,"FEATURE_CODE":"GA24850000","OBJECTID":2345224,"GEOMETRY.LEN":0,"FEATURE_LENGTH_M":2474.3586}},{"type":"Feature","id":2349742,"geometry":{"type":"LineString","coordinates":[[1619476.1620000005,535664.70500000007],[1619469.682,535668.8599999994],[1619461.8080000002,535674.91899999976],[1619443.4169999994,535691.81900000013],[1619430.4820000008,535698.21900000051],[1619411.5409999993,535712.8200000003],[1619411.3660000004,535712.95900000073],[1619408.2410000004,535715.44800000079],[1619381.9110000003,535731.2229999993],[1619357.0240000002,535745.25999999978],[1619340.9210000001,535752.23200000077],[1619329.3910000008,535755.77400000021],[1619313.9299999997,535757.88000000082],[1619294.0519999992,535763.43700000085],[1619288.7009999994,535765.81599999964],[1619262.8169999998,535779.57300000079],[1619251.0099999998,535784.19700000063],[1619236.9580000006,535791.41899999976],[1619228.5969999991,535794.38900000043],[1619214.0690000001,535797.56599999964],[1619199.3719999995,535801.6799999997],[1619179.4940000009,535807.23699999973],[1619160.9020000007,535811.03700000048],[1619138.4350000005,535813.08999999985],[1619125.0370000005,535814.49100000039],[1619102.4499999993,535817.64599999972],[1619096.2719999999,535818.80900000036],[1619077.6830000002,535830.5820000004],[1619071.3849999998,535832.84699999914],[1619066.1539999992,535834.125],[1619040.2939999998,535845.97199999914],[1619027.5280000009,535851.43700000085],[1619018.8269999996,535856.27899999917],[1619011.4120000005,535859.36500000022],[1619000.0529999994,535861.97100000083],[1618979.057,535868.34999999963],[1618960.1260000002,535874.02199999988]]},"properties":{"LINEAR_FEATURE_ID":707094819,"WATERSHED_GROUP_ID":90,"EDGE_TYPE":1000,"BLUE_LINE_KEY":356567071,"WATERSHED_KEY":356567071,"FWA_WATERSHED_CODE":"300-625474-039562-000000-000000-000000-000000-000000-000000-000000-000000-000000-000000-000000-000000-000000-000000-000000-000000-000000-000000","LOCAL_WATERSHED_CODE":"300-625474-039562-210017-000000-000000-000000-000000-000000-000000-000000-000000-000000-000000-000000-000000-000000-000000-000000-000000-000000","WATERSHED_GROUP_CODE":"KOTL","DOWNSTREAM_ROUTE_MEASURE":2086.5633256129904,"LENGTH_METRE":565.45346544865504,"FEATURE_SOURCE":"linear stream -","GNIS_ID":27978,"GNIS_NAME":"Smallwood Creek","LEFT_RIGHT_TRIBUTARY":"RIGHT","STREAM_ORDER":3,"STREAM_MAGNITUDE":17,"WATERBODY_KEY":null,"BLUE_LINE_KEY_50K":109,"WATERSHED_CODE_50K":"340088400000000000000000000000000000000000000","WATERSHED_KEY_50K":109,"WATERSHED_GROUP_CODE_50K":"KOTL","GRADIENT":null,"FEATURE_CODE":"GA24850000","OBJECTID":2349742,"GEOMETRY.LEN":0,"FEATURE_LENGTH_M":568.20320000000004}},{"type":"Feature","id":2397775,"geometry":{"type":"LineString","coordinates":[[1620866.3760000002,537749.76400000043],[1620862.1539999992,537758.33899999969],[1620859.6659999993,537771.1129999999],[1620857.0209999997,537783.86800000072],[1620855.7960000001,537800.78299999982],[1620855.0820000004,537814.88900000043],[1620856.3809999991,537828.125],[1620857.8629999999,537847.44299999997],[1620859.6850000005,537872.8629999999],[1620856.6280000005,537896.73100000061],[1620854.9169999994,537902.58300000057],[1620848.6300000008,537919.83699999936],[1620839.8550000004,537941.89200000092],[1620835.8019999992,537957.50500000082],[1620833.9210000001,537964.2929999996],[1620830.2200000007,537985.05199999921],[1620824.7339999992,538005.43500000052],[1620819.7339999992,538020.93200000003],[1620815.2200000007,538031.54499999993],[1620812.2219999991,538039.15399999917],[1620801.3959999997,538060.95800000057],[1620789.4519999996,538083.58300000057],[1620784.9260000009,538095.1520000007],[1620774.9130000006,538119.12900000066],[1620767.8619999997,538134.37600000016],[1620763.9159999993,538141.86900000088],[1620761.1009999998,538147.5859999992]]},"properties":{"LINEAR_FEATURE_ID":707092846,"WATERSHED_GROUP_ID":90,"EDGE_TYPE":1000,"BLUE_LINE_KEY":356545045,"WATERSHED_KEY":356545045,"FWA_WATERSHED_CODE":"300-625474-042847-000000-000000-000000-000000-000000-000000-000000-000000-000000-000000-000000-000000-000000-000000-000000-000000-000000-000000","LOCAL_WATERSHED_CODE":"300-625474-042847-271878-000000-000000-000000-000000-000000-000000-000000-000000-000000-000000-000000-000000-000000-000000-000000-000000-000000","WATERSHED_GROUP_CODE":"KOTL","DOWNSTREAM_ROUTE_MEASURE":3969.1755121670103,"LENGTH_METRE":418.439756473741,"FEATURE_SOURCE":"linear stream -","GNIS_ID":25643,"GNIS_NAME":"Sproule Creek","LEFT_RIGHT_TRIBUTARY":"RIGHT","STREAM_ORDER":4,"STREAM_MAGNITUDE":68,"WATERBODY_KEY":null,"BLUE_LINE_KEY_50K":114,"WATERSHED_CODE_50K":"340095600000000000000000000000000000000000000","WATERSHED_KEY_50K":114,"WATERSHED_GROUP_CODE_50K":"KOTL","GRADIENT":null,"FEATURE_CODE":"GA24850000","OBJECTID":2397775,"GEOMETRY.LEN":0,"FEATURE_LENGTH_M":419.70570000000004}},{"type":"Feature","id":2417251,"geometry":{"type":"LineString","coordinates":[[1607490.3599999994,526557.49100000039],[1607465.5280000009,526554.375],[1607450.7180000003,526559.62600000016],[1607441.4010000005,526568.40000000037],[1607434.8090000004,526573.67200000025],[1607412.7339999992,526587.94099999964],[1607402.0390000008,526592.72599999979],[1607392.2019999996,526591.39499999955],[1607377.9739999995,526591.61500000022],[1607368.966,526591.49899999984],[1607346.9639999997,526589.67699999921],[1607334.9680000003,526588.24899999984],[1607317.5350000001,526582.98599999957],[1607301.7100000009,526579.98699999973],[1607285.7060000002,526578.87900000066],[1607276.8660000004,526577.82699999958],[1607254.8640000001,526576.00599999912],[1607236.9940000009,526581.68999999948]]},"properties":{"LINEAR_FEATURE_ID":707618231,"WATERSHED_GROUP_ID":186,"EDGE_TYPE":1000,"BLUE_LINE_KEY":356537519,"WATERSHED_KEY":356537519,"FWA_WATERSHED_CODE":"300-625474-020842-045408-245208-000000-000000-000000-000000-000000-000000-000000-000000-000000-000000-000000-000000-000000-000000-000000-000000","LOCAL_WATERSHED_CODE":"300-625474-020842-045408-245208-000000-000000-000000-000000-000000-000000-000000-000000-000000-000000-000000-000000-000000-000000-000000-000000","WATERSHED_GROUP_CODE":"SLOC","DOWNSTREAM_ROUTE_MEASURE":0,"LENGTH_METRE":267.3953989108,"FEATURE_SOURCE":"linear stream -","GNIS_ID":13252,"GNIS_NAME":"Gander Creek","LEFT_RIGHT_TRIBUTARY":"LEFT","STREAM_ORDER":3,"STREAM_MAGNITUDE":17,"WATERBODY_KEY":null,"BLUE_LINE_KEY_50K":21,"WATERSHED_CODE_50K":"340047200045002440000000000000000000000000000","WATERSHED_KEY_50K":21,"WATERSHED_GROUP_CODE_50K":"SLOC","GRADIENT":null,"FEATURE_CODE":"GA24850000","OBJECTID":2417251,"GEOMETRY.LEN":0,"FEATURE_LENGTH_M":268.26560000000001}},{"type":"Feature","id":2450521,"geometry":{"type":"LineString","coordinates":[[1618507.3540000003,540978.74599999934],[1618486.0590000004,540987.16100000031],[1618477.2440000009,540992.15000000037],[1618455.6300000008,541004.51400000043],[1618440.8129999992,541016.74699999951],[1618419.0209999997,541038.01999999955],[1618404.7119999994,541055.41899999976],[1618398.8949999996,541060.77199999988],[1618378.2210000008,541081.22399999946],[1618366.4020000007,541093.82200000063],[1618355.3819999993,541109.54700000025],[1618340.4309999999,541123.83699999936],[1618332.0789999999,541125.85199999996]]},"properties":{"LINEAR_FEATURE_ID":707089573,"WATERSHED_GROUP_ID":90,"EDGE_TYPE":1000,"BLUE_LINE_KEY":356545045,"WATERSHED_KEY":356545045,"FWA_WATERSHED_CODE":"300-625474-042847-000000-000000-000000-000000-000000-000000-000000-000000-000000-000000-000000-000000-000000-000000-000000-000000-000000-000000","LOCAL_WATERSHED_CODE":"300-625474-042847-563640-000000-000000-000000-000000-000000-000000-000000-000000-000000-000000-000000-000000-000000-000000-000000-000000-000000","WATERSHED_GROUP_CODE":"KOTL","DOWNSTREAM_ROUTE_MEASURE":8228.6353817921499,"LENGTH_METRE":232.85838147827101,"FEATURE_SOURCE":"linear stream -","GNIS_ID":25643,"GNIS_NAME":"Sproule Creek","LEFT_RIGHT_TRIBUTARY":"RIGHT","STREAM_ORDER":4,"STREAM_MAGNITUDE":39,"WATERBODY_KEY":null,"BLUE_LINE_KEY_50K":114,"WATERSHED_CODE_50K":"340095600000000000000000000000000000000000000","WATERSHED_KEY_50K":114,"WATERSHED_GROUP_CODE_50K":"KOTL","GRADIENT":null,"FEATURE_CODE":"GA24850000","OBJECTID":2450521,"GEOMETRY.LEN":0,"FEATURE_LENGTH_M":232.98910000000001}},{"type":"Feature","id":2457113,"geometry":{"type":"LineString","coordinates":[[1605726.5710000005,546815.7070000004],[1605723.7760000005,546829.56499999948],[1605717.7780000009,546852.92699999921],[1605711.0209999997,546874.28500000015],[1605704.5580000002,546893.60500000045],[1605695.8560000006,546914.57200000063],[1605688.9260000009,546936.86600000039],[1605681.2210000008,546958.11199999973],[1605673.5309999995,546978.4020000007],[1605663.5879999995,547001.29399999976],[1605655.0730000008,547020.36999999918],[1605647.7850000001,547038.47499999963],[1605641.2139999997,547057.94199999981],[1605635.6970000006,547077.37600000016],[1605632.0289999992,547082.83799999952],[1605627.307,547088.33500000089],[1605625.8929999992,547091.19600000046],[1605625.5830000006,547094.18799999915],[1605622.5820000004,547100.84600000083],[1605613.7569999993,547122.91499999911],[1605603.8129999992,547145.80700000003],[1605593.8680000007,547168.69899999909],[1605585.2300000004,547188.87600000016],[1605574.4759999998,547209.5979999993],[1605564.0669999998,547228.44899999909],[1605554.4309999999,547248.3479999993],[1605546.7249999996,547269.59300000034],[1605545.1710000001,547281.52600000054],[1605542.0470000003,547306.34699999914],[1605540.6439999994,547332.32899999991],[1605538.7609999999,547355.22499999963],[1605531.227,547375.53399999999],[1605518.5930000003,547395.07599999942],[1605504.375,547411.40000000037],[1605489.5050000008,547425.57300000079],[1605470.409,547440.35899999924],[1605455.5390000008,547454.53299999982],[1605438.1850000005,547472.55599999987],[1605418.9169999994,547488.27800000086],[1605403.1140000001,547501.38299999945],[1605384.5899999999,547520.06499999948],[1605370.5299999993,547536.40699999966],[1605358.0820000004,547554.05800000019],[1605355.5329999998,547558.69800000079],[1605341.1919999998,547576.12299999967],[1605323.3230000008,547589.93999999948],[1605307.8149999995,547601.00799999945],[1605305.4539999999,547603.75599999912],[1605303.8670000006,547607.55299999937],[1605301.5050000008,547610.30199999921],[1605300.0759999994,547614.11800000072],[1605290.7990000006,547631.18999999948],[1605275.943,547644.40899999999],[1605272.7569999993,547645.94199999981],[1605254.6109999996,547653.82599999942],[1605233.8839999996,547658.21399999969],[1605224.5289999992,547659.97000000067],[1605203.0280000009,547663.30900000036],[1605181.6799999997,547663.63599999994],[1605162.8499999996,547661.2349999994],[1605158.9049999993,547660.7650000006],[1605138.9560000002,547659.18600000069],[1605117.1280000005,547656.42799999937],[1605093.2489999998,547653.42500000075],[1605073.1270000003,547652.78299999982],[1605054.9350000005,547653.48599999957],[1605036.5840000007,547654.17200000025],[1605018.5639999993,547653.93999999948],[1605015.3929999992,547654.51899999939],[1604996.9059999995,547657.25999999978],[1604989.307,547661.29900000058],[1604969.3890000004,547667.85700000077],[1604965.2709999997,547668.32300000079],[1604962.273,547667.96600000001],[1604959.2750000004,547667.60899999924],[1604956.1040000003,547668.18799999915],[1604950.2650000006,547667.49300000072],[1604947.0940000005,547668.07200000063],[1604944.0950000007,547667.71499999985],[1604937.9110000003,547668.89299999923],[1604933.966,547668.42300000042],[1604930.7949999999,547669.00200000033],[1604927.7960000001,547668.64499999955],[1604921.5969999991,547670.7770000007],[1604907.0549999997,547673.98900000006],[1604903.7609999999,547675.66999999993],[1604899.6429999992,547676.13599999994],[1604896.4570000004,547677.66999999993],[1604883.6710000001,547683.1640000008],[1604880.5,547683.74300000072],[1604877.1909999996,547686.37900000066],[1604874.0199999996,547686.95800000057],[1604871.8320000004,547688.77099999972],[1604868.6459999997,547690.3049999997],[1604866.284,547693.05299999937],[1604859.8049999997,547696.26799999923],[1604857.443,547699.01700000092],[1604854.2569999993,547700.55100000091],[1604850.7909999993,547703.1679999996],[1604830.0960000008,547715.69199999981],[1604807.7809999995,547723.87900000066],[1604786.7589999996,547730.30599999987],[1604768.0830000006,547734.93999999948],[1604746.5969999991,547737.32499999925],[1604726.0429999996,547740.77899999917],[1604721.7520000003,547742.18200000003],[1604701.0250000004,547746.57100000046],[1604679.0559999999,547752.88599999994],[1604660.8440000005,547761.56100000069],[1604646.0380000006,547774.94700000063],[1604641.5749999993,547777.28600000031],[1604638.2660000008,547779.92200000025],[1604629.7200000007,547783.8479999993],[1604610.7489999998,547790.51999999955],[1604588.1390000004,547800.74499999918],[1604570.7520000003,547810.63499999978],[1604553.0700000003,547822.56200000085],[1604535.4949999992,547834.34300000034],[1604520.5,547849.61999999918],[1604503.5769999996,547863.55199999921],[1604487.9600000009,547874.76899999939],[1604469.9169999994,547889.52400000021],[1604451.5830000006,547899.30100000091],[1604443.9839999992,547903.33999999985],[1604427.5429999996,547913.34300000034],[1604408.5720000006,547920.01600000076],[1604394.0289999992,547923.22900000028],[1604371.1119999997,547929.43200000003],[1604354.3300000001,547934.29199999943],[1604351.159,547934.87199999951],[1604348.1610000003,547934.5150000006],[1604340.5610000007,547938.55399999954]]},"properties":{"LINEAR_FEATURE_ID":707610728,"WATERSHED_GROUP_ID":186,"EDGE_TYPE":1000,"BLUE_LINE_KEY":356493738,"WATERSHED_KEY":356493738,"FWA_WATERSHED_CODE":"300-625474-020842-324667-000000-000000-000000-000000-000000-000000-000000-000000-000000-000000-000000-000000-000000-000000-000000-000000-000000","LOCAL_WATERSHED_CODE":"300-625474-020842-324667-502206-000000-000000-000000-000000-000000-000000-000000-000000-000000-000000-000000-000000-000000-000000-000000-000000","WATERSHED_GROUP_CODE":"SLOC","DOWNSTREAM_ROUTE_MEASURE":2850.01191011736,"LENGTH_METRE":1984.60042877248,"FEATURE_SOURCE":"linear stream -","GNIS_ID":11654,"GNIS_NAME":"Benninger Creek","LEFT_RIGHT_TRIBUTARY":"RIGHT","STREAM_ORDER":1,"STREAM_MAGNITUDE":1,"WATERBODY_KEY":null,"BLUE_LINE_KEY_50K":157,"WATERSHED_CODE_50K":"340047200326000000000000000000000000000000000","WATERSHED_KEY_50K":157,"WATERSHED_GROUP_CODE_50K":"SLOC","GRADIENT":null,"FEATURE_CODE":"GA24850000","OBJECTID":2457113,"GEOMETRY.LEN":0,"FEATURE_LENGTH_M":2079.8413}},{"type":"Feature","id":2483482,"geometry":{"type":"LineString","coordinates":[[1616870.5659999996,546870.28199999966],[1616865.3800000008,546878.74300000072],[1616866.4829999991,546885.89499999955],[1616866.5309999995,546893.07699999958],[1616866.5150000006,546901.05000000075],[1616864.6199999992,546907.83699999936],[1616859.7630000003,546915.38199999928],[1616839.0419999994,546926.74200000055],[1616828.0179999992,546934.49499999918],[1616822.3509999998,546939.86800000072],[1616817.5810000002,546945.18999999948],[1616810.5010000002,546953.42100000009],[1616801.1970000006,546962.33999999985],[1616787.9179999996,546979.70800000057],[1616781.3029999994,546991.98299999908],[1616777.5299999993,546997.58500000089],[1616770.9149999991,547009.86099999957],[1616763.8340000007,547018.09200000018],[1616757.0480000004,547024.28600000031],[1616751.3310000002,547029.49300000072]]},"properties":{"LINEAR_FEATURE_ID":707610715,"WATERSHED_GROUP_ID":186,"EDGE_TYPE":1000,"BLUE_LINE_KEY":356559464,"WATERSHED_KEY":356559464,"FWA_WATERSHED_CODE":"300-625474-020842-349237-000000-000000-000000-000000-000000-000000-000000-000000-000000-000000-000000-000000-000000-000000-000000-000000-000000","LOCAL_WATERSHED_CODE":"300-625474-020842-349237-903054-000000-000000-000000-000000-000000-000000-000000-000000-000000-000000-000000-000000-000000-000000-000000-000000","WATERSHED_GROUP_CODE":"SLOC","DOWNSTREAM_ROUTE_MEASURE":11952.596433987999,"LENGTH_METRE":208.42930081821001,"FEATURE_SOURCE":"linear stream -","GNIS_ID":3011,"GNIS_NAME":"Winlaw Creek","LEFT_RIGHT_TRIBUTARY":"LEFT","STREAM_ORDER":2,"STREAM_MAGNITUDE":2,"WATERBODY_KEY":null,"BLUE_LINE_KEY_50K":171,"WATERSHED_CODE_50K":"340047200349007920000000000000000000000000000","WATERSHED_KEY_50K":171,"WATERSHED_GROUP_CODE_50K":"SLOC","GRADIENT":null,"FEATURE_CODE":"GA24850150","OBJECTID":2483482,"GEOMETRY.LEN":0,"FEATURE_LENGTH_M":216.8766}},{"type":"Feature","id":2532103,"geometry":{"type":"LineString","coordinates":[[1622037.7129999995,530453.11800000072],[1622044.7620000001,530444.88800000027],[1622052.7970000003,530437.89499999955],[1622062.557,530432.0700000003],[1622076.1429999992,530427.82699999958],[1622081.6600000001,530424.51300000027],[1622094.4059999995,530420.00899999961],[1622115.6889999993,530410.64599999972],[1622136.1950000003,530400.23100000061],[1622159.1679999996,530385.97100000083],[1622187.0490000006,530366.41100000031],[1622209.0869999994,530351.08000000007],[1622219.3029999994,530342.28099999949],[1622223.9910000004,530337.75],[1622247.1329999994,530322.55399999954],[1622267.4800000004,530312.12099999934],[1622278.057,530308.46800000034],[1622284.5089999996,530306.22599999979],[1622297.4360000007,530299.83000000007],[1622304.8450000007,530296.74799999967],[1622315.7090000007,530291.05700000003],[1622322.1730000004,530287.8599999994],[1622333.0480000004,530281.21299999952],[1622350.4930000007,530271.2229999993],[1622374.943,530261.29099999927],[1622399.0940000005,530254.35199999996],[1622424.3100000005,530246.42699999921],[1622432.6669999994,530243.46000000089],[1622455.341,530232.1950000003],[1622471.4340000004,530225.23000000045],[1622493.5350000001,530218.04099999927],[1622512.4570000004,530212.37800000049],[1622519.5289999992,530211.1679999996],[1622527.9250000007,530209.32300000079],[1622546.6779999994,530204.59600000083],[1622562.1349999998,530202.49599999934],[1622583.7789999992,530198.28199999966],[1622597.6400000006,530192.95800000057],[1622615.4470000006,530188.11600000039],[1622627.7479999997,530185.63099999912],[1622644.3200000003,530182.7109999992],[1622660.7740000002,530180.89299999923],[1622669.898,530179.93400000036],[1622690.4149999991,530177.49599999934],[1622700.9910000004,530173.84400000051],[1622721.6140000001,530162.33000000007],[1622736.1229999997,530151.18500000052],[1622751.0999999996,530145.04099999927],[1622765.9189999998,530138.87700000033],[1622783.8310000002,530124.95900000073],[1622793.5549999997,530113.07100000046],[1622811.1799999997,530101.18999999948],[1622822.8719999995,530096.71800000034],[1622834.2259999998,530094.11800000072],[1622841.625,530091.99200000055],[1622859.3239999991,530087.29700000025],[1622879.648,530078.77600000054],[1622892.716,530078.29900000058],[1622907.5749999993,530073.25699999928],[1622913.6999999993,530071.93300000019],[1622925.6789999995,530065.42300000042],[1622933.2579999994,530061.40499999933],[1622948.0659999996,530056.19800000079],[1622953.5930000003,530051.92899999954],[1622969.1309999991,530033.7349999994],[1622976.1789999995,530025.50599999912],[1622983.3849999998,530017.29700000025],[1623005.1099999994,529996.9879999999],[1623016.9309999999,529990.45900000073],[1623043.5380000006,529980.63399999961],[1623067.9869999997,529970.70399999991],[1623087.6620000005,529959.07499999925],[1623102.4570000004,529945.89299999923],[1623121.3019999992,529924.11600000039],[1623124.2760000005,529917.46299999952],[1623136.9690000005,529903.86500000022],[1623145.1720000003,529895.93700000085],[1623150.8169999998,529890.56699999981],[1623156.8000000007,529883.32499999925],[1623161.4869999997,529878.79499999993],[1623172.0629999992,529875.14399999939],[1623191.2829999998,529866.48900000006],[1623199.9260000009,529861.48599999957],[1623217.9000000004,529855.70900000073],[1623237.9480000008,529848.27199999988],[1623259.5800000001,529845.01600000076],[1623279.6170000006,529838.53500000015],[1623294.9039999992,529837.37299999967],[1623308.4780000001,529834.08899999969],[1623330.2149999999,529821.75599999912],[1623338.0800000001,529815.70099999942],[1623352.3680000007,529805.32799999975],[1623358.3399999999,529799.04099999927],[1623376.5989999995,529782.29700000025],[1623381.2970000003,529776.81100000069],[1623387.0999999996,529771.4609999992],[1623396.3790000007,529761.59200000018],[1623403.1390000004,529755.4020000007],[1623418.7510000002,529744.39399999939],[1623430.8469999991,529736.78299999982],[1623447.0549999997,529719.78800000064],[1623464.3049999997,529703.71700000018],[1623474.6989999991,529693.02800000086],[1623499.6960000005,529672.00400000066],[1623523.3019999992,529652.88399999961],[1623533.8129999992,529641.09300000034],[1623542.1339999996,529632.06399999931],[1623554.2410000004,529623.49799999967]]},"properties":{"LINEAR_FEATURE_ID":707099907,"WATERSHED_GROUP_ID":90,"EDGE_TYPE":1000,"BLUE_LINE_KEY":356540400,"WATERSHED_KEY":356540400,"FWA_WATERSHED_CODE":"300-625474-033700-000000-000000-000000-000000-000000-000000-000000-000000-000000-000000-000000-000000-000000-000000-000000-000000-000000-000000","LOCAL_WATERSHED_CODE":"300-625474-033700-419653-000000-000000-000000-000000-000000-000000-000000-000000-000000-000000-000000-000000-000000-000000-000000-000000-000000","WATERSHED_GROUP_CODE":"KOTL","DOWNSTREAM_ROUTE_MEASURE":5215.9919459944203,"LENGTH_METRE":1771.9071838835901,"FEATURE_SOURCE":"linear stream -","GNIS_ID":11830,"GNIS_NAME":"Fortynine Creek","LEFT_RIGHT_TRIBUTARY":"LEFT","STREAM_ORDER":3,"STREAM_MAGNITUDE":17,"WATERBODY_KEY":null,"BLUE_LINE_KEY_50K":99,"WATERSHED_CODE_50K":"340075200000000000000000000000000000000000000","WATERSHED_KEY_50K":99,"WATERSHED_GROUP_CODE_50K":"KOTL","GRADIENT":null,"FEATURE_CODE":"GA24850000","OBJECTID":2532103,"GEOMETRY.LEN":0,"FEATURE_LENGTH_M":1781.8361}},{"type":"Feature","id":2565743,"geometry":{"type":"LineString","coordinates":[[1615640.9000000004,537737.9729999993],[1615636.0319999997,537751.41699999943],[1615634.0299999993,537759.30700000003],[1615628.2650000006,537780.77500000037],[1615625.2660000008,537788.38499999978],[1615620.4340000004,537810.92300000042],[1615619.6699999999,537816.8900000006],[1615614.9600000009,537822.38000000082],[1615604.727,537839.16200000048],[1615598.4879999999,537856.5859999992],[1615592.3699999992,537872.90899999999],[1615588.9590000007,537891.63199999928],[1615586.9550000001,537907.49499999918],[1615585.0739999991,537914.28399999999],[1615585.1229999997,537922.42200000025],[1615585.1950000003,537944.59600000083],[1615586.3110000007,537951.74699999951],[1615591.4210000001,537967.51400000043],[1615597.4780000001,537983.39499999955],[1615598.4869999997,537990.69299999997],[1615607.25,538016.94700000063],[1615610.0050000008,538035.45900000073],[1615611.2899999991,538049.64699999988],[1615609.4690000005,538063.61900000088],[1615606.3599999994,538087.32100000046],[1615600.7630000003,538107.85300000012],[1615597.3509999998,538126.57599999942],[1615590.4539999999,538149.8200000003],[1615586.2300000004,538158.39900000021],[1615575.9949999992,538175.18099999987],[1615564.341,538187.80399999954],[1615544.9910000004,538204.59999999963],[1615536.4550000001,538216.48399999924],[1615531.3320000004,538233.08699999936],[1615527.3859999999,538240.58300000057],[1615521.2660000008,538256.90499999933],[1615519.3839999996,538263.69400000013],[1615516.7850000001,538284.58799999952],[1615514.9149999991,538290.42100000009],[1615510.3849999998,538309.96600000001],[1615500.6720000003,538330.9570000004],[1615497.7210000008,538346.70600000024],[1615507.1270000003,538368.09400000051],[1615509.4800000004,538373.32200000063],[1615508.4240000006,538381.32699999958],[1615509.7689999994,538402.69800000079],[1615512.7650000006,538411.03299999982],[1615523.4079999998,538430.49899999984],[1615524.5360000003,538436.6950000003],[1615521.9370000008,538457.58899999969],[1615520.2349999994,538470.45900000073],[1615514.9409999996,538487.99799999967],[1615505.1669999994,538501.8049999997],[1615492.3939999994,538515.25100000016],[1615475.6889999993,538527.26400000043],[1615467.034,538532.2770000007],[1615456.6290000007,538542.02199999988],[1615443.2139999997,538552.35899999924],[1615439.4499999993,538557.96399999969],[1615424.7970000003,538570.22499999963],[1615419.1500000004,538582.61800000072],[1615415.2029999997,538590.11400000006],[1615408.7909999993,538608.47499999963],[1615401.7249999996,538616.71000000089],[1615382.7719999999,538631.32200000063],[1615378.0620000008,538636.81200000085],[1615366.2970000003,538657.5549999997],[1615360.6469999999,538677.92100000009],[1615357.7080000006,538692.71399999969],[1615356.1610000003,538713.57599999942],[1615355.6370000001,538732.80800000019],[1615354.3969999999,538742.70399999991],[1615351.102,538760.32499999925],[1615343.7329999991,538771.55299999937],[1615336.034,538783.69899999909],[1615326.0879999995,538798.44199999981],[1615320.3080000002,538812.89299999923],[1615312.6089999992,538825.03800000064],[1615309.6559999995,538840.78700000048],[1615305.4299999997,538849.36500000022],[1615298.1779999994,538867.46499999985],[1615292.9920000006,538876.88399999961],[1615286.4110000003,538888.20800000057],[1615276.5150000006,538903.11700000055],[1615262.8169999998,538922.51099999994],[1615247.0930000003,538943.73200000077],[1615234.6199999992,538962.15699999966],[1615220.9719999991,538981.71600000001],[1615216.7200000007,538992.20500000007],[1615209.4800000004,539009.34899999946],[1615203.8320000004,539021.74300000072],[1615193.7650000006,539037.58799999952],[1615185.3029999994,539047.72800000012],[1615177.5810000002,539053.81100000069],[1615171.4140000008,539054.02300000004],[1615159.3579999991,539053.3629999999],[1615136.2939999998,539052.48900000006],[1615124.1659999993,539061.0700000003],[1615115.5199999996,539073.10099999979],[1615111.4450000003,539097.64399999939],[1615110.9199999999,539116.875],[1615115.7310000006,539142.6520000007],[1615124.9529999997,539157.95800000057],[1615142.7070000004,539177.32599999942],[1615153.943,539191.75999999978],[1615157.0010000002,539199.3049999997],[1615162.2870000005,539221.15300000086],[1615167.8650000002,539240.96199999936],[1615165.5659999996,539258.8629999999],[1615163.216,539276.5979999993],[1615160.2620000001,539292.34699999914],[1615157.4440000001,539298.06599999964],[1615150.0690000001,539317.26700000092],[1615142.7080000006,539335.51300000027],[1615136.5869999994,539343.8629999999],[1615132.1769999992,539354.33300000057],[1615130.2149999999,539378.33400000073],[1615136.0969999991,539395.15000000037],[1615137.0989999995,539410.42100000009],[1615136.6710000001,539422.4879999999],[1615128.1439999994,539433.41699999943],[1615123.9049999993,539442.95099999942],[1615120.1270000003,539449.51099999994],[1615109.5960000008,539468.33100000024],[1615105.5260000005,539476.92799999937]]},"properties":{"LINEAR_FEATURE_ID":707092864,"WATERSHED_GROUP_ID":90,"EDGE_TYPE":1000,"BLUE_LINE_KEY":356567071,"WATERSHED_KEY":356567071,"FWA_WATERSHED_CODE":"300-625474-039562-000000-000000-000000-000000-000000-000000-000000-000000-000000-000000-000000-000000-000000-000000-000000-000000-000000-000000","LOCAL_WATERSHED_CODE":"300-625474-039562-702423-000000-000000-000000-000000-000000-000000-000000-000000-000000-000000-000000-000000-000000-000000-000000-000000-000000","WATERSHED_GROUP_CODE":"KOTL","DOWNSTREAM_ROUTE_MEASURE":6978.7005107291398,"LENGTH_METRE":1986.3766249334101,"FEATURE_SOURCE":"linear stream -","GNIS_ID":27978,"GNIS_NAME":"Smallwood Creek","LEFT_RIGHT_TRIBUTARY":"RIGHT","STREAM_ORDER":2,"STREAM_MAGNITUDE":4,"WATERBODY_KEY":null,"BLUE_LINE_KEY_50K":109,"WATERSHED_CODE_50K":"340088400000000000000000000000000000000000000","WATERSHED_KEY_50K":109,"WATERSHED_GROUP_CODE_50K":"KOTL","GRADIENT":null,"FEATURE_CODE":"GA24850000","OBJECTID":2565743,"GEOMETRY.LEN":0,"FEATURE_LENGTH_M":2001.6643000000001}},{"type":"Feature","id":2566930,"geometry":{"type":"LineString","coordinates":[[1613868.7709999997,536844.10099999979],[1613867.8249999993,536851.96000000089],[1613863.9440000001,536866.6400000006],[1613857.6579999998,536883.90000000037],[1613859.7860000003,536906.3200000003],[1613859.3629999999,536918.38800000027],[1613856.7819999997,536938.32699999958],[1613854.0749999993,536943.90100000054]]},"properties":{"LINEAR_FEATURE_ID":707093821,"WATERSHED_GROUP_ID":90,"EDGE_TYPE":1000,"BLUE_LINE_KEY":356565749,"WATERSHED_KEY":356565749,"FWA_WATERSHED_CODE":"300-625474-033788-000000-000000-000000-000000-000000-000000-000000-000000-000000-000000-000000-000000-000000-000000-000000-000000-000000-000000","LOCAL_WATERSHED_CODE":"300-625474-033788-591650-000000-000000-000000-000000-000000-000000-000000-000000-000000-000000-000000-000000-000000-000000-000000-000000-000000","WATERSHED_GROUP_CODE":"KOTL","DOWNSTREAM_ROUTE_MEASURE":7046.1853617583502,"LENGTH_METRE":102.36711315907201,"FEATURE_SOURCE":"linear stream -","GNIS_ID":18605,"GNIS_NAME":"Falls Creek","LEFT_RIGHT_TRIBUTARY":"RIGHT","STREAM_ORDER":5,"STREAM_MAGNITUDE":40,"WATERBODY_KEY":null,"BLUE_LINE_KEY_50K":106,"WATERSHED_CODE_50K":"340075500000000000000000000000000000000000000","WATERSHED_KEY_50K":106,"WATERSHED_GROUP_CODE_50K":"KOTL","GRADIENT":null,"FEATURE_CODE":"GA24850000","OBJECTID":2566930,"GEOMETRY.LEN":0,"FEATURE_LENGTH_M":102.57860000000001}},{"type":"Feature","id":2586669,"geometry":{"type":"LineString","coordinates":[[1607236.9940000009,526581.68999999948],[1607230.5409999993,526583.95099999942],[1607215.7200000007,526590.15699999966],[1607202.2609999999,526592.38099999912],[1607194.7329999991,526596.5859999992],[1607171.7109999992,526610.74300000072],[1607163.3129999992,526612.6129999999],[1607157.9550000001,526615.9609999992],[1607131.3340000007,526626.82100000046],[1607122.9360000007,526628.69099999964],[1607098.0020000003,526634.65100000054],[1607082.1669999994,526632.60700000077],[1607069.7050000001,526635.1099999994],[1607053.7960000001,526649.15799999982],[1607047.6469999999,526657.35199999996]]},"properties":{"LINEAR_FEATURE_ID":707618228,"WATERSHED_GROUP_ID":186,"EDGE_TYPE":1000,"BLUE_LINE_KEY":356537519,"WATERSHED_KEY":356537519,"FWA_WATERSHED_CODE":"300-625474-020842-045408-245208-000000-000000-000000-000000-000000-000000-000000-000000-000000-000000-000000-000000-000000-000000-000000-000000","LOCAL_WATERSHED_CODE":"300-625474-020842-045408-245208-028550-000000-000000-000000-000000-000000-000000-000000-000000-000000-000000-000000-000000-000000-000000-000000","WATERSHED_GROUP_CODE":"SLOC","DOWNSTREAM_ROUTE_MEASURE":267.3953989108,"LENGTH_METRE":210.25461427822901,"FEATURE_SOURCE":"linear stream -","GNIS_ID":13252,"GNIS_NAME":"Gander Creek","LEFT_RIGHT_TRIBUTARY":"LEFT","STREAM_ORDER":3,"STREAM_MAGNITUDE":15,"WATERBODY_KEY":null,"BLUE_LINE_KEY_50K":21,"WATERSHED_CODE_50K":"340047200045002440000000000000000000000000000","WATERSHED_KEY_50K":21,"WATERSHED_GROUP_CODE_50K":"SLOC","GRADIENT":null,"FEATURE_CODE":"GA24850000","OBJECTID":2586669,"GEOMETRY.LEN":0,"FEATURE_LENGTH_M":211.48170000000002}},{"type":"Feature","id":2593924,"geometry":{"type":"LineString","coordinates":[[1608337.6359999999,543100.25200000033],[1608342.1809999999,543095.69299999997],[1608358.6089999992,543085.69899999909],[1608371.7459999993,543077.38499999978],[1608376.4489999991,543072.84500000067],[1608385,543060.95199999958],[1608398.8540000003,543039.48900000006],[1608404.6899999995,543033.17200000025],[1608417.307,543020.64900000021],[1608423.4460000005,543004.32300000079],[1608428.5059999991,542996.95600000024],[1608443.1209999993,542977.49699999951],[1608448.0240000002,542970.11099999957],[1608458.8790000007,542948.28999999911],[1608464.7149999999,542941.97199999914],[1608468.3770000003,542936.51099999994],[1608494.2640000004,542924.61900000088],[1608510.0549999997,542918.53600000031],[1608519.6999999993,542914.74699999951],[1608524.2960000001,542910.35400000028],[1608538.9240000006,542889.94099999964],[1608546.9829999991,542882.93200000003],[1608562.7740000002,542876.84899999946],[1608574.9489999991,542869.37700000033],[1608587.727,542863.8900000006],[1608592.977,542861.64800000004]]},"properties":{"LINEAR_FEATURE_ID":707612232,"WATERSHED_GROUP_ID":186,"EDGE_TYPE":1000,"BLUE_LINE_KEY":356564711,"WATERSHED_KEY":356564711,"FWA_WATERSHED_CODE":"300-625474-020842-330099-000000-000000-000000-000000-000000-000000-000000-000000-000000-000000-000000-000000-000000-000000-000000-000000-000000","LOCAL_WATERSHED_CODE":"300-625474-020842-330099-387544-000000-000000-000000-000000-000000-000000-000000-000000-000000-000000-000000-000000-000000-000000-000000-000000","WATERSHED_GROUP_CODE":"SLOC","DOWNSTREAM_ROUTE_MEASURE":3061.31074790503,"LENGTH_METRE":362.19522765549902,"FEATURE_SOURCE":"linear stream -","GNIS_ID":14663,"GNIS_NAME":"Pedro Creek","LEFT_RIGHT_TRIBUTARY":"LEFT","STREAM_ORDER":3,"STREAM_MAGNITUDE":19,"WATERBODY_KEY":null,"BLUE_LINE_KEY_50K":155,"WATERSHED_CODE_50K":"340047200319000000000000000000000000000000000","WATERSHED_KEY_50K":155,"WATERSHED_GROUP_CODE_50K":"SLOC","GRADIENT":null,"FEATURE_CODE":"GA24850000","OBJECTID":2593924,"GEOMETRY.LEN":0,"FEATURE_LENGTH_M":367.16430000000003}},{"type":"Feature","id":2604367,"geometry":{"type":"LineString","coordinates":[[1614070.1109999996,534930.57399999909],[1614064.8289999999,534948.11400000006],[1614053.6579999998,534964.78600000031],[1614051.3629999999,534983.64299999923],[1614043.5580000002,535004.86500000022],[1614045.4560000002,535013.06599999964],[1614055.6209999993,535021.46700000018],[1614052.9979999997,535041.24100000039],[1614050.0539999995,535049.01799999923],[1614049.1099999994,535056.87700000033],[1614049.1260000002,535063.83799999952],[1614049.1260000002,535063.89399999939],[1614047.4340000004,535076.7650000006],[1614052.2510000002,535095.52300000004],[1614057.6689999998,535100.32200000063],[1614061.8000000007,535106.87900000066],[1614059.9220000003,535113.6679999996],[1614049.5779999997,535131.5549999997],[1614047.6870000008,535139.29900000058],[1614046.1769999992,535150.27899999917],[1614043.4210000001,535172.1099999994],[1614036.9560000002,535183.2890000008],[1614025.3760000002,535203.09999999963],[1614020.9590000007,535206.55399999954],[1614011.9820000008,535220.46000000089],[1614007.2760000005,535225.95199999958],[1614004.4509999994,535232.62700000033],[1614001.9839999992,535252.41999999993],[1613999.6999999993,535270.32200000063],[1613996.9560000002,535291.19800000079],[1613997.1410000008,535297.27899999917]]},"properties":{"LINEAR_FEATURE_ID":707095358,"WATERSHED_GROUP_ID":90,"EDGE_TYPE":1000,"BLUE_LINE_KEY":356565749,"WATERSHED_KEY":356565749,"FWA_WATERSHED_CODE":"300-625474-033788-000000-000000-000000-000000-000000-000000-000000-000000-000000-000000-000000-000000-000000-000000-000000-000000-000000-000000","LOCAL_WATERSHED_CODE":"300-625474-033788-419992-000000-000000-000000-000000-000000-000000-000000-000000-000000-000000-000000-000000-000000-000000-000000-000000-000000","WATERSHED_GROUP_CODE":"KOTL","DOWNSTREAM_ROUTE_MEASURE":5001.8503495853001,"LENGTH_METRE":398.53072810134904,"FEATURE_SOURCE":"linear stream -","GNIS_ID":18605,"GNIS_NAME":"Falls Creek","LEFT_RIGHT_TRIBUTARY":"RIGHT","STREAM_ORDER":5,"STREAM_MAGNITUDE":48,"WATERBODY_KEY":null,"BLUE_LINE_KEY_50K":106,"WATERSHED_CODE_50K":"340075500000000000000000000000000000000000000","WATERSHED_KEY_50K":106,"WATERSHED_GROUP_CODE_50K":"KOTL","GRADIENT":null,"FEATURE_CODE":"GA24850000","OBJECTID":2604367,"GEOMETRY.LEN":0,"FEATURE_LENGTH_M":399.76530000000002}},{"type":"Feature","id":2619244,"geometry":{"type":"LineString","coordinates":[[1608863.0720000006,526840.18200000003],[1608858.307,526837.54099999927],[1608834.2430000007,526836.42300000042],[1608825.4309999999,526842.38599999994],[1608817.2019999996,526843.31699999981],[1608806.1319999993,526843.90899999999],[1608785.4149999991,526840.32100000046],[1608770.3579999991,526839.32200000063],[1608758.3790000007,526845.8629999999],[1608756.2259999998,526854.69199999981],[1608757.7899999991,526875.12399999984],[1608748.8210000005,526881.06799999997],[1608741.8650000002,526881.19400000013],[1608728.9609999992,526871.36600000039],[1608716.9550000001,526870.8900000006],[1608700.8440000005,526869.92400000058],[1608680.8949999996,526868.34100000001],[1608676.8709999993,526860.68799999915],[1608662.2630000003,526847.78700000048],[1608647.2569999993,526846.95299999975],[1608630.307,526845.72800000012],[1608610.3570000008,526844.14599999972],[1608590.3000000007,526842.71000000089],[1608574.2970000003,526841.5979999993],[1608560.4340000004,526846.95900000073],[1608548.4440000001,526854.45600000024],[1608535.3330000006,526853.8479999993],[1608515.3829999994,526852.26600000076],[1608499.0930000003,526853.19299999997]]},"properties":{"LINEAR_FEATURE_ID":707618209,"WATERSHED_GROUP_ID":186,"EDGE_TYPE":1000,"BLUE_LINE_KEY":356570142,"WATERSHED_KEY":356570142,"FWA_WATERSHED_CODE":"300-625474-020842-045408-000000-000000-000000-000000-000000-000000-000000-000000-000000-000000-000000-000000-000000-000000-000000-000000-000000","LOCAL_WATERSHED_CODE":"300-625474-020842-045408-167510-000000-000000-000000-000000-000000-000000-000000-000000-000000-000000-000000-000000-000000-000000-000000-000000","WATERSHED_GROUP_CODE":"SLOC","DOWNSTREAM_ROUTE_MEASURE":3865.8662851232802,"LENGTH_METRE":415.77299962831802,"FEATURE_SOURCE":"linear stream -","GNIS_ID":18130,"GNIS_NAME":"Goose Creek","LEFT_RIGHT_TRIBUTARY":"RIGHT","STREAM_ORDER":4,"STREAM_MAGNITUDE":77,"WATERBODY_KEY":null,"BLUE_LINE_KEY_50K":18,"WATERSHED_CODE_50K":"340047200045000000000000000000000000000000000","WATERSHED_KEY_50K":18,"WATERSHED_GROUP_CODE_50K":"SLOC","GRADIENT":null,"FEATURE_CODE":"GA24850000","OBJECTID":2619244,"GEOMETRY.LEN":0,"FEATURE_LENGTH_M":415.8098}},{"type":"Feature","id":2630024,"geometry":{"type":"LineString","coordinates":[[1607342.0030000005,539270.45099999942],[1607339.3469999991,539291.1799999997],[1607337.8589999992,539311.25100000016],[1607335.5439999998,539330.10700000077],[1607332.7170000002,539351.77199999988],[1607328.6549999993,539367.3900000006],[1607325.9940000009,539373.13099999912],[1607314.0370000005,539395.77899999917],[1607310.1459999997,539410.4609999992],[1607309.8499999996,539420.47000000067],[1607310.9639999997,539427.61800000072]]},"properties":{"LINEAR_FEATURE_ID":707614334,"WATERSHED_GROUP_ID":186,"EDGE_TYPE":1000,"BLUE_LINE_KEY":356536682,"WATERSHED_KEY":356536682,"FWA_WATERSHED_CODE":"300-625474-020842-143840-000000-000000-000000-000000-000000-000000-000000-000000-000000-000000-000000-000000-000000-000000-000000-000000-000000","LOCAL_WATERSHED_CODE":"300-625474-020842-143840-734318-000000-000000-000000-000000-000000-000000-000000-000000-000000-000000-000000-000000-000000-000000-000000-000000","WATERSHED_GROUP_CODE":"SLOC","DOWNSTREAM_ROUTE_MEASURE":4438.5535648623299,"LENGTH_METRE":162.383096358394,"FEATURE_SOURCE":"linear stream -","GNIS_ID":16702,"GNIS_NAME":"Arvid Creek","LEFT_RIGHT_TRIBUTARY":"LEFT","STREAM_ORDER":2,"STREAM_MAGNITUDE":5,"WATERBODY_KEY":null,"BLUE_LINE_KEY_50K":null,"WATERSHED_CODE_50K":null,"WATERSHED_KEY_50K":null,"WATERSHED_GROUP_CODE_50K":null,"GRADIENT":null,"FEATURE_CODE":"GA24850000","OBJECTID":2630024,"GEOMETRY.LEN":0,"FEATURE_LENGTH_M":162.65290000000002}},{"type":"Feature","id":2652888,"geometry":{"type":"LineString","coordinates":[[1606956.693,541686.68200000003],[1606962.5130000003,541681.31699999981],[1606966.4719999991,541680.83300000057],[1606972.9470000006,541677.61900000088],[1606978.7809999995,541671.30000000075],[1606989.8499999996,541663.69199999981],[1606995.5490000006,541659.42899999954],[1607009.2599999998,541655.00599999912],[1607016.5600000005,541653.00699999928],[1607023.5179999992,541652.88099999912],[1607031.5800000001,541652.88599999994],[1607036.9220000003,541651.45099999942],[1607043.2760000005,541649.33899999969],[1607055.5840000007,541639.80599999987],[1607071.3599999994,541634.67300000042],[1607085.2699999996,541627.40399999917],[1607089.8509999998,541623.96499999985],[1607097.1510000005,541621.96600000001],[1607109.2740000002,541614.32499999925],[1607114.3509999998,541613.01700000092],[1607120.8259999994,541609.80399999954],[1607131.5889999997,541605.18899999931],[1607147.1879999992,541593.97599999979],[1607151.6109999996,541590.51799999923],[1607159.0319999997,541587.4179999996],[1607161.0969999991,541586.70800000057],[1607168.3839999996,541585.6640000008],[1607170.5700000003,541583.85199999996],[1607174.9800000004,541581.34899999946],[1607180.6919999998,541576.13099999912],[1607182.8780000005,541574.3200000003],[1607186.3540000003,541570.74799999967],[1607192.4800000004,541562.39100000076],[1607197.3670000006,541555.95900000073],[1607201.0280000009,541550.49699999951],[1607207.3259999994,541541.20399999991],[1607212.0069999993,541519.59999999963],[1607213.4120000005,541509.7229999993],[1607214.3159999996,541501.69899999909],[1607215.5639999993,541491.80299999937],[1607215.8640000001,541481.79499999993],[1607216.4619999994,541476.76400000043],[1607218.3450000007,541462.95800000057],[1607219.1150000002,541456.99100000039],[1607220.0690000001,541449.13299999945],[1607220.8389999997,541443.16599999927],[1607222.3920000009,541430.2770000007],[1607223.1490000002,541425.2650000006],[1607225.9839999992,541418.58799999952],[1607231.3469999991,541408.22699999996],[1607234.3029999994,541400.44800000079],[1607239.0130000003,541387.93600000069],[1607243.9130000006,541380.54900000058],[1607251.4489999991,541369.33100000024],[1607252.7520000003,541366.61700000055],[1607256.057,541363.98200000077],[1607261.0639999993,541356.44800000079],[1607267.0690000001,541349.19199999981],[1607269.6109999996,541344.55299999937],[1607271.1429999992,541340.59100000001],[1607274.7479999997,541327.94700000063],[1607279.8049999997,541320.57799999975],[1607289.5779999997,541307.71399999969],[1607292.4130000006,541301.03700000048],[1607294.8990000002,541289.21600000001]]},"properties":{"LINEAR_FEATURE_ID":707612942,"WATERSHED_GROUP_ID":186,"EDGE_TYPE":1000,"BLUE_LINE_KEY":356527792,"WATERSHED_KEY":356527792,"FWA_WATERSHED_CODE":"300-625474-020842-303052-000000-000000-000000-000000-000000-000000-000000-000000-000000-000000-000000-000000-000000-000000-000000-000000-000000","LOCAL_WATERSHED_CODE":"300-625474-020842-303052-842987-000000-000000-000000-000000-000000-000000-000000-000000-000000-000000-000000-000000-000000-000000-000000-000000","WATERSHED_GROUP_CODE":"SLOC","DOWNSTREAM_ROUTE_MEASURE":3072.31003148534,"LENGTH_METRE":572.2376302342351,"FEATURE_SOURCE":"linear stream -","GNIS_ID":18561,"GNIS_NAME":"Fairful Creek","LEFT_RIGHT_TRIBUTARY":"LEFT","STREAM_ORDER":1,"STREAM_MAGNITUDE":1,"WATERBODY_KEY":null,"BLUE_LINE_KEY_50K":153,"WATERSHED_CODE_50K":"340047200302000000000000000000000000000000000","WATERSHED_KEY_50K":153,"WATERSHED_GROUP_CODE_50K":"SLOC","GRADIENT":null,"FEATURE_CODE":"GA24850150","OBJECTID":2652888,"GEOMETRY.LEN":0,"FEATURE_LENGTH_M":695.79590000000007}},{"type":"Feature","id":2654835,"geometry":{"type":"LineString","coordinates":[[1622841.0240000002,544864.54600000009],[1622836.4670000002,544877.06799999997],[1622830.9279999994,544888.35199999996],[1622818.0559999999,544911.01999999955],[1622808.9059999995,544934.94099999964],[1622801.6970000006,544952.24100000039],[1622799.0329999998,544964.99400000088],[1622798.2469999995,544978.93400000036],[1622797.9800000004,544997.08500000089],[1622797.3660000004,545010.08899999969],[1622796.4729999993,545024.17600000091],[1622786.8550000004,545044.05199999921],[1622784.6569999997,545053.83100000024],[1622784.0429999996,545066.8359999992],[1622785.6659999993,545078.19999999925],[1622785.8269999996,545092.25599999912],[1622783.6799999997,545109.21900000051],[1622779.8969999999,545122.79199999943],[1622777.2320000008,545135.54499999993],[1622774.5539999995,545149.25300000049],[1622772.8859999999,545162.28800000064],[1622772.2719999999,545175.29199999943],[1622777.5319999997,545197.15100000054],[1622776.5749999993,545212.0270000007],[1622773.3090000004,545229.81000000052],[1622768.5789999999,545243.26700000092],[1622759.318,545260.31599999964]]},"properties":{"LINEAR_FEATURE_ID":707085995,"WATERSHED_GROUP_ID":90,"EDGE_TYPE":1000,"BLUE_LINE_KEY":356568277,"WATERSHED_KEY":356568277,"FWA_WATERSHED_CODE":"300-625474-048332-391586-000000-000000-000000-000000-000000-000000-000000-000000-000000-000000-000000-000000-000000-000000-000000-000000-000000","LOCAL_WATERSHED_CODE":"300-625474-048332-391586-390187-000000-000000-000000-000000-000000-000000-000000-000000-000000-000000-000000-000000-000000-000000-000000-000000","WATERSHED_GROUP_CODE":"KOTL","DOWNSTREAM_ROUTE_MEASURE":4670.8343581336103,"LENGTH_METRE":412.73328534491799,"FEATURE_SOURCE":"linear stream -","GNIS_ID":18222,"GNIS_NAME":"Baldface Creek","LEFT_RIGHT_TRIBUTARY":"RIGHT","STREAM_ORDER":4,"STREAM_MAGNITUDE":52,"WATERBODY_KEY":null,"BLUE_LINE_KEY_50K":2565,"WATERSHED_CODE_50K":"340108000411000000000000000000000000000000000","WATERSHED_KEY_50K":2565,"WATERSHED_GROUP_CODE_50K":"KOTL","GRADIENT":null,"FEATURE_CODE":"GA24850000","OBJECTID":2654835,"GEOMETRY.LEN":0,"FEATURE_LENGTH_M":413.2928}},{"type":"Feature","id":2676720,"geometry":{"type":"LineString","coordinates":[[1616404.7139999997,544856.57899999991],[1616418.7719999999,544864.34300000034],[1616433.3450000007,544869.30000000075],[1616439.9800000004,544873.13399999961],[1616447.8690000009,544874.09100000001],[1616462.4419999998,544879.04700000025],[1616480.1359999999,544890.28299999982],[1616500.8800000008,544909.06499999948],[1616507.6999999993,544911.00899999961],[1616524.5820000004,544913.05599999987],[1616544.0319999997,544919.56100000069],[1616564.4680000003,544941.3359999992],[1616585.6909999996,544956.18999999948],[1616596.9600000009,544970.79399999976],[1616603.716,544973.5270000007],[1616609.6040000003,544974.40000000037],[1616632.6530000009,544976.23900000006],[1616649.4130000006,544979.38800000027],[1616669.5160000008,544988.04600000009],[1616680.4539999999,544996.55000000075],[1616701.6630000006,545012.35899999924],[1616718.1160000004,545025.51899999939],[1616735.6889999993,545037.85700000077],[1616741.4979999997,545040.47599999979],[1616758.4309999999,545049.70600000024],[1616763.8249999993,545055.46399999969],[1616783.5840000007,545065.99499999918],[1616804.4979999997,545076.82499999925],[1616825.6689999998,545084.49699999951],[1616845.1199999992,545098.02099999972],[1616857.8149999995,545108.81100000069],[1616863.3300000001,545113.46700000018],[1616869.6710000001,545119.33999999985],[1616878.2349999994,545131.5429999996],[1616882.6840000004,545144.20399999991],[1616886.0260000005,545149.71299999952],[1616900.5999999996,545161.68799999915],[1616915.7620000001,545169.58799999952],[1616920.9979999997,545175.32699999958]]},"properties":{"LINEAR_FEATURE_ID":707611427,"WATERSHED_GROUP_ID":186,"EDGE_TYPE":1000,"BLUE_LINE_KEY":356559464,"WATERSHED_KEY":356559464,"FWA_WATERSHED_CODE":"300-625474-020842-349237-000000-000000-000000-000000-000000-000000-000000-000000-000000-000000-000000-000000-000000-000000-000000-000000-000000","LOCAL_WATERSHED_CODE":"300-625474-020842-349237-707988-000000-000000-000000-000000-000000-000000-000000-000000-000000-000000-000000-000000-000000-000000-000000-000000","WATERSHED_GROUP_CODE":"SLOC","DOWNSTREAM_ROUTE_MEASURE":9370.753024822061,"LENGTH_METRE":625.08949548501903,"FEATURE_SOURCE":"linear stream -","GNIS_ID":3011,"GNIS_NAME":"Winlaw Creek","LEFT_RIGHT_TRIBUTARY":"LEFT","STREAM_ORDER":3,"STREAM_MAGNITUDE":14,"WATERBODY_KEY":null,"BLUE_LINE_KEY_50K":162,"WATERSHED_CODE_50K":"340047200349000000000000000000000000000000000","WATERSHED_KEY_50K":162,"WATERSHED_GROUP_CODE_50K":"SLOC","GRADIENT":null,"FEATURE_CODE":"GA24850000","OBJECTID":2676720,"GEOMETRY.LEN":0,"FEATURE_LENGTH_M":629.4298}},{"type":"Feature","id":2681624,"geometry":{"type":"LineString","coordinates":[[1608945.2990000006,530894.67300000042],[1608943.3949999996,530886.47499999963],[1608937.2440000009,530863.42100000009],[1608934.8000000007,530843.04199999943],[1608933.3249999993,530829.79399999976],[1608930.2540000007,530822.25300000049],[1608914.3279999997,530797.07599999942],[1608900.4749999996,530779.16000000015],[1608895.5209999997,530770.43799999915],[1608893.7359999996,530761.13800000027]]},"properties":{"LINEAR_FEATURE_ID":707617785,"WATERSHED_GROUP_ID":186,"EDGE_TYPE":1000,"BLUE_LINE_KEY":356521095,"WATERSHED_KEY":356521095,"FWA_WATERSHED_CODE":"300-625474-020842-091761-000000-000000-000000-000000-000000-000000-000000-000000-000000-000000-000000-000000-000000-000000-000000-000000-000000","LOCAL_WATERSHED_CODE":"300-625474-020842-091761-127862-000000-000000-000000-000000-000000-000000-000000-000000-000000-000000-000000-000000-000000-000000-000000-000000","WATERSHED_GROUP_CODE":"SLOC","DOWNSTREAM_ROUTE_MEASURE":927.69836304808905,"LENGTH_METRE":146.21301163482801,"FEATURE_SOURCE":"linear stream -","GNIS_ID":16326,"GNIS_NAME":"Langill Creek","LEFT_RIGHT_TRIBUTARY":"RIGHT","STREAM_ORDER":3,"STREAM_MAGNITUDE":8,"WATERBODY_KEY":null,"BLUE_LINE_KEY_50K":6,"WATERSHED_CODE_50K":"340047200094000000000000000000000000000000000","WATERSHED_KEY_50K":6,"WATERSHED_GROUP_CODE_50K":"SLOC","GRADIENT":null,"FEATURE_CODE":"GA24850000","OBJECTID":2681624,"GEOMETRY.LEN":0,"FEATURE_LENGTH_M":146.42860000000002}},{"type":"Feature","id":2685274,"geometry":{"type":"LineString","coordinates":[[1609123.6329999994,541736.7929999996],[1609144.5140000004,541739.45199999958],[1609160.9309999999,541737.43099999987],[1609167.284,541735.32200000063],[1609179.7679999992,541731.87399999984],[1609189.227,541729.97699999996],[1609195.5439999998,541726.74699999951],[1609202.1889999993,541722.59999999963],[1609226.2060000002,541708.57499999925],[1609244.8159999996,541696.77199999988],[1609268.3129999992,541678.53800000064],[1609295.1510000005,541658.79199999943],[1609306.7019999996,541654.27600000054],[1609312.5219999999,541648.9140000008],[1609317.8910000008,541645.5700000003],[1609342.3709999993,541628.57100000046],[1609354.8129999992,541616.98699999973],[1609369.5289999992,541604.87700000033],[1609394.1429999992,541585.82200000063],[1609404.3849999998,541577.00300000049],[1609426.0010000002,541557.58799999952],[1609445.7290000003,541544.96299999952],[1609464.0270000007,541529.13800000027],[1609477.9360000007,541521.875],[1609483.7550000008,541516.51300000027],[1609507.1439999994,541498.42699999921],[1609526.2039999999,541484.60600000061],[1609543.2329999991,541461.6129999999],[1609547.1860000007,541454.11400000006],[1609556.1030000001,541430.94600000046],[1609560.8680000007,541425.61700000055],[1609573.4749999996,541406.08000000007],[1609590.1909999996,541394.05100000091],[1609608.159,541379.14299999923],[1609632.773,541360.08799999952],[1609648.1280000005,541351.0859999992],[1609673.9859999996,541337.12299999967],[1609687.4110000003,541326.77300000004],[1609703.0020000003,541308.55100000091],[1609723.8550000004,541287.13299999945],[1609733.5899999999,541273.1520000007],[1609752.2489999998,541261.51600000076],[1609771.0289999992,541248.77800000086],[1609777.4890000001,541246.52300000004],[1609801.3330000006,541233.43500000052],[1609819.0079999994,541220.56599999964],[1609845.5510000009,541202.85899999924],[1609854.1970000006,541198.7929999996],[1609870.4560000002,541181.76700000092],[1609882.4269999992,541166.14100000076],[1609885.4189999998,541159.48399999924],[1609886.9710000008,541146.59500000067],[1609889.9269999992,541123.82899999991],[1609891.4220000003,541103.75899999961],[1609896.3139999993,541089.35700000077],[1609901.9260000009,541068.82300000079],[1609905.0590000004,541052.1370000001],[1609907.2019999996,541027.20099999942],[1609912.3430000003,541002.62399999984],[1609917.2349999994,540988.2229999993],[1609925.8880000003,540976.18500000052],[1609942.7300000004,540955.08400000073],[1609943.4989999998,540949.11700000055],[1609946.5879999995,540924.29399999976],[1609952.1209999993,540912.99899999984],[1609956.6640000008,540908.44099999964],[1609977.2019999996,540897.9879999999],[1610000.9169999994,540893.97399999946],[1610021.4489999991,540891.49300000072],[1610042.1649999991,540887.11999999918],[1610062.2259999998,540880.59600000083]]},"properties":{"LINEAR_FEATURE_ID":707613166,"WATERSHED_GROUP_ID":186,"EDGE_TYPE":1000,"BLUE_LINE_KEY":356564711,"WATERSHED_KEY":356564711,"FWA_WATERSHED_CODE":"300-625474-020842-330099-000000-000000-000000-000000-000000-000000-000000-000000-000000-000000-000000-000000-000000-000000-000000-000000-000000","LOCAL_WATERSHED_CODE":"300-625474-020842-330099-595105-000000-000000-000000-000000-000000-000000-000000-000000-000000-000000-000000-000000-000000-000000-000000-000000","WATERSHED_GROUP_CODE":"SLOC","DOWNSTREAM_ROUTE_MEASURE":4700.8904698648003,"LENGTH_METRE":1357.0564747275901,"FEATURE_SOURCE":"linear stream -","GNIS_ID":14663,"GNIS_NAME":"Pedro Creek","LEFT_RIGHT_TRIBUTARY":"LEFT","STREAM_ORDER":2,"STREAM_MAGNITUDE":3,"WATERBODY_KEY":null,"BLUE_LINE_KEY_50K":155,"WATERSHED_CODE_50K":"340047200319000000000000000000000000000000000","WATERSHED_KEY_50K":155,"WATERSHED_GROUP_CODE_50K":"SLOC","GRADIENT":null,"FEATURE_CODE":"GA24850150","OBJECTID":2685274,"GEOMETRY.LEN":0,"FEATURE_LENGTH_M":1368.0674000000001}},{"type":"Feature","id":2764678,"geometry":{"type":"LineString","coordinates":[[1616650.7789999992,541595.90799999982],[1616637.4989999998,541596.21199999936],[1616622.4959999993,541595.34999999963],[1616600.5,541593.48200000077],[1616575.3719999995,541593.30700000003],[1616562.1290000007,541594.73200000077],[1616539.0720000006,541600.86800000072],[1616522.0099999998,541607.73100000061],[1616499.1109999996,541613.8870000001],[1616482.5270000007,541616.82100000046],[1616465.1669999994,541618.70399999991],[1616447.102,541618.26999999955],[1616429.8770000003,541618.09600000083],[1616420.5779999997,541619.99899999984],[1616396.091,541622.93300000019],[1616385.0319999997,541622.55000000075],[1616368.7400000002,541623.44700000063],[1616351.6860000007,541622.33799999952]]},"properties":{"LINEAR_FEATURE_ID":707088941,"WATERSHED_GROUP_ID":90,"EDGE_TYPE":1000,"BLUE_LINE_KEY":356545045,"WATERSHED_KEY":356545045,"FWA_WATERSHED_CODE":"300-625474-042847-000000-000000-000000-000000-000000-000000-000000-000000-000000-000000-000000-000000-000000-000000-000000-000000-000000-000000","LOCAL_WATERSHED_CODE":"300-625474-042847-706361-000000-000000-000000-000000-000000-000000-000000-000000-000000-000000-000000-000000-000000-000000-000000-000000-000000","WATERSHED_GROUP_CODE":"KOTL","DOWNSTREAM_ROUTE_MEASURE":10312.240283401099,"LENGTH_METRE":303.02248291504702,"FEATURE_SOURCE":"linear stream -","GNIS_ID":25643,"GNIS_NAME":"Sproule Creek","LEFT_RIGHT_TRIBUTARY":"RIGHT","STREAM_ORDER":4,"STREAM_MAGNITUDE":23,"WATERBODY_KEY":null,"BLUE_LINE_KEY_50K":114,"WATERSHED_CODE_50K":"340095600000000000000000000000000000000000000","WATERSHED_KEY_50K":114,"WATERSHED_GROUP_CODE_50K":"KOTL","GRADIENT":null,"FEATURE_CODE":"GA24850000","OBJECTID":2764678,"GEOMETRY.LEN":0,"FEATURE_LENGTH_M":303.31920000000002}},{"type":"Feature","id":2767623,"geometry":{"type":"LineString","coordinates":[[1605704.9000000004,527582.02199999988],[1605696.3990000002,527592.96700000018],[1605689.3770000003,527608.23299999908],[1605686.1980000008,527609.76899999939],[1605672.0360000003,527618.12900000066],[1605654.8900000006,527634.10600000061],[1605646.1940000001,527638.97199999914],[1605633.4600000009,527651.48699999973],[1605625.3990000002,527651.48699999973],[1605602.4489999991,527649.55900000036],[1605582.3300000001,527648.92400000058],[1605579.3300000001,527648.56799999997],[1605574.4370000008,527647.98699999973],[1605561.3249999993,527647.3870000001],[1605550.3709999993,527646.88399999961],[1605534.0539999995,527664.07499999925],[1605524.9949999992,527663.79700000025],[1605513.9450000003,527662.48599999957],[1605496.8760000002,527662.37199999951],[1605482.0130000003,527667.46299999952],[1605474.1199999992,527666.52600000054],[1605467.1239999998,527665.53600000031],[1605454.1699999999,527664.95500000007],[1605437.2180000003,527663.74000000022],[1605412.216,527661.5700000003],[1605398.1559999995,527660.85799999908],[1605377.0889999997,527660.11199999973],[1605365.7430000007,527661.79399999976],[1605342.818,527666.88399999961],[1605327.6319999993,527667.95099999942],[1605308.5099999998,527667.59500000067],[1605284.6129999999,527665.55700000003],[1605271.2550000008,527658.71199999936],[1605263.3629999999,527657.77600000054],[1605252.3019999992,527657.41999999993],[1605238.3609999996,527655.60600000061],[1605217.4619999994,527653.92400000058],[1605206.4020000007,527653.56799999997],[1605190.3969999999,527652.46700000018],[1605184.3990000002,527651.75500000082],[1605167.4470000006,527650.54099999927],[1605146.5449999999,527639.93300000019],[1605139.8859999999,527637.0700000003],[1605131.9529999997,527635.01400000043],[1605121.1789999995,527632.61999999918],[1605112.7550000008,527627.47599999979],[1605102.1600000001,527623.19099999964],[1605091.3859999999,527620.79700000025],[1605071.1229999997,527614.25],[1605059.2329999991,527612.6799999997],[1605038.1769999992,527610.98000000045]]},"properties":{"LINEAR_FEATURE_ID":707618137,"WATERSHED_GROUP_ID":186,"EDGE_TYPE":1000,"BLUE_LINE_KEY":356537519,"WATERSHED_KEY":356537519,"FWA_WATERSHED_CODE":"300-625474-020842-045408-245208-000000-000000-000000-000000-000000-000000-000000-000000-000000-000000-000000-000000-000000-000000-000000-000000","LOCAL_WATERSHED_CODE":"300-625474-020842-045408-245208-245514-000000-000000-000000-000000-000000-000000-000000-000000-000000-000000-000000-000000-000000-000000-000000","WATERSHED_GROUP_CODE":"SLOC","DOWNSTREAM_ROUTE_MEASURE":2299.3743566497501,"LENGTH_METRE":716.204769178981,"FEATURE_SOURCE":"linear stream -","GNIS_ID":13252,"GNIS_NAME":"Gander Creek","LEFT_RIGHT_TRIBUTARY":"LEFT","STREAM_ORDER":3,"STREAM_MAGNITUDE":12,"WATERBODY_KEY":null,"BLUE_LINE_KEY_50K":21,"WATERSHED_CODE_50K":"340047200045002440000000000000000000000000000","WATERSHED_KEY_50K":21,"WATERSHED_GROUP_CODE_50K":"SLOC","GRADIENT":null,"FEATURE_CODE":"GA24850000","OBJECTID":2767623,"GEOMETRY.LEN":0,"FEATURE_LENGTH_M":747.71510000000001}},{"type":"Feature","id":2782847,"geometry":{"type":"LineString","coordinates":[[1620761.1009999998,538147.5859999992],[1620752.3249999993,538169.64100000076],[1620749.6919999998,538181.43999999948],[1620747.2029999997,538194.21399999969],[1620744.8589999992,538211.94899999909],[1620742.7359999996,538228.9140000008],[1620737.2119999994,538240.20199999958],[1620735.2100000009,538248.09100000001],[1620730.682,538267.63299999945],[1620728.5089999996,538276.45900000073],[1620725.0979999993,538295.1799999997],[1620720.0960000008,538318.6520000007],[1620717.2070000004,538341.58400000073],[1620714.5610000007,538354.33899999969],[1620708.4910000004,538378.79600000009],[1620700.9649999999,538397.9729999993],[1620693.6089999992,538416.21399999969],[1620690.4389999993,538424.75799999945],[1620685.4370000008,538440.25599999912]]},"properties":{"LINEAR_FEATURE_ID":707092382,"WATERSHED_GROUP_ID":90,"EDGE_TYPE":1000,"BLUE_LINE_KEY":356545045,"WATERSHED_KEY":356545045,"FWA_WATERSHED_CODE":"300-625474-042847-000000-000000-000000-000000-000000-000000-000000-000000-000000-000000-000000-000000-000000-000000-000000-000000-000000-000000","LOCAL_WATERSHED_CODE":"300-625474-042847-300540-000000-000000-000000-000000-000000-000000-000000-000000-000000-000000-000000-000000-000000-000000-000000-000000-000000","WATERSHED_GROUP_CODE":"KOTL","DOWNSTREAM_ROUTE_MEASURE":4387.6152686407504,"LENGTH_METRE":303.71689962854305,"FEATURE_SOURCE":"linear stream -","GNIS_ID":25643,"GNIS_NAME":"Sproule Creek","LEFT_RIGHT_TRIBUTARY":"RIGHT","STREAM_ORDER":4,"STREAM_MAGNITUDE":67,"WATERBODY_KEY":null,"BLUE_LINE_KEY_50K":114,"WATERSHED_CODE_50K":"340095600000000000000000000000000000000000000","WATERSHED_KEY_50K":114,"WATERSHED_GROUP_CODE_50K":"KOTL","GRADIENT":null,"FEATURE_CODE":"GA24850000","OBJECTID":2782847,"GEOMETRY.LEN":0,"FEATURE_LENGTH_M":304.14680000000004}},{"type":"Feature","id":2837113,"geometry":{"type":"LineString","coordinates":[[1609634.75,533017.23399999924],[1609629.2980000004,533027.74100000039],[1609627.3159999996,533051.57799999975],[1609628.5079999994,533065.91000000015],[1609630.6530000009,533088.32699999958],[1609633.5390000008,533097.75899999961],[1609634.8320000004,533103.97199999914],[1609635.966,533110.16599999927],[1609634.9069999997,533119.12700000033],[1609635.7469999995,533136.28600000031],[1609632.8300000001,533159.05399999954],[1609629.7180000003,533167.76999999955],[1609620.8029999994,533189.8200000003],[1609616.5749999993,533199.35799999908],[1609615.6459999997,533206.2620000001],[1609612.591,533223.11500000022],[1609611.8320000004,533229.0820000004],[1609610.909,533243.95800000057],[1609610.0309999995,533251.0270000007],[1609609.2780000009,533264.96700000018],[1609608.7060000002,533277.0150000006],[1609607.6640000008,533292.99300000072],[1609607.0800000001,533305.99599999934],[1609607.8129999992,533323.30199999921],[1609607.8190000001,533331.27400000021],[1609608.5390000008,533349.53500000015],[1609616.9360000007,533385.93300000019],[1609615.7799999993,533410.98399999924],[1609615.0089999996,533417.90699999966],[1609611.8010000009,533442.71299999952],[1609609.0519999992,533464.54499999993],[1609607.182,533479.30700000003],[1609605.5429999996,533492.34400000051],[1609603.5710000005,533515.22499999963],[1609600.4820000008,533538.92899999954],[1609598.6620000005,533553.85700000077],[1609606.9839999992,533575.09999999963],[1609611.5639999993,533579.63399999961],[1609617.4590000007,533588.47000000067],[1609631.2970000003,533598.41599999927],[1609635.8760000002,533602.94999999925],[1609645.3599999994,533607.11400000006],[1609653.1199999992,533610.11500000022],[1609659.9570000004,533611.09200000018],[1609668.0059999991,533612.0549999997],[1609688.6009999998,533616.75100000016],[1609695.375,533618.51799999923],[1609701.2530000005,533620.33799999952],[1609713.7870000005,533625.02600000054],[1609728.5030000005,533627.90300000086],[1609735.1579999998,533630.77199999988],[1609747.1699999999,533639.22399999946],[1609757.8269999996,533650.70299999975],[1609765.1280000005,533656.67799999937],[1609774.8379999995,533668.04399999976],[1609777.2469999995,533673.43400000036],[1609790.75,533693.22399999946],[1609802.9820000008,533700.90599999949],[1609806.8139999993,533710.45199999958],[1609818.2349999994,533723.93600000069],[1609825.2530000005,533739.92200000025],[1609829.7249999996,533744.60199999996],[1609833.6760000009,533753.04600000009],[1609841.2780000009,533756.02899999917],[1609845.7379999999,533761.6640000008],[1609853.3959999997,533772.78399999999],[1609864.3540000003,533781.26999999955],[1609876.7050000001,533787.84999999963],[1609879.7210000008,533795.22599999979],[1609891.8000000007,533810.86099999957],[1609898.1539999992,533816.72399999946],[1609899.4580000006,533821.98200000077],[1609914.3489999995,533831.89499999955],[1609921.1620000005,533834.78299999982],[1609933.2359999996,533842.44600000046],[1609943.0089999996,533844.57300000079],[1609957.1229999997,533853.43600000069],[1609965.8300000001,533856.55100000091],[1609971.2609999999,533860.3900000006],[1609978.193,533862.17699999921],[1609982.7850000001,533865.75500000082],[1609994.6720000003,533867.33799999952],[1610000.5500000007,533869.15799999982],[1610003.5490000006,533869.51700000092],[1610007.9700000007,533874.03199999966],[1610023.5020000003,533879.08000000007],[1610030.3269999996,533881.01300000027],[1610035.0490000006,533882.53500000015],[1610042.9790000003,533884.59999999963],[1610050.5810000002,533887.58300000057],[1610063.2210000008,533892.12600000016],[1610078.7650000006,533896.21900000051],[1610084.5920000002,533897.87299999967],[1610092.3640000001,533899.91999999993],[1610099.1889999993,533901.85300000012],[1610121.2960000001,533903.5429999996],[1610139.8379999995,533907.99599999934],[1610147.6099999994,533910.04199999943],[1610156.6060000006,533911.11999999918],[1610171.4920000006,533913.06200000085],[1610177.5010000002,533912.82499999925],[1610182.5510000009,533913.42899999954],[1610199.6079999991,533914.5150000006],[1610202.5,533915.02099999972],[1610224.3289999999,533917.79499999993],[1610232.3780000005,533918.75899999961],[1610236.3239999991,533919.23100000061],[1610243.4379999992,533919.12700000033],[1610249.3279999997,533919.99200000055],[1610256.2719999999,533920.82300000079],[1610270.0409999993,533923.58799999952],[1610276.8149999995,533925.35600000061],[1610281.4570000004,533929.10099999979],[1610287.4539999999,533929.81900000013],[1610295.5150000006,533929.82799999975],[1610301.5120000001,533930.54700000025],[1610313.2300000004,533933.06599999964],[1610321.9360000007,533936.18099999987],[1610329.4189999998,533940.26700000092],[1610336.2320000008,533943.15499999933],[1610342.0710000005,533943.85500000045],[1610346.5309999995,533949.49100000039],[1610361.2520000003,533960.34200000018],[1610364.4379999992,533966.78199999966],[1610372.6850000005,533972.87199999951],[1610379.2090000007,533977.79800000042],[1610384.5769999996,533982.42699999921],[1610391.2760000005,533994.3900000006],[1610395.4079999998,534000.94400000013],[1610397.8159999996,534006.33400000073],[1610407.4869999997,534016.58000000007],[1610413.7259999998,534031.51700000092],[1610415.1999999993,534035.83899999969],[1610418.9749999996,534037.24799999967],[1610430.2599999998,534044.81799999997],[1610438.8090000004,534047.9140000008],[1610443.6769999992,534050.41100000031],[1610450.2129999995,534054.38299999945],[1610454.1579999998,534054.85500000045],[1610466.8100000005,534058.44400000013],[1610473.7540000007,534059.27600000054],[1610487.693,534061.10500000045],[1610494.3479999993,534063.97499999963],[1610498.8200000003,534068.65599999949],[1610502.2939999998,534073.05900000036],[1610505.3100000005,534080.43500000052],[1610509.5529999994,534103.26400000043],[1610511.7909999993,534109.59100000001],[1610512.9120000005,534116.74000000022],[1610516.6410000008,534134.40599999949],[1610518.0510000009,534139.51700000092],[1610524.1879999992,534162.57300000079],[1610527.1909999996,534170.90499999933],[1610531.0219999999,534180.45199999958],[1610534.0999999996,534187.03800000064],[1610540.1689999998,534202.91200000048],[1610551.1180000007,534220.32699999958],[1610555.8959999997,534229.98699999973],[1610560.898,534246.84899999946],[1610565.9649999999,534254.47100000083],[1610573.8080000002,534271.67300000042],[1610583.5209999997,534291.01300000027],[1610586.8760000002,534296.51700000092],[1610596.7870000005,534320.98200000077],[1610601.7219999991,534330.66100000031],[1610608.9240000006,534352.72900000028],[1610611.9940000009,534368.24300000072],[1610613.943,534376.60799999908],[1610622.8269999996,534394.73200000077],[1610630.6699999999,534411.93500000052],[1610633.8550000004,534418.375],[1610641.0399999991,534433.42600000091],[1610642.3310000002,534439.63900000043],[1610647.2819999997,534456.33500000089],[1610651.2949999999,534463.99100000039],[1610654.3090000004,534471.36700000055],[1610664.4930000007,534486.77800000086],[1610671.5040000007,534494.7929999996],[1610679.4370000008,534504.83100000024],[1610683.8579999991,534509.34699999914],[1610695.1579999998,534523.93500000052],[1610707.6940000001,534536.5979999993],[1610718.8210000005,534544.15000000037],[1610725.1229999997,534549.8479999993],[1610744.3809999991,534572.56399999931],[1610748.6699999999,534579.1370000001],[1610751.8550000004,534585.57699999958],[1610759.0429999996,534608.59999999963],[1610764.3460000008,534622.46900000051],[1610766.5840000007,534628.79600000009],[1610771.6620000005,534635.46299999952],[1610782.3200000003,534654.91699999943],[1610784.7280000001,534660.30700000003],[1610788.2620000001,534671.86999999918],[1610788.2679999992,534671.89200000092],[1610789.0329999998,534673.89699999988],[1610793.0449999999,534681.55299999937],[1610796.7430000007,534693.15699999966],[1610799.9279999994,534699.59699999914],[1610802.2850000001,534704.82200000063],[1610807.2310000006,534713.54700000025],[1610814.4149999991,534728.5979999993],[1610818.9030000009,534740.29600000009],[1610824.3239999991,534753.06399999931],[1610827.3770000003,534761.56100000069],[1610840.4000000004,534777.31200000085],[1610853.5850000009,534801.0549999997],[1610854.9419999998,534814.45099999942],[1610854.1300000008,534820.25200000033],[1610852.3059999999,534835.1799999997],[1610850.8000000007,534854.13199999928],[1610849.7489999998,534862.1370000001],[1610847.7579999994,534885.97399999946],[1610849.4169999994,534896.37600000016],[1610853.2339999992,534906.87900000066],[1610857.5380000006,534920.46900000051],[1610865.6689999998,534935.63299999945],[1610867.7860000003,534943.06200000085],[1610866.9120000005,534966.07599999942],[1610864.9330000002,534988.9570000004],[1610863.1209999993,535002.92899999954],[1610864.125,535019.15300000086],[1610869.1400000006,535043.03199999966],[1610875.4959999993,535056.86800000072],[1610879.9159999993,535061.38399999961],[1610889.1510000005,535076.68099999987],[1610893.3320000004,535083.40100000054],[1610899.1750000007,535092.07300000079],[1610902.5170000009,535098.53299999982],[1610906.5309999995,535114.16100000031],[1610909.8849999998,535119.66499999911],[1610918.3699999992,535139.97399999946],[1610920.4370000008,535147.2379999999],[1610935.0889999997,535167.33000000007],[1610952.8589999992,535186.68099999987],[1610963.9869999997,535202.20500000007],[1610969.4079999998,535214.9729999993],[1610979.7740000002,535236.46499999985],[1610982.0260000005,535249.80900000036],[1610982.7280000001,535269.02500000037],[1610986.2670000009,535280.6099999994],[1610994.2129999995,535297.66699999943],[1610995.5160000008,535302.92500000075],[1611000.4759999998,535318.66699999943],[1611004.1850000005,535329.31599999964],[1611010.068,535347.08100000024],[1611013.1319999993,535354.62399999984],[1611016.9609999992,535364.17100000009],[1611024.2620000001,535378.12099999934],[1611026.2090000007,535386.4849999994],[1611035.4580000006,535408.80000000075],[1611039.4590000007,535425.38399999961],[1611040.591,535431.57799999975],[1611043.8269999996,535446.15599999949],[1611050.8389999997,535462.14399999939],[1611055.1919999998,535475.90000000037],[1611057.4289999995,535482.22699999996],[1611065.8469999991,535495.35400000028],[1611075.6730000004,535505.62099999934],[1611096.3330000006,535525.47800000012],[1611114.9949999992,535536.8049999997],[1611127.8690000009,535547.59699999914],[1611140.4159999993,535559.30700000003],[1611142.3640000001,535575.64399999939],[1611148.6009999998,535598.55399999954],[1611153.2589999996,535617.2890000008],[1611154.2709999997,535624.58500000089],[1611160.7949999999,535637.48599999957],[1611171.7369999997,535646.9299999997],[1611183.6400000006,535663.50500000082],[1611187.9409999996,535669.12299999967],[1611191.1109999996,535676.51899999939],[1611198.1870000008,535699.68999999948],[1611208.5519999992,535721.18200000003],[1611219.6659999993,535737.66300000064],[1611220.9670000002,535742.92100000009],[1611226.3220000006,535748.50599999912],[1611229.5549999997,535755.11199999973],[1611235.2119999994,535757.70399999991],[1611245.0869999994,535768.1370000001],[1611267.6270000003,535789.17799999937],[1611274.4529999997,535799.08500000089],[1611293.182,535825.56799999997],[1611311.7770000007,535846.13499999978],[1611319.0749999993,535852.1129999999],[1611334.4350000005,535858.10199999996],[1611350.7929999996,535872.34300000034],[1611367.5610000007,535883.44299999997]]},"properties":{"LINEAR_FEATURE_ID":707617455,"WATERSHED_GROUP_ID":186,"EDGE_TYPE":1000,"BLUE_LINE_KEY":356500919,"WATERSHED_KEY":356500919,"FWA_WATERSHED_CODE":"300-625474-020842-095994-000000-000000-000000-000000-000000-000000-000000-000000-000000-000000-000000-000000-000000-000000-000000-000000-000000","LOCAL_WATERSHED_CODE":"300-625474-020842-095994-295100-000000-000000-000000-000000-000000-000000-000000-000000-000000-000000-000000-000000-000000-000000-000000-000000","WATERSHED_GROUP_CODE":"SLOC","DOWNSTREAM_ROUTE_MEASURE":1604.8426828574002,"LENGTH_METRE":3732.3300289142903,"FEATURE_SOURCE":"linear stream -","GNIS_ID":16965,"GNIS_NAME":"Jacob Creek","LEFT_RIGHT_TRIBUTARY":"LEFT","STREAM_ORDER":1,"STREAM_MAGNITUDE":1,"WATERBODY_KEY":null,"BLUE_LINE_KEY_50K":null,"WATERSHED_CODE_50K":null,"WATERSHED_KEY_50K":null,"WATERSHED_GROUP_CODE_50K":null,"GRADIENT":null,"FEATURE_CODE":"GA24850000","OBJECTID":2837113,"GEOMETRY.LEN":0,"FEATURE_LENGTH_M":3974.4850000000001}},{"type":"Feature","id":2840029,"geometry":{"type":"LineString","coordinates":[[1621672.9130000006,536876.94199999981],[1621667.5620000008,536879.31799999997],[1621655.2180000003,536880.68200000003],[1621635.0490000006,536888.26700000092],[1621626.6999999993,536890.27800000086],[1621607.7559999991,536896.89699999988],[1621593.8729999997,536903.17600000091],[1621580.5280000009,536920.68400000036],[1621570.5899999999,536935.41899999976],[1621561.6490000002,536950.43500000052],[1621548.1329999994,536968.88000000082],[1621536.0120000001,536985.42200000025],[1621524.5590000004,536995.18700000085],[1621506.4419999998,537010.99699999951],[1621482.6329999994,537031.05700000003],[1621471.1549999993,537042.73299999908],[1621459.9920000006,537058.43500000052],[1621442.0460000001,537081.28299999982],[1621430.4100000001,537092.93999999948],[1621417.9969999995,537103.54600000009],[1621401.8920000009,537110.51099999994],[1621382.0010000002,537117.0150000006],[1621369.3660000004,537120.41699999943],[1621350.4210000001,537119.06200000085],[1621337.4829999991,537117.48299999908],[1621322.1410000008,537118.48200000077],[1621311.7290000003,537121.19899999909],[1621302.9069999997,537135.1129999999],[1621293.0319999997,537157.03299999982],[1621286.3239999991,537170.40799999982],[1621275.1620000005,537186.1099999994],[1621272.3350000009,537192.78199999966]]},"properties":{"LINEAR_FEATURE_ID":707093786,"WATERSHED_GROUP_ID":90,"EDGE_TYPE":1000,"BLUE_LINE_KEY":356545045,"WATERSHED_KEY":356545045,"FWA_WATERSHED_CODE":"300-625474-042847-000000-000000-000000-000000-000000-000000-000000-000000-000000-000000-000000-000000-000000-000000-000000-000000-000000-000000","LOCAL_WATERSHED_CODE":"300-625474-042847-184348-000000-000000-000000-000000-000000-000000-000000-000000-000000-000000-000000-000000-000000-000000-000000-000000-000000","WATERSHED_GROUP_CODE":"KOTL","DOWNSTREAM_ROUTE_MEASURE":2691.3278529763502,"LENGTH_METRE":543.78457487124399,"FEATURE_SOURCE":"linear stream -","GNIS_ID":25643,"GNIS_NAME":"Sproule Creek","LEFT_RIGHT_TRIBUTARY":"RIGHT","STREAM_ORDER":4,"STREAM_MAGNITUDE":79,"WATERBODY_KEY":null,"BLUE_LINE_KEY_50K":114,"WATERSHED_CODE_50K":"340095600000000000000000000000000000000000000","WATERSHED_KEY_50K":114,"WATERSHED_GROUP_CODE_50K":"KOTL","GRADIENT":null,"FEATURE_CODE":"GA24850000","OBJECTID":2840029,"GEOMETRY.LEN":0,"FEATURE_LENGTH_M":544.40440000000001}},{"type":"Feature","id":2873255,"geometry":{"type":"LineString","coordinates":[[1607000.2390000001,530264.20199999958],[1606981.2359999996,530262.73699999973],[1606961.3369999994,530261.32399999909],[1606936.1669999994,530260.0820000004],[1606913.2180000003,530258.14699999988],[1606905.9739999995,530260.31399999931],[1606889.8010000009,530260.14200000092],[1606879.6879999992,530259.89499999955],[1606862.1500000004,530263.70600000024],[1606838.1689999998,530268.82300000079],[1606827.1199999992,530276.43500000052],[1606818.7599999998,530279.42500000075],[1606812.125,530283.57699999958],[1606784.8560000006,530299.30199999921],[1606768.9250000007,530305.37700000033],[1606759.2799999993,530310.12700000033],[1606736.7019999996,530321.30900000036],[1606723.4820000008,530329.77899999917],[1606716.1870000008,530331.78099999949],[1606709.0730000008,530331.89100000076],[1606702.7760000005,530334.16999999993],[1606681.1449999996,530345.46499999985],[1606669.4979999997,530350.1370000001],[1606656.3969999999,530357.50500000082],[1606642.5170000009,530363.82399999909],[1606622.0140000004,530373.34100000001],[1606608.7100000009,530375.58400000073],[1606586.7909999993,530388.91699999943],[1606571.6879999992,530405.13399999961],[1606568.2929999996,530415.88900000043],[1606561.4419999998,530438.18899999931],[1606550.3169999998,530460.93600000069],[1606538.5109999999,530474.51600000076],[1606530.9289999995,530478.55599999987],[1606519.2819999997,530483.22800000012],[1606507.5840000007,530487.7349999994],[1606496.7029999997,530494.41100000031],[1606487.3560000006,530496.16899999976],[1606466.352,530494.62700000033],[1606452.1119999997,530495.80299999937],[1606431.5969999991,530506.27500000037],[1606418.9519999996,530510.66899999976],[1606399.852,530517.32399999909],[1606388.0360000003,530522.93300000019],[1606375.0920000002,530530.32100000046],[1606363.5739999991,530541.8629999999],[1606353.9900000002,530545.82499999925],[1606347.1850000005,530550.9140000008],[1606329.0930000003,530565.81900000013],[1606321.2109999992,530572.85199999996],[1606313.6290000007,530576.89200000092],[1606299.0030000005,530597.1520000007],[1606285.2170000002,530617.66999999993],[1606275.3650000002,530639.6129999999],[1606267.9619999994,530650.68899999931],[1606262.1649999991,530664.0270000007],[1606258.0130000003,530680.75],[1606256.3310000002,530693.62199999951],[1606253.8819999993,530713.41599999927],[1606253.3159999996,530725.46399999969],[1606251.5140000004,530748.36500000022],[1606250.9700000007,530767.42899999954],[1606249.8049999997,530785.46299999952],[1606248.9010000005,530799.38399999961],[1606246.523,530826.3599999994],[1606246.6050000004,530841.51400000043],[1606247.9820000008,530862.88000000082],[1606246.7780000009,530879.7929999996],[1606245.8029999994,530903.90799999982],[1606246.6630000006,530920.11099999957],[1606244.8709999993,530942.05599999987],[1606244.1030000001,530948.97800000012],[1606241.8540000003,530973.89800000004],[1606239.2850000001,530994.79399999976],[1606235.8269999996,531006.33899999969],[1606233.8560000006,531021.24899999984],[1606231.6950000003,531030.07799999975],[1606229.9030000009,531052.02300000004],[1606217.8159999996,531075.61400000006],[1606207.9629999995,531097.55599999987],[1606197.9189999998,531113.41899999976],[1606182.8239999991,531128.68099999987],[1606162.6669999994,531144.29800000042],[1606153.6789999995,531151.19999999925],[1606144.3920000009,531161.09500000067],[1606126.1170000006,531177.89200000092],[1606107.1940000001,531191.58400000073],[1606100.4279999994,531197.7929999996],[1606092.0989999995,531206.84600000083],[1606077.6400000006,531226.16899999976],[1606067.4379999992,531242.01300000027],[1606062.8530000001,531246.41000000015],[1606050.2760000005,531266.9140000008],[1606030.7770000007,531284.68099999987],[1606023.3839999996,531294.80199999921],[1606016.7870000005,531300.07499999925],[1605995.3430000003,531317.45299999975],[1605969.4839999992,531338.29099999927],[1605963.8450000007,531342.72100000083],[1605952.4940000009,531353.32799999975],[1605946.2170000002,531362.625],[1605940.3969999999,531368.94700000063],[1605921.4820000008,531390.61099999957],[1605916.1520000007,531400.01999999955],[1605910.9800000004,531409.44800000079],[1605902.5409999993,531427.57399999909],[1605892.6850000005,531449.51799999923],[1605883.4059999995,531467.38499999978],[1605879.3619999997,531475.03399999999],[1605872.9739999995,531493.40399999917],[1605869.3249999993,531498.86900000088],[1605858.8129999992,531509.7349999994],[1605847.4729999993,531519.38599999994],[1605840.1659999993,531522.34400000051],[1605829.0069999993,531530.10400000028],[1605810.7310000006,531546.9020000007],[1605804.0940000005,531551.0549999997],[1605793.8589999992,531560.83799999952],[1605788.0590000004,531574.17699999921],[1605783.7139999997,531584.81900000013],[1605780.4440000001,531602.44400000013],[1605763.9309999999,531621.52400000021],[1605755.8900000006,531628.5390000008],[1605747.5280000009,531631.53099999949],[1605722.8939999994,531642.47199999914],[1605699.8350000009,531649.61600000039],[1605678.0920000002,531661.06100000069],[1605671.9130000006,531662.24000000022],[1605655.9600000009,531661.30000000075],[1605635.5519999992,531662.70199999958],[1605620.4940000009,531661.71000000089],[1605609.1339999996,531664.34500000067],[1605584.1919999998,531670.30900000036],[1605565.3780000005,531674.92899999954],[1605550.2019999996,531675.0390000008],[1605529.3239999991,531680.36999999918],[1605518.7300000004,531685.00999999978],[1605501.3910000008,531693.94999999925],[1605477.2259999998,531700.96299999952],[1605455.4020000007,531706.18099999987],[1605436,531715.83300000057],[1605410.1180000007,531729.65599999949],[1605400.182,531736.44700000063],[1605389.8479999993,531754.34899999946],[1605379.1659999993,531766.1520000007],[1605362.9399999995,531783.1950000003],[1605355.5449999999,531793.31599999964],[1605334.4379999992,531808.82300000079],[1605324.0329999998,531819.5429999996],[1605313.8080000002,531828.37099999934],[1605293.7670000009,531842.88900000043],[1605273.6970000006,531842.41899999976],[1605266.7019999996,531841.42899999954],[1605250.5899999999,531840.47199999914],[1605231.7440000009,531839.03099999949],[1605215.6410000008,531846.04600000009],[1605198.3019999992,531854.98699999973],[1605188.8230000008,531858.80299999937],[1605167.8540000003,531880.22499999963],[1605159.0350000001,531886.19199999981],[1605135.216,531899.30599999987],[1605113.2919999994,531912.64399999939],[1605096.1109999996,531921.60300000012],[1605083.9529999997,531929.08699999936]]},"properties":{"LINEAR_FEATURE_ID":707617867,"WATERSHED_GROUP_ID":186,"EDGE_TYPE":1000,"BLUE_LINE_KEY":356521095,"WATERSHED_KEY":356521095,"FWA_WATERSHED_CODE":"300-625474-020842-091761-000000-000000-000000-000000-000000-000000-000000-000000-000000-000000-000000-000000-000000-000000-000000-000000-000000","LOCAL_WATERSHED_CODE":"300-625474-020842-091761-435272-000000-000000-000000-000000-000000-000000-000000-000000-000000-000000-000000-000000-000000-000000-000000-000000","WATERSHED_GROUP_CODE":"SLOC","DOWNSTREAM_ROUTE_MEASURE":3158.1043377626902,"LENGTH_METRE":2818.5533392473099,"FEATURE_SOURCE":"linear stream -","GNIS_ID":16326,"GNIS_NAME":"Langill Creek","LEFT_RIGHT_TRIBUTARY":"RIGHT","STREAM_ORDER":2,"STREAM_MAGNITUDE":2,"WATERBODY_KEY":null,"BLUE_LINE_KEY_50K":null,"WATERSHED_CODE_50K":null,"WATERSHED_KEY_50K":null,"WATERSHED_GROUP_CODE_50K":null,"GRADIENT":null,"FEATURE_CODE":"GA24850150","OBJECTID":2873255,"GEOMETRY.LEN":0,"FEATURE_LENGTH_M":2866.2017000000001}},{"type":"Feature","id":2876359,"geometry":{"type":"LineString","coordinates":[[1615960.8029999994,528462.39200000092],[1615963.5040000007,528465.74699999951],[1615976.2349999994,528476.53199999966],[1615993.6779999994,528489.79900000058],[1616009.9910000004,528495.9140000008],[1616031.9879999999,528497.77400000021],[1616041.4499999993,528494.93099999987],[1616063.3819999993,528488.65100000054],[1616082.4729999993,528482.02800000086],[1616095.2200000007,528477.50899999961],[1616120.1500000004,528471.59200000018],[1616144.1449999996,528464.60500000045],[1616154.8910000008,528460.00400000066],[1616171.8800000008,528452.96800000034],[1616179.4580000006,528448.94099999964],[1616202.1830000002,528437.81499999948],[1616221.6899999995,528427.0979999993],[1616239.7689999994,528412.22199999914],[1616262.1410000008,528394.99499999918],[1616285.5779999997,528376.77999999933],[1616294.5580000002,528369.89299999923],[1616313.8809999991,528352.13900000043],[1616327.4309999999,528341.81799999997],[1616348.6870000008,528325.41300000064],[1616363.0150000006,528316.14299999923],[1616382.4140000008,528305.57200000063],[1616406.9700000007,528295.46600000001],[1616416.3249999993,528292.76999999955],[1616429.0710000005,528288.25100000016],[1616439.9450000003,528281.59300000034],[1616464.1889999993,528266.50699999928],[1616474.7760000005,528261.8870000001],[1616493.5150000006,528249.1640000008],[1616519.6520000007,528234.30599999987],[1616529.2819999997,528230.52800000086],[1616544.5559999999,528221.37299999967],[1616565.1779999994,528209.83400000073],[1616589.1349999998,528196.78600000031],[1616611.9979999997,528182.64900000021],[1616632.9049999993,528169.07300000079],[1616644.1160000004,528160.5429999996],[1616662.3629999999,528144.73200000077],[1616676.8080000002,528134.36099999957],[1616703.2919999994,528116.67600000091],[1616716.3460000008,528108.20900000073],[1616736.3579999991,528094.68500000052],[1616749.3849999998,528079.19999999925],[1616761.0109999999,528066.57499999925],[1616769.6170000006,528055.49799999967],[1616787.5360000003,528040.60400000028],[1616809.9069999997,528023.37900000066],[1616825.1699999999,528015.1799999997],[1616845.9590000007,528002.70600000024],[1616862.2300000004,527993.8320000004],[1616880.6199999992,527983.93799999915],[1616893.5449999999,527977.52899999917],[1616911.9849999994,527967.80100000091],[1616928.0879999995,527959.8629999999],[1616941.9600000009,527953.56900000013],[1616950.7599999998,527948.57499999925],[1616977.3619999997,527929.7890000008],[1616992.5170000009,527921.73699999973],[1617006.5069999993,527914.34100000001],[1617019.8859999999,527904.95800000057],[1617039.284,527894.38900000043],[1617055.4940000009,527886.3049999997],[1617062.125,527882.1640000008],[1617083.8599999994,527869.80599999987],[1617108.773,527855.91899999976],[1617120.5830000006,527850.3320000004],[1617131.7310000006,527842.59300000034],[1617149.5989999995,527836.94199999981],[1617166.5859999992,527829.90899999999],[1617188.8540000003,527821.76099999994],[1617211.5260000005,527810.4729999993],[1617230.0940000005,527798.68899999931],[1617239.5280000009,527788.82899999991],[1617254.7850000001,527771.70099999942],[1617263.2320000008,527760.60600000061],[1617268.4340000004,527752.30700000003],[1617277.3469999991,527737.28099999949],[1617286.909,527725.36400000006],[1617295.2280000001,527716.32599999942],[1617318.375,527700.15399999917],[1617330.6490000002,527690.6370000001],[1617343.8330000006,527675.17300000042],[1617361.1410000008,527658.29399999976],[1617374.8169999998,527645.9179999996],[1617399.8359999992,527631.88499999978],[1617421.0889999997,527615.48399999924],[1617436.9959999993,527601.46499999985],[1617445.7280000001,527588.3320000004],[1617460.6980000008,527573.24300000072],[1617491.0209999997,527541.8359999992],[1617498.5470000003,527537.64399999939],[1617520.7359999996,527522.31299999915],[1617537.1239999998,527512.33899999969],[1617561.8560000006,527500.34500000067],[1617576.8420000002,527493.23000000045],[1617583.5899999999,527487.98900000006],[1617600.7970000003,527480.18600000069],[1617624.4140000008,527469.01400000043],[1617635.2860000003,527462.35799999908]]},"properties":{"LINEAR_FEATURE_ID":707101500,"WATERSHED_GROUP_ID":90,"EDGE_TYPE":1000,"BLUE_LINE_KEY":356547356,"WATERSHED_KEY":356547356,"FWA_WATERSHED_CODE":"300-625474-027067-000000-000000-000000-000000-000000-000000-000000-000000-000000-000000-000000-000000-000000-000000-000000-000000-000000-000000","LOCAL_WATERSHED_CODE":"300-625474-027067-197534-000000-000000-000000-000000-000000-000000-000000-000000-000000-000000-000000-000000-000000-000000-000000-000000-000000","WATERSHED_GROUP_CODE":"KOTL","DOWNSTREAM_ROUTE_MEASURE":2494.8981346266805,"LENGTH_METRE":2016.8203928759701,"FEATURE_SOURCE":"linear stream -","GNIS_ID":27525,"GNIS_NAME":"Rover Creek","LEFT_RIGHT_TRIBUTARY":"LEFT","STREAM_ORDER":3,"STREAM_MAGNITUDE":25,"WATERBODY_KEY":null,"BLUE_LINE_KEY_50K":88,"WATERSHED_CODE_50K":"340062200000000000000000000000000000000000000","WATERSHED_KEY_50K":88,"WATERSHED_GROUP_CODE_50K":"KOTL","GRADIENT":null,"FEATURE_CODE":"GA24850000","OBJECTID":2876359,"GEOMETRY.LEN":0,"FEATURE_LENGTH_M":2021.6971000000001}},{"type":"Feature","id":2931112,"geometry":{"type":"LineString","coordinates":[[1619081.1569999997,540490.50599999912],[1619073.568,540494.5270000007],[1619055.9210000001,540513.43099999987],[1619028.2009999994,540533.18400000036],[1619017.3039999995,540547.80599999987],[1619002.9959999993,540565.20299999975],[1618978.3939999994,540584.21900000051],[1618960.4020000007,540590.00400000066],[1618952.8129999992,540594.02500000037]]},"properties":{"LINEAR_FEATURE_ID":707090060,"WATERSHED_GROUP_ID":90,"EDGE_TYPE":1000,"BLUE_LINE_KEY":356545045,"WATERSHED_KEY":356545045,"FWA_WATERSHED_CODE":"300-625474-042847-000000-000000-000000-000000-000000-000000-000000-000000-000000-000000-000000-000000-000000-000000-000000-000000-000000-000000","LOCAL_WATERSHED_CODE":"300-625474-042847-509746-000000-000000-000000-000000-000000-000000-000000-000000-000000-000000-000000-000000-000000-000000-000000-000000-000000","WATERSHED_GROUP_CODE":"KOTL","DOWNSTREAM_ROUTE_MEASURE":7441.8397939487504,"LENGTH_METRE":167.830466698495,"FEATURE_SOURCE":"linear stream -","GNIS_ID":25643,"GNIS_NAME":"Sproule Creek","LEFT_RIGHT_TRIBUTARY":"RIGHT","STREAM_ORDER":4,"STREAM_MAGNITUDE":43,"WATERBODY_KEY":null,"BLUE_LINE_KEY_50K":114,"WATERSHED_CODE_50K":"340095600000000000000000000000000000000000000","WATERSHED_KEY_50K":114,"WATERSHED_GROUP_CODE_50K":"KOTL","GRADIENT":null,"FEATURE_CODE":"GA24850000","OBJECTID":2931112,"GEOMETRY.LEN":0,"FEATURE_LENGTH_M":168.17270000000002}},{"type":"Feature","id":2952024,"geometry":{"type":"LineString","coordinates":[[1604240.1630000006,527957.92899999954],[1604215.8239999991,527966.84100000001],[1604201.0109999999,527972.09999999963],[1604184.6300000008,527990.08500000089],[1604177.1140000001,528002.2650000006],[1604173.0250000004,528009.75],[1604160.9379999992,528025.37399999984],[1604152.1239999998,528031.34400000051],[1604135.7929999996,528049.49400000088],[1604121.4100000001,528058.62900000066],[1604112.2329999991,528059.45500000007],[1604107.7019999996,528064.01899999939],[1604103.3249999993,528073.5429999996],[1604097.1339999996,528098.95099999942],[1604095.6520000007,528117.90300000086],[1604095.6280000005,528143.08500000089],[1604098.9220000003,528163.71800000034],[1604095.352,528176.36600000039],[1604087.9649999999,528186.49000000022],[1604077.8540000003,528195.17500000075],[1604064.8059999999,528202.71499999985],[1604047.9690000005,528223.67400000058],[1604038.6980000008,528232.61900000088],[1604036.0510000009,528238.36199999973],[1604034.6870000008,528256.21299999952],[1604035.7119999994,528272.43300000019],[1604035.6980000008,528296.66000000015],[1604026.9719999991,528317.78299999982],[1604012.3660000004,528337.09300000034],[1604009.3920000009,528343.75500000082],[1604008.6270000003,528350.67799999937],[1604004.3139999993,528368.33799999952],[1603992.5390000008,528388.94099999964],[1603986.4360000007,528397.30399999954],[1603973.5840000007,528419.85099999979],[1603956.9140000008,528439.87399999984],[1603942.7630000003,528456.21000000089],[1603932.2070000004,528466.91499999911],[1603927.3379999995,528473.35199999996],[1603926.2070000004,528498.40300000086],[1603926.1129999999,528506.52099999972],[1603926.0079999994,528515.59400000051],[1603926.0219999999,528523.56599999964],[1603925.8239999991,528540.75699999928],[1603926.8619999997,528564.94899999909],[1603926.9749999996,528587.11900000088],[1603927.2320000008,528601.33500000089],[1603929.3839999996,528615.77600000054],[1603933.5769999996,528631.41599999927],[1603935.6530000009,528638.67500000075],[1603945.8790000007,528661.0859999992],[1603948.0069999993,528668.50999999978],[1603953.4690000005,528688.28500000015],[1603952.1290000007,528699.28399999999],[1603950.6349999998,528719.19099999964],[1603950.7339999992,528733.38900000043],[1603951.3959999997,528744.46600000001],[1603951.6530000009,528758.68300000019],[1603949.9759999998,528771.5549999997],[1603948.0140000004,528795.39200000092],[1603943.2430000007,528816.0270000007],[1603939.3739999998,528831.6679999996],[1603932.6449999996,528843.94199999981],[1603924.4269999992,528852.85099999979],[1603918.9489999991,528857.30299999937],[1603907.0830000006,528862.75200000033],[1603888.5040000007,528874.58000000007],[1603881.2210000008,528875.63000000082],[1603859.568,528879.92100000009],[1603842.1710000001,528880.73000000045],[1603835.7050000001,528883.94999999925],[1603822.0199999996,528896.35600000061],[1603819.4890000001,528900.99799999967],[1603807.3059999999,528924.74000000022],[1603798.9829999991,528942.7229999993],[1603798.2919999994,528956.82799999975],[1603797,528981.8599999994],[1603795.193,528996.7890000008],[1603793.0600000005,529021.56200000085],[1603791.0950000007,529036.47199999914],[1603789.7679999992,529055.44299999997],[1603788.2829999998,529074.39499999955],[1603786.7630000003,529087.28500000015],[1603782.5529999994,529095.87299999967],[1603776.1740000006,529114.24499999918],[1603773.3690000009,529128.89599999972],[1603771.8709999993,529139.87700000033],[1603771.2980000004,529152.88000000082],[1603769.8120000008,529171.8320000004],[1603768.4839999992,529190.80199999921],[1603768.5710000005,529205.95500000007],[1603767.5409999993,529221.93300000019],[1603768.2129999995,529232.05399999954],[1603768.1070000008,529241.12700000033],[1603769.0350000001,529265.46600000001],[1603770.3320000004,529271.67600000091],[1603769.1960000005,529296.72699999996],[1603767.5289999992,529308.64399999939],[1603765.2770000007,529334.51899999939],[1603763.4800000004,529348.49200000055],[1603765.9169999994,529369.82100000046],[1603766.6400000006,529380.10899999924],[1603764.9729999993,529400.95199999958],[1603761.6030000001,529418.72399999946],[1603758.1989999991,529430.43600000069],[1603753.352,529443.88900000043],[1603747.2479999997,529461.17799999937],[1603741.3579999991,529482.6370000001],[1603739.5620000008,529505.53800000064],[1603738.7109999992,529519.62399999984],[1603737.0319999997,529532.49499999918],[1603739.0010000002,529548.82799999975],[1603738.2009999994,529572.00500000082],[1603732.8859999999,529589.38800000027],[1603729.8029999994,529605.12299999967],[1603725.9539999999,529627.77999999933],[1603722.284,529648.54499999993],[1603721.2310000006,529657.50599999912],[1603714.5109999999,529677.75200000033],[1603714.1170000006,529688.8629999999],[1603710.8530000001,529706.48900000006],[1603705.8640000001,529722.95399999991],[1603699.7819999997,529738.33300000057],[1603694.1439999994,529751.69299999997],[1603697.0480000004,529760.16599999927],[1603706.9700000007,529776.64299999923],[1603717.0620000008,529801.1099999994],[1603718.6909999996,529819.31499999948],[1603718.6459999997,529836.52500000037]]},"properties":{"LINEAR_FEATURE_ID":707618091,"WATERSHED_GROUP_ID":186,"EDGE_TYPE":1000,"BLUE_LINE_KEY":356537519,"WATERSHED_KEY":356537519,"FWA_WATERSHED_CODE":"300-625474-020842-045408-245208-000000-000000-000000-000000-000000-000000-000000-000000-000000-000000-000000-000000-000000-000000-000000-000000","LOCAL_WATERSHED_CODE":"300-625474-020842-045408-245208-426920-000000-000000-000000-000000-000000-000000-000000-000000-000000-000000-000000-000000-000000-000000-000000","WATERSHED_GROUP_CODE":"SLOC","DOWNSTREAM_ROUTE_MEASURE":3998.33985782538,"LENGTH_METRE":2116.5500099267902,"FEATURE_SOURCE":"linear stream -","GNIS_ID":13252,"GNIS_NAME":"Gander Creek","LEFT_RIGHT_TRIBUTARY":"LEFT","STREAM_ORDER":3,"STREAM_MAGNITUDE":8,"WATERBODY_KEY":null,"BLUE_LINE_KEY_50K":21,"WATERSHED_CODE_50K":"340047200045002440000000000000000000000000000","WATERSHED_KEY_50K":21,"WATERSHED_GROUP_CODE_50K":"SLOC","GRADIENT":null,"FEATURE_CODE":"GA24850000","OBJECTID":2952024,"GEOMETRY.LEN":0,"FEATURE_LENGTH_M":2126.0667000000003}},{"type":"Feature","id":2980860,"geometry":{"type":"LineString","coordinates":[[1611207.4260000009,527917.57300000079],[1611193.3690000009,527916.84500000067],[1611180.2469999995,527917.18600000069],[1611164.9049999993,527918.21800000034],[1611148.3190000001,527922.12900000066],[1611130.6280000005,527925.90799999982],[1611107.7459999993,527932.09500000067],[1611093.0539999995,527936.23299999908],[1611084.7070000004,527938.2620000001],[1611068.7050000001,527937.14299999923],[1611053.1679999996,527932.09300000034],[1611047.6260000002,527928.40000000037],[1611041.1469999999,527923.63900000043],[1611024.1160000004,527906.29499999993],[1611009.0350000001,527898.27099999972],[1610991.3949999996,527902.21600000001],[1610982.4130000006,527909.11099999957],[1610975.8469999991,527921.39699999988],[1610972.8629999999,527929.01099999994],[1610967.0500000007,527935.32899999991],[1610957.1319999993,527941.15599999949],[1610941.0120000001,527941.13800000027],[1610933.2379999999,527939.09100000001],[1610918.1669999994,527930.1129999999],[1610908.3310000002,527928.77500000037],[1610900.2699999996,527928.76600000076],[1610888.9250000007,527930.43700000085],[1610866.0040000007,527935.50400000066],[1610850.6359999999,527929.51799999923],[1610832.9030000009,527918.30800000019],[1610827.9340000004,527910.5390000008],[1610812.1980000008,527890.48100000061],[1610799.1789999995,527881.74899999984],[1610793.4680000003,527878.99200000055],[1610775.7400000002,527876.71000000089],[1610765.7459999993,527875.35400000028],[1610747.5730000008,527875.09200000018],[1610727.7019999996,527880.68400000036],[1610718.4230000004,527890.57300000079],[1610717.307,527891.39599999972],[1610717.1899999995,527892.49799999967],[1610715.9049999993,527894.25699999928],[1610715.6079999991,527897.25],[1610704.3029999994,527913.91100000031],[1610681.9800000004,527931.32599999942],[1610667.6500000004,527940.6099999994],[1610658.0089999996,527945.35400000028],[1610634.5030000005,527955.45299999975],[1610626.8059999999,527960.58999999985],[1610615.4759999998,527970.23399999924],[1610595.1630000006,527986.77300000004],[1610571.3859999999,528006.88399999961],[1610553.8640000001,528009.72800000012],[1610541.2080000006,528006.14100000076],[1610531.4849999994,527994.77500000037],[1610527.8000000007,527985.24699999951],[1610525.5539999995,527978.91999999993],[1610518.7379999999,527952.75699999928],[1610508.0270000007,527926.28700000048],[1610489.2050000001,527899.64399999939],[1610471.4989999998,527872.17699999921],[1610469.2520000003,527865.84999999963],[1610465.3169999998,527841.14800000004],[1610462.1079999991,527826.7349999994],[1610461.2640000004,527817.54800000042],[1610456.2019999996,527794.62299999967],[1610451.1359999999,527786.04600000009],[1610438.5830000006,527773.38499999978],[1610425.5529999994,527765.60799999908],[1610405.7060000002,527754.94400000013],[1610384.1720000003,527749.17899999954],[1610374.6830000002,527745.0150000006],[1610365.8039999995,527742.83699999936],[1610346.2039999999,527738.41899999976],[1610321.9570000004,527730.25699999928],[1610314.1830000002,527728.21199999936],[1610294.5820000004,527723.79399999976],[1610276.0460000001,527718.38900000043],[1610254.7719999999,527703.56900000013],[1610249.5150000006,527697.83799999952],[1610243.7880000006,527687.1099999994],[1610236.8949999996,527677.0390000008],[1610229.4590000007,527673.12099999934],[1610217.3859999999,527664.50300000049],[1610210.7280000001,527661.63399999961],[1610197.9030000009,527658.9849999994],[1610177.8469999991,527657.54199999943],[1610157.898,527655.95299999975],[1610148.0730000008,527653.66200000048],[1610124.9299999997,527645.63399999961],[1610102.0580000002,527627.59500000067],[1610081.9100000001,527610.99699999951],[1610075.7170000002,527604.19899999909],[1610060.0869999994,527583.99699999951],[1610054.7129999995,527579.36900000088],[1610033.2540000007,527557.51400000043],[1610026.7239999995,527552.58799999952],[1610021.4670000002,527546.85799999908],[1610003.9539999999,527525.47499999963],[1609998.5789999999,527520.84699999914],[1609979.1319999993,527498.11600000039],[1609956.1420000009,527481.1799999997],[1609944.6410000008,527468.48599999957],[1609939.5639999993,527460.86500000022],[1609930.2789999992,527438.55299999937],[1609925.3200000003,527429.83000000007],[1609906.1980000008,527406.18200000003],[1609889.1490000002,527380.86999999918],[1609870.0270000007,527357.22199999914],[1609862.432,527353.28600000031],[1609854.5399999991,527352.34200000018],[1609846.5069999993,527359.35300000012],[1609834.7119999994,527372.92799999937],[1609827.2100000009,527384.14599999972],[1609821.1530000009,527407.49400000088],[1609808.5789999999,527420.01999999955],[1609800.182,527421.88499999978],[1609789.1229999997,527421.51999999955],[1609781.0620000008,527421.51300000027],[1609775.3509999998,527418.75799999945],[1609772.1569999997,527412.31799999997],[1609758.0960000008,527388.3200000003],[1609750.3059999999,527378.30199999921],[1609735.0390000008,527363.24599999934],[1609728.6769999992,527357.38499999978],[1609708.9989999998,527345.78700000048],[1609701.2349999994,527342.78700000048],[1609694.0040000007,527343.99499999918],[1609690.2430000007,527350.56000000052]]},"properties":{"LINEAR_FEATURE_ID":707618155,"WATERSHED_GROUP_ID":186,"EDGE_TYPE":1000,"BLUE_LINE_KEY":356570142,"WATERSHED_KEY":356570142,"FWA_WATERSHED_CODE":"300-625474-020842-045408-000000-000000-000000-000000-000000-000000-000000-000000-000000-000000-000000-000000-000000-000000-000000-000000-000000","LOCAL_WATERSHED_CODE":"300-625474-020842-045408-026473-000000-000000-000000-000000-000000-000000-000000-000000-000000-000000-000000-000000-000000-000000-000000-000000","WATERSHED_GROUP_CODE":"SLOC","DOWNSTREAM_ROUTE_MEASURE":610.96557485852497,"LENGTH_METRE":2032.2601798801602,"FEATURE_SOURCE":"linear stream -","GNIS_ID":18130,"GNIS_NAME":"Goose Creek","LEFT_RIGHT_TRIBUTARY":"RIGHT","STREAM_ORDER":4,"STREAM_MAGNITUDE":80,"WATERBODY_KEY":null,"BLUE_LINE_KEY_50K":18,"WATERSHED_CODE_50K":"340047200045000000000000000000000000000000000","WATERSHED_KEY_50K":18,"WATERSHED_GROUP_CODE_50K":"SLOC","GRADIENT":null,"FEATURE_CODE":"GA24850000","OBJECTID":2980860,"GEOMETRY.LEN":0,"FEATURE_LENGTH_M":2033.4292}},{"type":"Feature","id":2987706,"geometry":{"type":"LineString","coordinates":[[1620334.318,539152.43500000052],[1620323.1860000007,539169.25899999961],[1620317.3579999991,539175.56599999964],[1620299.2430000007,539198.39699999988],[1620284.8939999994,539207.65300000086],[1620274.1750000007,539213.36400000006],[1620252.0710000005,539219.60099999979],[1620230.1239999998,539225.85799999908],[1620221.2990000006,539231.79900000058],[1620206.3550000004,539246.0859999992],[1620182.9969999995,539263.17500000075],[1620173.5759999994,539274.14800000004],[1620166.5209999997,539289.39499999955],[1620139.8599999994,539309.11199999973],[1620128.9810000006,539322.77800000086],[1620123.9790000003,539330.30199999921],[1620109.0179999992,539353.51799999923],[1620096.9039999992,539361.13199999928],[1620091.2569999993,539373.52199999988],[1620086.8939999994,539392.12800000049],[1620085.7740000002,539400.92200000025]]},"properties":{"LINEAR_FEATURE_ID":707091388,"WATERSHED_GROUP_ID":90,"EDGE_TYPE":1000,"BLUE_LINE_KEY":356545045,"WATERSHED_KEY":356545045,"FWA_WATERSHED_CODE":"300-625474-042847-000000-000000-000000-000000-000000-000000-000000-000000-000000-000000-000000-000000-000000-000000-000000-000000-000000-000000","LOCAL_WATERSHED_CODE":"300-625474-042847-377550-000000-000000-000000-000000-000000-000000-000000-000000-000000-000000-000000-000000-000000-000000-000000-000000-000000","WATERSHED_GROUP_CODE":"KOTL","DOWNSTREAM_ROUTE_MEASURE":5511.8979546341598,"LENGTH_METRE":367.61370720399202,"FEATURE_SOURCE":"linear stream -","GNIS_ID":25643,"GNIS_NAME":"Sproule Creek","LEFT_RIGHT_TRIBUTARY":"RIGHT","STREAM_ORDER":4,"STREAM_MAGNITUDE":64,"WATERBODY_KEY":null,"BLUE_LINE_KEY_50K":114,"WATERSHED_CODE_50K":"340095600000000000000000000000000000000000000","WATERSHED_KEY_50K":114,"WATERSHED_GROUP_CODE_50K":"KOTL","GRADIENT":null,"FEATURE_CODE":"GA24850000","OBJECTID":2987706,"GEOMETRY.LEN":0,"FEATURE_LENGTH_M":368.82600000000002}},{"type":"Feature","id":3005944,"geometry":{"type":"LineString","coordinates":[[1607128.9979999997,545199.09600000083],[1607127.3990000002,545203.8479999993],[1607104.8190000001,545223.15499999933],[1607098.341,545226.36800000072],[1607082.5749999993,545230.54499999993],[1607074.6199999992,545230.39200000092],[1607066.5720000006,545229.43099999987],[1607050.2750000004,545223.33899999969],[1607043.6400000006,545219.51799999923],[1607024.9460000005,545208.03700000048],[1607005.4419999998,545194.38800000027],[1606998.9790000003,545189.63000000082],[1606991.6909999996,545176.64200000092],[1606987.2290000003,545171.96299999952],[1606970.9100000001,545156.78099999949],[1606965.2080000006,545154.0270000007],[1606950.7899999991,545149.11700000055],[1606931.0280000009,545145.64200000092],[1606925.0309999995,545144.92600000091],[1606910.1469999999,545142.98900000006],[1606891.3169999998,545140.5820000004],[1606878.0329999998,545133.89399999939],[1606870.7440000009,545127.92200000025],[1606849.9989999998,545116.19800000079],[1606842.2449999992,545113.19899999909],[1606826.2420000006,545105.07100000046],[1606811.5439999998,545101.24300000072],[1606794.7799999993,545098.12700000033],[1606770.9010000005,545095.11700000055],[1606749.1950000003,545091.25100000016],[1606741.1319999993,545091.24599999934],[1606719.6490000002,545093.625],[1606713.2939999998,545095.73599999957],[1606693.3809999991,545102.2890000008],[1606683.7339999992,545106.08100000024],[1606678.3609999996,545109.42600000091],[1606659.7400000002,545121.23599999957],[1606647.4240000006,545130.76799999923],[1606624.0329999998,545147.90799999982],[1606609.1490000002,545152.9879999999],[1606593.8489999995,545154.19199999981],[1606576.1239999998,545151.9179999996],[1606558.2559999991,545148.66999999993],[1606537.375,545146.01899999939],[1606530.3660000004,545145.98100000061],[1606523.4230000004,545145.1520000007],[1606510.5899999999,545143.46199999936],[1606493.8259999994,545140.34600000083],[1606475.8220000006,545139.15499999933],[1606464.7609999999,545138.79199999943],[1606445.5869999994,545138.25899999961],[1606430.0999999996,545141.35400000028],[1606407.9780000001,545140.62900000066],[1606391.8029999994,545140.45399999991],[1606377.7290000003,545140.68899999931],[1606369.6799999997,545139.72900000028],[1606361.6180000007,545139.72399999946],[1606340.7219999991,545138.02899999917],[1606326.4910000004,545138.24499999918],[1606306.5419999994,545136.66300000064],[1606289.7640000004,545134.50300000049],[1606283.7670000009,545133.78800000064],[1606261.1280000005,545128.85600000061],[1606253.0659999996,545128.85099999979],[1606236.7679999992,545129.77800000086],[1606221.4539999999,545131.93799999915],[1606212.9250000007,545134.90699999966],[1606204.0879999995,545140.86900000088],[1606197.1300000008,545148.0120000001],[1606186.6789999995,545159.68099999987],[1606175.0150000006,545171.36500000022],[1606171.4140000008,545176.03800000064]]},"properties":{"LINEAR_FEATURE_ID":707611325,"WATERSHED_GROUP_ID":186,"EDGE_TYPE":1000,"BLUE_LINE_KEY":356468927,"WATERSHED_KEY":356468927,"FWA_WATERSHED_CODE":"300-625474-020842-320351-000000-000000-000000-000000-000000-000000-000000-000000-000000-000000-000000-000000-000000-000000-000000-000000-000000","LOCAL_WATERSHED_CODE":"300-625474-020842-320351-000000-000000-000000-000000-000000-000000-000000-000000-000000-000000-000000-000000-000000-000000-000000-000000-000000","WATERSHED_GROUP_CODE":"SLOC","DOWNSTREAM_ROUTE_MEASURE":57.782830581879395,"LENGTH_METRE":1045.5677186058401,"FEATURE_SOURCE":"linear stream -","GNIS_ID":25958,"GNIS_NAME":"Watson Creek","LEFT_RIGHT_TRIBUTARY":"RIGHT","STREAM_ORDER":2,"STREAM_MAGNITUDE":3,"WATERBODY_KEY":null,"BLUE_LINE_KEY_50K":154,"WATERSHED_CODE_50K":"340047200316000000000000000000000000000000000","WATERSHED_KEY_50K":154,"WATERSHED_GROUP_CODE_50K":"SLOC","GRADIENT":null,"FEATURE_CODE":"GA24850000","OBJECTID":3005944,"GEOMETRY.LEN":0,"FEATURE_LENGTH_M":1062.6929}},{"type":"Feature","id":3064677,"geometry":{"type":"LineString","coordinates":[[1606082.4030000009,544211.14800000004],[1606096.4619999994,544211.86700000055],[1606120.6500000004,544211.88000000082],[1606136.8259999994,544212.05399999954],[1606151.193,544209.78099999949],[1606174.568,544200.60899999924],[1606187.0559999999,544197.15499999933],[1606207.9499999993,544191.83300000057],[1606223.5700000003,544179.6640000008],[1606232.5399999991,544164.62900000066],[1606234.125,544160.8320000004],[1606238.5620000008,544149.40300000086],[1606247.3579999991,544128.2890000008],[1606254.6079999991,544119.10799999908],[1606268.0030000005,544100.61500000022],[1606271.9609999992,544093.11500000022],[1606283.9409999996,544070.46700000018],[1606295.3080000002,544060.82100000046],[1606313.4609999992,544051.98399999924],[1606323.9330000002,544049.40599999949],[1606344.0020000003,544042.86999999918],[1606366.7390000001,544037.60899999924],[1606386.8080000002,544031.07300000079],[1606404.7029999997,544025.39399999939],[1606420.3609999996,544021.36199999973],[1606440.4309999999,544021.84200000018],[1606454.7980000004,544019.56900000013],[1606473.9340000004,544011.96600000001],[1606484.5140000004,544009.24100000039],[1606495.7750000004,544006.75799999945],[1606509.3139999993,543996.25500000082],[1606516.2699999996,543989.11199999973],[1606535.7119999994,543971.5],[1606543.4289999995,543966.36199999973],[1606565.4049999993,543959.09699999914],[1606577.8900000006,543948.62800000049],[1606585.1390000004,543939.44800000079],[1606603.9409999996,543918.73100000061],[1606616.5099999998,543899.02400000021],[1606628.5419999994,543883.55800000019],[1606631.3660000004,543877.8359999992],[1606641.1079999991,543856.83500000089],[1606647.2520000003,543847.52300000004],[1606658.4450000003,543831.79800000042],[1606673.1290000007,543811.54600000009],[1606682.0979999993,543796.5120000001],[1606689.5329999998,543785.44099999964],[1606701.807,543767.77199999988],[1606721.5409999993,543748.12299999967],[1606727.6850000005,543738.81100000069],[1606729.7100000009,543722.94800000079],[1606731.4409999996,543709.12399999984],[1606733.1579999998,543696.25400000066],[1606733.8920000009,543682.15100000054],[1606730.693,543659.60700000077],[1606729.2400000002,543647.31499999948],[1606720.0289999992,543625.00999999978],[1606719.8690000009,543617.97599999979],[1606715.5360000003,543597.20900000073],[1606711.8589999992,543585.6099999994],[1606705.8210000005,543569.74200000055],[1606703.9389999993,543561.54499999993],[1606693.2660000008,543541.93600000069],[1606688.9849999994,543528.35099999979],[1606684.9739999995,543503.6370000001],[1606682.4010000005,543492.16899999976],[1606677.0140000004,543471.43600000069],[1606674.2670000009,543453.88900000043],[1606672.9879999999,543447.67699999921],[1606665.9629999995,543423.56100000069],[1606662.6190000009,543418.05900000036],[1606656.3259999994,543412.36600000039],[1606652.341,543403.75899999961],[1606649.9289999995,543399.32599999942],[1606648.8220000006,543392.17799999937],[1606641.2109999992,543372.1370000001],[1606636.9189999998,543366.52300000004],[1606630.0549999997,543349.44099999964],[1606628.1359999999,543340.12399999984],[1606627.0280000009,543332.97599999979],[1606627.8110000007,543319.0390000008],[1606627.6370000001,543312.95900000073],[1606625.8359999992,543295.52400000021],[1606623.6239999998,543288.24499999918],[1606619.625,543280.59300000034],[1606612.4810000006,543264.59400000051],[1606609.1359999999,543259.09300000034],[1606604.8420000002,543246.46299999952],[1606598.8049999997,543237.61099999957],[1606594.3920000009,543233.09899999946],[1606581.7050000001,543221.38099999912],[1606577.2420000006,543216.70399999991],[1606574.2400000002,543209.33000000007],[1606568.8440000005,543203.58400000073],[1606567.6960000005,543188.30000000075],[1606566.5749999993,543182.10799999908],[1606565.4670000002,543174.96000000089],[1606563.0260000005,543154.41999999993],[1606564.5840000007,543141.53099999949],[1606564.8880000003,543131.52300000004],[1606565.8460000008,543123.66499999911],[1606567.5109999999,543110.63000000082],[1606569.8770000003,543092.89499999955],[1606571.4210000001,543080.9609999992],[1606573.2819999997,543058.06399999931],[1606574.9619999994,543044.07399999909],[1606575.9049999993,543037.17100000009],[1606578.0600000005,543012.23599999957],[1606579.9100000001,542997.31000000052],[1606582.5830000006,542976.5820000004],[1606585.0840000007,542956.79099999927],[1606589.4539999999,542946.15100000054],[1606592.4489999991,542939.49300000072],[1606597.9480000008,542920.05900000036],[1606602.8080000002,542897.51899999939],[1606610.9580000006,542873.29900000058],[1606614.9140000008,542865.79900000058],[1606617.8719999995,542858.01999999955],[1606620.7090000007,542851.34300000034],[1606623.3709999993,542838.5859999992],[1606625.7359999996,542820.85199999996],[1606626.6290000007,542813.78299999982],[1606628.6510000005,542797.92100000009],[1606629.4360000007,542790.99899999984],[1606631.2860000003,542776.07200000063],[1606632.4920000006,542751.02400000021],[1606631.8629999999,542739.94800000079],[1606628.3420000002,542728.36700000055],[1606627.3540000003,542720.11800000072],[1606627.193,542713.08300000057],[1606626.3770000003,542703.89800000004],[1606624.1600000001,542689.60199999996],[1606623.3450000007,542680.41699999943],[1606623.9550000001,542667.41499999911],[1606623.9000000004,542660.23399999924],[1606625.1500000004,542650.33799999952],[1606626.1070000008,542642.48000000045],[1606628.8990000002,542620.65100000054],[1606630.9199999999,542604.78800000064],[1606631.8129999992,542597.72000000067],[1606634.0059999991,542580.92100000009],[1606634.7770000007,542574.95399999991],[1606635.7339999992,542567.09600000083],[1606635.8650000002,542558.02400000021],[1606638.3499999996,542539.18700000085],[1606640.9710000008,542518.29399999976],[1606642.3509999998,542499.32599999942],[1606642.4780000001,542483.23699999973],[1606642.0989999995,542461.98599999957],[1606641.1620000005,542453.90300000086],[1606640.7740000002,542440.62299999967],[1606639.6750000007,542425.50400000066],[1606637.3969999999,542419.01400000043],[1606635.341,542411.75400000066],[1606637.3619999997,542395.89100000076],[1606638.9039999992,542383.9570000004],[1606639.8460000008,542377.05399999954],[1606641.8670000006,542361.19199999981],[1606647.1919999998,542342.69400000013],[1606654.7540000007,542322.55000000075],[1606664.5299999993,542309.68500000052],[1606667.1809999999,542304.89900000021],[1606671.9110000003,542298.44700000063],[1606675.7300000004,542293.00400000066],[1606689.2890000008,542273.57399999909],[1606702.9690000005,542253.04399999976],[1606707.6860000007,542247.54700000025],[1606718.7510000002,542232.92300000042],[1606727.4220000003,542219.92600000091],[1606731.2050000001,542213.36199999973],[1606741.9269999992,542200.6099999994],[1606746.6300000008,542196.06900000013],[1606753.1280000005,542183.92899999954],[1606760.1970000006,542168.66899999976],[1606769.1740000006,542152.6799999997],[1606771.0639999993,542145.8900000006],[1606771.6490000002,542141.81399999931],[1606773.5380000006,542135.02400000021],[1606774.7870000005,542125.12800000049],[1606776.9360000007,542100.19299999997],[1606779.2479999997,542082.29199999943],[1606782.0380000006,542060.46299999952],[1606783.2960000001,542042.59600000083],[1606784.6740000006,542023.62700000033],[1606787.4550000001,542009.76899999939],[1606789.5150000006,542002.0429999996],[1606790.4210000001,541994.01899999939],[1606793.1219999995,541989.39900000021],[1606795.3169999998,541979.61600000039],[1606802.5209999997,541962.29900000058],[1606808.6980000008,541954.10700000077],[1606819.0769999996,541943.22699999996],[1606828.3819999993,541926.32100000046],[1606835.8129999992,541915.24899999984],[1606842.8949999996,541899.03399999999],[1606846.4920000006,541894.36099999957],[1606850.4460000005,541886.8599999994],[1606851.5089999996,541878.85500000045],[1606852.4509999994,541871.95199999958],[1606854.6459999997,541862.16999999993]]},"properties":{"LINEAR_FEATURE_ID":707612607,"WATERSHED_GROUP_ID":186,"EDGE_TYPE":1000,"BLUE_LINE_KEY":356527792,"WATERSHED_KEY":356527792,"FWA_WATERSHED_CODE":"300-625474-020842-303052-000000-000000-000000-000000-000000-000000-000000-000000-000000-000000-000000-000000-000000-000000-000000-000000-000000","LOCAL_WATERSHED_CODE":"300-625474-020842-303052-000000-000000-000000-000000-000000-000000-000000-000000-000000-000000-000000-000000-000000-000000-000000-000000-000000","WATERSHED_GROUP_CODE":"SLOC","DOWNSTREAM_ROUTE_MEASURE":22.665333192525299,"LENGTH_METRE":2843.2813965779701,"FEATURE_SOURCE":"linear stream -","GNIS_ID":18561,"GNIS_NAME":"Fairful Creek","LEFT_RIGHT_TRIBUTARY":"LEFT","STREAM_ORDER":2,"STREAM_MAGNITUDE":3,"WATERBODY_KEY":null,"BLUE_LINE_KEY_50K":153,"WATERSHED_CODE_50K":"340047200302000000000000000000000000000000000","WATERSHED_KEY_50K":153,"WATERSHED_GROUP_CODE_50K":"SLOC","GRADIENT":null,"FEATURE_CODE":"GA24850150","OBJECTID":3064677,"GEOMETRY.LEN":0,"FEATURE_LENGTH_M":2965.9457000000002}},{"type":"Feature","id":3079410,"geometry":{"type":"LineString","coordinates":[[1614081.1779999994,534353.43300000019],[1614073.4749999996,534358.56399999931],[1614064.3139999993,534366.38900000043],[1614056.7799999993,534370.58300000057],[1614049.8540000003,534376.76400000043],[1614047.1490000002,534382.33699999936]]},"properties":{"LINEAR_FEATURE_ID":707095784,"WATERSHED_GROUP_ID":90,"EDGE_TYPE":1000,"BLUE_LINE_KEY":356565749,"WATERSHED_KEY":356565749,"FWA_WATERSHED_CODE":"300-625474-033788-000000-000000-000000-000000-000000-000000-000000-000000-000000-000000-000000-000000-000000-000000-000000-000000-000000-000000","LOCAL_WATERSHED_CODE":"300-625474-033788-364546-000000-000000-000000-000000-000000-000000-000000-000000-000000-000000-000000-000000-000000-000000-000000-000000-000000","WATERSHED_GROUP_CODE":"KOTL","DOWNSTREAM_ROUTE_MEASURE":4341.52383627372,"LENGTH_METRE":45.404583557884294,"FEATURE_SOURCE":"linear stream -","GNIS_ID":18605,"GNIS_NAME":"Falls Creek","LEFT_RIGHT_TRIBUTARY":"RIGHT","STREAM_ORDER":5,"STREAM_MAGNITUDE":51,"WATERBODY_KEY":null,"BLUE_LINE_KEY_50K":106,"WATERSHED_CODE_50K":"340075500000000000000000000000000000000000000","WATERSHED_KEY_50K":106,"WATERSHED_GROUP_CODE_50K":"KOTL","GRADIENT":null,"FEATURE_CODE":"GA24850000","OBJECTID":3079410,"GEOMETRY.LEN":0,"FEATURE_LENGTH_M":45.814399999999999}},{"type":"Feature","id":3084577,"geometry":{"type":"LineString","coordinates":[[1620085.7740000002,539400.92200000025],[1620068.9049999993,539397.91000000015],[1620054.0109999999,539396.89299999923],[1620027.0620000008,539410.67500000075],[1620003.2410000004,539430.7379999999],[1619994.7670000009,539441.82599999942],[1619985.4759999998,539458.71600000001],[1619978.7479999997,539473.04700000025],[1619973.0999999996,539485.43600000069],[1619971.2259999998,539499.24200000055],[1619968.4389999993,539522.02800000086],[1619967.2109999992,539530.96800000034],[1619963.6140000001,539543.60799999908],[1619960.6730000004,539558.40000000037],[1619959.8939999994,539565.32200000063],[1619957.8859999999,539581.18500000052],[1619954.7640000004,539589.89499999955],[1619945.8239999991,539611.93099999987],[1619936.75,539636.02300000004],[1619926.0360000003,539656.72699999996],[1619913.6129999999,539675.30800000019],[1619903.2540000007,539693.18400000036],[1619887.6620000005,539712.3359999992],[1619869.7149999999,539734.23200000077],[1619859.6469999999,539750.0700000003],[1619854.6439999994,539757.59500000067],[1619838.7609999999,539778.78500000015],[1619835.4680000003,539788.43099999987],[1619826.9759999998,539808.44800000079],[1619817.7329999991,539825.50300000049],[1619804.4969999995,539841.91300000064],[1619784.9600000009,539860.58500000089],[1619763.7880000006,539867.89399999939],[1619750.7249999996,539875.39399999939],[1619739.0549999997,539888.96399999969],[1619725.0510000009,539911.33999999985],[1619716.2339999992,539924.30100000091],[1619703.6889999993,539943.98399999924],[1619694.216,539954.79199999943],[1619684.2719999999,539961.5549999997],[1619661.557,539973.77999999933],[1619647.8479999993,539986.14599999972],[1619633.3729999997,540004.47800000012],[1619629.5950000007,540011.03500000015],[1619611.5250000004,540034.03299999982],[1619601.4560000002,540049.87099999934],[1619578.4580000006,540071.15300000086],[1619563.1429999992,540089.2229999993],[1619558.1400000006,540096.74799999967],[1619555.1380000003,540104.35600000061],[1619545.7100000009,540123.30299999937],[1619537.5850000009,540139.53800000064],[1619526.5309999995,540154.1400000006],[1619510.9289999995,540166.27500000037],[1619503.5240000002,540168.40399999917],[1619495.6349999998,540167.44299999997],[1619479.6960000005,540173.47699999996],[1619464.8550000004,540187.61900000088],[1619459.852,540195.14299999923],[1619445.2050000001,540214.41200000048],[1619440.3220000006,540220.83400000073],[1619434.7850000001,540225.10400000028],[1619418.5529999994,540233.17600000091],[1619407.3110000007,540234.67799999937],[1619390.125,540235.61700000055],[1619373.3719999995,540239.47800000012],[1619350.3049999997,540246.55900000036]]},"properties":{"LINEAR_FEATURE_ID":707091142,"WATERSHED_GROUP_ID":90,"EDGE_TYPE":1000,"BLUE_LINE_KEY":356545045,"WATERSHED_KEY":356545045,"FWA_WATERSHED_CODE":"300-625474-042847-000000-000000-000000-000000-000000-000000-000000-000000-000000-000000-000000-000000-000000-000000-000000-000000-000000-000000","LOCAL_WATERSHED_CODE":"300-625474-042847-402731-000000-000000-000000-000000-000000-000000-000000-000000-000000-000000-000000-000000-000000-000000-000000-000000-000000","WATERSHED_GROUP_CODE":"KOTL","DOWNSTREAM_ROUTE_MEASURE":5879.5116618381508,"LENGTH_METRE":1194.5842767535901,"FEATURE_SOURCE":"linear stream -","GNIS_ID":25643,"GNIS_NAME":"Sproule Creek","LEFT_RIGHT_TRIBUTARY":"RIGHT","STREAM_ORDER":4,"STREAM_MAGNITUDE":45,"WATERBODY_KEY":null,"BLUE_LINE_KEY_50K":114,"WATERSHED_CODE_50K":"340095600000000000000000000000000000000000000","WATERSHED_KEY_50K":114,"WATERSHED_GROUP_CODE_50K":"KOTL","GRADIENT":null,"FEATURE_CODE":"GA24850000","OBJECTID":3084577,"GEOMETRY.LEN":0,"FEATURE_LENGTH_M":1196.2795000000001}},{"type":"Feature","id":3090507,"geometry":{"type":"LineString","coordinates":[[1616582.1030000001,536298.70500000007],[1616581.6950000003,536309.81799999997],[1616587.2970000003,536328.67400000058],[1616596.8320000004,536348.96399999969],[1616596.4250000007,536368.05000000075],[1616595.3739999998,536384.02800000086],[1616595.4379999992,536391.21199999936],[1616592.3100000005,536400.87900000066],[1616585.8420000002,536412.05599999987],[1616568.0270000007,536424.88800000027],[1616546.2660000008,536437.24300000072],[1616529.3839999996,536443.17200000025],[1616516.7489999998,536446.5859999992],[1616506.3350000009,536449.31100000069],[1616488.3340000007,536448.08899999969],[1616467.1649999991,536447.43999999948],[1616450.0979999993,536447.28800000064],[1616432.0460000001,536445.90000000037],[1616414.625,536440.60300000012],[1616402.4489999991,536433.06900000013],[1616393.4550000001,536431.98100000061],[1616374.7970000003,536428.60600000061],[1616356.9159999993,536426.28299999982],[1616341.9130000006,536425.42400000058],[1616320.5610000007,536426.66699999943],[1616302.3890000004,536426.38099999912],[1616295.4460000005,536425.54099999927],[1616275.8039999995,536420.93200000003],[1616261.4450000003,536423.18099999987],[1616238.8560000006,536426.34699999914],[1616214.5059999991,536427.22800000012],[1616208.2200000007,536428.53999999911],[1616185.3279999997,536434.69999999925],[1616176.625,536439.54700000025],[1616159.1500000004,536450.50899999961],[1616147.8029999994,536460.13900000043],[1616140.7559999991,536475.39100000076],[1616134.4580000006,536485.63199999928],[1616116.8259999994,536504.54800000042],[1616102.6390000004,536513.83400000073],[1616079.7740000002,536526.05700000003],[1616073.5950000007,536527.2229999993],[1616063.6539999992,536526.01999999955],[1616048.2960000001,536520.01700000092],[1616034.3589999992,536510.19800000079],[1616030.9940000009,536505.64599999972]]},"properties":{"LINEAR_FEATURE_ID":707094294,"WATERSHED_GROUP_ID":90,"EDGE_TYPE":1000,"BLUE_LINE_KEY":356418578,"WATERSHED_KEY":356418578,"FWA_WATERSHED_CODE":"300-625474-035714-000000-000000-000000-000000-000000-000000-000000-000000-000000-000000-000000-000000-000000-000000-000000-000000-000000-000000","LOCAL_WATERSHED_CODE":"300-625474-035714-817426-000000-000000-000000-000000-000000-000000-000000-000000-000000-000000-000000-000000-000000-000000-000000-000000-000000","WATERSHED_GROUP_CODE":"KOTL","DOWNSTREAM_ROUTE_MEASURE":3279.1471699650701,"LENGTH_METRE":732.40502070184812,"FEATURE_SOURCE":"linear stream -","GNIS_ID":2332,"GNIS_NAME":"Garrity Creek","LEFT_RIGHT_TRIBUTARY":"RIGHT","STREAM_ORDER":1,"STREAM_MAGNITUDE":1,"WATERBODY_KEY":null,"BLUE_LINE_KEY_50K":108,"WATERSHED_CODE_50K":"340079900000000000000000000000000000000000000","WATERSHED_KEY_50K":108,"WATERSHED_GROUP_CODE_50K":"KOTL","GRADIENT":null,"FEATURE_CODE":"GA24850150","OBJECTID":3090507,"GEOMETRY.LEN":0,"FEATURE_LENGTH_M":739.53970000000004}},{"type":"Feature","id":3115655,"geometry":{"type":"LineString","coordinates":[[1623022.9440000001,539378.26799999923],[1623030.2850000001,539392.40399999917],[1623041.2149999999,539409.85099999979],[1623057.0830000006,539436.03600000031],[1623065.2129999995,539450.26899999939],[1623072.1980000008,539467.23200000077],[1623078.2479999997,539491.09899999946],[1623081.9480000008,539501.75999999978],[1623088.4719999991,539521.69700000063],[1623093.5899999999,539536.51899999939],[1623100.1009999998,539557.41100000031],[1623105.3900000006,539571.29700000025],[1623109.9729999993,539582.8629999999],[1623113.2550000008,539612.61099999957],[1623116.6009999998,539626.09899999946],[1623119.0219999999,539645.53399999999],[1623123.8359999992,539663.34899999946],[1623131.6439999994,539689.50400000066],[1623137.8760000002,539711.48000000045],[1623143.148,539734.29499999993],[1623149.3800000008,539756.26999999955],[1623153.3709999993,539764.89299999923],[1623159.0669999998,539783.6129999999],[1623164.1850000005,539798.43400000036],[1623170.2359999996,539814.32699999958],[1623178.3479999993,539837.49000000022],[1623181.2809999995,539854.11700000055],[1623182.2100000009,539863.16300000064],[1623185.2640000004,539878.68799999915],[1623185.1530000009,539886.80900000036],[1623187.5510000009,539900.18099999987],[1623188.2489999998,539918.44800000079],[1623189.5429999996,539931.68500000052],[1623192.4719999991,539956.28700000048],[1623195.9829999991,539976.81299999915],[1623197.4600000009,539988.15799999982],[1623197.9780000001,540000.34300000034],[1623197.6830000002,540010.35500000045],[1623196.9120000005,540024.29600000009],[1623194.9039999992,540040.15899999999],[1623194.7789999992,540049.2349999994],[1623192.0040000007,540071.06399999931],[1623189.6579999998,540080.82499999925],[1623188.466,540090.8870000001],[1623185.6309999991,540105.53199999966]]},"properties":{"LINEAR_FEATURE_ID":707091167,"WATERSHED_GROUP_ID":90,"EDGE_TYPE":1000,"BLUE_LINE_KEY":356546566,"WATERSHED_KEY":356546566,"FWA_WATERSHED_CODE":"300-625474-042847-221596-000000-000000-000000-000000-000000-000000-000000-000000-000000-000000-000000-000000-000000-000000-000000-000000-000000","LOCAL_WATERSHED_CODE":"300-625474-042847-221596-541064-000000-000000-000000-000000-000000-000000-000000-000000-000000-000000-000000-000000-000000-000000-000000-000000","WATERSHED_GROUP_CODE":"KOTL","DOWNSTREAM_ROUTE_MEASURE":2904.7785028245503,"LENGTH_METRE":758.63761033326205,"FEATURE_SOURCE":"linear stream -","GNIS_ID":25836,"GNIS_NAME":"Rixen Creek","LEFT_RIGHT_TRIBUTARY":"LEFT","STREAM_ORDER":3,"STREAM_MAGNITUDE":6,"WATERBODY_KEY":null,"BLUE_LINE_KEY_50K":2542,"WATERSHED_CODE_50K":"340095600220000000000000000000000000000000000","WATERSHED_KEY_50K":2542,"WATERSHED_GROUP_CODE_50K":"KOTL","GRADIENT":null,"FEATURE_CODE":"GA24850000","OBJECTID":3115655,"GEOMETRY.LEN":0,"FEATURE_LENGTH_M":770.02200000000005}},{"type":"Feature","id":3126463,"geometry":{"type":"LineString","coordinates":[[1624158.1579999998,529042.43799999915],[1624162.2060000002,529033.84400000051],[1624169.5639999993,529016.72399999946],[1624174.0669999998,529005.15599999949],[1624176.6989999991,528991.4450000003],[1624181.1909999996,528980.8320000004],[1624186.057,528974.41100000031],[1624196.4489999991,528963.72199999914],[1624205.352,528949.66200000048],[1624211.4619999994,528940.36400000006],[1624216.3269999996,528933.94199999981],[1624227.2919999994,528919.17799999937],[1624238.8910000008,528899.54800000042],[1624247.6109999996,528878.44899999909]]},"properties":{"LINEAR_FEATURE_ID":707100448,"WATERSHED_GROUP_ID":90,"EDGE_TYPE":1000,"BLUE_LINE_KEY":356540400,"WATERSHED_KEY":356540400,"FWA_WATERSHED_CODE":"300-625474-033700-000000-000000-000000-000000-000000-000000-000000-000000-000000-000000-000000-000000-000000-000000-000000-000000-000000-000000","LOCAL_WATERSHED_CODE":"300-625474-033700-632073-000000-000000-000000-000000-000000-000000-000000-000000-000000-000000-000000-000000-000000-000000-000000-000000-000000","WATERSHED_GROUP_CODE":"KOTL","DOWNSTREAM_ROUTE_MEASURE":7856.2135974170606,"LENGTH_METRE":188.84298333016301,"FEATURE_SOURCE":"linear stream -","GNIS_ID":11830,"GNIS_NAME":"Fortynine Creek","LEFT_RIGHT_TRIBUTARY":"LEFT","STREAM_ORDER":3,"STREAM_MAGNITUDE":15,"WATERBODY_KEY":null,"BLUE_LINE_KEY_50K":99,"WATERSHED_CODE_50K":"340075200000000000000000000000000000000000000","WATERSHED_KEY_50K":99,"WATERSHED_GROUP_CODE_50K":"KOTL","GRADIENT":null,"FEATURE_CODE":"GA24850000","OBJECTID":3126463,"GEOMETRY.LEN":0,"FEATURE_LENGTH_M":190.03380000000001}},{"type":"Feature","id":3177341,"geometry":{"type":"LineString","coordinates":[[1616751.3310000002,547029.49300000072],[1616750.0899999999,547031.41599999927],[1616738.8929999992,547040.10500000045],[1616734.9470000006,547046.64399999939],[1616727.8499999996,547062.8479999993],[1616721.3589999992,547067.00400000066],[1616710.9379999992,547069.72699999996],[1616695.6239999998,547078.87299999967],[1616688.9749999996,547083.00999999978],[1616680.7760000005,547092.06299999915],[1616667.5130000003,547101.45800000057],[1616662.7929999996,547106.94600000046],[1616643.7050000001,547121.6950000003],[1616637.6789999995,547129.89499999955],[1616629.0120000001,547141.92200000025],[1616621.9309999999,547150.15300000086],[1616621.1549999993,547156.11999999918],[1616618.3300000001,547178.90300000086],[1616610.7660000008,547198.08000000007],[1616598.7760000005,547220.70800000057],[1616588.3859999999,547238.5859999992],[1616579.4120000005,547246.58799999952],[1616562.3249999993,547261.42100000009],[1616557.7770000007,547265.9729999993],[1616552.8839999996,547272.39699999988],[1616547.3389999997,547276.6679999996],[1616531.9000000004,547293.93400000036],[1616508.6659999993,547311.05100000091],[1616501.5999999996,547318.32699999958],[1616497.9330000002,547323.78399999999],[1616488.4920000006,547334.75899999961],[1616482.6349999998,547349.04099999927],[1616473.9680000003,547361.06699999981],[1616457.568,547379.17300000042],[1616453.7939999998,547384.77600000054],[1616452.8300000001,547392.63399999961],[1616447.3159999996,547412.06000000052],[1616444.8159999996,547423.87800000049],[1616443.7449999992,547431.88199999928],[1616434.7510000002,547454.87399999984],[1616426.7229999993,547462.99100000039],[1616412.8049999997,547477.25100000016],[1616391.8210000005,547498.78800000064],[1616390.0979999993,547504.6400000006],[1616380.8110000007,547522.6520000007],[1616367.3719999995,547540.00100000016],[1616360.6190000009,547554.33300000057],[1616351.1740000006,547572.32599999942],[1616330.7780000009,547589.78800000064],[1616320.0779999997,547610.65899999999],[1616311.0529999994,547618.49599999934],[1616308.2100000009,547625.16899999976],[1616296.2349999994,547639.82499999925],[1616293.1119999997,547647.58000000007],[1616290.2530000005,547662.22499999963],[1616283.9780000001,547679.64599999972],[1616274.3479999993,547692.51300000027],[1616257.4790000003,547713.59300000034],[1616249.7430000007,547726.68899999931],[1616233.8059999999,547748.83899999969],[1616221.0059999991,547762.27899999917],[1616220.0920000002,547770.30199999921],[1616206.3420000002,547790.64399999939],[1616199.0730000008,547800.76700000092],[1616193.1070000008,547815.1950000003],[1616180.9440000001,547831.74200000055],[1616174.9790000003,547846.16999999993],[1616169.7569999993,547863.55900000036],[1616168.0659999996,547877.54800000042],[1616164.273,547891.12299999967]]},"properties":{"LINEAR_FEATURE_ID":707610667,"WATERSHED_GROUP_ID":186,"EDGE_TYPE":1000,"BLUE_LINE_KEY":356559464,"WATERSHED_KEY":356559464,"FWA_WATERSHED_CODE":"300-625474-020842-349237-000000-000000-000000-000000-000000-000000-000000-000000-000000-000000-000000-000000-000000-000000-000000-000000-000000","LOCAL_WATERSHED_CODE":"300-625474-020842-349237-918802-000000-000000-000000-000000-000000-000000-000000-000000-000000-000000-000000-000000-000000-000000-000000-000000","WATERSHED_GROUP_CODE":"SLOC","DOWNSTREAM_ROUTE_MEASURE":12161.0257348062,"LENGTH_METRE":1074.71447408412,"FEATURE_SOURCE":"linear stream -","GNIS_ID":3011,"GNIS_NAME":"Winlaw Creek","LEFT_RIGHT_TRIBUTARY":"LEFT","STREAM_ORDER":1,"STREAM_MAGNITUDE":1,"WATERBODY_KEY":null,"BLUE_LINE_KEY_50K":171,"WATERSHED_CODE_50K":"340047200349007920000000000000000000000000000","WATERSHED_KEY_50K":171,"WATERSHED_GROUP_CODE_50K":"SLOC","GRADIENT":null,"FEATURE_CODE":"GA24850150","OBJECTID":3177341,"GEOMETRY.LEN":0,"FEATURE_LENGTH_M":1104.9059999999999}},{"type":"Feature","id":3219282,"geometry":{"type":"LineString","coordinates":[[1617624.2760000005,532135.06599999964],[1617636.9279999994,532138.67200000025],[1617649.9289999995,532139.44999999925],[1617674.7540000007,532142.61700000055],[1617683.7609999999,532142.75200000033],[1617706.8220000006,532143.63299999945],[1617715.1579999998,532142.57100000046],[1617724.5150000006,532139.87800000049],[1617743.7300000004,532132.16100000031],[1617755.9149999991,532130.76700000092],[1617778.7870000005,532125.56699999981],[1617790.9609999992,532125.12900000066],[1617806.2520000003,532123.95299999975],[1617820.477,532123.76300000027],[1617837.7109999992,532122.98200000077],[1617854.9460000005,532122.20099999942],[1617875.1789999995,532121.78399999999],[1617891.1280000005,532122.75999999978],[1617901.2390000001,532123.02899999917],[1617919.409,532123.31799999997],[1617936.4629999995,532124.42899999954],[1617946.2970000003,532125.78099999949],[1617962.2349999994,532127.71299999952],[1617981.3509999998,532128.11700000055],[1618005.4100000001,532129.27999999933],[1618026.5789999999,532129.93300000019],[1618048.5240000002,532131.63800000027],[1618070.5199999996,532133.50699999928],[1618086.4690000005,532134.4849999994],[1618098.6429999992,532134.04800000042],[1618115.5189999994,532128.12099999934],[1618125.1630000006,532123.39100000076],[1618148.1329999994,532110.07200000063],[1618156.8310000002,532105.22699999996],[1618167.0510000009,532096.41999999993],[1618190.5020000003,532078.21600000001],[1618200.9039999992,532067.51899999939],[1618218.0580000002,532051.58100000024],[1618231.2770000007,532043.13900000043],[1618247.6740000006,532033.1679999996],[1618264.8259999994,532026.16000000015],[1618279.3619999997,532022.02300000004],[1618291.9930000007,532018.61199999973],[1618317.3969999999,532008.77800000086],[1618340.9149999991,532006.68799999915],[1618348.3159999996,532004.55599999987],[1618374.5470000003,531995.93799999915],[1618383.0639999993,531992.9849999994],[1618402.9370000008,531987.42300000042],[1618419.1649999991,531978.3900000006],[1618431.318,531970.93400000036],[1618448.7809999995,531959.97800000012],[1618494.3369999994,531934.57100000046],[1618508.6710000001,531925.30800000019],[1618524.8870000001,531917.23000000045],[1618547.9399999995,531910.14100000076],[1618566.2070000004,531902.31200000085],[1618580.9120000005,531897.23900000006],[1618606.6119999997,531893.34200000018],[1618626.0669999998,531891.87600000016],[1618635.0730000008,531892.01300000027],[1618653.2540000007,531891.34899999946],[1618668.2449999992,531893.1679999996],[1618678.5360000003,531891.54700000025],[1618694.773,531890.4879999999],[1618708.0629999992,531889.23100000061],[1618726.9890000001,531883.55599999987],[1618744.5109999999,531880.73900000006],[1618767.0950000007,531877.58100000024],[1618782.5539999995,531875.47100000083],[1618790.7939999998,531873.60099999979],[1618811.1449999996,531872.08500000089],[1618830.4309999999,531871.55599999987],[1618837.3739999998,531872.39900000021],[1618864.7180000003,531871.89200000092],[1618882.8880000003,531872.18400000036],[1618889.8310000002,531873.0270000007],[1618914.0199999996,531872.1370000001],[1618942.9470000006,531875.80900000036],[1618952.4309999999,531879.99000000022],[1618961.3059999999,531882.18400000036],[1618987.7249999996,531888.58100000024],[1619004.5109999999,531898.75200000033],[1619016.0969999991,531903.3479999993],[1619032.5240000002,531908.37299999967],[1619051.9989999998,531913.92699999921],[1619072.4100000001,531920.55199999921],[1619086.6549999993,531927.38499999978],[1619100.6009999998,531937.2109999992],[1619118.7909999993,531944.52300000004],[1619136.2039999999,531950.78399999999],[1619149.5140000004,531956.54600000009],[1619162.1530000009,531961.11099999957],[1619174.2290000003,531968.79700000025],[1619196.5329999998,531975.6520000007],[1619210.2890000008,531979.39599999972],[1619222.2919999994,531979.89800000004],[1619246.4690000005,531979.96499999985],[1619270.3469999991,531983.02500000037],[1619292.3430000003,531984.90000000037],[1619307.6439999994,531982.77199999988],[1619324.8780000005,531981.99599999934],[1619337.3389999997,531979.52400000021],[1619346.1439999994,531974.53399999999],[1619361.9020000007,531969.43300000019],[1619378.0109999999,531961.50400000066],[1619391.8760000002,531956.17200000025],[1619407.5160000008,531952.17300000042],[1619413.9810000006,531948.97199999914],[1619441.0869999994,531933.28999999911],[1619445.7780000009,531928.75699999928],[1619453.9460000005,531919.70399999991],[1619463.2190000005,531910.78500000015],[1619478.9590000007,531889.73599999957],[1619492.2860000003,531872.22000000067],[1619495.9220000003,531867.71900000051],[1619516.6490000002,531848.07300000079],[1619528.284,531835.45500000007],[1619540.7359999996,531825.00899999961],[1619552.7300000004,531817.53700000048],[1619567.9989999998,531809.34699999914],[1619582.9920000006,531802.23900000006],[1619601.5789999999,531798.43899999931],[1619616.75,531798.36999999918],[1619635.8660000004,531798.77999999933],[1619653.9169999994,531800.17699999921],[1619666.568,531803.78800000064],[1619679.5179999992,531804.40499999933],[1619693.5730000008,531805.15699999966],[1619709.6799999997,531806.15899999999],[1619719.9710000008,531804.5390000008],[1619733.318,531794.0429999996],[1619748.9370000008,531783.02600000054],[1619761.6970000006,531777.56100000069],[1619772.9240000006,531777.0120000001],[1619788.0950000007,531776.94299999997],[1619796.9199999999,531778.9729999993],[1619815.7679999992,531788.44099999964],[1619831.4680000003,531792.5820000004],[1619845.4140000008,531802.41000000015],[1619853.6840000004,531815.53500000015],[1619868.5649999995,531826.43400000036],[1619874.2850000001,531828.24599999934],[1619884.5140000004,531827.41699999943],[1619899.5059999991,531820.31000000052],[1619913.1809999999,531808.89699999988],[1619936.5099999998,531791.80199999921],[1619964.0610000007,531774.10400000028],[1619983.1070000008,531758.40100000054],[1620003.2579999994,531742.83300000057],[1620018.8249999993,531731.65100000054],[1620032.2119999994,531722.27600000054],[1620047.6730000004,531711.24000000022],[1620058.5510000009,531704.59100000001],[1620083.75,531689.6370000001],[1620093.9690000005,531680.83400000073],[1620115.8230000008,531659.4140000008],[1620129.8469999991,531645.17400000058],[1620137.8340000007,531638.01300000027],[1620163.3440000005,531619.1099999994],[1620177.9639999997,531607.81399999931],[1620195.2860000003,531590.9450000003],[1620216.9690000005,531570.4609999992],[1620238.5730000008,531552.19999999925],[1620259.9580000006,531534.71000000089],[1620278.9810000006,531511.99000000022],[1620294.0700000003,531496.76300000027],[1620319.8670000006,531475.82399999909],[1620326.5010000002,531471.68799999915],[1620349.0010000002,531453.37700000033],[1620364.3770000003,531436.11199999973],[1620376.2980000004,531421.45800000057],[1620386.6970000006,531410.76400000043],[1620393.1400000006,531400.54499999993],[1620398.7870000005,531395.17300000042],[1620415.5779999997,531374.09400000051],[1620425.966,531364.35500000045],[1620452.5899999999,531344.63299999945],[1620466.0940000005,531334.15799999982],[1620485.2960000001,531318.47599999979],[1620500.0969999991,531305.28800000064],[1620511.4309999999,531295.66499999911],[1620520.0759999994,531290.65699999966],[1620534.8770000003,531277.47000000067],[1620548.2620000001,531268.09600000083],[1620568.4220000003,531251.57399999909],[1620584.1569999997,531239.4570000004],[1620594.8540000003,531234.69999999925],[1620620.6490000002,531213.76099999994],[1620636.0859999992,531204.6370000001],[1620650.2599999998,531195.3599999994],[1620672.0030000005,531183.01799999923],[1620686.3340000007,531173.75999999978],[1620707.1300000008,531161.30199999921],[1620729.341,531145.03099999949],[1620742.7259999998,531135.65799999982],[1620760.9910000004,531118.90599999949],[1620771.9869999997,531111.15499999933],[1620796.2369999997,531096.08899999969],[1620817.1620000005,531081.57499999925],[1620842.8269999996,531062.69400000013],[1620855.9250000007,531055.35899999924],[1620869.6300000008,531050.0120000001],[1620881.6109999996,531043.49799999967],[1620900.8340000007,531034.8359999992],[1620923.3929999992,531024.66699999943],[1620950.1960000005,531011.9849999994],[1620968.0160000008,531006.18300000019],[1620989.9370000008,531000.88000000082],[1620999.5690000001,530997.1099999994],[1621013.2630000003,530992.71800000034],[1621031.2510000002,530985.97900000028],[1621048.1239999998,530980.06200000085],[1621063.5930000003,530977.00300000049]]},"properties":{"LINEAR_FEATURE_ID":707098765,"WATERSHED_GROUP_ID":90,"EDGE_TYPE":1000,"BLUE_LINE_KEY":356540400,"WATERSHED_KEY":356540400,"FWA_WATERSHED_CODE":"300-625474-033700-000000-000000-000000-000000-000000-000000-000000-000000-000000-000000-000000-000000-000000-000000-000000-000000-000000-000000","LOCAL_WATERSHED_CODE":"300-625474-033700-000000-000000-000000-000000-000000-000000-000000-000000-000000-000000-000000-000000-000000-000000-000000-000000-000000-000000","WATERSHED_GROUP_CODE":"KOTL","DOWNSTREAM_ROUTE_MEASURE":161.14670312692002,"LENGTH_METRE":3912.1914592737903,"FEATURE_SOURCE":"linear stream -","GNIS_ID":11830,"GNIS_NAME":"Fortynine Creek","LEFT_RIGHT_TRIBUTARY":"LEFT","STREAM_ORDER":3,"STREAM_MAGNITUDE":23,"WATERBODY_KEY":null,"BLUE_LINE_KEY_50K":99,"WATERSHED_CODE_50K":"340075200000000000000000000000000000000000000","WATERSHED_KEY_50K":99,"WATERSHED_GROUP_CODE_50K":"KOTL","GRADIENT":null,"FEATURE_CODE":"GA24850000","OBJECTID":3219282,"GEOMETRY.LEN":0,"FEATURE_LENGTH_M":3925.6317000000004}},{"type":"Feature","id":3231025,"geometry":{"type":"LineString","coordinates":[[1618136.6919999998,536270.11999999918],[1618125.6359999999,536277.70800000057],[1618108.0040000007,536288.64399999939],[1618099.3019999992,536293.4879999999],[1618089.1789999995,536294.17300000042],[1618064.0649999995,536293.0390000008],[1618048.2359999996,536290.95900000073],[1618040.057,536292.0390000008],[1618024.057,536290.89499999955],[1618015.7070000004,536292.91200000048],[1617999.4829999991,536300.98900000006],[1617976.4749999996,536316.21700000018],[1617962.6050000004,536329.52400000021],[1617953.7850000001,536343.44299999997],[1617942.2009999994,536363.24699999951],[1617934.9839999992,536379.43400000036],[1617926.5179999992,536398.49899999984],[1617913.6339999996,536421.0150000006],[1617893.6380000003,536443.625],[1617880.1199999992,536454.10400000028],[1617864.3570000008,536467.18200000003],[1617851.1300000008,536475.62299999967],[1617835.7880000006,536484.60600000061],[1617826.8340000007,536492.60899999924],[1617818.3139999993,536495.56200000085],[1617803.6150000002,536499.67899999954],[1617796.0800000001,536503.86800000072],[1617785.1940000001,536510.51999999955],[1617767.2090000007,536524.28500000015],[1617756.0319999997,536532.97599999979],[1617736.1539999992,536546.51099999994],[1617727.3310000002,536552.4570000004],[1617703.0470000003,536568.4879999999],[1617691.8709999993,536577.17899999954],[1617667.9289999995,536599.31100000069],[1617657.2259999998,536612.04600000009],[1617647.1809999999,536626.93300000019],[1617636.6490000002,536638.73200000077],[1617629.8900000006,536643.97199999914],[1617624.1850000005,536649.1799999997],[1617604.8300000001,536666.92600000091],[1617584.6730000004,536681.54399999976],[1617568.4360000007,536698.55100000091],[1617553.3279999997,536713.78199999966],[1617538.5099999998,536726.97499999963],[1617513.6209999993,536748.99200000055],[1617491.4000000004,536764.31699999981],[1617483.8139999993,536768.34100000001],[1617457.818,536782.25200000033],[1617446.6290000007,536791.89800000004],[1617441.7630000003,536797.36800000072],[1617434.5309999995,536806.53700000048],[1617426.6429999992,536821.5270000007],[1617421.8289999999,536835.13599999994],[1617414.0050000008,536857.31000000052],[1617405.6559999995,536875.27400000021],[1617390.2449999992,536893.49799999967],[1617374.8460000008,536910.76700000092],[1617371.0730000008,536917.32599999942],[1617369.1919999998,536924.11400000006],[1617368.4289999995,536930.08100000024],[1617361.5510000009,536952.36999999918],[1617358.4350000005,536969.0549999997],[1617353.8029999994,536988.74499999918],[1617353.0270000007,536995.66699999943],[1617349.2799999993,537016.2620000001],[1617343.5050000008,537030.71199999936],[1617326.3320000004,537046.64900000021],[1617314.0510000009,537055.2070000004],[1617302.2300000004,537068.76300000027],[1617282.5700000003,537089.50200000033],[1617263.6359999999,537103.15399999917],[1617258.6380000003,537110.6799999997],[1617251.8149999995,537116.71000000089]]},"properties":{"LINEAR_FEATURE_ID":707094323,"WATERSHED_GROUP_ID":90,"EDGE_TYPE":1000,"BLUE_LINE_KEY":356567071,"WATERSHED_KEY":356567071,"FWA_WATERSHED_CODE":"300-625474-039562-000000-000000-000000-000000-000000-000000-000000-000000-000000-000000-000000-000000-000000-000000-000000-000000-000000-000000","LOCAL_WATERSHED_CODE":"300-625474-039562-369502-000000-000000-000000-000000-000000-000000-000000-000000-000000-000000-000000-000000-000000-000000-000000-000000-000000","WATERSHED_GROUP_CODE":"KOTL","DOWNSTREAM_ROUTE_MEASURE":3671.0658360467705,"LENGTH_METRE":1290.8692170337702,"FEATURE_SOURCE":"linear stream -","GNIS_ID":27978,"GNIS_NAME":"Smallwood Creek","LEFT_RIGHT_TRIBUTARY":"RIGHT","STREAM_ORDER":3,"STREAM_MAGNITUDE":13,"WATERBODY_KEY":null,"BLUE_LINE_KEY_50K":109,"WATERSHED_CODE_50K":"340088400000000000000000000000000000000000000","WATERSHED_KEY_50K":109,"WATERSHED_GROUP_CODE_50K":"KOTL","GRADIENT":null,"FEATURE_CODE":"GA24850000","OBJECTID":3231025,"GEOMETRY.LEN":0,"FEATURE_LENGTH_M":1296.9699000000001}},{"type":"Feature","id":3287344,"geometry":{"type":"LineString","coordinates":[[1611145.9749999996,545338.67300000042],[1611155.1420000009,545338.81900000013],[1611168.9199999999,545340.63399999961],[1611184.5629999992,545344.58799999952],[1611201.4969999995,545346.78299999982],[1611226.7870000005,545346.95299999975],[1611236.0889999997,545345.04199999943],[1611262.9570000004,545331.36900000088],[1611284.932,545317.10799999908],[1611296.7520000003,545312.47000000067],[1611318.4189999998,545308.21800000034],[1611335.3680000007,545309.45900000073],[1611354.3029999994,545311.73599999957],[1611372.8359999992,545316.19700000063],[1611392.5820000004,545320.64399999939],[1611409.0140000004,545317.67699999921],[1611419.7799999993,545320.08799999952]]},"properties":{"LINEAR_FEATURE_ID":707611233,"WATERSHED_GROUP_ID":186,"EDGE_TYPE":1000,"BLUE_LINE_KEY":356559464,"WATERSHED_KEY":356559464,"FWA_WATERSHED_CODE":"300-625474-020842-349237-000000-000000-000000-000000-000000-000000-000000-000000-000000-000000-000000-000000-000000-000000-000000-000000-000000","LOCAL_WATERSHED_CODE":"300-625474-020842-349237-283020-000000-000000-000000-000000-000000-000000-000000-000000-000000-000000-000000-000000-000000-000000-000000-000000","WATERSHED_GROUP_CODE":"SLOC","DOWNSTREAM_ROUTE_MEASURE":3745.9806330621605,"LENGTH_METRE":285.28273128573505,"FEATURE_SOURCE":"linear stream -","GNIS_ID":3011,"GNIS_NAME":"Winlaw Creek","LEFT_RIGHT_TRIBUTARY":"LEFT","STREAM_ORDER":3,"STREAM_MAGNITUDE":48,"WATERBODY_KEY":null,"BLUE_LINE_KEY_50K":162,"WATERSHED_CODE_50K":"340047200349000000000000000000000000000000000","WATERSHED_KEY_50K":162,"WATERSHED_GROUP_CODE_50K":"SLOC","GRADIENT":null,"FEATURE_CODE":"GA24850000","OBJECTID":3287344,"GEOMETRY.LEN":0,"FEATURE_LENGTH_M":285.91460000000001}},{"type":"Feature","id":3309940,"geometry":{"type":"LineString","coordinates":[[1605234.9379999992,541618.68200000003],[1605239.1710000001,541610.0979999993],[1605247.0789999999,541595.09500000067],[1605250.0350000001,541587.31599999964],[1605255.0940000005,541579.94600000046],[1605257.7440000009,541575.15899999999],[1605268.6500000004,541560.51300000027],[1605277.1349999998,541549.40499999933],[1605290.8680000007,541536.05199999921],[1605296.5810000002,541530.83300000057],[1605316.3059999999,541511.17799999937],[1605327.5099999998,541501.50999999978],[1605343.5869999994,541486.3629999999],[1605347.0629999992,541482.79099999927],[1605358.9030000009,541469.21299999952],[1605370.2080000006,541452.38299999945],[1605374.9370000008,541445.9299999997],[1605385.1750000007,541430.08899999969],[1605389.1420000009,541421.63199999928],[1605394.9700000007,541408.29600000009],[1605399.0449999999,541399.69299999997],[1605400.2789999992,541390.75200000033],[1605402.1809999999,541383.00599999912],[1605403.8839999996,541378.10700000077],[1605407.4890000001,541365.46299999952],[1605409.2129999995,541351.63800000027],[1605412.6329999994,541340.88399999961],[1605415.1699999999,541329.22800000012],[1605418.7750000004,541316.58400000073],[1605421.568,541301.76999999955],[1605426.2909999993,541288.30199999921],[1605428.1789999995,541281.51099999994],[1605430.1740000006,541274.57399999909],[1605434.2990000006,541266.1370000001],[1605438.2019999996,541258.47000000067],[1605441.2080000006,541250.85600000061],[1605444.0429999996,541244.17799999937],[1605449.2219999991,541235.7070000004],[1605455.227,541228.44899999909],[1605463.1260000002,541221.4179999996],[1605465.7760000005,541216.63099999912],[1605470.5409999993,541211.29900000058],[1605481.3829999994,541197.44299999997],[1605484.8719999995,541192.91599999927],[1605496.1899999995,541175.13099999912],[1605500.1300000008,541168.58400000073],[1605513.3790000007,541152.14499999955],[1605524.1119999997,541138.43500000052],[1605528.0649999995,541130.93400000036],[1605529.5969999991,541126.97100000083],[1605533.2440000009,541122.46299999952],[1605535.6009999998,541119.71399999969],[1605537.6669999994,541119.00300000049],[1605548.5580000002,541105.31299999915],[1605557.3469999991,541091.21199999936],[1605560.0470000003,541086.59100000001],[1605563.4800000004,541074.88299999945],[1605568.6579999998,541066.41100000031],[1605570.2540000007,541061.65899999999],[1605574.2070000004,541054.15799999982],[1605583.3379999995,541038.18500000052],[1605585.1760000009,541031.22900000028],[1605588.9940000009,541025.78399999999],[1605592.8959999997,541018.11800000072],[1605594.4920000006,541013.36500000022],[1605598.2459999993,541008.71000000089],[1605603.6229999997,540997.39299999923],[1605613.6879999992,540982.4879999999],[1605620.4749999996,540968.30900000036],[1605624.2569999993,540961.74400000088],[1605632.4409999996,540945.65799999982],[1605637.4550000001,540930.1520000007],[1605645.0050000008,540917.97699999996],[1605650.4890000001,540906.51300000027],[1605653.0170000009,540902.82799999975],[1605658.6860000007,540889.4729999993],[1605660.0969999991,540886.61099999957],[1605668.7579999994,540866.59699999914],[1605677.5390000008,540845.48100000061],[1605678.1510000005,540839.49499999918],[1605682.8589999992,540826.98200000077],[1605683.1649999991,540823.98900000006],[1605688.8200000003,540811.58899999969],[1605690.0659999996,540801.69299999997],[1605694.0050000008,540795.14699999988],[1605700.6270000003,540773.93300000019],[1605702.5010000002,540768.0979999993],[1605707.0510000009,540755.56599999964],[1605710.3489999995,540745.9140000008],[1605712.0649999995,540740.06000000052],[1605718.9590000007,540725.73399999924],[1605722.4409999996,540714.19099999964],[1605723.9719999991,540710.22800000012],[1605728.6940000001,540696.75999999978],[1605731.6989999991,540689.14599999972],[1605734.9959999993,540679.49400000088],[1605737.4810000006,540667.67300000042],[1605739.5030000005,540658.82599999942],[1605740.9059999995,540648.94899999909],[1605743.5690000001,540643.2070000004],[1605745.7620000001,540633.42400000058],[1605746.2249999996,540630.44999999925],[1605750.0059999991,540623.88499999978],[1605759.0150000006,540609.01400000043],[1605763.2589999996,540599.47499999963],[1605769.6899999995,540588.12299999967],[1605773.1579999998,540577.53500000015],[1605774.0480000004,540570.46700000018],[1605776.8880000003,540555.81799999997],[1605784.7219999991,540534.58899999969],[1605787.0850000009,540523.86999999918],[1605789.9189999998,540517.19199999981],[1605797.5950000007,540495.94400000013],[1605805.4350000005,540481.73200000077],[1605808.9159999993,540470.18899999931],[1605811.693,540456.33000000007],[1605814.0429999996,540446.56499999948],[1605818.4710000008,540435.13499999978],[1605821.1270000003,540422.37700000033],[1605825.0209999997,540407.6950000003],[1605830.3249999993,540390.15100000054],[1605832.6889999993,540379.43099999987],[1605835.9989999998,540368.82399999909],[1605841.7799999993,540347.35099999979],[1605844.1429999992,540336.63199999928],[1605845.0319999997,540329.56299999915],[1605846.7410000004,540316.69299999997],[1605849.8660000004,540307.97800000012],[1605853.1760000009,540297.37099999934],[1605857.8829999994,540284.85799999908],[1605863.2579999994,540273.53999999911],[1605868.4350000005,540265.06900000013],[1605873.7970000003,540254.70600000024],[1605876.4590000007,540248.96499999985],[1605880.7019999996,540239.42600000091],[1605886.534,540233.10500000045],[1605894.4179999996,540227.02800000086],[1605902.0099999998,540222.99000000022],[1605922.5490000006,540212.52099999972],[1605932.0209999997,540209.66300000064],[1605950.9790000003,540202.99200000055],[1605961.5700000003,540199.31100000069],[1605972.9360000007,540196.67799999937],[1605981.1689999998,540195.74599999934],[1605986.4039999992,540194.45600000024],[1605988.2980000004,540194.68099999987]]},"properties":{"LINEAR_FEATURE_ID":707613642,"WATERSHED_GROUP_ID":186,"EDGE_TYPE":1000,"BLUE_LINE_KEY":356433336,"WATERSHED_KEY":356433336,"FWA_WATERSHED_CODE":"300-625474-020842-280001-000000-000000-000000-000000-000000-000000-000000-000000-000000-000000-000000-000000-000000-000000-000000-000000-000000","LOCAL_WATERSHED_CODE":"300-625474-020842-280001-501270-000000-000000-000000-000000-000000-000000-000000-000000-000000-000000-000000-000000-000000-000000-000000-000000","WATERSHED_GROUP_CODE":"SLOC","DOWNSTREAM_ROUTE_MEASURE":1676.29341930441,"LENGTH_METRE":1667.7931894798601,"FEATURE_SOURCE":"linear stream -","GNIS_ID":11533,"GNIS_NAME":"Ground Creek","LEFT_RIGHT_TRIBUTARY":"LEFT","STREAM_ORDER":1,"STREAM_MAGNITUDE":1,"WATERBODY_KEY":null,"BLUE_LINE_KEY_50K":150,"WATERSHED_CODE_50K":"340047200277000000000000000000000000000000000","WATERSHED_KEY_50K":150,"WATERSHED_GROUP_CODE_50K":"SLOC","GRADIENT":null,"FEATURE_CODE":"GA24850000","OBJECTID":3309940,"GEOMETRY.LEN":0,"FEATURE_LENGTH_M":1959.9441000000002}},{"type":"Feature","id":3342122,"geometry":{"type":"LineString","coordinates":[[1623898.6410000008,543225.29900000058],[1623887.148,543236.96900000051],[1623868.4110000003,543257.79800000042],[1623855.6420000009,543270.26799999923],[1623843.9910000004,543281.9179999996],[1623834.3770000003,543294.77500000037]]},"properties":{"LINEAR_FEATURE_ID":707087255,"WATERSHED_GROUP_ID":90,"EDGE_TYPE":1000,"BLUE_LINE_KEY":356568277,"WATERSHED_KEY":356568277,"FWA_WATERSHED_CODE":"300-625474-048332-391586-000000-000000-000000-000000-000000-000000-000000-000000-000000-000000-000000-000000-000000-000000-000000-000000-000000","LOCAL_WATERSHED_CODE":"300-625474-048332-391586-213418-000000-000000-000000-000000-000000-000000-000000-000000-000000-000000-000000-000000-000000-000000-000000-000000","WATERSHED_GROUP_CODE":"KOTL","DOWNSTREAM_ROUTE_MEASURE":2554.7763510990299,"LENGTH_METRE":94.7745431000683,"FEATURE_SOURCE":"linear stream -","GNIS_ID":18222,"GNIS_NAME":"Baldface Creek","LEFT_RIGHT_TRIBUTARY":"RIGHT","STREAM_ORDER":4,"STREAM_MAGNITUDE":65,"WATERBODY_KEY":null,"BLUE_LINE_KEY_50K":2565,"WATERSHED_CODE_50K":"340108000411000000000000000000000000000000000","WATERSHED_KEY_50K":2565,"WATERSHED_GROUP_CODE_50K":"KOTL","GRADIENT":null,"FEATURE_CODE":"GA24850000","OBJECTID":3342122,"GEOMETRY.LEN":0,"FEATURE_LENGTH_M":94.852500000000006}},{"type":"Feature","id":3356924,"geometry":{"type":"LineString","coordinates":[[1603304.6769999992,541714.65799999982],[1603299.1439999994,541710.9729999993],[1603288.0270000007,541703.43700000085]]},"properties":{"LINEAR_FEATURE_ID":707612714,"WATERSHED_GROUP_ID":186,"EDGE_TYPE":1000,"BLUE_LINE_KEY":356534761,"WATERSHED_KEY":356534761,"FWA_WATERSHED_CODE":"300-625474-020842-261758-000000-000000-000000-000000-000000-000000-000000-000000-000000-000000-000000-000000-000000-000000-000000-000000-000000","LOCAL_WATERSHED_CODE":"300-625474-020842-261758-000000-000000-000000-000000-000000-000000-000000-000000-000000-000000-000000-000000-000000-000000-000000-000000-000000","WATERSHED_GROUP_CODE":"SLOC","DOWNSTREAM_ROUTE_MEASURE":95.766887650734191,"LENGTH_METRE":20.078745564757696,"FEATURE_SOURCE":"linear stream -","GNIS_ID":22906,"GNIS_NAME":"McFayden Creek","LEFT_RIGHT_TRIBUTARY":"RIGHT","STREAM_ORDER":3,"STREAM_MAGNITUDE":10,"WATERBODY_KEY":null,"BLUE_LINE_KEY_50K":145,"WATERSHED_CODE_50K":"340047200260000000000000000000000000000000000","WATERSHED_KEY_50K":145,"WATERSHED_GROUP_CODE_50K":"SLOC","GRADIENT":null,"FEATURE_CODE":"GA24850150","OBJECTID":3356924,"GEOMETRY.LEN":0,"FEATURE_LENGTH_M":20.153100000000002}},{"type":"Feature","id":3367782,"geometry":{"type":"LineString","coordinates":[[1613002.2219999991,544731.48000000045],[1613008.5260000005,544729.2109999992],[1613033.1510000005,544710.17300000042],[1613049.2349999994,544695.04900000058],[1613068.5030000005,544678.39499999955],[1613075.1500000004,544674.25300000049],[1613100.5500000007,544656.26600000076],[1613122.3880000003,544651.08500000089],[1613132.7939999998,544649.31000000052],[1613140.8550000004,544649.32499999925],[1613164.7459999993,544651.40899999999],[1613180.8680000007,544651.43899999931],[1613193.1679999996,544649.89299999923],[1613208.8230000008,544645.88099999912],[1613229.3690000009,544635.44099999964],[1613242.9590000007,544632.1370000001],[1613257.4959999993,544628.94700000063],[1613266.5040000007,544629.07599999942],[1613272.9800000004,544625.87099999934],[1613281.9879999999,544626],[1613289.3959999997,544623.86400000006],[1613296.5250000004,544622.81000000052],[1613316.7640000004,544622.38099999912],[1613331.4220000003,544618.08899999969],[1613343.7719999999,544616.70800000057],[1613352.3129999992,544612.79499999993],[1613371.3959999997,544605.05000000075],[1613383.7459999993,544603.66999999993],[1613393.2190000005,544600.82599999942],[1613409.9949999992,544603.00899999961],[1613418.8169999998,544605.02999999933],[1613439.0940000005,544612.73900000006],[1613445.0889999997,544613.46199999936],[1613453.1649999991,544612.52300000004],[1613459.5050000008,544611.37399999984],[1613467.8739999998,544608.39699999988],[1613485.9959999993,544601.49400000088],[1613497.2410000004,544599.98000000045],[1613514.4820000008,544599.18999999948],[1613537.375,544600.99599999934],[1613561.7170000002,544601.06200000085],[1613567.8990000002,544599.89499999955],[1613591.1500000004,544598.87299999967],[1613611.5099999998,544597.34300000034],[1613625.0999999996,544594.03999999911],[1613642.1679999996,544587.16899999976],[1613650.2290000003,544587.18500000052],[1613675.2379999999,544588.44899999909],[1613687.2300000004,544589.89699999988],[1613707.9499999993,544592.55700000003],[1613724.7109999992,544595.69600000046],[1613745.5889999997,544598.37600000016],[1613765.6420000009,544599.83999999985],[1613781.4710000008,544601.91000000015]]},"properties":{"LINEAR_FEATURE_ID":707611528,"WATERSHED_GROUP_ID":186,"EDGE_TYPE":1000,"BLUE_LINE_KEY":356559464,"WATERSHED_KEY":356559464,"FWA_WATERSHED_CODE":"300-625474-020842-349237-000000-000000-000000-000000-000000-000000-000000-000000-000000-000000-000000-000000-000000-000000-000000-000000-000000","LOCAL_WATERSHED_CODE":"300-625474-020842-349237-435741-000000-000000-000000-000000-000000-000000-000000-000000-000000-000000-000000-000000-000000-000000-000000-000000","WATERSHED_GROUP_CODE":"SLOC","DOWNSTREAM_ROUTE_MEASURE":5767.3584725558503,"LENGTH_METRE":821.44600426545799,"FEATURE_SOURCE":"linear stream -","GNIS_ID":3011,"GNIS_NAME":"Winlaw Creek","LEFT_RIGHT_TRIBUTARY":"LEFT","STREAM_ORDER":3,"STREAM_MAGNITUDE":32,"WATERBODY_KEY":null,"BLUE_LINE_KEY_50K":162,"WATERSHED_CODE_50K":"340047200349000000000000000000000000000000000","WATERSHED_KEY_50K":162,"WATERSHED_GROUP_CODE_50K":"SLOC","GRADIENT":null,"FEATURE_CODE":"GA24850000","OBJECTID":3367782,"GEOMETRY.LEN":0,"FEATURE_LENGTH_M":823.25100000000009}},{"type":"Feature","id":3382531,"geometry":{"type":"LineString","coordinates":[[1608455.9250000007,530481.70099999942],[1608447.0250000004,530472.50899999961],[1608441.3039999995,530461.78299999982],[1608435.5720000006,530452.0120000001],[1608428.0759999994,530439.95800000057],[1608418.6459999997,530426.55800000019],[1608415.1679999996,530422.15699999966],[1608410.8729999997,530415.58699999936],[1608397.7630000003,530392.66100000031],[1608379.5170000009,530376.29600000009],[1608373.3169999998,530370.45500000007],[1608366.6840000004,530343.35899999924],[1608364.2609999999,530329.99799999967],[1608358.9350000005,530308.16000000015],[1608354.4370000008,530296.46399999969],[1608346.8220000006,530285.51300000027],[1608341.5289999992,530278.6640000008],[1608326.6919999998,530276.89399999939],[1608313.7949999999,530267.06599999964],[1608302.0649999995,530256.57899999991],[1608291.2310000006,530246.04099999927],[1608282.5,530235.91200000048],[1608268.4869999997,530217.98000000045],[1608258.8200000003,530206.78399999999],[1608246.8359999992,530182.08000000007],[1608241.0529999994,530172.14399999939],[1608229.6099999994,530159.61999999918],[1608214.7109999992,530149.71199999936],[1608206.1710000001,530145.66499999911],[1608200.1229999997,530144.78399999999],[1608182.693,530139.51700000092],[1608162.7329999991,530129.96199999936],[1608154.6830000002,530129.00200000033],[1608137.0840000007,530124.67200000025],[1608115.7090000007,530118.93400000036],[1608091.0470000003,530114.87700000033],[1608073.7469999995,530107.55299999937],[1608067.9179999996,530105.9020000007],[1608059.3269999996,530101.68899999931],[1608043.4930000007,530099.64100000076],[1608025.6070000008,530097.34899999946],[1608009.7829999998,530094.34699999914],[1607996.841,530092.80299999937],[1607981.9529999997,530090.86900000088],[1607969.2980000004,530087.28800000064],[1607958.4529999997,530077.70500000007],[1607945.9780000001,530072.23200000077]]},"properties":{"LINEAR_FEATURE_ID":707617903,"WATERSHED_GROUP_ID":186,"EDGE_TYPE":1000,"BLUE_LINE_KEY":356454071,"WATERSHED_KEY":356454071,"FWA_WATERSHED_CODE":"300-625474-020842-091761-221209-000000-000000-000000-000000-000000-000000-000000-000000-000000-000000-000000-000000-000000-000000-000000-000000","LOCAL_WATERSHED_CODE":"300-625474-020842-091761-221209-000000-000000-000000-000000-000000-000000-000000-000000-000000-000000-000000-000000-000000-000000-000000-000000","WATERSHED_GROUP_CODE":"SLOC","DOWNSTREAM_ROUTE_MEASURE":0,"LENGTH_METRE":708.03924685663605,"FEATURE_SOURCE":"linear stream -","GNIS_ID":22810,"GNIS_NAME":"Sher Creek","LEFT_RIGHT_TRIBUTARY":"RIGHT","STREAM_ORDER":1,"STREAM_MAGNITUDE":1,"WATERBODY_KEY":null,"BLUE_LINE_KEY_50K":6,"WATERSHED_CODE_50K":"340047200094000000000000000000000000000000000","WATERSHED_KEY_50K":6,"WATERSHED_GROUP_CODE_50K":"SLOC","GRADIENT":null,"FEATURE_CODE":"GA24850000","OBJECTID":3382531,"GEOMETRY.LEN":0,"FEATURE_LENGTH_M":721.23790000000008}},{"type":"Feature","id":3382532,"geometry":{"type":"LineString","coordinates":[[1613781.4710000008,544601.91000000015],[1613788.4140000008,544602.74799999967],[1613794.4600000009,544603.6370000001],[1613817.2310000006,544606.54600000009],[1613834.7660000008,544603.71900000051],[1613856.5519999992,544598.375],[1613872.0219999999,544596.25599999912],[1613896.0319999997,544590.22499999963],[1613922.1209999993,544582.52999999933],[1613937.4690000005,544581.51300000027],[1613953.2829999998,544584.5390000008],[1613976.8149999995,544589.45299999975],[1613997.4000000004,544594.17200000025],[1614016.8650000002,544599.71199999936],[1614024.7540000007,544600.6640000008],[1614045.6319999993,544603.34500000067],[1614061.5690000001,544605.26999999955],[1614077.6909999996,544605.30299999937],[1614085.9240000006,544604.38399999961],[1614092.4130000006,544600.22399999946]]},"properties":{"LINEAR_FEATURE_ID":707611530,"WATERSHED_GROUP_ID":186,"EDGE_TYPE":1000,"BLUE_LINE_KEY":356559464,"WATERSHED_KEY":356559464,"FWA_WATERSHED_CODE":"300-625474-020842-349237-000000-000000-000000-000000-000000-000000-000000-000000-000000-000000-000000-000000-000000-000000-000000-000000-000000","LOCAL_WATERSHED_CODE":"300-625474-020842-349237-497804-000000-000000-000000-000000-000000-000000-000000-000000-000000-000000-000000-000000-000000-000000-000000-000000","WATERSHED_GROUP_CODE":"SLOC","DOWNSTREAM_ROUTE_MEASURE":6588.8044768213103,"LENGTH_METRE":317.86604191823506,"FEATURE_SOURCE":"linear stream -","GNIS_ID":3011,"GNIS_NAME":"Winlaw Creek","LEFT_RIGHT_TRIBUTARY":"LEFT","STREAM_ORDER":3,"STREAM_MAGNITUDE":30,"WATERBODY_KEY":null,"BLUE_LINE_KEY_50K":162,"WATERSHED_CODE_50K":"340047200349000000000000000000000000000000000","WATERSHED_KEY_50K":162,"WATERSHED_GROUP_CODE_50K":"SLOC","GRADIENT":null,"FEATURE_CODE":"GA24850000","OBJECTID":3382532,"GEOMETRY.LEN":0,"FEATURE_LENGTH_M":321.37270000000001}},{"type":"Feature","id":3392687,"geometry":{"type":"LineString","coordinates":[[1618960.1260000002,535874.02199999988],[1618946.2400000002,535872.33500000089],[1618931.0150000006,535864.26600000076],[1618912.6600000001,535857.88900000043],[1618900.8259999994,535856.45099999942],[1618884.8389999997,535854.34899999946],[1618861.1329999994,535850.35300000012],[1618838.3609999996,535847.42600000091],[1618827.3039999995,535847.03999999911],[1618820.1909999996,535847.13199999928],[1618810.8949999996,535849.03299999982],[1618802.3629999999,535852.93999999948],[1618790.7170000002,535865.55800000019],[1618787.7339999992,535872.21199999936],[1618786.0250000004,535878.06399999931],[1618779.3350000009,535898.4609999992],[1618778.2210000008,535907.25500000082],[1618775.2760000005,535915.02999999933],[1618769.2829999998,535922.27600000054],[1618756.5840000007,535942.89900000021],[1618745.8839999996,535955.63199999928],[1618728.2559999991,535974.53999999911],[1618717.5409999993,535980.25500000082],[1618702.8969999999,535992.50899999961],[1618694.3770000003,535995.4609999992],[1618671.318,536002.54700000025],[1618647.5089999996,536014.64499999955],[1618633.4409999996,536014.84999999963],[1618626.341,536013.98699999973],[1618616.2029999997,536007.65300000086],[1618598.3200000003,535997.3479999993],[1618576.9670000002,535990.60899999924],[1618566.0289999992,535989.12099999934],[1618551.0270000007,535988.25599999912],[1618539.9700000007,535987.86999999918],[1618528.4519999996,535990.45800000057],[1618504.8029999994,536010.54900000058],[1618492.5260000005,536027.07799999975],[1618483.1270000003,536045.07200000063],[1618472.2949999999,536059.8629999999],[1618465.0649999995,536069.03099999949],[1618458.1359999999,536075.2070000004]]},"properties":{"LINEAR_FEATURE_ID":707094691,"WATERSHED_GROUP_ID":90,"EDGE_TYPE":1000,"BLUE_LINE_KEY":356567071,"WATERSHED_KEY":356567071,"FWA_WATERSHED_CODE":"300-625474-039562-000000-000000-000000-000000-000000-000000-000000-000000-000000-000000-000000-000000-000000-000000-000000-000000-000000-000000","LOCAL_WATERSHED_CODE":"300-625474-039562-266932-000000-000000-000000-000000-000000-000000-000000-000000-000000-000000-000000-000000-000000-000000-000000-000000-000000","WATERSHED_GROUP_CODE":"KOTL","DOWNSTREAM_ROUTE_MEASURE":2652.0167910616401,"LENGTH_METRE":635.49275852352798,"FEATURE_SOURCE":"linear stream -","GNIS_ID":27978,"GNIS_NAME":"Smallwood Creek","LEFT_RIGHT_TRIBUTARY":"RIGHT","STREAM_ORDER":3,"STREAM_MAGNITUDE":16,"WATERBODY_KEY":null,"BLUE_LINE_KEY_50K":109,"WATERSHED_CODE_50K":"340088400000000000000000000000000000000000000","WATERSHED_KEY_50K":109,"WATERSHED_GROUP_CODE_50K":"KOTL","GRADIENT":null,"FEATURE_CODE":"GA24850000","OBJECTID":3392687,"GEOMETRY.LEN":0,"FEATURE_LENGTH_M":640.59400000000005}},{"type":"Feature","id":3404051,"geometry":{"type":"LineString","coordinates":[[1604562.4340000004,542922.92699999921],[1604581.0710000005,542895.1679999996],[1604593.6769999992,542883.59300000034],[1604598.273,542879.19700000063],[1604616.0739999991,542858.1950000003],[1604634.0999999996,542843.43700000085],[1604640.4010000005,542834.14200000092],[1604654.6170000006,542816.85899999924],[1604664.5160000008,542802.88900000043],[1604679.0250000004,542783.56900000013],[1604688.0419999994,542768.69700000063],[1604697.4759999998,542757.70199999958],[1604703.1899999995,542752.48200000077],[1604712.1559999995,542737.4450000003],[1604720.3469999991,542721.35899999924],[1604726.7929999996,542702.03600000031],[1604731.9450000003,542677.45800000057],[1604734.4450000003,542657.66699999943],[1604735.5240000002,542648.7070000004],[1604737.4100000001,542634.90100000054],[1604741.5010000002,542625.34300000034],[1604747.7469999995,542608.86600000039],[1604749.6370000001,542602.07599999942],[1604756.3890000004,542579.76099999994],[1604765.3509999998,542557.70800000057],[1604768.1879999992,542551.02999999933],[1604773.0899999999,542543.64100000076],[1604779.8690000009,542530.41699999943],[1604789.0059999991,542514.44400000013],[1604795.6119999997,542502.15599999949],[1604798.7420000006,542493.43999999948],[1604811.0629999992,542475.93200000003],[1604824.4379999992,542458.3900000006],[1604843.8880000003,542439.81699999981],[1604860.3159999996,542429.81299999915],[1604873.8670000006,542418.34999999963],[1604879.4100000001,542414.06699999981],[1604903.0749999993,542402.85099999979],[1604915.9179999996,542396.56599999964],[1604935.0380000006,542389.91100000031],[1604960.9440000001,542384.06299999915],[1604981.9570000004,542377.63399999961],[1604996.6669999994,542373.48399999924],[1605017.8660000004,542365.1640000008],[1605038.4110000003,542354.69299999997],[1605045.0219999999,542349.42100000009],[1605059.5549999997,542339.19199999981],[1605072.1730000004,542326.66300000064],[1605084.0140000004,542313.08400000073],[1605088.9159999993,542305.6950000003],[1605091.568,542300.90899999999],[1605096.4560000002,542294.47499999963],[1605100.2249999996,542288.86500000022],[1605102.2870000005,542281.13800000027],[1605104.9509999994,542275.39699999988],[1605106.6649999991,542262.5270000007],[1605109.1679999996,542249.75100000016],[1605110.5879999995,542238.91899999976],[1605110.7050000001,542230.80199999921],[1605108.7430000007,542213.34899999946],[1605103.6840000004,542198.71700000018],[1605095.5810000002,542190.57899999991],[1605081.6510000005,542180.79099999927],[1605069.602,542172.18300000019],[1605063.5500000007,542164.28800000064],[1605054.0309999995,542151.99599999934],[1605047.682,542139.12299999967],[1605044.6370000001,542123.61500000022],[1605041.7280000001,542106.05000000075],[1605038.8690000009,542088.65100000054],[1605035.1750000007,542078.00699999928],[1605034.2369999997,542069.92400000058],[1605035.4859999996,542060.02800000086],[1605037.6270000003,542043.06399999931],[1605038.4059999995,542029.12600000016],[1605036.4389999993,542004.65799999982],[1605036.4340000004,541997.64299999923],[1605035.284,541982.35899999924],[1605035.1070000008,541976.27999999933],[1605036.1710000001,541968.27500000037],[1605037.4189999998,541958.37900000066],[1605038.8029999994,541946.42699999921],[1605040.557,541941.69299999997],[1605046.8139999993,541924.2620000001],[1605049.3570000008,541919.62199999951],[1605060.6789999995,541901.8359999992],[1605068.2809999995,541889.82599999942],[1605072.0639999993,541883.26099999994],[1605076.7660000008,541878.71800000034],[1605092.5610000007,541857.63800000027],[1605103.5759999994,541842.84600000083],[1605109.4240000006,541835.56900000013],[1605114.2980000004,541830.09100000001],[1605116.6689999998,541826.3870000001],[1605124.0859999992,541816.26799999923],[1605130.5199999996,541804.91599999927],[1605138.591,541796.94800000079],[1605146.0079999994,541786.82899999991],[1605155.4399999995,541775.83400000073]]},"properties":{"LINEAR_FEATURE_ID":707612671,"WATERSHED_GROUP_ID":186,"EDGE_TYPE":1000,"BLUE_LINE_KEY":356433336,"WATERSHED_KEY":356433336,"FWA_WATERSHED_CODE":"300-625474-020842-280001-000000-000000-000000-000000-000000-000000-000000-000000-000000-000000-000000-000000-000000-000000-000000-000000-000000","LOCAL_WATERSHED_CODE":"300-625474-020842-280001-000000-000000-000000-000000-000000-000000-000000-000000-000000-000000-000000-000000-000000-000000-000000-000000-000000","WATERSHED_GROUP_CODE":"SLOC","DOWNSTREAM_ROUTE_MEASURE":42.860729450052098,"LENGTH_METRE":1455.31348381054,"FEATURE_SOURCE":"linear stream -","GNIS_ID":11533,"GNIS_NAME":"Ground Creek","LEFT_RIGHT_TRIBUTARY":"LEFT","STREAM_ORDER":2,"STREAM_MAGNITUDE":3,"WATERBODY_KEY":null,"BLUE_LINE_KEY_50K":150,"WATERSHED_CODE_50K":"340047200277000000000000000000000000000000000","WATERSHED_KEY_50K":150,"WATERSHED_GROUP_CODE_50K":"SLOC","GRADIENT":null,"FEATURE_CODE":"GA24850000","OBJECTID":3404051,"GEOMETRY.LEN":0,"FEATURE_LENGTH_M":1518.9968000000001}},{"type":"Feature","id":3406107,"geometry":{"type":"LineString","coordinates":[[1616416.2280000001,532523.46399999969],[1616401.8129999992,532517.57499999925],[1616391.8599999994,532517.32799999975],[1616379.4169999994,532526.82499999925],[1616373.5979999993,532533.1370000001],[1616352.0370000005,532551.57699999958],[1616345.5600000005,532555.73699999973],[1616339.0940000005,532558.94099999964],[1616327.5659999996,532562.49000000022],[1616319.5069999993,532562.47199999914],[1616308.5789999999,532560.03500000015],[1616293.5759999994,532559.17699999921],[1616279.0510000009,532562.36400000006],[1616269.4560000002,532567.26300000027],[1616261.1160000004,532577.25599999912],[1616253.9110000003,532593.44600000046],[1616252.3959999997,532605.38099999912],[1616248.4780000001,532619.89599999972],[1616243.0250000004,532639.32699999958],[1616235.3819999993,532652.59400000051],[1616215.8139999993,532663.14399999939],[1616193.6980000008,532662.38299999945],[1616183.4059999995,532664.00899999961],[1616164.1769999992,532672.68600000069],[1616153.6160000004,532683.36800000072],[1616148.9710000008,532696.99699999951],[1616136.8159999996,532704.4570000004],[1616111.8790000007,532710.37199999951],[1616100.5319999997,532712.02899999917],[1616089.4629999995,532712.60500000045],[1616074.5779999997,532710.64599999972],[1616050.6999999993,532707.59999999963],[1616036.8129999992,532705.92200000025],[1616023.5219999999,532707.18500000052],[1615998.716,532711.0429999996],[1615987.5350000001,532720.69400000013],[1615977.7890000008,532733.54700000025],[1615967.8139999993,532756.57799999975],[1615962.0130000003,532769.90899999999],[1615954.9780000001,532785.16300000064],[1615946.0480000004,532800.18799999915],[1615935.4749999996,532811.82499999925],[1615924.6710000001,532833.6400000006],[1615915.7530000005,532847.71000000089],[1615912.6500000004,532864.39599999972],[1615911.4340000004,532873.33699999936],[1615907.4959999993,532880.83400000073],[1615885.9220000003,532900.23100000061],[1615879.1679999996,532905.4729999993],[1615867.182,532911.99699999951],[1615852.5439999998,532924.25999999978],[1615842.7980000004,532937.11400000006],[1615837.5130000003,532955.60899999924],[1615823.841,532975.00400000066],[1615809.102,532995.3870000001],[1615797.9210000001,533005.03800000064],[1615773.7670000009,533019.97800000012],[1615764.0140000004,533024.85799999908],[1615742.2630000003,533037.21800000034],[1615733.7329999991,533041.13099999912],[1615715.75,533046.9299999997],[1615689.4149999991,533063.6799999997],[1615670.7190000005,533084.54099999927],[1615666.9619999994,533090.14599999972],[1615654.8829999994,533112.76400000043],[1615647.9460000005,533119.89800000004],[1615624.6009999998,533129.03700000048],[1615616.2599999998,533139.03099999949],[1615605.7540000007,533157.85300000012],[1615599.9340000004,533164.16499999911],[1615593.6370000001,533166.43400000036],[1615568.4169999994,533182.36199999973],[1615541.4340000004,533196.00400000066],[1615514.5020000003,533209.81200000085],[1615503.4690000005,533224.42500000075],[1615499.3110000007,533241.14299999923],[1615494.4379999992,533247.5700000003],[1615486.8540000003,533251.59699999914],[1615459.5710000005,533268.23299999908],[1615444.9440000001,533279.54099999927],[1615431.7100000009,533288.9450000003],[1615421.3159999996,533298.69199999981],[1615397.5069999993,533319.73399999924],[1615381.2750000004,533328.77500000037],[1615366.648,533340.08400000073],[1615357.3589999992,533349.96399999969],[1615346.5639999993,533370.82399999909],[1615330.3489999995,533386.88399999961],[1615313.0069999993,533404.72100000083],[1615306.8969999999,533413.07100000046],[1615306.0260000005,533428.11400000006],[1615296.466,533447.05000000075],[1615286.0600000005,533457.75200000033],[1615275.1779999994,533464.41100000031],[1615265.9010000005,533473.3359999992],[1615250.0429999996,533494.54099999927],[1615234.9269999992,533502.76099999994],[1615228.4600000009,533505.96700000018]]},"properties":{"LINEAR_FEATURE_ID":707097291,"WATERSHED_GROUP_ID":90,"EDGE_TYPE":1000,"BLUE_LINE_KEY":356565749,"WATERSHED_KEY":356565749,"FWA_WATERSHED_CODE":"300-625474-033788-000000-000000-000000-000000-000000-000000-000000-000000-000000-000000-000000-000000-000000-000000-000000-000000-000000-000000","LOCAL_WATERSHED_CODE":"300-625474-033788-098090-000000-000000-000000-000000-000000-000000-000000-000000-000000-000000-000000-000000-000000-000000-000000-000000-000000","WATERSHED_GROUP_CODE":"KOTL","DOWNSTREAM_ROUTE_MEASURE":1168.1903506523799,"LENGTH_METRE":1667.1419934967901,"FEATURE_SOURCE":"linear stream -","GNIS_ID":18605,"GNIS_NAME":"Falls Creek","LEFT_RIGHT_TRIBUTARY":"RIGHT","STREAM_ORDER":5,"STREAM_MAGNITUDE":54,"WATERBODY_KEY":null,"BLUE_LINE_KEY_50K":106,"WATERSHED_CODE_50K":"340075500000000000000000000000000000000000000","WATERSHED_KEY_50K":106,"WATERSHED_GROUP_CODE_50K":"KOTL","GRADIENT":null,"FEATURE_CODE":"GA24850000","OBJECTID":3406107,"GEOMETRY.LEN":0,"FEATURE_LENGTH_M":1677.3869}},{"type":"Feature","id":3413717,"geometry":{"type":"LineString","coordinates":[[1614092.4130000006,544600.22399999946],[1614106.6170000006,544583.91899999976],[1614118.9149999991,544575.35700000077],[1614142.7530000005,544570.26300000027],[1614160.6469999999,544571.62700000033],[1614180.4059999995,544575.13000000082],[1614190.0529999994,544578.36800000072],[1614206.6779999994,544583.56599999964],[1614230.3819999993,544587.54600000009],[1614242.216,544588.97499999963],[1614266.3990000002,544589.02600000054],[1614277.6300000008,544588.46900000051],[1614300.3990000002,544584.3629999999],[1614310.6469999999,544582.57100000046],[1614335.7760000005,544575.72000000067],[1614349.0859999992,544573.5],[1614374.682,544570.69199999981]]},"properties":{"LINEAR_FEATURE_ID":707611541,"WATERSHED_GROUP_ID":186,"EDGE_TYPE":1000,"BLUE_LINE_KEY":356559464,"WATERSHED_KEY":356559464,"FWA_WATERSHED_CODE":"300-625474-020842-349237-000000-000000-000000-000000-000000-000000-000000-000000-000000-000000-000000-000000-000000-000000-000000-000000-000000","LOCAL_WATERSHED_CODE":"300-625474-020842-349237-521820-000000-000000-000000-000000-000000-000000-000000-000000-000000-000000-000000-000000-000000-000000-000000-000000","WATERSHED_GROUP_CODE":"SLOC","DOWNSTREAM_ROUTE_MEASURE":6906.6705187395401,"LENGTH_METRE":296.80506571334502,"FEATURE_SOURCE":"linear stream -","GNIS_ID":3011,"GNIS_NAME":"Winlaw Creek","LEFT_RIGHT_TRIBUTARY":"LEFT","STREAM_ORDER":3,"STREAM_MAGNITUDE":29,"WATERBODY_KEY":null,"BLUE_LINE_KEY_50K":162,"WATERSHED_CODE_50K":"340047200349000000000000000000000000000000000","WATERSHED_KEY_50K":162,"WATERSHED_GROUP_CODE_50K":"SLOC","GRADIENT":null,"FEATURE_CODE":"GA24850000","OBJECTID":3413717,"GEOMETRY.LEN":0,"FEATURE_LENGTH_M":297.96190000000001}},{"type":"Feature","id":3444826,"geometry":{"type":"LineString","coordinates":[[1616920.9979999997,545175.32699999958],[1616915.3200000003,545188.67200000025],[1616913.2929999996,545204.53399999999],[1616914.1410000008,545221.86199999973],[1616913.9930000007,545238.90799999982],[1616914.9629999995,545255.13399999961],[1616916.0820000004,545261.33000000007],[1616918.5160000008,545281.88000000082],[1616926.2929999996,545308.02199999988],[1616936.148,545325.4849999994],[1616940.2510000002,545333.00100000016],[1616954.1950000003,545358.93400000036],[1616955.6449999996,545371.23100000061],[1616947.6079999991,545394.33799999952],[1616938.466,545410.2929999996],[1616930.1349999998,545428.42100000009],[1616927.9480000008,545437.24599999934],[1616924.8019999992,545453.92899999954],[1616924.9959999993,545469.10300000012],[1616931.0289999992,545484.98699999973],[1616942.1610000003,545508.66499999911],[1616949.1400000006,545524.66300000064],[1616950.4169999994,545530.87900000066],[1616953.6239999998,545552.47900000028],[1616956.1779999994,545571.92699999921],[1616960.4389999993,545586.47900000028],[1616963.9389999993,545599.02500000037],[1616965.2300000004,545604.28500000015],[1616966.2129999995,545612.53800000064],[1616964.3420000002,545635.43600000069],[1616966.5659999996,545641.76700000092],[1616968.6530000009,545657.17100000009],[1616969.8939999994,545662.26600000076],[1616978.3220000006,545683.5429999996],[1616979.477,545697.87800000049],[1616982.6679999996,545713.41599999927],[1616987.7540000007,545736.20199999958],[1616993.1329999994,545749.93200000003],[1617002.9719999991,545775.36800000072],[1617009.9859999996,545799.50500000082],[1617016.8279999997,545817.56000000052],[1617025.2190000005,545837.71600000001],[1617027.4419999998,545844.04700000025],[1617032.0460000001,545863.74400000088],[1617037.6469999999,545883.72100000083],[1617040.9389999993,545889.06499999948],[1617049.6730000004,545900.3320000004],[1617053.0150000006,545905.84200000018]]},"properties":{"LINEAR_FEATURE_ID":707611284,"WATERSHED_GROUP_ID":186,"EDGE_TYPE":1000,"BLUE_LINE_KEY":356559464,"WATERSHED_KEY":356559464,"FWA_WATERSHED_CODE":"300-625474-020842-349237-000000-000000-000000-000000-000000-000000-000000-000000-000000-000000-000000-000000-000000-000000-000000-000000-000000","LOCAL_WATERSHED_CODE":"300-625474-020842-349237-755216-000000-000000-000000-000000-000000-000000-000000-000000-000000-000000-000000-000000-000000-000000-000000-000000","WATERSHED_GROUP_CODE":"SLOC","DOWNSTREAM_ROUTE_MEASURE":9995.842520307071,"LENGTH_METRE":770.125820695735,"FEATURE_SOURCE":"linear stream -","GNIS_ID":3011,"GNIS_NAME":"Winlaw Creek","LEFT_RIGHT_TRIBUTARY":"LEFT","STREAM_ORDER":3,"STREAM_MAGNITUDE":8,"WATERBODY_KEY":null,"BLUE_LINE_KEY_50K":171,"WATERSHED_CODE_50K":"340047200349007920000000000000000000000000000","WATERSHED_KEY_50K":171,"WATERSHED_GROUP_CODE_50K":"SLOC","GRADIENT":null,"FEATURE_CODE":"GA24850150","OBJECTID":3444826,"GEOMETRY.LEN":0,"FEATURE_LENGTH_M":781.3913}},{"type":"Feature","id":3512750,"geometry":{"type":"LineString","coordinates":[[1617086.4600000009,541469.96199999936],[1617073.9790000003,541473.39100000076],[1617068.3320000004,541477.81000000052],[1617061.0899999999,541486.97800000012],[1617058.4279999994,541492.71600000001],[1617046.7709999997,541512.35199999996],[1617028.4719999991,541521.1370000001],[1617018.6390000004,541519.78500000015],[1617001.2359999996,541513.52800000086],[1616978.1300000008,541504.50599999912],[1616966.3100000005,541502.11600000039],[1616943.1899999995,541494.05000000075],[1616918.5390000008,541489.9450000003],[1616911.2540000007,541490.97499999963],[1616893.1260000002,541498.82399999909],[1616873.0600000005,541513.29499999993],[1616854.8029999994,541530.21800000034],[1616837.4800000004,541548.21199999936]]},"properties":{"LINEAR_FEATURE_ID":707089059,"WATERSHED_GROUP_ID":90,"EDGE_TYPE":1000,"BLUE_LINE_KEY":356545045,"WATERSHED_KEY":356545045,"FWA_WATERSHED_CODE":"300-625474-042847-000000-000000-000000-000000-000000-000000-000000-000000-000000-000000-000000-000000-000000-000000-000000-000000-000000-000000","LOCAL_WATERSHED_CODE":"300-625474-042847-672322-000000-000000-000000-000000-000000-000000-000000-000000-000000-000000-000000-000000-000000-000000-000000-000000-000000","WATERSHED_GROUP_CODE":"KOTL","DOWNSTREAM_ROUTE_MEASURE":9815.2908834905411,"LENGTH_METRE":297.74023158868704,"FEATURE_SOURCE":"linear stream -","GNIS_ID":25643,"GNIS_NAME":"Sproule Creek","LEFT_RIGHT_TRIBUTARY":"RIGHT","STREAM_ORDER":4,"STREAM_MAGNITUDE":30,"WATERBODY_KEY":null,"BLUE_LINE_KEY_50K":114,"WATERSHED_CODE_50K":"340095600000000000000000000000000000000000000","WATERSHED_KEY_50K":114,"WATERSHED_GROUP_CODE_50K":"KOTL","GRADIENT":null,"FEATURE_CODE":"GA24850000","OBJECTID":3512750,"GEOMETRY.LEN":0,"FEATURE_LENGTH_M":298.30770000000001}},{"type":"Feature","id":3521230,"geometry":{"type":"LineString","coordinates":[[1624247.6109999996,528878.44899999909],[1624256.0319999997,528860.34400000051],[1624258.9900000002,528845.71600000001],[1624259.7420000006,528839.74799999967],[1624259.8450000007,528830.67100000009],[1624259.1050000004,528812.40100000054],[1624259.5449999999,528801.45099999942],[1624258.5179999992,528785.21900000051],[1624258.9989999998,528765.98299999908],[1624260.7750000004,528744.03399999999],[1624262.2650000006,528724.12299999967],[1624263.0940000005,528702.05900000036],[1624264.5830000006,528682.14800000004],[1624268.4250000007,528668.42600000091],[1624281.4360000007,528644.98200000077],[1624285.4570000004,528629.36800000072],[1624288.5580000002,528620.65799999982],[1624298.9120000005,528603.90499999933],[1624310.6539999992,528590.19299999997],[1624315.3509999998,528584.70800000057]]},"properties":{"LINEAR_FEATURE_ID":707100670,"WATERSHED_GROUP_ID":90,"EDGE_TYPE":1000,"BLUE_LINE_KEY":356540400,"WATERSHED_KEY":356540400,"FWA_WATERSHED_CODE":"300-625474-033700-000000-000000-000000-000000-000000-000000-000000-000000-000000-000000-000000-000000-000000-000000-000000-000000-000000-000000","LOCAL_WATERSHED_CODE":"300-625474-033700-647267-000000-000000-000000-000000-000000-000000-000000-000000-000000-000000-000000-000000-000000-000000-000000-000000-000000","WATERSHED_GROUP_CODE":"KOTL","DOWNSTREAM_ROUTE_MEASURE":8045.0565807472203,"LENGTH_METRE":310.16769716326201,"FEATURE_SOURCE":"linear stream -","GNIS_ID":11830,"GNIS_NAME":"Fortynine Creek","LEFT_RIGHT_TRIBUTARY":"LEFT","STREAM_ORDER":3,"STREAM_MAGNITUDE":13,"WATERBODY_KEY":null,"BLUE_LINE_KEY_50K":99,"WATERSHED_CODE_50K":"340075200000000000000000000000000000000000000","WATERSHED_KEY_50K":99,"WATERSHED_GROUP_CODE_50K":"KOTL","GRADIENT":null,"FEATURE_CODE":"GA24850000","OBJECTID":3521230,"GEOMETRY.LEN":0,"FEATURE_LENGTH_M":313.47370000000001}},{"type":"Feature","id":3536348,"geometry":{"type":"LineString","coordinates":[[1606394.7119999994,527030.82100000046],[1606389.8450000007,527037.25699999928],[1606384.0429999996,527042.62399999984],[1606365.3019999992,527055.38099999912],[1606357.8399999999,527058.3200000003],[1606341.7180000003,527058.31599999964],[1606335.7200000007,527057.60400000028],[1606330.2029999997,527060.93300000019],[1606317.1740000006,527076.44099999964],[1606307.9220000003,527093.35400000028],[1606303.0559999999,527099.7890000008],[1606299.7599999998,527102.42600000091],[1606286.3770000003,527111.83400000073],[1606279.9030000009,527116.00699999928],[1606275.7880000006,527116.47399999946],[1606252.8379999995,527114.54399999976],[1606231.7829999998,527112.83899999969],[1606222.7750000004,527112.72499999963],[1606205.6410000008,527127.74499999918],[1606200.2819999997,527131.09400000051],[1606193.3800000008,527145.25699999928],[1606186.3589999992,527160.52300000004],[1606185.1420000009,527170.41999999993],[1606167.1789999995,527184.22599999979],[1606144.6600000001,527195.57799999975],[1606139.4399999995,527195.9140000008],[1606125.1909999996,527198.04700000025],[1606121.7369999997,527200.66599999927],[1606115.1710000001,527212.9570000004],[1606107.2029999997,527228.10899999924],[1606101.9989999998,527236.4179999996],[1606090.3709999993,527249.06399999931],[1606078.9389999993,527267.78999999911],[1606072.6860000007,527285.06000000052],[1606070.716,527300.92500000075],[1606067.9120000005,527306.64900000021],[1606062.9269999992,527314.18700000085],[1606051.1569999997,527334.78600000031],[1606047.4059999995,527340.39699999988],[1606042.5280000009,527347.78800000064],[1606039.1919999998,527349.3049999997],[1606030.0810000002,527358.2650000006],[1606006.4829999991,527376.50300000049],[1605995.8929999992,527381.14299999923],[1605975.125,527400.67300000042],[1605968.8300000001,527402.95399999991],[1605962.1970000006,527407.10799999908],[1605937.1089999992,527421.98100000061],[1605929.0470000003,527421.98000000045],[1605916.0930000003,527421.39800000004],[1605910.0950000007,527420.68500000052],[1605902.9810000006,527420.79700000025],[1605895.8670000006,527420.90799999982],[1605871.7139999997,527436.84899999946],[1605864.0270000007,527441.03700000048],[1605850.6329999994,527451.4020000007],[1605846.0529999994,527455.79900000058],[1605837.5519999992,527466.74499999918],[1605831.1539999992,527478.09999999963],[1605824.2349999994,527484.29199999943],[1605816.7359999996,527504.44199999981],[1605808.9729999993,527524.72100000083],[1605806.1579999998,527531.40000000037],[1605802.5240000002,527535.91000000015],[1605789.7640000004,527541.40799999982],[1605773.6569999997,527549.37900000066],[1605762.6119999997,527556.99400000088],[1605753.8100000005,527562.00599999912],[1605748.4609999992,527564.39900000021],[1605736.5869999994,527570.80000000075],[1605728.4079999998,527571.90100000054],[1605718.1260000002,527572.59300000034],[1605709.7679999992,527575.5859999992],[1605704.9000000004,527582.02199999988]]},"properties":{"LINEAR_FEATURE_ID":707618182,"WATERSHED_GROUP_ID":186,"EDGE_TYPE":1000,"BLUE_LINE_KEY":356537519,"WATERSHED_KEY":356537519,"FWA_WATERSHED_CODE":"300-625474-020842-045408-245208-000000-000000-000000-000000-000000-000000-000000-000000-000000-000000-000000-000000-000000-000000-000000-000000","LOCAL_WATERSHED_CODE":"300-625474-020842-045408-245208-143436-000000-000000-000000-000000-000000-000000-000000-000000-000000-000000-000000-000000-000000-000000-000000","WATERSHED_GROUP_CODE":"SLOC","DOWNSTREAM_ROUTE_MEASURE":1343.3642023377299,"LENGTH_METRE":956.01015431201313,"FEATURE_SOURCE":"linear stream -","GNIS_ID":13252,"GNIS_NAME":"Gander Creek","LEFT_RIGHT_TRIBUTARY":"LEFT","STREAM_ORDER":3,"STREAM_MAGNITUDE":13,"WATERBODY_KEY":null,"BLUE_LINE_KEY_50K":21,"WATERSHED_CODE_50K":"340047200045002440000000000000000000000000000","WATERSHED_KEY_50K":21,"WATERSHED_GROUP_CODE_50K":"SLOC","GRADIENT":null,"FEATURE_CODE":"GA24850000","OBJECTID":3536348,"GEOMETRY.LEN":0,"FEATURE_LENGTH_M":1013.783}},{"type":"Feature","id":3547677,"geometry":{"type":"LineString","coordinates":[[1615578.3320000004,541673.9849999994],[1615562.0529999994,541673.92899999954],[1615546.5730000008,541677],[1615524.9250000007,541680.28099999949],[1615504.6740000006,541681.65799999982],[1615489.0360000003,541684.71000000089],[1615468.6779999994,541686.23399999924],[1615451.1469999999,541689.05599999987],[1615427.1290000007,541696.03800000064],[1615414.4749999996,541700.40799999982],[1615408.1870000008,541701.72000000067]]},"properties":{"LINEAR_FEATURE_ID":707088832,"WATERSHED_GROUP_ID":90,"EDGE_TYPE":1000,"BLUE_LINE_KEY":356545045,"WATERSHED_KEY":356545045,"FWA_WATERSHED_CODE":"300-625474-042847-000000-000000-000000-000000-000000-000000-000000-000000-000000-000000-000000-000000-000000-000000-000000-000000-000000-000000","LOCAL_WATERSHED_CODE":"300-625474-042847-781474-000000-000000-000000-000000-000000-000000-000000-000000-000000-000000-000000-000000-000000-000000-000000-000000-000000","WATERSHED_GROUP_CODE":"KOTL","DOWNSTREAM_ROUTE_MEASURE":11408.823068211899,"LENGTH_METRE":173.18149179556599,"FEATURE_SOURCE":"linear stream -","GNIS_ID":25643,"GNIS_NAME":"Sproule Creek","LEFT_RIGHT_TRIBUTARY":"RIGHT","STREAM_ORDER":4,"STREAM_MAGNITUDE":17,"WATERBODY_KEY":null,"BLUE_LINE_KEY_50K":114,"WATERSHED_CODE_50K":"340095600000000000000000000000000000000000000","WATERSHED_KEY_50K":114,"WATERSHED_GROUP_CODE_50K":"KOTL","GRADIENT":null,"FEATURE_CODE":"GA24850000","OBJECTID":3547677,"GEOMETRY.LEN":0,"FEATURE_LENGTH_M":173.59400000000002}},{"type":"Feature","id":3573189,"geometry":{"type":"LineString","coordinates":[[1611419.7799999993,545320.08799999952],[1611421.2170000002,545319.17899999954]]},"properties":{"LINEAR_FEATURE_ID":707611229,"WATERSHED_GROUP_ID":186,"EDGE_TYPE":1000,"BLUE_LINE_KEY":356559464,"WATERSHED_KEY":356559464,"FWA_WATERSHED_CODE":"300-625474-020842-349237-000000-000000-000000-000000-000000-000000-000000-000000-000000-000000-000000-000000-000000-000000-000000-000000-000000","LOCAL_WATERSHED_CODE":"300-625474-020842-349237-304574-000000-000000-000000-000000-000000-000000-000000-000000-000000-000000-000000-000000-000000-000000-000000-000000","WATERSHED_GROUP_CODE":"SLOC","DOWNSTREAM_ROUTE_MEASURE":4031.2633643478903,"LENGTH_METRE":1.7006833009608899,"FEATURE_SOURCE":"linear stream -","GNIS_ID":3011,"GNIS_NAME":"Winlaw Creek","LEFT_RIGHT_TRIBUTARY":"LEFT","STREAM_ORDER":3,"STREAM_MAGNITUDE":39,"WATERBODY_KEY":null,"BLUE_LINE_KEY_50K":162,"WATERSHED_CODE_50K":"340047200349000000000000000000000000000000000","WATERSHED_KEY_50K":162,"WATERSHED_GROUP_CODE_50K":"SLOC","GRADIENT":null,"FEATURE_CODE":"GA24850000","OBJECTID":3573189,"GEOMETRY.LEN":0,"FEATURE_LENGTH_M":1.7004000000000001}},{"type":"Feature","id":3573925,"geometry":{"type":"LineString","coordinates":[[1618952.8129999992,540594.02500000037],[1618947.3379999995,540597.50500000082],[1618941.5079999994,540603.81299999915],[1618930.9159999993,540615.44299999997],[1618915.1989999991,540635.69899999909],[1618902.4079999998,540650.09100000001],[1618882.5889999997,540669.8479999993],[1618857.2100000009,540687.81299999915]]},"properties":{"LINEAR_FEATURE_ID":707089944,"WATERSHED_GROUP_ID":90,"EDGE_TYPE":1000,"BLUE_LINE_KEY":356545045,"WATERSHED_KEY":356545045,"FWA_WATERSHED_CODE":"300-625474-042847-000000-000000-000000-000000-000000-000000-000000-000000-000000-000000-000000-000000-000000-000000-000000-000000-000000-000000","LOCAL_WATERSHED_CODE":"300-625474-042847-521242-000000-000000-000000-000000-000000-000000-000000-000000-000000-000000-000000-000000-000000-000000-000000-000000-000000","WATERSHED_GROUP_CODE":"KOTL","DOWNSTREAM_ROUTE_MEASURE":7609.6702606472509,"LENGTH_METRE":134.778295507764,"FEATURE_SOURCE":"linear stream -","GNIS_ID":25643,"GNIS_NAME":"Sproule Creek","LEFT_RIGHT_TRIBUTARY":"RIGHT","STREAM_ORDER":4,"STREAM_MAGNITUDE":42,"WATERBODY_KEY":null,"BLUE_LINE_KEY_50K":114,"WATERSHED_CODE_50K":"340095600000000000000000000000000000000000000","WATERSHED_KEY_50K":114,"WATERSHED_GROUP_CODE_50K":"KOTL","GRADIENT":null,"FEATURE_CODE":"GA24850000","OBJECTID":3573925,"GEOMETRY.LEN":0,"FEATURE_LENGTH_M":135.07850000000002}},{"type":"Feature","id":3597781,"geometry":{"type":"LineString","coordinates":[[1617251.8149999995,537116.71000000089],[1617242.7019999996,537124.6950000003],[1617236.8890000004,537130.05000000075],[1617229.4729999993,537133.13800000027],[1617220.5859999992,537131.90100000054],[1617214.8800000008,537129.1370000001],[1617195.2249999996,537101.55900000036],[1617188.4020000007,537091.64200000092],[1617184.2359999996,537083.96199999936],[1617167.1060000006,537068.65000000037],[1617154.1030000001,537051.92500000075],[1617148.5800000001,537047.26899999939],[1617129.398,537031.70900000073],[1617121.7479999997,537020.57599999942],[1617116.9759999998,537010.90799999982],[1617107.7990000006,537003.73599999957],[1617092.9149999991,536993.80000000075],[1617072.1559999995,536982.03600000031],[1617064.2660000008,536981.08000000007],[1617043.5069999993,536977.28800000064],[1617022.7990000006,536973.66300000064],[1617006.5590000004,536974.72499999963],[1616993.2799999993,536975.02999999933],[1616983.1559999995,536975.71600000001],[1616971.7949999999,536978.32699999958],[1616955.2149999999,536981.26099999994],[1616930.9159999993,536990.2770000007],[1616908.8129999992,536996.52899999917],[1616899.6229999997,536998.28600000031],[1616882.0960000008,537001.10600000061],[1616863.6219999995,537003.81200000085],[1616853.5109999999,537003.54399999976],[1616839.284,537003.73399999924],[1616827.2799999993,537003.23699999973],[1616808.4519999996,537000.79700000025],[1616802.4560000002,537000.0700000003],[1616780.4600000009,536998.20299999975],[1616770.5189999994,536996.99899999984],[1616753.7550000008,536993.85300000012],[1616739.8690000009,536992.17100000009],[1616716.2699999996,536988.03700000048],[1616696.2180000003,536986.56499999948],[1616679.9279999994,536987.46299999952],[1616672.8019999992,536988.51400000043],[1616647.8709999993,536993.46800000034],[1616641.6919999998,536994.63299999945],[1616618.1689999998,536996.72800000012],[1616602.5219999999,537000.73299999908],[1616585.1649999991,537002.61800000072],[1616578.8670000006,537004.88499999978],[1616555.5140000004,537014.01700000092],[1616540.1579999998,537015.9849999994],[1616532.9250000007,537017.18200000003],[1616526.5749999993,537019.28399999999],[1616504.1689999998,537028.53099999949],[1616485.5879999995,537039.35700000077],[1616463.8259999994,537051.71199999936],[1616443.4590000007,537062.16300000064],[1616431.8200000003,537073.83000000007],[1616416.0669999998,537093.92899999954],[1616403.3619999997,537114.55599999987],[1616398.7609999999,537119.89900000021],[1616382.8880000003,537141.09899999946],[1616373.3010000009,537153.0150000006],[1616364.0040000007,537162.89200000092],[1616350.4719999991,537174.33000000007],[1616325.5409999993,537195.23200000077],[1616319.7280000001,537200.58799999952],[1616312.4820000008,537202.74100000039],[1616287.3670000006,537209.58799999952],[1616280.2420000006,537210.63900000043],[1616257.6649999991,537212.84999999963],[1616240.1870000008,537223.81000000052]]},"properties":{"LINEAR_FEATURE_ID":707093675,"WATERSHED_GROUP_ID":90,"EDGE_TYPE":1000,"BLUE_LINE_KEY":356567071,"WATERSHED_KEY":356567071,"FWA_WATERSHED_CODE":"300-625474-039562-000000-000000-000000-000000-000000-000000-000000-000000-000000-000000-000000-000000-000000-000000-000000-000000-000000-000000","LOCAL_WATERSHED_CODE":"300-625474-039562-499431-000000-000000-000000-000000-000000-000000-000000-000000-000000-000000-000000-000000-000000-000000-000000-000000-000000","WATERSHED_GROUP_CODE":"KOTL","DOWNSTREAM_ROUTE_MEASURE":4961.9350530805405,"LENGTH_METRE":1171.5840337529901,"FEATURE_SOURCE":"linear stream -","GNIS_ID":27978,"GNIS_NAME":"Smallwood Creek","LEFT_RIGHT_TRIBUTARY":"RIGHT","STREAM_ORDER":2,"STREAM_MAGNITUDE":6,"WATERBODY_KEY":null,"BLUE_LINE_KEY_50K":109,"WATERSHED_CODE_50K":"340088400000000000000000000000000000000000000","WATERSHED_KEY_50K":109,"WATERSHED_GROUP_CODE_50K":"KOTL","GRADIENT":null,"FEATURE_CODE":"GA24850000","OBJECTID":3597781,"GEOMETRY.LEN":0,"FEATURE_LENGTH_M":1182.6604}},{"type":"Feature","id":3603716,"geometry":{"type":"LineString","coordinates":[[1613482.727,532626.48699999973],[1613485.8029999994,532642.00400000066],[1613489.8139999993,532658.58999999985],[1613493.659,532667.18500000052],[1613496.8460000008,532673.62700000033],[1613500.9690000005,532681.13900000043],[1613515.1610000003,532705.16899999976],[1613517.2430000007,532711.47800000012],[1613519.3719999995,532726.88099999912],[1613527.1390000004,532737.86099999957],[1613529.2210000008,532744.16999999993],[1613530.8729999997,532755.52999999933],[1613534.9020000007,532779.13399999961],[1613541.9729999993,532795.29199999943],[1613548.9240000006,532804.09999999963],[1613570.1830000002,532818.93700000085],[1613587.7850000001,532831.25999999978],[1613608.7440000009,532849.08999999985],[1613613.5050000008,532851.73599999957],[1613631.8839999996,532865.1099999994],[1613636.3570000008,532869.79399999976],[1613641.2949999999,532879.47599999979],[1613653.6850000005,532900.10099999979],[1613659.7579999994,532915.97900000028],[1613662.8900000006,532939.63499999978],[1613663.7440000009,532955.84100000001],[1613663.9199999999,532962.87800000049],[1613660.0700000003,532984.57699999958],[1613657.0170000009,533001.42899999954],[1613652.8149999995,533025.95500000007],[1613652.1260000002,533039.10600000061],[1613651.3619999997,533054.00200000033],[1613649.8629999999,533072.95399999991],[1613651.5140000004,533084.31399999931],[1613656.0050000008,533096.01600000076],[1613663.307,533101.99699999951],[1613678.6750000007,533115.96499999985],[1613684.0950000007,533120.76300000027],[1613695.3300000001,533128.17500000075],[1613703.2770000007,533137.26400000043],[1613724.5350000001,533152.10099999979],[1613730.0739999991,533155.79700000025],[1613742.4250000007,533162.3870000001],[1613749.557,533169.3049999997],[1613753.7290000003,533176.98200000077],[1613764.8809999991,533199.53099999949],[1613774.1400000006,533221.85199999996],[1613780.1940000001,533230.71299999952],[1613793.6980000008,533250.51600000076],[1613802.3609999996,533269.89499999955],[1613805.7300000004,533291.34699999914],[1613805.159,533303.39599999972],[1613808.2139999997,533311.89599999972],[1613814.2290000003,533319.63599999994],[1613820.4829999991,533333.62299999967],[1613824.0209999997,533354.13900000043]]},"properties":{"LINEAR_FEATURE_ID":707097210,"WATERSHED_GROUP_ID":90,"EDGE_TYPE":1000,"BLUE_LINE_KEY":356534008,"WATERSHED_KEY":356534008,"FWA_WATERSHED_CODE":"300-625474-027365-000000-000000-000000-000000-000000-000000-000000-000000-000000-000000-000000-000000-000000-000000-000000-000000-000000-000000","LOCAL_WATERSHED_CODE":"300-625474-027365-542072-000000-000000-000000-000000-000000-000000-000000-000000-000000-000000-000000-000000-000000-000000-000000-000000-000000","WATERSHED_GROUP_CODE":"KOTL","DOWNSTREAM_ROUTE_MEASURE":2492.9308669511202,"LENGTH_METRE":858.56385571226497,"FEATURE_SOURCE":"linear stream -","GNIS_ID":27368,"GNIS_NAME":"Smoky Creek","LEFT_RIGHT_TRIBUTARY":"RIGHT","STREAM_ORDER":1,"STREAM_MAGNITUDE":1,"WATERBODY_KEY":null,"BLUE_LINE_KEY_50K":87,"WATERSHED_CODE_50K":"340061900000000000000000000000000000000000000","WATERSHED_KEY_50K":87,"WATERSHED_GROUP_CODE_50K":"KOTL","GRADIENT":null,"FEATURE_CODE":"GA24850150","OBJECTID":3603716,"GEOMETRY.LEN":0,"FEATURE_LENGTH_M":864.3578}},{"type":"Feature","id":3612711,"geometry":{"type":"LineString","coordinates":[[1603225.0270000007,539241.30599999987],[1603240.5059999991,539246.16999999993],[1603253.6830000002,539245.97800000012],[1603263.6390000004,539246.20099999942],[1603271.8729999997,539245.26400000043],[1603277.057,539243.80599999987],[1603284.3440000005,539242.75599999912],[1603291.5940000005,539240.58699999936],[1603308.3660000004,539235.71900000051],[1603332.5449999999,539228.70099999942],[1603346.4979999997,539229.55800000019],[1603365.7929999996,539228.97599999979],[1603381.7469999995,539229.91000000015],[1603388.7420000006,539230.89900000021],[1603407.6960000005,539232.18899999931],[1603417.9940000009,539230.54099999927],[1603436.3560000006,539228.89100000076],[1603447.5879999995,539228.31000000052],[1603472.2520000003,539224.37900000066],[1603489.7870000005,539221.51600000076],[1603522.1530000009,539205.42500000075],[1603527.3880000003,539204.13299999945],[1603532.9279999994,539199.8479999993],[1603559.1260000002,539183.98299999908],[1603577.5989999995,539174.21700000018],[1603604.4389999993,539161.4570000004],[1603611.9100000001,539158.51700000092],[1603633.6860000007,539146.11400000006],[1603639.8680000007,539144.93400000036],[1603652.8149999995,539138.49799999967],[1603659.409,539134.17799999937],[1603672.0639999993,539129.77999999933],[1603680.3100000005,539127.88900000043],[1603701.7909999993,539125.49400000088],[1603726.625,539120.62800000049],[1603737.6870000008,539120.98399999924],[1603745.6290000007,539122.08500000089],[1603762.5669999998,539124.25400000066],[1603784.3939999994,539134.9729999993],[1603799.9360000007,539139.04900000058],[1603808.6280000005,539143.10899999924],[1603817.3330000006,539146.21399999969],[1603824.1569999997,539148.13900000043],[1603831.9279999994,539150.17699999921],[1603839.5280000009,539153.15100000054],[1603846.3389999997,539156.03199999966],[1603856.1750000007,539157.35799999908],[1603871.6530000009,539162.2229999993],[1603879.5950000007,539163.32499999925],[1603902.5399999991,539173.22100000083],[1603907.2990000006,539175.85799999908],[1603913.9389999993,539179.67500000075],[1603919.6449999996,539182.42500000075],[1603922.352,539184.81799999997],[1603926.1779999994,539186.38800000027],[1603938.8279999997,539189.96199999936],[1603949.3059999999,539194.39399999939],[1603954.9989999998,539198.0979999993],[1603958.6530000009,539200.60400000028],[1603967.3579999991,539203.71000000089],[1603984.5969999991,539210.85700000077],[1603994.2990000006,539214.24000000022],[1604007.8969999999,539217.92600000091],[1604015.3629999999,539222.9570000004],[1604020.8849999998,539227.5979999993],[1604028.193,539232.6099999994],[1604032.7679999992,539237.13900000043],[1604038.9590000007,539242.97499999963],[1604043.4260000009,539247.65000000037],[1604050.8920000009,539252.68099999987],[1604068.3019999992,539258.89200000092],[1604074.0079999994,539261.64200000092],[1604077.7829999998,539263.04600000009],[1604083.4879999999,539265.79600000009],[1604087.3139999993,539267.36600000039],[1604092.0730000008,539270.00300000049],[1604105.841,539272.75300000049],[1604121.8320000004,539274.81100000069],[1604137.6160000004,539276.68400000036],[1604153.6070000008,539278.74200000055],[1604166.2699999996,539281.36099999957],[1604175.1459999997,539283.52999999933],[1604183.2090000007,539283.53099999949],[1604193.0449999999,539284.85799999908],[1604197.148,539285.34500000067],[1604217.3900000006,539284.87800000049],[1604241.7489999998,539283.94299999997],[1604251.7050000001,539284.16899999976],[1604257.7530000005,539285.04600000009],[1604266.591,539286.09500000067],[1604278.4790000003,539287.66599999927],[1604288.5930000003,539287.91000000015],[1604305.5449999999,539289.12600000016],[1604323.5370000005,539291.2620000001],[1604333.3729999997,539292.58899999969],[1604337.3190000001,539293.05800000019],[1604343.3670000006,539293.93500000052],[1604348.2599999998,539294.51600000076],[1604365.1980000008,539296.68700000085],[1604379.0869999994,539298.3359999992],[1604389.0800000001,539299.68200000003],[1604403.9670000002,539301.60899999924],[1604413.9230000004,539301.83500000089],[1604415.9749999996,539302.07799999975],[1604424.8640000001,539303.2929999996],[1604448.409,539300.19099999964],[1604465.8230000008,539298.43200000003],[1604476.0580000002,539297.57499999925],[1604491.1150000002,539298.56599999964],[1604506.1219999995,539299.39200000092],[1604507.0690000001,539299.50400000066],[1604524.0199999996,539300.72100000083],[1604537.0130000003,539302.42300000042],[1604557.0830000006,539302.89399999939],[1604562.1469999999,539302.5390000008],[1604568.3159999996,539302.31499999948],[1604584.6119999997,539301.38099999912],[1604604.0399999991,539298.74599999934],[1604618.4550000001,539296.63199999928],[1604624.466,539296.3900000006],[1604629.5289999992,539296.03500000015],[1604644.9989999998,539293.8870000001],[1604654.0590000004,539294.16599999927],[1604675.5390000008,539291.77500000037],[1604681.7200000007,539290.59699999914],[1604687.8890000004,539290.37299999967],[1604700.8440000005,539290.95500000007],[1604709.7329999991,539292.17100000009],[1604723.7799999993,539293.83999999985],[1604731.5500000007,539295.87900000066],[1604741.2019999996,539299.0979999993],[1604754.6789999995,539303.88800000027],[1604762.7280000001,539304.84400000051],[1604771.4460000005,539306.99599999934],[1604779.3880000003,539308.09899999946],[1604785.5559999999,539307.875],[1604787.5710000005,539306.99899999984],[1604798.0399999991,539304.41699999943],[1604800.2119999994,539303.55900000036],[1604813.2180000003,539304.30700000003],[1604835.5240000002,539303.13099999912],[1604848.6500000004,539302.77800000086],[1604866.3550000004,539298.98299999908],[1604879.6530000009,539297.69400000013],[1604885.6630000006,539297.45099999942],[1604897.1870000008,539294.83500000089],[1604912.1940000001,539295.66200000048],[1604931.9719999991,539298.17200000025],[1604944.9649999999,539299.87600000016],[1604956.0260000005,539300.23399999924],[1604962.8629999999,539301.20600000024],[1604967.9130000006,539301.80599999987],[1604976.9100000001,539302.875],[1604989.7440000009,539304.56000000052],[1604993.6899999995,539305.02899999917],[1605005.5769999996,539306.60099999979],[1605026.2899999991,539310.17899999954],[1605038.1640000008,539312.7070000004],[1605053.9969999995,539314.74799999967],[1605057.943,539315.21700000018],[1605076.9330000002,539317.63399999961],[1605101.7750000004,539319.78999999911],[1605117.7789999992,539320.89599999972],[1605124.7229999993,539321.72100000083],[1605132.6649999991,539322.82499999925],[1605152.7219999991,539324.25300000049],[1605160.6640000008,539325.35700000077],[1605174.7369999997,539325.11700000055],[1605184.6799999997,539326.29900000058],[1605216.6750000007,539329.46600000001],[1605248.4619999994,539332.44800000079],[1605254.4590000007,539333.16100000031],[1605260.5069999993,539334.03999999911],[1605266.3469999991,539334.73399999924],[1605270.4499999993,539335.22199999914],[1605281.2329999991,539336.6640000008],[1605290.1079999991,539338.83500000089]]},"properties":{"LINEAR_FEATURE_ID":707614423,"WATERSHED_GROUP_ID":186,"EDGE_TYPE":1000,"BLUE_LINE_KEY":356447395,"WATERSHED_KEY":356447395,"FWA_WATERSHED_CODE":"300-625474-020842-231197-000000-000000-000000-000000-000000-000000-000000-000000-000000-000000-000000-000000-000000-000000-000000-000000-000000","LOCAL_WATERSHED_CODE":"300-625474-020842-231197-000000-000000-000000-000000-000000-000000-000000-000000-000000-000000-000000-000000-000000-000000-000000-000000-000000","WATERSHED_GROUP_CODE":"SLOC","DOWNSTREAM_ROUTE_MEASURE":44.896052789261496,"LENGTH_METRE":2138.1595902652502,"FEATURE_SOURCE":"linear stream -","GNIS_ID":17375,"GNIS_NAME":"Jamie Creek","LEFT_RIGHT_TRIBUTARY":"LEFT","STREAM_ORDER":2,"STREAM_MAGNITUDE":2,"WATERBODY_KEY":null,"BLUE_LINE_KEY_50K":706,"WATERSHED_CODE_50K":"340047200230000000000000000000000000000000000","WATERSHED_KEY_50K":706,"WATERSHED_GROUP_CODE_50K":"SLOC","GRADIENT":null,"FEATURE_CODE":"GA24850000","OBJECTID":3612711,"GEOMETRY.LEN":0,"FEATURE_LENGTH_M":2412.2676000000001}},{"type":"Feature","id":3621559,"geometry":{"type":"LineString","coordinates":[[1622374.9100000001,546210.14499999955],[1622372.2929999996,546230.0820000004],[1622370.2630000003,546245.94299999997],[1622366.6349999998,546266.55399999954],[1622365.2430000007,546278.50599999912],[1622361.3350000009,546293.1799999997],[1622356.7379999999,546304.58000000007],[1622352.4859999996,546314.10899999924],[1622342.2750000004,546331.04199999943],[1622333.4260000009,546344.95199999958],[1622328.5700000003,546359.51099999994],[1622324.1669999994,546379.06900000013],[1622316.7799999993,546397.30599999987],[1622305.7440000009,546420.03999999911],[1622293.3090000004,546430.6400000006],[1622277.9639999997,546431.63199999928],[1622264.7200000007,546433.04099999927],[1622257.1260000002,546437.05599999987],[1622244.8489999995,546454.69400000013],[1622241.0969999991,546476.40599999949],[1622239.3609999996,546490.23000000045]]},"properties":{"LINEAR_FEATURE_ID":707085040,"WATERSHED_GROUP_ID":90,"EDGE_TYPE":1000,"BLUE_LINE_KEY":356568277,"WATERSHED_KEY":356568277,"FWA_WATERSHED_CODE":"300-625474-048332-391586-000000-000000-000000-000000-000000-000000-000000-000000-000000-000000-000000-000000-000000-000000-000000-000000-000000","LOCAL_WATERSHED_CODE":"300-625474-048332-391586-514783-000000-000000-000000-000000-000000-000000-000000-000000-000000-000000-000000-000000-000000-000000-000000-000000","WATERSHED_GROUP_CODE":"KOTL","DOWNSTREAM_ROUTE_MEASURE":6162.3411199129505,"LENGTH_METRE":334.65482740508503,"FEATURE_SOURCE":"linear stream -","GNIS_ID":18222,"GNIS_NAME":"Baldface Creek","LEFT_RIGHT_TRIBUTARY":"RIGHT","STREAM_ORDER":4,"STREAM_MAGNITUDE":43,"WATERBODY_KEY":null,"BLUE_LINE_KEY_50K":2565,"WATERSHED_CODE_50K":"340108000411000000000000000000000000000000000","WATERSHED_KEY_50K":2565,"WATERSHED_GROUP_CODE_50K":"KOTL","GRADIENT":null,"FEATURE_CODE":"GA24850000","OBJECTID":3621559,"GEOMETRY.LEN":0,"FEATURE_LENGTH_M":335.16970000000003}},{"type":"Feature","id":3625625,"geometry":{"type":"LineString","coordinates":[[1607967.0600000005,527425.4879999999],[1607964.4399999995,527438.24699999951],[1607962.1060000006,527448.96800000034],[1607956.9529999997,527457.44099999964],[1607945.807,527474.125],[1607937.2050000001,527494.14200000092],[1607935.5059999991,527499.99699999951],[1607936.182,527510.11999999918],[1607935.8190000001,527528.25],[1607933.9260000009,527551.29800000042],[1607930.0109999999,527566.77199999988],[1607925.534,527585.36800000072],[1607916.6449999996,527607.42300000042],[1607906.6899999995,527630.46700000018],[1607904.7349999994,527654.30399999954],[1607904.0089999996,527667.2890000008],[1607903.8149999995,527684.48200000077],[1607904.6740000006,527701.64100000076],[1607904.1830000002,527721.82799999975],[1607904.0030000005,527746.99300000072],[1607903.2770000007,527759.97800000012],[1607900.6710000001,527780.70900000073],[1607896.9859999996,527794.4570000004],[1607884.5639999993,527811.94700000063],[1607871.7170000002,527834.48699999973],[1607865.6420000009,527849.8629999999],[1607871.9260000009,527871.81299999915]]},"properties":{"LINEAR_FEATURE_ID":707618151,"WATERSHED_GROUP_ID":186,"EDGE_TYPE":1000,"BLUE_LINE_KEY":356559081,"WATERSHED_KEY":356559081,"FWA_WATERSHED_CODE":"300-625474-020842-045408-214991-000000-000000-000000-000000-000000-000000-000000-000000-000000-000000-000000-000000-000000-000000-000000-000000","LOCAL_WATERSHED_CODE":"300-625474-020842-045408-214991-096675-000000-000000-000000-000000-000000-000000-000000-000000-000000-000000-000000-000000-000000-000000-000000","WATERSHED_GROUP_CODE":"SLOC","DOWNSTREAM_ROUTE_MEASURE":797.85245402586997,"LENGTH_METRE":468.78696893136902,"FEATURE_SOURCE":"linear stream -","GNIS_ID":22867,"GNIS_NAME":"McDermid Creek","LEFT_RIGHT_TRIBUTARY":"LEFT","STREAM_ORDER":3,"STREAM_MAGNITUDE":8,"WATERBODY_KEY":null,"BLUE_LINE_KEY_50K":19,"WATERSHED_CODE_50K":"340047200045002140000000000000000000000000000","WATERSHED_KEY_50K":19,"WATERSHED_GROUP_CODE_50K":"SLOC","GRADIENT":null,"FEATURE_CODE":"GA24850000","OBJECTID":3625625,"GEOMETRY.LEN":0,"FEATURE_LENGTH_M":469.09640000000002}},{"type":"Feature","id":3629289,"geometry":{"type":"LineString","coordinates":[[1607310.9639999997,539427.61800000072],[1607312.9030000009,539435.98100000061],[1607314.0629999992,539451.26600000076],[1607312.0649999995,539466.17400000058],[1607308.7709999997,539475.82499999925]]},"properties":{"LINEAR_FEATURE_ID":707614236,"WATERSHED_GROUP_ID":186,"EDGE_TYPE":1000,"BLUE_LINE_KEY":356536682,"WATERSHED_KEY":356536682,"FWA_WATERSHED_CODE":"300-625474-020842-143840-000000-000000-000000-000000-000000-000000-000000-000000-000000-000000-000000-000000-000000-000000-000000-000000-000000","LOCAL_WATERSHED_CODE":"300-625474-020842-143840-761183-000000-000000-000000-000000-000000-000000-000000-000000-000000-000000-000000-000000-000000-000000-000000-000000","WATERSHED_GROUP_CODE":"SLOC","DOWNSTREAM_ROUTE_MEASURE":4600.9366612207205,"LENGTH_METRE":49.152978680238299,"FEATURE_SOURCE":"linear stream -","GNIS_ID":16702,"GNIS_NAME":"Arvid Creek","LEFT_RIGHT_TRIBUTARY":"LEFT","STREAM_ORDER":2,"STREAM_MAGNITUDE":4,"WATERBODY_KEY":null,"BLUE_LINE_KEY_50K":null,"WATERSHED_CODE_50K":null,"WATERSHED_KEY_50K":null,"WATERSHED_GROUP_CODE_50K":null,"GRADIENT":null,"FEATURE_CODE":"GA24850000","OBJECTID":3629289,"GEOMETRY.LEN":0,"FEATURE_LENGTH_M":49.234200000000001}},{"type":"Feature","id":3739451,"geometry":{"type":"LineString","coordinates":[[1603983.4079999998,542700.125],[1603960.9279999994,542702.23900000006],[1603938.0329999998,542707.49200000055],[1603931.8499999996,542708.67100000009],[1603909.4240000006,542717.96600000001],[1603903.2410000004,542719.14499999955],[1603882.8629999999,542721.6679999996],[1603861.0360000003,542725.93200000003],[1603850.5649999995,542728.5150000006],[1603844.432,542729.8599999994],[1603838.0769999996,542731.97499999963],[1603819.1140000001,542738.65300000086],[1603797.8059999999,542747.12399999984],[1603773.1390000004,542751.05100000091],[1603764.7329999991,542752.92300000042],[1603741.0120000001,542756.96299999952],[1603722.6490000002,542758.6099999994],[1603708.4539999999,542759.95500000007],[1603690.2259999998,542759.54499999993],[1603671.1009999998,542759.18799999915],[1603652.9100000001,542759.89900000021],[1603637.7170000002,542760.96600000001],[1603621.7660000008,542767.04499999993],[1603612.5739999991,542775.83899999969],[1603607.8709999993,542780.38199999928],[1603596.5319999997,542799.125],[1603587.6899999995,542820.07699999958],[1603583.4409999996,542829.61700000055],[1603578.7229999993,542835.11600000039],[1603558.977,542855.73100000061],[1603552.9690000005,542862.99000000022],[1603529.5950000007,542872.17300000042],[1603523.1050000004,542876.34600000083],[1603508.1410000008,542890.67300000042],[1603488.7019999996,542908.29499999993],[1603483.9839999992,542913.79399999976],[1603479.216,542919.12700000033],[1603475.7390000001,542922.69999999925],[1603465.8359999992,542929.65599999949]]},"properties":{"LINEAR_FEATURE_ID":707612280,"WATERSHED_GROUP_ID":186,"EDGE_TYPE":1000,"BLUE_LINE_KEY":356539292,"WATERSHED_KEY":356539292,"FWA_WATERSHED_CODE":"300-625474-020842-272863-000000-000000-000000-000000-000000-000000-000000-000000-000000-000000-000000-000000-000000-000000-000000-000000-000000","LOCAL_WATERSHED_CODE":"300-625474-020842-272863-000000-000000-000000-000000-000000-000000-000000-000000-000000-000000-000000-000000-000000-000000-000000-000000-000000","WATERSHED_GROUP_CODE":"SLOC","DOWNSTREAM_ROUTE_MEASURE":153.80897460894198,"LENGTH_METRE":601.55278444948203,"FEATURE_SOURCE":"linear stream -","GNIS_ID":21568,"GNIS_NAME":"Draw Creek","LEFT_RIGHT_TRIBUTARY":"RIGHT","STREAM_ORDER":3,"STREAM_MAGNITUDE":9,"WATERBODY_KEY":null,"BLUE_LINE_KEY_50K":148,"WATERSHED_CODE_50K":"340047200273000000000000000000000000000000000","WATERSHED_KEY_50K":148,"WATERSHED_GROUP_CODE_50K":"SLOC","GRADIENT":null,"FEATURE_CODE":"GA24850000","OBJECTID":3739451,"GEOMETRY.LEN":0,"FEATURE_LENGTH_M":623.76679999999999}},{"type":"Feature","id":3745331,"geometry":{"type":"LineString","coordinates":[[1609477.398,531518.78600000031],[1609466.8169999998,531522.46299999952],[1609458.9250000007,531521.51899999939],[1609438.1600000001,531517.76099999994],[1609422.6769999992,531512.88099999912],[1609401.1449999996,531507.11900000088],[1609390.4920000006,531503.6129999999],[1609376.0749999993,531497.74499999918],[1609360.591,531492.86500000022],[1609349.0030000005,531488.29099999927],[1609323.5140000004,531483.01300000027],[1609300.0889999997,531477.02400000021],[1609292.4969999995,531473.08799999952],[1609271.4230000004,531464.35199999996],[1609256.1879999992,531456.31299999915],[1609243.3440000005,531446.64800000004],[1609232.8719999995,531441.25100000016],[1609216.3709999993,531429.07599999942],[1609198.1170000006,531413.66300000064],[1609186.5189999994,531401.11700000055],[1609171.5429999996,531376.05199999921],[1609159.7339999992,531350.40899999999],[1609141.0999999996,531322.83400000073],[1609125.4849999994,531302.63499999978],[1609108.466,531285.29700000025],[1609098.6199999992,531275.99000000022],[1609082.8859999999,531256.89299999923],[1609074.4680000003,531242.81399999931],[1609068.1970000006,531229.78999999911],[1609063.2559999991,531220.11199999973],[1609054.9240000006,531198.86999999918],[1609048.557,531185.03700000048]]},"properties":{"LINEAR_FEATURE_ID":707617731,"WATERSHED_GROUP_ID":186,"EDGE_TYPE":1000,"BLUE_LINE_KEY":356521095,"WATERSHED_KEY":356521095,"FWA_WATERSHED_CODE":"300-625474-020842-091761-000000-000000-000000-000000-000000-000000-000000-000000-000000-000000-000000-000000-000000-000000-000000-000000-000000","LOCAL_WATERSHED_CODE":"300-625474-020842-091761-000000-000000-000000-000000-000000-000000-000000-000000-000000-000000-000000-000000-000000-000000-000000-000000-000000","WATERSHED_GROUP_CODE":"SLOC","DOWNSTREAM_ROUTE_MEASURE":29.512702405876897,"LENGTH_METRE":580.98544627982801,"FEATURE_SOURCE":"linear stream -","GNIS_ID":16326,"GNIS_NAME":"Langill Creek","LEFT_RIGHT_TRIBUTARY":"RIGHT","STREAM_ORDER":3,"STREAM_MAGNITUDE":10,"WATERBODY_KEY":null,"BLUE_LINE_KEY_50K":6,"WATERSHED_CODE_50K":"340047200094000000000000000000000000000000000","WATERSHED_KEY_50K":6,"WATERSHED_GROUP_CODE_50K":"SLOC","GRADIENT":null,"FEATURE_CODE":"GA24850000","OBJECTID":3745331,"GEOMETRY.LEN":0,"FEATURE_LENGTH_M":583.56580000000008}},{"type":"Feature","id":3784974,"geometry":{"type":"LineString","coordinates":[[1603083.7760000005,535007.38399999961],[1603083.2479999997,534995.2070000004],[1603078.2870000005,534979.47499999963],[1603075.1150000002,534972.0859999992],[1603069.9869999997,534965.2620000001],[1603066.932,534948.79900000058],[1603064.9690000005,534933.42300000042],[1603064.2559999991,534915.16599999927]]},"properties":{"LINEAR_FEATURE_ID":707616960,"WATERSHED_GROUP_ID":186,"EDGE_TYPE":1000,"BLUE_LINE_KEY":356542853,"WATERSHED_KEY":356542853,"FWA_WATERSHED_CODE":"300-625474-020842-168868-000000-000000-000000-000000-000000-000000-000000-000000-000000-000000-000000-000000-000000-000000-000000-000000-000000","LOCAL_WATERSHED_CODE":"300-625474-020842-168868-374786-000000-000000-000000-000000-000000-000000-000000-000000-000000-000000-000000-000000-000000-000000-000000-000000","WATERSHED_GROUP_CODE":"SLOC","DOWNSTREAM_ROUTE_MEASURE":2475.5799377580502,"LENGTH_METRE":95.777584973339586,"FEATURE_SOURCE":"linear stream -","GNIS_ID":29359,"GNIS_NAME":"Wolverton Creek","LEFT_RIGHT_TRIBUTARY":"RIGHT","STREAM_ORDER":3,"STREAM_MAGNITUDE":13,"WATERBODY_KEY":null,"BLUE_LINE_KEY_50K":700,"WATERSHED_CODE_50K":"340047200172000000000000000000000000000000000","WATERSHED_KEY_50K":700,"WATERSHED_GROUP_CODE_50K":"SLOC","GRADIENT":null,"FEATURE_CODE":"GA24850000","OBJECTID":3784974,"GEOMETRY.LEN":0,"FEATURE_LENGTH_M":98.652600000000007}},{"type":"Feature","id":3814529,"geometry":{"type":"LineString","coordinates":[[1623142.6009999998,540181.76400000043],[1623136.1390000004,540191.97699999996],[1623123.2449999992,540206.50699999928],[1623110.7750000004,540216.94299999997],[1623099.2890000008,540228.61500000022],[1623089.5250000004,540241.45500000007],[1623080.8790000007,540253.47399999946],[1623072.4039999992,540264.55800000019],[1623067.0460000001,540274.90699999966],[1623061.2050000001,540282.16699999943],[1623053.3839999996,540295.40399999917],[1623044.5539999995,540309.31499999948],[1623031.9590000007,540328.82599999942],[1623023.4829999991,540339.91000000015],[1623009.8210000005,540360.40699999966],[1623001.9370000008,540374.43400000036],[1622992.3430000003,540386.33799999952],[1622984.8139999993,540397.53800000064],[1622973.1520000007,540418.11999999918],[1622969.0960000008,540425.75799999945],[1622959.6099999994,540437.51600000076],[1622953.6610000003,540444.92100000009],[1622933.0059999991,540464.40300000086],[1622925.9519999996,540471.67400000058],[1622922.1740000006,540478.22900000028],[1622915.1160000004,540493.47399999946],[1622897.7630000003,540510.32899999991],[1622881.2229999993,540529.35799999908],[1622863.4450000003,540550.30800000019],[1622857.3239999991,540558.65000000037],[1622845.2039999999,540574.23200000077],[1622837.1400000006,540582.17699999921],[1622827.4120000005,540596.13800000027],[1622820.4739999995,540610.28099999949]]},"properties":{"LINEAR_FEATURE_ID":707090444,"WATERSHED_GROUP_ID":90,"EDGE_TYPE":1000,"BLUE_LINE_KEY":356546566,"WATERSHED_KEY":356546566,"FWA_WATERSHED_CODE":"300-625474-042847-221596-000000-000000-000000-000000-000000-000000-000000-000000-000000-000000-000000-000000-000000-000000-000000-000000-000000","LOCAL_WATERSHED_CODE":"300-625474-042847-221596-698758-000000-000000-000000-000000-000000-000000-000000-000000-000000-000000-000000-000000-000000-000000-000000-000000","WATERSHED_GROUP_CODE":"KOTL","DOWNSTREAM_ROUTE_MEASURE":3751.3773383009102,"LENGTH_METRE":539.40301176791604,"FEATURE_SOURCE":"linear stream -","GNIS_ID":25836,"GNIS_NAME":"Rixen Creek","LEFT_RIGHT_TRIBUTARY":"LEFT","STREAM_ORDER":3,"STREAM_MAGNITUDE":4,"WATERBODY_KEY":null,"BLUE_LINE_KEY_50K":2542,"WATERSHED_CODE_50K":"340095600220000000000000000000000000000000000","WATERSHED_KEY_50K":2542,"WATERSHED_GROUP_CODE_50K":"KOTL","GRADIENT":null,"FEATURE_CODE":"GA24850150","OBJECTID":3814529,"GEOMETRY.LEN":0,"FEATURE_LENGTH_M":557.04340000000002}},{"type":"Feature","id":3824580,"geometry":{"type":"LineString","coordinates":[[1609048.0490000006,547907.9179999996],[1609060.8660000004,547910.5700000003],[1609067.9810000006,547910.46600000001],[1609079.5250000004,547906.90699999966],[1609085.398,547908.72699999996],[1609093.1290000007,547926.71600000001],[1609098.2390000001,547933.54800000042],[1609110.4039999992,547934.04900000058],[1609123.0629999992,547936.68300000019],[1609129.2129999995,547944.43700000085],[1609137.7899999991,547948.65399999917],[1609149.6429999992,547942.10199999996],[1609162.2589999996,547930.53800000064],[1609182.9529999997,547918.02999999933],[1609193.0659999996,547918.28500000015],[1609209.2410000004,547918.47000000067],[1609223.9049999993,547914.16899999976],[1609231.2080000006,547912.17400000058],[1609248.2650000006,547913.2620000001],[1609271.9839999992,547916.26600000076],[1609293.0350000001,547917.99300000072],[1609298.5820000004,547913.71399999969],[1609311.9759999998,547896.18500000052],[1609316.3900000006,547876.62199999951],[1609322.9780000001,547856.20299999975],[1609330.5950000007,547844.19999999925],[1609336.4220000003,547838.83899999969],[1609348.1199999992,547825.25200000033],[1609361.8369999994,547820.83699999936],[1609377.8110000007,547806.80599999987],[1609383.9480000008,547798.45299999975],[1609390.6140000001,547793.35199999996],[1609394.8690000009,547790.83300000057],[1609399.159,547789.43400000036],[1609409.4100000001,547787.63299999945],[1609427.5859999992,547787.89900000021],[1609439.1610000003,547792.47699999996],[1609448.1510000005,547800.57200000063],[1609457.1640000008,547793.67899999954],[1609463.0059999991,547787.3629999999],[1609464.6079999991,547782.61199999973],[1609470.6219999995,547775.3599999994],[1609480.2359999996,547770.45399999991],[1609498.2579999994,547763.68500000052],[1609506.1510000005,547757.61600000039],[1609508.6989999991,547752.97800000012],[1609510.4269999992,547740.10899999924],[1609511.9499999993,547720.03999999911],[1609516.2080000006,547710.50400000066],[1609532.1459999997,547695.35300000012],[1609544.1750000007,547680.84999999963],[1609547.0179999992,547674.17400000058],[1609549.9879999999,547659.38199999928],[1609544.7369999997,547644.55900000036],[1609545.5470000003,547629.66699999943],[1609550.5669999998,547615.11999999918],[1609550.5350000001,547606.98399999924],[1609553.8460000008,547597.33400000073],[1609570.2660000008,547578.25500000082],[1609584.807,547575.05599999987],[1609594.4710000008,547570.31499999948],[1609600.3300000001,547573.09100000001],[1609612.6789999995,547578.71800000034],[1609618.7039999999,547594.58999999985],[1609619.9600000009,547608.77400000021],[1609624.8839999996,547617.49699999951],[1609631.8770000003,547618.49499999918],[1609653.8399999999,547619.21700000018],[1609671.0690000001,547619.36999999918],[1609683.2630000003,547617.96299999952],[1609697.307,547619.64800000004],[1609721.0260000005,547622.65300000086],[1609733.3460000008,547613.12800000049],[1609746.6630000006,547603.88299999945],[1609762.7410000004,547596.72199999914],[1609787.2870000005,547593.92699999921],[1609793.8880000003,547589.61600000039],[1609799.9169999994,547581.41000000015],[1609801.7990000006,547575.57599999942],[1609803.0260000005,547557.54399999976],[1609804.4260000009,547538.57599999942],[1609809.148,547533.08300000057],[1609823.534,547522.84999999963],[1609826.2400000002,547518.23100000061],[1609828.8780000005,547504.35500000045],[1609833.1539999992,547486.84899999946],[1609838.0160000008,547472.28299999982],[1609843.7050000001,547451.91599999927],[1609847.4800000004,547446.31000000052],[1609849.6860000007,547436.52800000086],[1609851.7229999993,547420.66699999943],[1609851.0559999999,547402.40799999982],[1609852.75,547381.4020000007],[1609854.6459999997,547357.55100000091],[1609857.7540000007,547333.68500000052],[1609859.6349999998,547310.78800000064],[1609863.0999999996,547291.11199999973],[1609861.0040000007,547276.6679999996],[1609857.8509999998,547269.27300000004],[1609857.9759999998,547261.15499999933],[1609859.3890000004,547241.23200000077],[1609863.9079999998,547221.52300000004],[1609877.3629999999,547203.20399999991],[1609891.8880000003,547183.89800000004],[1609901.9539999999,547176.9729999993],[1609910.0329999998,547169.01300000027],[1609924.7129999995,547156.74200000055],[1609935.4460000005,547151.01400000043],[1609958.0500000007,547140.81000000052],[1609964.8379999995,547134.60799999908],[1609975.1390000004,547132.97399999946],[1609983.8049999997,547127.95500000007],[1609991.4020000007,547123.92300000042],[1609998.1899999995,547117.72100000083],[1610003.8939999994,547113.46299999952],[1610021.432,547110.62399999984],[1610028.5620000008,547109.56699999981],[1610042.4480000008,547111.23299999908],[1610057.3159999996,547114.13399999961],[1610077.0899999999,547116.6679999996],[1610089.2699999996,547116.21600000001],[1610105.7029999997,547113.24599999934],[1610123.7229999993,547106.47900000028],[1610147.4450000003,547102.47000000067],[1610155.5069999993,547102.48100000061],[1610161.3809999991,547104.30199999921],[1610179.3839999996,547105.50699999928],[1610192.4949999992,547106.12399999984],[1610204.6889999993,547104.71800000034],[1610220.1620000005,547102.58899999969],[1610226.6400000006,547099.38000000082],[1610243.2459999993,547095.47399999946],[1610249.1339999996,547096.34100000001],[1610260.6449999996,547101.71000000089],[1610280.7469999995,547110.34300000034],[1610285.2060000002,547115.02400000021],[1610292.6140000001,547119.90000000037],[1610310.6649999991,547128.28700000048],[1610327.4260000009,547131.41599999927],[1610341.1899999995,547134.18600000069],[1610356.8320000004,547138.1370000001],[1610375.2280000001,547144.6520000007],[1610396.727,547158.39699999988],[1610411.6070000008,547167.3599999994],[1610417.1710000001,547172.17400000058],[1610429.8129999992,547182.78199999966],[1610436.1370000001,547189.60199999996],[1610442.3029999994,547196.4020000007],[1610463.5209999997,547211.23000000045],[1610468.6180000007,547219.01799999923],[1610470.2019999996,547222.2379999999],[1610488.0810000002,547248.625],[1610489.2329999991,547255.93899999931],[1610498.2579999994,547272.17300000042],[1610509.0360000003,547297.70600000024],[1610517.1459999997,547321.96299999952],[1610518.0749999993,547330.04800000042],[1610524.5690000001,547342.94700000063],[1610535.5189999994,547367.54499999993],[1610542.352,547392.60500000045],[1610549.3430000003,547417.68400000036],[1610552.7129999995,547438.34100000001],[1610553.3790000007,547456.59999999963],[1610558.2890000008,547466.27999999933],[1610565.2290000003,547474.13000000082],[1610583.9480000008,547493.76099999994],[1610597.2620000001,547508.59699999914],[1610608.4910000004,547515.04900000058],[1610630.6260000002,547531.90100000054],[1610643.4869999997,547548.75599999912],[1610656.6270000003,547564.5270000007],[1610706.0040000007,547629.14499999955],[1610708.2249999996,547635.47199999914],[1610713.6309999991,547640.26799999923],[1610718.0730000008,547652.92100000009],[1610723.0109999999,547677.75400000066]]},"properties":{"LINEAR_FEATURE_ID":707610652,"WATERSHED_GROUP_ID":186,"EDGE_TYPE":1000,"BLUE_LINE_KEY":356545379,"WATERSHED_KEY":356545379,"FWA_WATERSHED_CODE":"300-625474-020842-367151-000000-000000-000000-000000-000000-000000-000000-000000-000000-000000-000000-000000-000000-000000-000000-000000-000000","LOCAL_WATERSHED_CODE":"300-625474-020842-367151-000000-000000-000000-000000-000000-000000-000000-000000-000000-000000-000000-000000-000000-000000-000000-000000-000000","WATERSHED_GROUP_CODE":"SLOC","DOWNSTREAM_ROUTE_MEASURE":51.084387663764502,"LENGTH_METRE":2660.8011683258801,"FEATURE_SOURCE":"linear stream -","GNIS_ID":22239,"GNIS_NAME":"Dumont Creek","LEFT_RIGHT_TRIBUTARY":"LEFT","STREAM_ORDER":2,"STREAM_MAGNITUDE":3,"WATERBODY_KEY":null,"BLUE_LINE_KEY_50K":176,"WATERSHED_CODE_50K":"340047200367000000000000000000000000000000000","WATERSHED_KEY_50K":176,"WATERSHED_GROUP_CODE_50K":"SLOC","GRADIENT":null,"FEATURE_CODE":"GA24850000","OBJECTID":3824580,"GEOMETRY.LEN":0,"FEATURE_LENGTH_M":2682.6374000000001}},{"type":"Feature","id":3832984,"geometry":{"type":"LineString","coordinates":[[1609833.3640000001,532454.93999999948],[1609830.2540000007,532463.65499999933],[1609819.4489999991,532485.47900000028],[1609810.818,532497.51999999955],[1609801.6989999991,532506.47199999914],[1609783.7219999991,532520.26400000043],[1609772.1989999991,532531.79900000058],[1609761.4049999993,532552.6679999996],[1609747.4309999999,532575.0700000003],[1609732.5099999998,532597.35799999908],[1609725.9309999999,532609.64399999939],[1609717.1879999992,532630.75899999961],[1609712.6610000003,532643.28999999911],[1609708.1520000007,532662.83899999969],[1609704.1140000001,532678.45800000057],[1609699.6170000006,532697.05100000091],[1609697.2719999999,532707.77099999972],[1609690.8809999991,532726.13800000027],[1609684.7780000009,532742.46600000001],[1609673.4940000009,532760.24799999967],[1609657.7559999991,532780.36600000039],[1609648.8239999991,532795.40000000037],[1609640.6699999999,532811.48299999908],[1609636.5610000007,532819.91899999976],[1609632.3340000007,532829.45800000057],[1609624.6950000003,532850.70399999991],[1609617.1989999991,532868.93899999931],[1609615.3110000007,532876.68500000052],[1609611.9299999997,532894.45500000007],[1609606.0030000005,532917.8200000003],[1609604.3159999996,532930.69099999964],[1609603.2689999994,532938.69600000046],[1609601.6380000003,532959.70500000007],[1609603.1190000009,532971.99899999984],[1609607.2410000004,532979.50699999928],[1609610.5969999991,532985.00999999978],[1609615.6659999993,532992.63099999912],[1609627.102,533005.15899999999],[1609634.75,533017.23399999924]]},"properties":{"LINEAR_FEATURE_ID":707617558,"WATERSHED_GROUP_ID":186,"EDGE_TYPE":1000,"BLUE_LINE_KEY":356500919,"WATERSHED_KEY":356500919,"FWA_WATERSHED_CODE":"300-625474-020842-095994-000000-000000-000000-000000-000000-000000-000000-000000-000000-000000-000000-000000-000000-000000-000000-000000-000000","LOCAL_WATERSHED_CODE":"300-625474-020842-095994-178427-000000-000000-000000-000000-000000-000000-000000-000000-000000-000000-000000-000000-000000-000000-000000-000000","WATERSHED_GROUP_CODE":"SLOC","DOWNSTREAM_ROUTE_MEASURE":970.34465508992901,"LENGTH_METRE":634.49802776747401,"FEATURE_SOURCE":"linear stream -","GNIS_ID":16965,"GNIS_NAME":"Jacob Creek","LEFT_RIGHT_TRIBUTARY":"LEFT","STREAM_ORDER":2,"STREAM_MAGNITUDE":3,"WATERBODY_KEY":null,"BLUE_LINE_KEY_50K":7,"WATERSHED_CODE_50K":"340047200096000000000000000000000000000000000","WATERSHED_KEY_50K":7,"WATERSHED_GROUP_CODE_50K":"SLOC","GRADIENT":null,"FEATURE_CODE":"GA24850000","OBJECTID":3832984,"GEOMETRY.LEN":0,"FEATURE_LENGTH_M":637.55000000000007}},{"type":"Feature","id":3858177,"geometry":{"type":"LineString","coordinates":[[1606394.4499999993,548575.03299999982],[1606389.0899999999,548577.42300000042],[1606384.4890000001,548581.81699999981],[1606383.4140000008,548589.82100000046],[1606371.5390000008,548604.34899999946],[1606363.0079999994,548607.31699999981],[1606340.8709999993,548607.54600000009],[1606332.1510000005,548612.40499999933],[1606325.875,548622.81799999997],[1606323.8029999994,548630.5429999996],[1606322.0769999996,548636.39699999988],[1606319.0840000007,548659.16000000015],[1606316.1160000004,548666.93899999931],[1606308.4969999995,548678.9450000003],[1606302.9979999997,548683.39200000092],[1606296.8139999993,548684.56699999981],[1606284.4600000009,548685.96299999952],[1606269.4839999992,548693.2650000006],[1606258.4030000009,548700.87199999951],[1606246.8530000001,548711.45299999975],[1606235.6339999996,548721.11700000055]]},"properties":{"LINEAR_FEATURE_ID":707610064,"WATERSHED_GROUP_ID":186,"EDGE_TYPE":1000,"BLUE_LINE_KEY":356541048,"WATERSHED_KEY":356541048,"FWA_WATERSHED_CODE":"300-625474-020842-346870-000000-000000-000000-000000-000000-000000-000000-000000-000000-000000-000000-000000-000000-000000-000000-000000-000000","LOCAL_WATERSHED_CODE":"300-625474-020842-346870-391058-000000-000000-000000-000000-000000-000000-000000-000000-000000-000000-000000-000000-000000-000000-000000-000000","WATERSHED_GROUP_CODE":"SLOC","DOWNSTREAM_ROUTE_MEASURE":3155.46433022171,"LENGTH_METRE":238.36089052332602,"FEATURE_SOURCE":"linear stream -","GNIS_ID":21431,"GNIS_NAME":"Hird Creek","LEFT_RIGHT_TRIBUTARY":"RIGHT","STREAM_ORDER":3,"STREAM_MAGNITUDE":22,"WATERBODY_KEY":null,"BLUE_LINE_KEY_50K":160,"WATERSHED_CODE_50K":"340047200346000000000000000000000000000000000","WATERSHED_KEY_50K":160,"WATERSHED_GROUP_CODE_50K":"SLOC","GRADIENT":null,"FEATURE_CODE":"GA24850000","OBJECTID":3858177,"GEOMETRY.LEN":0,"FEATURE_LENGTH_M":240.80780000000001}},{"type":"Feature","id":3860105,"geometry":{"type":"LineString","coordinates":[[1621272.3350000009,537192.78199999966],[1621268.1009999998,537202.31299999915],[1621263.6960000005,537212.77999999933],[1621260.2890000008,537231.50200000033],[1621258.6309999991,537245.49300000072],[1621253.7650000006,537258.93300000019],[1621249.8849999998,537273.6099999994],[1621246.5850000009,537284.21199999936],[1621244.5850000009,537292.10099999979],[1621241.6510000005,537314.86800000072],[1621237.7709999997,537337.51899999939],[1621228.3680000007,537355.50899999961],[1621211.1840000004,537372.39100000076],[1621191.6579999998,537391.06000000052],[1621182.0850000009,537402.0120000001],[1621168.3839999996,537422.34899999946],[1621160.375,537430.46199999936],[1621144.1500000004,537438.52999999933],[1621119.5120000001,537441.42500000075],[1621111.1500000004,537444.39200000092],[1621096.9250000007,537452.54499999993],[1621076.7550000008,537460.13199999928],[1621064.4609999992,537469.63599999994],[1621042.8709999993,537489.01099999994],[1621034.2190000005,537494.01600000076],[1621024.7520000003,537496.8479999993]]},"properties":{"LINEAR_FEATURE_ID":707093450,"WATERSHED_GROUP_ID":90,"EDGE_TYPE":1000,"BLUE_LINE_KEY":356545045,"WATERSHED_KEY":356545045,"FWA_WATERSHED_CODE":"300-625474-042847-000000-000000-000000-000000-000000-000000-000000-000000-000000-000000-000000-000000-000000-000000-000000-000000-000000-000000","LOCAL_WATERSHED_CODE":"300-625474-042847-221596-000000-000000-000000-000000-000000-000000-000000-000000-000000-000000-000000-000000-000000-000000-000000-000000-000000","WATERSHED_GROUP_CODE":"KOTL","DOWNSTREAM_ROUTE_MEASURE":3235.1124278476,"LENGTH_METRE":425.59858001389699,"FEATURE_SOURCE":"linear stream -","GNIS_ID":25643,"GNIS_NAME":"Sproule Creek","LEFT_RIGHT_TRIBUTARY":"RIGHT","STREAM_ORDER":4,"STREAM_MAGNITUDE":70,"WATERBODY_KEY":null,"BLUE_LINE_KEY_50K":114,"WATERSHED_CODE_50K":"340095600000000000000000000000000000000000000","WATERSHED_KEY_50K":114,"WATERSHED_GROUP_CODE_50K":"KOTL","GRADIENT":null,"FEATURE_CODE":"GA24850000","OBJECTID":3860105,"GEOMETRY.LEN":0,"FEATURE_LENGTH_M":426.17660000000001}},{"type":"Feature","id":3875670,"geometry":{"type":"LineString","coordinates":[[1623054.1099999994,548210.98900000006],[1623058.2229999993,548217.5549999997],[1623063.1459999997,548226.29399999976],[1623068.4849999994,548231.89299999923],[1623077.3870000001,548242.23699999973],[1623084.3249999993,548250.10600000061],[1623091.4199999999,548257.99499999918],[1623098.5810000002,548265.09400000051],[1623106.4849999994,548275.15599999949],[1623108.5329999998,548282.42500000075],[1623111.0950000007,548293.90499999933],[1623111.0769999996,548301.87900000066],[1623110.2850000001,548308.80000000075],[1623111.5739999991,548314.06299999915],[1623112.6750000007,548321.21600000001],[1623116.9460000005,548327.80199999921],[1623123.9340000004,548335.83699999936],[1623131.0289999992,548343.72599999979],[1623136.2609999999,548349.47199999914],[1623140.0639999993,548359.02999999933],[1623146.3859999999,548365.86700000055]]},"properties":{"LINEAR_FEATURE_ID":707083709,"WATERSHED_GROUP_ID":90,"EDGE_TYPE":1000,"BLUE_LINE_KEY":356568277,"WATERSHED_KEY":356568277,"FWA_WATERSHED_CODE":"300-625474-048332-391586-000000-000000-000000-000000-000000-000000-000000-000000-000000-000000-000000-000000-000000-000000-000000-000000-000000","LOCAL_WATERSHED_CODE":"300-625474-048332-391586-724705-000000-000000-000000-000000-000000-000000-000000-000000-000000-000000-000000-000000-000000-000000-000000-000000","WATERSHED_GROUP_CODE":"KOTL","DOWNSTREAM_ROUTE_MEASURE":8675.2529481340916,"LENGTH_METRE":186.53018186055002,"FEATURE_SOURCE":"linear stream -","GNIS_ID":18222,"GNIS_NAME":"Baldface Creek","LEFT_RIGHT_TRIBUTARY":"RIGHT","STREAM_ORDER":3,"STREAM_MAGNITUDE":12,"WATERBODY_KEY":null,"BLUE_LINE_KEY_50K":2565,"WATERSHED_CODE_50K":"340108000411000000000000000000000000000000000","WATERSHED_KEY_50K":2565,"WATERSHED_GROUP_CODE_50K":"KOTL","GRADIENT":null,"FEATURE_CODE":"GA24850000","OBJECTID":3875670,"GEOMETRY.LEN":0,"FEATURE_LENGTH_M":188.14410000000001}},{"type":"Feature","id":3895191,"geometry":{"type":"LineString","coordinates":[[1612525.2290000003,544808.74599999934],[1612535.6500000004,544806.01400000043],[1612559.5529999994,544800.12299999967],[1612566.9619999994,544797.98599999957],[1612573.4519999996,544793.82399999909],[1612586.0960000008,544790.40399999917],[1612611.0539999995,544784.48100000061],[1612615.4780000001,544781.02800000086],[1612625.0739999991,544777.08100000024],[1612648.1520000007,544769.97399999946],[1612656.5580000002,544768.11700000055],[1612681.0500000007,544765.1679999996],[1612692.4030000009,544763.50599999912],[1612716.2919999994,544758.57100000046],[1612724.6469999999,544756.54800000042],[1612744.2479999997,544753.00999999978],[1612752.3230000008,544752.06900000013],[1612767.9790000003,544748.05599999987],[1612793.0590000004,544741.03199999966],[1612800.5170000009,544739.06000000052],[1612816.7760000005,544737.03299999982],[1612827.7139999997,544738.51099999994],[1612852.6579999998,544740.56000000052],[1612865.6469999999,544742.28600000031],[1612877.8249999993,544741.83999999985],[1612895.3599999994,544739.00999999978],[1612917.1999999993,544740.84500000067],[1612923.1809999999,544742.52300000004],[1612948.0040000007,544745.67500000075],[1612962.9010000005,544746.67300000042],[1612986.0869999994,544739.42200000025],[1613002.2219999991,544731.48000000045]]},"properties":{"LINEAR_FEATURE_ID":707611477,"WATERSHED_GROUP_ID":186,"EDGE_TYPE":1000,"BLUE_LINE_KEY":356559464,"WATERSHED_KEY":356559464,"FWA_WATERSHED_CODE":"300-625474-020842-349237-000000-000000-000000-000000-000000-000000-000000-000000-000000-000000-000000-000000-000000-000000-000000-000000-000000","LOCAL_WATERSHED_CODE":"300-625474-020842-349237-398624-000000-000000-000000-000000-000000-000000-000000-000000-000000-000000-000000-000000-000000-000000-000000-000000","WATERSHED_GROUP_CODE":"SLOC","DOWNSTREAM_ROUTE_MEASURE":5276.0908082419101,"LENGTH_METRE":491.26766431393304,"FEATURE_SOURCE":"linear stream -","GNIS_ID":3011,"GNIS_NAME":"Winlaw Creek","LEFT_RIGHT_TRIBUTARY":"LEFT","STREAM_ORDER":3,"STREAM_MAGNITUDE":34,"WATERBODY_KEY":null,"BLUE_LINE_KEY_50K":162,"WATERSHED_CODE_50K":"340047200349000000000000000000000000000000000","WATERSHED_KEY_50K":162,"WATERSHED_GROUP_CODE_50K":"SLOC","GRADIENT":null,"FEATURE_CODE":"GA24850000","OBJECTID":3895191,"GEOMETRY.LEN":0,"FEATURE_LENGTH_M":493.755}},{"type":"Feature","id":3907842,"geometry":{"type":"LineString","coordinates":[[1613515.7400000002,531963.52600000054],[1613515.4600000009,531973.53700000048],[1613517.3230000008,531997.99499999918],[1613515.1699999999,532014.79600000009],[1613512.1799999997,532022.40799999982],[1613507.9550000001,532031.94400000013],[1613506.2510000002,532037.79800000042],[1613504.3770000003,532044.58799999952],[1613503.0429999996,532054.63099999912],[1613502.7520000003,532065.5979999993],[1613503.9550000001,532087.90399999917],[1613503.7459999993,532105.09899999946],[1613503.2970000003,532116.04600000009],[1613504.9700000007,532134.42300000042],[1613506.7410000004,532144.68099999987],[1613513.9330000002,532159.73699999973],[1613517.2990000006,532173.21600000001],[1613516.0840000007,532182.15799999982],[1613515.5739999991,532202.34500000067],[1613513.0610000007,532214.00100000016],[1613508.3780000005,532226.51099999994],[1613502.6290000007,532240.00899999961],[1613496.7070000004,532263.37199999951],[1613495.7799999993,532270.27500000037],[1613496.3159999996,532282.4570000004],[1613494.5130000003,532296.4299999997],[1613489.1789999995,532314.7620000001],[1613486.0810000002,532322.51999999955],[1613480.9279999994,532338.96000000089],[1613477.3489999995,532351.60300000012],[1613474.4289999995,532366.39800000004],[1613473.4900000002,532374.25699999928],[1613475.3310000002,532391.69899999909],[1613477.284,532400.06499999948],[1613482.9010000005,532418.91699999943],[1613484.9600000009,532427.1370000001],[1613484.2219999991,532440.12199999951],[1613482.6940000001,532453.0120000001],[1613480.2510000002,532471.85099999979],[1613479.682,532483.90000000037],[1613478.9820000008,532498.00599999912],[1613477.9550000001,532513.02899999917],[1613478.898,532522.07100000046],[1613478.2100000009,532535.22199999914],[1613477.818,532554.30800000019],[1613475.8320000004,532570.17200000025],[1613476.6679999996,532579.3599999994],[1613479.7510000002,532602.84999999963],[1613482.727,532626.48699999973]]},"properties":{"LINEAR_FEATURE_ID":707097956,"WATERSHED_GROUP_ID":90,"EDGE_TYPE":1000,"BLUE_LINE_KEY":356534008,"WATERSHED_KEY":356534008,"FWA_WATERSHED_CODE":"300-625474-027365-000000-000000-000000-000000-000000-000000-000000-000000-000000-000000-000000-000000-000000-000000-000000-000000-000000-000000","LOCAL_WATERSHED_CODE":"300-625474-027365-542072-000000-000000-000000-000000-000000-000000-000000-000000-000000-000000-000000-000000-000000-000000-000000-000000-000000","WATERSHED_GROUP_CODE":"KOTL","DOWNSTREAM_ROUTE_MEASURE":1816.75501026147,"LENGTH_METRE":676.17585668964898,"FEATURE_SOURCE":"linear stream -","GNIS_ID":27368,"GNIS_NAME":"Smoky Creek","LEFT_RIGHT_TRIBUTARY":"RIGHT","STREAM_ORDER":1,"STREAM_MAGNITUDE":1,"WATERBODY_KEY":null,"BLUE_LINE_KEY_50K":87,"WATERSHED_CODE_50K":"340061900000000000000000000000000000000000000","WATERSHED_KEY_50K":87,"WATERSHED_GROUP_CODE_50K":"KOTL","GRADIENT":null,"FEATURE_CODE":"GA24850000","OBJECTID":3907842,"GEOMETRY.LEN":0,"FEATURE_LENGTH_M":690.84410000000003}},{"type":"Feature","id":3921399,"geometry":{"type":"LineString","coordinates":[[1615530.0869999994,544562.59600000083],[1615553.4969999995,544568.61900000088],[1615576.2530000005,544572.49100000039],[1615583.0879999995,544573.47800000012],[1615591.7880000006,544576.60400000028],[1615612.307,544582.11800000072],[1615632.2390000001,544591.70800000057],[1615642.9900000002,544595.08300000057],[1615656.2880000006,544600.83999999985],[1615672.7550000008,544606.02300000004],[1615682.2660000008,544611.32100000046],[1615698.6689999998,544617.29399999976],[1615721.9570000004,544624.41999999993],[1615745.8310000002,544627.47100000083],[1615768.0840000007,544626.17899999954],[1615781.8460000008,544621.94400000013],[1615807.5879999995,544609.11400000006],[1615824.9499999993,544607.23000000045],[1615850.2369999997,544607.42200000025],[1615874.1119999997,544610.4729999993],[1615891.8190000001,544613.7349999994],[1615897.5209999997,544616.49799999967],[1615902.1040000003,544620.08400000073],[1615911.1370000001,544636.32799999975],[1615914.4810000006,544641.83699999936],[1615921.3279999997,544666.90699999966],[1615922.6060000006,544673.12199999951],[1615922.9389999993,544686.24000000022],[1615926.2829999998,544691.74799999967],[1615933.7440000009,544703.81499999948],[1615943.5500000007,544714.09300000034],[1615966.1710000001,544727.04099999927],[1615980.8809999991,544729.93899999931],[1615987.6870000008,544732.83699999936],[1616010.7530000005,544740.7349999994],[1616028.7909999993,544750.09699999914],[1616041.3139999993,544754.80299999937],[1616064.4149999991,544763.82200000063],[1616072.3039999995,544764.77800000086],[1616085.5869999994,544771.49100000039],[1616092.4079999998,544773.43400000036],[1616114.8200000003,544779.1799999997],[1616138.4010000005,544784.26999999955],[1616155.3330000006,544786.48100000061],[1616168.2709999997,544788.04900000058],[1616186.3230000008,544796.45600000024],[1616209.4120000005,544813.44800000079],[1616231.409,544822.33400000073],[1616242.3310000002,544824.77400000021],[1616267.1530000009,544827.94199999981],[1616287.5140000004,544833.43999999948],[1616309.2009999994,544838.30199999921],[1616331.7990000006,544842.15699999966],[1616347.7850000001,544844.25500000082],[1616363.9059999995,544844.29499999993],[1616379.8420000002,544846.22699999996],[1616392.3780000005,544849.98000000045],[1616399.0130000003,544853.81399999931],[1616404.7139999997,544856.57899999991]]},"properties":{"LINEAR_FEATURE_ID":707611548,"WATERSHED_GROUP_ID":186,"EDGE_TYPE":1000,"BLUE_LINE_KEY":356559464,"WATERSHED_KEY":356559464,"FWA_WATERSHED_CODE":"300-625474-020842-349237-000000-000000-000000-000000-000000-000000-000000-000000-000000-000000-000000-000000-000000-000000-000000-000000-000000","LOCAL_WATERSHED_CODE":"300-625474-020842-349237-633713-000000-000000-000000-000000-000000-000000-000000-000000-000000-000000-000000-000000-000000-000000-000000-000000","WATERSHED_GROUP_CODE":"SLOC","DOWNSTREAM_ROUTE_MEASURE":8387.6691712705415,"LENGTH_METRE":983.08385355151904,"FEATURE_SOURCE":"linear stream -","GNIS_ID":3011,"GNIS_NAME":"Winlaw Creek","LEFT_RIGHT_TRIBUTARY":"LEFT","STREAM_ORDER":3,"STREAM_MAGNITUDE":15,"WATERBODY_KEY":null,"BLUE_LINE_KEY_50K":162,"WATERSHED_CODE_50K":"340047200349000000000000000000000000000000000","WATERSHED_KEY_50K":162,"WATERSHED_GROUP_CODE_50K":"SLOC","GRADIENT":null,"FEATURE_CODE":"GA24850000","OBJECTID":3921399,"GEOMETRY.LEN":0,"FEATURE_LENGTH_M":990.29420000000005}},{"type":"Feature","id":3948395,"geometry":{"type":"LineString","coordinates":[[1617999.8460000008,533646.31299999915],[1617980.1009999998,533649.81799999997],[1617966.4030000009,533654.21600000001],[1617959.7550000008,533659.31000000052],[1617942.4749999996,533676.34999999963],[1617936.4849999994,533683.59600000083],[1617931.6119999997,533690.02099999972],[1617926.7259999998,533697.4020000007],[1617922.9690000005,533703.00599999912],[1617917.8059999999,533711.46900000051],[1617911.5270000007,533720.75300000049],[1617901.9379999992,533733.62299999967],[1617898.9580000006,533740.2770000007],[1617892.8479999993,533748.625],[1617888.909,533756.12099999934],[1617886.3880000003,533759.80100000091],[1617881.5140000004,533766.22699999996],[1617879.9900000002,533770.18799999915],[1617866.943,533785.6679999996],[1617862.0690000001,533792.09300000034],[1617844.2679999992,533812.89699999988],[1617840.6689999998,533818.51899999939],[1617829.0449999999,533838.15899999999],[1617818.8389999997,533853.98299999908],[1617816.1860000007,533859.72100000083],[1617806.5059999991,533879.75500000082],[1617795.0519999992,533898.45800000057],[1617780.5879999995,533917.75300000049],[1617768.9079999998,533929.25300000049],[1617757.7369999997,533937.94400000013],[1617741.6919999998,533953.06100000069],[1617718.5219999999,533969.22800000012],[1617699.4910000004,533983.02600000054],[1617686.5449999999,533990.38599999994],[1617677.7379999999,533995.37800000049],[1617667.9210000001,534001.04399999976],[1617655.6339999996,534010.55800000019],[1617647.6300000008,534018.67600000091],[1617636.2890000008,534028.30399999954],[1617620.0739999991,534044.35799999908],[1617614.2530000005,534050.6679999996],[1617607.1960000005,534058.9020000007],[1617598.8650000002,534067.93799999915],[1617587.0419999994,534082.45099999942],[1617581.7090000007,534091.84999999963],[1617570.7239999995,534106.62399999984],[1617561.6209999993,534122.58300000057],[1617558.9680000003,534128.3200000003],[1617555.2280000001,534140.94299999997],[1617551.6449999996,534153.58400000073],[1617545.4210000001,534171.00799999945],[1617541.3790000007,534186.62299999967],[1617540.4499999993,534193.5270000007],[1617538.5730000008,534200.31499999948],[1617536.5659999996,534209.16100000031],[1617532.6429999992,534223.67500000075],[1617529.2420000006,534234.42500000075],[1617524.7119999994,534246.95099999942],[1617521.7310000006,534253.60600000061],[1617516.3859999999,534263.9609999992],[1617506.977,534274.93899999931],[1617497.8729999997,534290.89800000004],[1617484.9440000001,534305.2770000007],[1617472.8420000002,534320.87199999951],[1617467.9680000003,534327.29800000042],[1617452.5669999998,534345.52300000004],[1617438.7530000005,534358.99799999967],[1617430.5289999992,534367.8870000001],[1617422.3550000004,534376.94299999997],[1617415.9550000001,534387.32899999991],[1617411.0810000002,534393.75500000082],[1617408.2569999993,534400.42899999954],[1617404.9749999996,534410.07699999958],[1617392.1180000007,534439.6129999999],[1617383.4729999993,534452.5979999993],[1617375.7860000003,534464.74200000055],[1617371.557,534474.27500000037],[1617362.6229999997,534489.29800000042],[1617356.0580000002,534508.59400000051],[1617344.7709999997,534526.36099999957],[1617335.6659999993,534542.3200000003],[1617324.0350000001,534553.98699999973],[1617319.2789999992,534559.31000000052],[1617306.9900000002,534568.82399999909],[1617299.1720000003,534583.02500000037],[1617291.9489999991,534600.16899999976],[1617283.0140000004,534615.19099999964],[1617280.2029999997,534620.91000000015],[1617273.7899999991,534632.25200000033],[1617265.6370000001,534656.29900000058],[1617258.5950000007,534671.55100000091],[1617256.5989999995,534679.44199999981],[1617250.6620000005,534694.82799999975],[1617246.8530000001,534700.26600000076],[1617235.1060000006,534721.00799999945],[1617218.4169999994,534740.99100000039],[1617213.2400000002,534750.41000000015],[1617200.3640000001,534772.92799999937],[1617194.4389999993,534787.35899999924],[1617186.3350000009,534811.57100000046],[1617176.7709999997,534830.50500000082],[1617169.2569999993,534849.68600000069],[1617166.2630000003,534857.29600000009],[1617157.0380000006,534874.35700000077],[1617152.1630000006,534880.78299999982],[1617139.8770000003,534898.26999999955],[1617132.0580000002,534912.47100000083],[1617127.3530000001,534917.9609999992],[1617112.4240000006,534940.23000000045],[1617104.8560000006,534951.27300000004],[1617101.2670000009,534955.94099999964],[1617083.1710000001,534978.78399999999],[1617068.8839999996,534996.18799999915],[1617064.773,535004.61999999918],[1617056.4279999994,535014.61199999973],[1617052.6689999998,535020.21600000001],[1617046.5449999999,535029.51999999955],[1617032.8640000001,535048.91200000048],[1617028.5020000003,535060.50200000033],[1617023.6260000002,535066.92799999937],[1617020.8139999993,535072.64699999988],[1617014.7019999996,535080.99499999918],[1617008.9989999998,535086.20500000007],[1616995.8440000005,535109.80599999987],[1616987.8540000003,535124.94299999997],[1616981.5600000005,535135.18400000036],[1616977.6190000009,535142.67899999954],[1616966.8169999998,535163.53600000031],[1616965.1089999992,535169.38800000027],[1616955.5299999993,535189.2770000007],[1616945.659,535203.23000000045],[1616928.7980000004,535224.15000000037],[1616916.1009999998,535244.7770000007],[1616908.2310000006,535258.81299999915],[1616898.5170000009,535272.78500000015],[1616891.4729999993,535288.03700000048],[1616880.318,535311.72199999914],[1616877.6630000006,535317.45900000073],[1616871.8560000006,535330.7890000008],[1616866.6899999995,535339.25200000033],[1616854.7430000007,535354.86700000055],[1616847.8029999994,535362],[1616840.1140000001,535374.14499999955],[1616834.1750000007,535389.53099999949],[1616830.8080000002,535399.84600000083],[1616830.7200000007,535400.11500000022],[1616830.4309999999,535402.15300000086],[1616826.6740000006,535415.73000000045],[1616821.2070000004,535427.18700000085],[1616813.8609999996,535445.43300000019],[1616811.3939999994,535465.22599999979],[1616806.7569999993,535485.87199999951],[1616804.8780000005,535492.66100000031],[1616798.4790000003,535511.02099999972],[1616788.0840000007,535528.7379999999],[1616784.4949999992,535533.40599999949],[1616771.7459999993,535553.86800000072],[1616768.6319999993,535562.58000000007],[1616761.273,535581.78099999949],[1616754.0580000002,535597.96900000051],[1616751.7579999994,535608.85300000012],[1616744.0710000005,535628.97100000083],[1616728.375,535649.2349999994],[1616721.4379999992,535664.34100000001],[1616711.7349999994,535677.35799999908],[1616703.8629999999,535691.39399999939],[1616701.0370000005,535698.06799999997],[1616688.4590000007,535717.59400000051],[1616677.9409999996,535728.43899999931],[1616651.0040000007,535750.21299999952],[1616635.0859999992,535771.24799999967],[1616626.0280000009,535787.37299999967],[1616623.9790000003,535795.0979999993],[1616619.8000000007,535812.77099999972],[1616617.4639999997,535830.50699999928],[1616615.4670000002,535846.36999999918],[1616613.8259999994,535867.38000000082],[1616613.0789999999,535880.36500000022],[1616610.3190000001,535894.2229999993],[1616607.3780000005,535917.9450000003],[1616604.9220000003,535936.78299999982],[1616601.9910000004,535951.57699999958],[1616598.1150000002,535974.22900000028],[1616595.6459999997,535994.02199999988],[1616594.2919999994,536005.01999999955],[1616591.6530000009,536025.74899999984],[1616589.0769999996,536045.68899999931],[1616587.8420000002,536055.58500000089],[1616585.0830000006,536077.41599999927],[1616582.4440000001,536098.14499999955],[1616580.341,536122.12900000066],[1616581.2369999997,536146.47499999963],[1616580.6610000003,536166.49699999951],[1616582.7789999992,536181.9020000007],[1616585.3709999993,536201.35099999979],[1616586.0820000004,536219.61600000039],[1616585.7939999998,536229.62700000033],[1616586.2149999999,536249.92899999954],[1616585.1520000007,536266.8629999999],[1616584.0989999995,536274.86800000072],[1616582.1030000001,536298.70500000007]]},"properties":{"LINEAR_FEATURE_ID":707096367,"WATERSHED_GROUP_ID":90,"EDGE_TYPE":1000,"BLUE_LINE_KEY":356418578,"WATERSHED_KEY":356418578,"FWA_WATERSHED_CODE":"300-625474-035714-000000-000000-000000-000000-000000-000000-000000-000000-000000-000000-000000-000000-000000-000000-000000-000000-000000-000000","LOCAL_WATERSHED_CODE":"300-625474-035714-000000-000000-000000-000000-000000-000000-000000-000000-000000-000000-000000-000000-000000-000000-000000-000000-000000-000000","WATERSHED_GROUP_CODE":"KOTL","DOWNSTREAM_ROUTE_MEASURE":167.30807042528102,"LENGTH_METRE":3111.8390995397899,"FEATURE_SOURCE":"linear stream -","GNIS_ID":2332,"GNIS_NAME":"Garrity Creek","LEFT_RIGHT_TRIBUTARY":"RIGHT","STREAM_ORDER":2,"STREAM_MAGNITUDE":2,"WATERBODY_KEY":null,"BLUE_LINE_KEY_50K":108,"WATERSHED_CODE_50K":"340079900000000000000000000000000000000000000","WATERSHED_KEY_50K":108,"WATERSHED_GROUP_CODE_50K":"KOTL","GRADIENT":null,"FEATURE_CODE":"GA24850000","OBJECTID":3948395,"GEOMETRY.LEN":0,"FEATURE_LENGTH_M":3206.3999000000003}},{"type":"Feature","id":3958488,"geometry":{"type":"LineString","coordinates":[[1608011.5370000005,526902.03399999999],[1608013.2349999994,526896.17899999954],[1608015.2599999998,526889.40599999949],[1608016.5779999997,526870.43400000036],[1608014.7949999999,526860.17899999954],[1608004.3809999991,526839.65000000037],[1607998.2609999999,526816.76300000027],[1607986.4839999992,526805.15799999982],[1607969.4379999992,526788.77999999933],[1607960.727,526785.66999999993],[1607954.8859999999,526784.97399999946],[1607948.0700000003,526782.08999999985],[1607936.9820000008,526774.7109999992],[1607917.0659999996,526755.91899999976],[1607911.057,526756.16000000015],[1607901.1129999999,526754.97499999963],[1607876.1009999998,526753.74899999984],[1607852.9949999992,526751.7929999996],[1607834.9900000002,526750.60500000045],[1607815.0399999991,526749.02500000037],[1607796.0370000005,526747.55900000036],[1607784.977,526747.19800000079],[1607763.1439999994,526744.43799999915],[1607754.4220000003,526742.28299999982],[1607738.7660000008,526738.34600000083],[1607727.1730000004,526733.7770000007],[1607712.6219999995,526729.97199999914],[1607702.3129999992,526723.64299999923],[1607686.4100000001,526713.46000000089],[1607679.0999999996,526707.4879999999],[1607665.2100000009,526705.83400000073],[1607654.2679999992,526704.37199999951],[1607645.2599999998,526704.25500000082],[1607638.1569999997,526703.40899999999],[1607623.2679999992,526701.47699999996],[1607617.3330000006,526685.62700000033],[1607611.0710000005,526670.69400000013],[1607606.2789999992,526661.03700000048],[1607596.0600000005,526646.58999999985],[1607580.9859999996,526637.62199999951],[1607559.8760000002,526621.87800000049],[1607544.4379999992,526607.7650000006],[1607529.3640000001,526598.79700000025],[1607516.1349999998,526584.94800000079],[1607495.3320000004,526565.25599999912],[1607490.3599999994,526557.49100000039]]},"properties":{"LINEAR_FEATURE_ID":707618229,"WATERSHED_GROUP_ID":186,"EDGE_TYPE":1000,"BLUE_LINE_KEY":356570142,"WATERSHED_KEY":356570142,"FWA_WATERSHED_CODE":"300-625474-020842-045408-000000-000000-000000-000000-000000-000000-000000-000000-000000-000000-000000-000000-000000-000000-000000-000000-000000","LOCAL_WATERSHED_CODE":"300-625474-020842-045408-214991-000000-000000-000000-000000-000000-000000-000000-000000-000000-000000-000000-000000-000000-000000-000000-000000","WATERSHED_GROUP_CODE":"SLOC","DOWNSTREAM_ROUTE_MEASURE":4961.6458612284805,"LENGTH_METRE":697.35032092918607,"FEATURE_SOURCE":"linear stream -","GNIS_ID":18130,"GNIS_NAME":"Goose Creek","LEFT_RIGHT_TRIBUTARY":"RIGHT","STREAM_ORDER":4,"STREAM_MAGNITUDE":67,"WATERBODY_KEY":null,"BLUE_LINE_KEY_50K":18,"WATERSHED_CODE_50K":"340047200045000000000000000000000000000000000","WATERSHED_KEY_50K":18,"WATERSHED_GROUP_CODE_50K":"SLOC","GRADIENT":null,"FEATURE_CODE":"GA24850000","OBJECTID":3958488,"GEOMETRY.LEN":0,"FEATURE_LENGTH_M":700.1454}},{"type":"Feature","id":3958496,"geometry":{"type":"LineString","coordinates":[[1605415.7750000004,534316.49200000055],[1605417.6370000001,534302.68500000052],[1605417.1070000008,534290.50599999912],[1605416.8660000004,534276.28999999911],[1605416.216,534265.21299999952],[1605417.2550000008,534258.16200000048],[1605415.9639999997,534251.95099999942],[1605411.1980000008,534241.34200000018],[1605406.8800000008,534228.71299999952],[1605406.5360000003,534222.61400000006],[1605399.5199999996,534206.63599999994],[1605396.1490000002,534194.11999999918],[1605393.9110000003,534187.79600000009],[1605388.9629999995,534179.07799999975],[1605385.2640000004,534167.47900000028],[1605383.1290000007,534153.03800000064],[1605382.4829999991,534149.93200000003],[1605377.4000000004,534135.29900000058],[1605376.5840000007,534133.13000000082],[1605375.2929999996,534126.91899999976],[1605370.6309999991,534108.19099999964],[1605366.9189999998,534097.54800000042],[1605364.8340000007,534083.27199999988],[1605362.4260000009,534077.88399999961],[1605358.3059999999,534070.38000000082],[1605355.5250000004,534052.83300000057],[1605354.693,534043.64699999988],[1605353.4020000007,534037.43600000069],[1605352.2799999993,534030.2890000008],[1605348.2670000009,534022.63800000027],[1605348.2479999997,534022.54499999993],[1605347.6219999995,534019.53299999982],[1605347.6050000004,534012.51600000076],[1605345.3790000007,534005.2379999999],[1605342.9539999999,533992.83400000073],[1605340.0580000002,533984.3599999994],[1605340.6490000002,533979.32799999975],[1605337.4629999995,533972.89200000092],[1605331.8650000002,533953.09699999914],[1605324.7809999995,533929.93799999915],[1605320.8310000002,533921.49699999951],[1605315.4230000004,533915.75400000066],[1605311.4100000001,533908.10300000012],[1605308.8829999994,533903.81799999997],[1605308.2249999996,533901.66699999943],[1605307.2899999991,533900.59999999963],[1605305.0390000008,533895.23100000061],[1605296.4460000005,533883.05100000091],[1605291.9690000005,533870.40399999917],[1605291.307,533860.28199999966],[1605287.25,533843.53999999911],[1605285.466,533826.26999999955],[1605283.9759999998,533814.93400000036],[1605282.0390000008,533805.61700000055],[1605281.6649999991,533793.45800000057],[1605274.3039999995,533771.38099999912],[1605270.4719999991,533761.83899999969],[1605261.4030000009,533745.61700000055],[1605251.4890000001,533721.16499999911],[1605247.9639999997,533716.60199999996],[1605244.4890000001,533712.20399999991],[1605243.8310000002,533710.05299999937],[1605239.9989999998,533700.51099999994],[1605236.6390000004,533687.03999999911],[1605234.9780000001,533676.64100000076],[1605231.6229999997,533671.14100000076],[1605221.7369999997,533652.75],[1605213.5859999992,533630.58000000007],[1605205.4629999995,533614.47000000067],[1605194.3300000001,533598.96000000089],[1605191.9210000001,533593.57300000079],[1605188.7349999994,533587.1370000001],[1605185.0730000008,533576.65899999999],[1605180.5830000006,533564.96700000018],[1605177.6989999991,533555.53700000048],[1605175.4600000009,533549.21399999969],[1605170.6809999999,533539.56000000052],[1605163.034,533527.49300000072],[1605156.7809999995,533513.51899999939],[1605152.7740000002,533496.94199999981],[1605149.7070000004,533489.40399999917],[1605144.2819999997,533476.64399999939],[1605136.6740000006,533465.69800000079],[1605129.6730000004,533456.73599999957],[1605110.8859999999,533438.0859999992],[1605100.7550000008,533430.82499999925],[1605078.8609999996,533411.96499999985],[1605058.4340000004,533406.35199999996],[1605045.4409999996,533404.64900000021],[1605031.6579999998,533402.85300000012],[1605015.6649999991,533400.79499999993],[1604999.8809999991,533398.92100000009],[1604986.0600000005,533396.00500000082],[1604968.6439999994,533389.7929999996],[1604953.2799999993,533383.82399999909],[1604933.1429999992,533376.17300000042],[1604909.8990000002,533368.31299999915],[1604894.4839999992,533362.17899999954],[1604882.9470000006,533357.77999999933],[1604872.4759999998,533352.39299999923],[1604852.8090000004,533340.81200000085],[1604834.4289999995,533327.47199999914],[1604808.9010000005,533321.09400000051],[1604785.1860000007,533317.1640000008],[1604768.4039999992,533315.01300000027],[1604755.5800000001,533312.375],[1604746.0439999998,533308.0549999997],[1604736.2139999997,533297.80199999921],[1604729.8420000002,533284.93099999987],[1604717.716,533260.21800000034],[1604714.2740000002,533240.52099999972],[1604711.3880000003,533231.09200000018],[1604707.3859999999,533222.48699999973],[1604704.4829999991,533206.04199999943],[1604697.5769999996,533180.99200000055],[1604694.5040000007,533165.48299999908],[1604691.318,533159.04700000025],[1604688.2440000009,533143.5390000008],[1604684.5309999995,533132.89599999972],[1604678.8159999996,533122.17500000075],[1604676.5590000004,533108.83500000089],[1604674.5519999992,533092.33699999936],[1604674.1879999992,533079.22199999914],[1604672.8780000005,533065.99499999918],[1604670.2750000004,533046.55700000003],[1604663.9639999997,533024.44700000063],[1604662.8239999991,533010.28399999999]]},"properties":{"LINEAR_FEATURE_ID":707617461,"WATERSHED_GROUP_ID":186,"EDGE_TYPE":1000,"BLUE_LINE_KEY":356435040,"WATERSHED_KEY":356435040,"FWA_WATERSHED_CODE":"300-625474-020842-156509-000000-000000-000000-000000-000000-000000-000000-000000-000000-000000-000000-000000-000000-000000-000000-000000-000000","LOCAL_WATERSHED_CODE":"300-625474-020842-156509-398167-000000-000000-000000-000000-000000-000000-000000-000000-000000-000000-000000-000000-000000-000000-000000-000000","WATERSHED_GROUP_CODE":"SLOC","DOWNSTREAM_ROUTE_MEASURE":1095.0413995772801,"LENGTH_METRE":1655.15723215719,"FEATURE_SOURCE":"linear stream -","GNIS_ID":11020,"GNIS_NAME":"Greavison Creek","LEFT_RIGHT_TRIBUTARY":"RIGHT","STREAM_ORDER":1,"STREAM_MAGNITUDE":1,"WATERBODY_KEY":null,"BLUE_LINE_KEY_50K":null,"WATERSHED_CODE_50K":null,"WATERSHED_KEY_50K":null,"WATERSHED_GROUP_CODE_50K":null,"GRADIENT":null,"FEATURE_CODE":"GA24850150","OBJECTID":3958496,"GEOMETRY.LEN":0,"FEATURE_LENGTH_M":1835.4463000000001}},{"type":"Feature","id":3970176,"geometry":{"type":"LineString","coordinates":[[1620685.4370000008,538440.25599999912],[1620679.0150000006,538459.56699999981],[1620675.6050000004,538470.31499999948],[1620672.0089999996,538490.92799999937],[1620666.8990000002,538514.54600000009],[1620660.0150000006,538536.83100000024],[1620655.7780000009,538546.36199999973],[1620644.0150000006,538567.09600000083],[1620636.9489999991,538583.29900000058],[1620633.0519999992,538598.93099999987],[1620628.8259999994,538615.48000000045],[1620625.1119999997,538629.22100000083],[1620620.7609999999,538662.8200000003],[1620612.9299999997,538684.98900000006],[1620610.466,538695.85300000012],[1620611.4590000007,538712.08100000024],[1620610.6809999999,538719.00300000049],[1620607.7530000005,538740.81399999931],[1620606.2200000007,538760.72199999914],[1620603.7909999993,538780.6799999997],[1620594.8420000002,538803.66999999993],[1620585.9079999998,538817.73200000077],[1620579.8969999999,538825.9299999997],[1620560.2070000004,538844.58100000024],[1620555.0710000005,538862.13599999994],[1620555.1300000008,538877.29399999976],[1620546.3029999994,538891.20900000073],[1620541.4220000003,538897.63099999912],[1620523.6630000006,538917.63399999961],[1620519.2440000009,538921.0820000004],[1620498.5940000005,538940.57300000079],[1620491.1879999992,538950.67500000075],[1620474.3489999995,538972.70399999991],[1620467.2970000003,538979.97800000012],[1620451.2239999995,538996.03999999911],[1620427.2850000001,539017.20299999975],[1620421.4570000004,539023.50999999978],[1620403.9879999999,539041.47599999979],[1620389.9890000001,539063.85099999979],[1620382.2650000006,539077.90100000054],[1620374.568,539090.03999999911],[1620364.2109999992,539107.91499999911],[1620349.2520000003,539131.13099999912],[1620338.9079999998,539148.05100000091],[1620334.318,539152.43500000052]]},"properties":{"LINEAR_FEATURE_ID":707092062,"WATERSHED_GROUP_ID":90,"EDGE_TYPE":1000,"BLUE_LINE_KEY":356545045,"WATERSHED_KEY":356545045,"FWA_WATERSHED_CODE":"300-625474-042847-000000-000000-000000-000000-000000-000000-000000-000000-000000-000000-000000-000000-000000-000000-000000-000000-000000-000000","LOCAL_WATERSHED_CODE":"300-625474-042847-321344-000000-000000-000000-000000-000000-000000-000000-000000-000000-000000-000000-000000-000000-000000-000000-000000-000000","WATERSHED_GROUP_CODE":"KOTL","DOWNSTREAM_ROUTE_MEASURE":4691.3321682692995,"LENGTH_METRE":820.56578636486404,"FEATURE_SOURCE":"linear stream -","GNIS_ID":25643,"GNIS_NAME":"Sproule Creek","LEFT_RIGHT_TRIBUTARY":"RIGHT","STREAM_ORDER":4,"STREAM_MAGNITUDE":65,"WATERBODY_KEY":null,"BLUE_LINE_KEY_50K":114,"WATERSHED_CODE_50K":"340095600000000000000000000000000000000000000","WATERSHED_KEY_50K":114,"WATERSHED_GROUP_CODE_50K":"KOTL","GRADIENT":null,"FEATURE_CODE":"GA24850000","OBJECTID":3970176,"GEOMETRY.LEN":0,"FEATURE_LENGTH_M":821.29240000000004}},{"type":"Feature","id":3972622,"geometry":{"type":"LineString","coordinates":[[1617309.2139999997,532239.13099999912],[1617302.102,532239.22599999979],[1617294.9780000001,532240.27600000054],[1617284.2080000006,532237.85600000061],[1617275.6909999996,532240.81100000069],[1617265.1899999995,532259.63000000082],[1617257.2019999996,532266.79499999993],[1617245.2060000002,532274.27099999972],[1617231.9149999991,532275.53199999966],[1617220.8579999991,532275.15000000037],[1617199.7479999997,532282.63900000043],[1617186.9159999993,532280.92600000091],[1617179.9839999992,532279.13000000082],[1617166.6830000002,532281.34600000083],[1617148.2320000008,532291.07100000046],[1617137.5539999995,532302.85300000012],[1617134.2559999991,532305.48299999908],[1617130.7880000006,532309.04900000058],[1617127.5020000003,532310.72499999963],[1617125.2689999994,532312.36800000072],[1617123.2060000002,532313.07499999925],[1617122.1410000008,532314.06200000085],[1617108.3929999992,532318.29700000025],[1617103.0429999996,532320.67899999954],[1617078.4159999993,532331.56900000013],[1617059.6569999997,532336.31399999931],[1617040.5289999992,532336.86900000088],[1617021.2420000006,532337.40399999917],[1617003.8880000003,532339.2890000008],[1616996.318,532342.35899999924],[1616962.1070000008,532357.19299999997],[1616949.4519999996,532362.51700000092],[1616933.534,532367.60700000077],[1616911.4269999992,532374.81699999981],[1616902.1209999993,532377.67699999921],[1616882.9039999992,532385.39599999972],[1616866.4470000006,532387.23100000061],[1616856.0240000002,532390.91300000064],[1616839.3369999994,532402.92500000075],[1616813.8440000005,532419.93099999987],[1616790.0319999997,532432.99400000088],[1616771.9279999994,532448.82100000046],[1616751.9619999994,532470.48200000077],[1616735.0940000005,532484.38599999994],[1616723.2980000004,532496.99000000022],[1616696.5460000001,532517.83100000024],[1616675.6850000005,532522.16300000064],[1616655.909,532519.61099999957],[1616635.8570000008,532518.14100000076],[1616625.4460000005,532520.86800000072],[1616607.6219999995,532526.68400000036],[1616588.4539999999,532526.11900000088],[1616572.9739999995,532521.21700000018],[1616568.6699999999,532515.59400000051],[1616561.3680000007,532509.60799999908],[1616540.3100000005,532499.88599999994],[1616533.8369999994,532495.11600000039],[1616526.0649999995,532493.06000000052],[1616514.0610000007,532492.56499999948],[1616492.8920000009,532491.91699999943],[1616481.1950000003,532496.4020000007],[1616467.0280000009,532504.73399999924],[1616445.0979999993,532518.98299999908],[1616438.6319999993,532522.18799999915],[1616428.2320000008,532523.95900000073],[1616416.2280000001,532523.46399999969]]},"properties":{"LINEAR_FEATURE_ID":707097581,"WATERSHED_GROUP_ID":90,"EDGE_TYPE":1000,"BLUE_LINE_KEY":356565749,"WATERSHED_KEY":356565749,"FWA_WATERSHED_CODE":"300-625474-033788-000000-000000-000000-000000-000000-000000-000000-000000-000000-000000-000000-000000-000000-000000-000000-000000-000000-000000","LOCAL_WATERSHED_CODE":"300-625474-033788-000000-000000-000000-000000-000000-000000-000000-000000-000000-000000-000000-000000-000000-000000-000000-000000-000000-000000","WATERSHED_GROUP_CODE":"KOTL","DOWNSTREAM_ROUTE_MEASURE":166.27293209489403,"LENGTH_METRE":1001.91741855749,"FEATURE_SOURCE":"linear stream -","GNIS_ID":18605,"GNIS_NAME":"Falls Creek","LEFT_RIGHT_TRIBUTARY":"RIGHT","STREAM_ORDER":5,"STREAM_MAGNITUDE":55,"WATERBODY_KEY":null,"BLUE_LINE_KEY_50K":106,"WATERSHED_CODE_50K":"340075500000000000000000000000000000000000000","WATERSHED_KEY_50K":106,"WATERSHED_GROUP_CODE_50K":"KOTL","GRADIENT":null,"FEATURE_CODE":"GA24850000","OBJECTID":3972622,"GEOMETRY.LEN":0,"FEATURE_LENGTH_M":1008.2541}},{"type":"Feature","id":3993301,"geometry":{"type":"LineString","coordinates":[[1608543.8310000002,533421.56100000069],[1608550.9450000003,533421.45399999991],[1608557.5999999996,533424.32200000063],[1608561.8910000008,533430.89200000092],[1608560.7469999995,533454.9879999999],[1608560.9220000003,533462.02400000021],[1608561.9370000008,533469.31900000013],[1608569.2329999991,533484.22000000067],[1608576.7210000008,533496.27400000021],[1608581.6699999999,533504.99599999934],[1608592.4010000005,533531.62600000016],[1608609.0610000007,533551.78999999911],[1608629.7469999995,533578.65300000086],[1608641.6400000006,533588.20399999991],[1608655.284,533600.99400000088],[1608663.4250000007,533607.22699999996],[1608670.3570000008,533609.0120000001],[1608687.2960000001,533611.1950000003],[1608702.3010000009,533612.03099999949],[1608717.1989999991,533613.01300000027],[1608728.2589999996,533613.37800000049],[1608746.3139999993,533614.7379999999],[1608752.9700000007,533617.60500000045],[1608760.7300000004,533620.60500000045],[1608766.557,533622.25699999928],[1608781.4440000001,533624.1950000003],[1608783.3259999994,533625.37700000033],[1608790.1630000006,533626.35300000012],[1608797.0950000007,533628.13800000027],[1608805.0370000005,533629.24599999934],[1608814.9920000006,533629.47900000028],[1608819.8729999997,533631.01899999939],[1608830.5120000001,533635.47800000012],[1608838.2899999991,533645.49499999918],[1608841.4759999998,533651.93400000036],[1608843.8959999997,533656.36800000072],[1608848.1989999991,533661.98399999924],[1608853.7259999998,533666.63000000082],[1608856.7239999995,533666.9879999999],[1608860.6699999999,533667.46000000089],[1608861.6679999996,533667.7379999999],[1608882.2119999994,533672.26600000076],[1608888.8550000004,533676.08899999969],[1608906.6380000003,533686.50400000066],[1608915.0490000006,533700.5820000004],[1608917.6400000006,533704.08000000007],[1608924.5889999997,533712.88199999928],[1608928.6030000001,533720.53600000031],[1608933.6699999999,533728.15599999949],[1608939.4470000006,533738.09300000034],[1608941.159,533740.2109999992],[1608948.3460000008,533755.25899999961],[1608951.7009999994,533760.7620000001],[1608954.7559999991,533769.25699999928],[1608955.7200000007,533776.3870000001],[1608958.4350000005,533786.75599999912],[1608962.9069999997,533791.43600000069]]},"properties":{"LINEAR_FEATURE_ID":707617356,"WATERSHED_GROUP_ID":186,"EDGE_TYPE":1000,"BLUE_LINE_KEY":356467754,"WATERSHED_KEY":356467754,"FWA_WATERSHED_CODE":"300-625474-020842-119028-000000-000000-000000-000000-000000-000000-000000-000000-000000-000000-000000-000000-000000-000000-000000-000000-000000","LOCAL_WATERSHED_CODE":"300-625474-020842-119028-301978-000000-000000-000000-000000-000000-000000-000000-000000-000000-000000-000000-000000-000000-000000-000000-000000","WATERSHED_GROUP_CODE":"SLOC","DOWNSTREAM_ROUTE_MEASURE":269.31229582918604,"LENGTH_METRE":622.51262180364006,"FEATURE_SOURCE":"linear stream -","GNIS_ID":34533,"GNIS_NAME":"Brodie Creek","LEFT_RIGHT_TRIBUTARY":"LEFT","STREAM_ORDER":1,"STREAM_MAGNITUDE":1,"WATERBODY_KEY":null,"BLUE_LINE_KEY_50K":null,"WATERSHED_CODE_50K":null,"WATERSHED_KEY_50K":null,"WATERSHED_GROUP_CODE_50K":null,"GRADIENT":null,"FEATURE_CODE":"GA24850000","OBJECTID":3993301,"GEOMETRY.LEN":0,"FEATURE_LENGTH_M":673.99959999999999}},{"type":"Feature","id":4089145,"geometry":{"type":"LineString","coordinates":[[1611976.1079999991,545016.10700000077],[1611989.8210000005,545011.69700000063],[1611998.0539999995,545010.77500000037],[1612005.477,545007.68200000003],[1612026.0240000002,544997.2379999999],[1612050.1720000003,544989.14200000092],[1612068.6539999992,544986.42400000058],[1612091.8910000008,544979.33400000073],[1612115.6239999998,544974.37700000033],[1612135.0519999992,544964.75699999928],[1612149.7239999995,544952.49000000022],[1612175.0040000007,544935.59999999963],[1612190.7819999997,544930.48399999924],[1612206.7180000003,544925.38599999994],[1612218.2579999994,544921.8320000004],[1612235.0470000003,544916.03999999911],[1612252.0649999995,544909],[1612272.318,544900.59500000067],[1612293.3320000004,544894.1950000003],[1612304.8570000008,544891.59600000083],[1612313.227,544888.61800000072],[1612339.1300000008,544875.79099999927],[1612350.6699999999,544872.23699999973],[1612367.5659999996,544866.29900000058],[1612388.5940000005,544858.94400000013],[1612412.4470000006,544845.86999999918],[1612425.2119999994,544841.3479999993],[1612440.0580000002,544835.16300000064],[1612455.0749999993,544828.04199999943],[1612477.3790000007,544819.88499999978],[1612486.0280000009,544815.82399999909],[1612505.3350000009,544814.32200000063],[1612512.4639999997,544813.26799999923],[1612525.2290000003,544808.74599999934]]},"properties":{"LINEAR_FEATURE_ID":707611444,"WATERSHED_GROUP_ID":186,"EDGE_TYPE":1000,"BLUE_LINE_KEY":356559464,"WATERSHED_KEY":356559464,"FWA_WATERSHED_CODE":"300-625474-020842-349237-000000-000000-000000-000000-000000-000000-000000-000000-000000-000000-000000-000000-000000-000000-000000-000000-000000","LOCAL_WATERSHED_CODE":"300-625474-020842-349237-353907-000000-000000-000000-000000-000000-000000-000000-000000-000000-000000-000000-000000-000000-000000-000000-000000","WATERSHED_GROUP_CODE":"SLOC","DOWNSTREAM_ROUTE_MEASURE":4684.2215800780705,"LENGTH_METRE":591.86922816384299,"FEATURE_SOURCE":"linear stream -","GNIS_ID":3011,"GNIS_NAME":"Winlaw Creek","LEFT_RIGHT_TRIBUTARY":"LEFT","STREAM_ORDER":3,"STREAM_MAGNITUDE":35,"WATERBODY_KEY":null,"BLUE_LINE_KEY_50K":162,"WATERSHED_CODE_50K":"340047200349000000000000000000000000000000000","WATERSHED_KEY_50K":162,"WATERSHED_GROUP_CODE_50K":"SLOC","GRADIENT":null,"FEATURE_CODE":"GA24850000","OBJECTID":4089145,"GEOMETRY.LEN":0,"FEATURE_LENGTH_M":592.91700000000003}},{"type":"Feature","id":4106018,"geometry":{"type":"LineString","coordinates":[[1603465.8359999992,542929.65599999949],[1603458.227,542934.65300000086],[1603453.3369999994,542941.08799999952],[1603440.3739999998,542955.49300000072],[1603430.9389999993,542966.49000000022],[1603425.8780000005,542973.86099999957],[1603423.0399999991,542980.53999999911],[1603418.9619999994,542989.14299999923],[1603416.125,542995.82200000063],[1603413.1290000007,543002.48100000061],[1603408.8790000007,543012.02099999972],[1603404.9230000004,543019.52400000021],[1603404.4940000009,543023.61800000072],[1603392.1710000001,543041.12800000049],[1603384.3249999993,543062.35899999924],[1603381.1799999997,543072.02999999933],[1603368.2699999996,543093.61600000039],[1603365.2599999998,543101.23000000045],[1603354.9989999998,543111.01400000043],[1603350.1089999992,543117.44899999909],[1603345.2050000001,543124.83899999969],[1603337.8379999995,543142.1400000006],[1603331.2290000003,543154.42899999954],[1603321.4360000007,543168.25400000066],[1603315.4140000008,543176.46800000034],[1603302.9680000003,543195.08000000007],[1603297.3059999999,543207.48200000077],[1603295.5859999992,543213.3359999992],[1603285.9790000003,543225.26999999955],[1603280.6099999994,543235.63399999961],[1603274,543247.92300000042],[1603269.4039999992,543252.32100000046],[1603255.8389999997,543271.75699999928],[1603253.6520000007,543273.5700000003],[1603248.5899999999,543280.94099999964],[1603235.5040000007,543296.44800000079],[1603229.0170000009,543307.63599999994],[1603228.7090000007,543310.62900000066],[1603223.9910000004,543316.12700000033],[1603219.1009999998,543322.56200000085],[1603214.3330000006,543327.89599999972],[1603210.5620000008,543333.50699999928],[1603198.8880000003,543346.1520000007],[1603194.2909999993,543350.55000000075],[1603182.1490000002,543359.15399999917],[1603173.1420000009,543366.05700000003],[1603161.2939999998,543372.62399999984],[1603154.8169999998,543375.84100000001],[1603141.9849999994,543381.17500000075],[1603134.5620000008,543384.28099999949],[1603131.3910000008,543384.86099999957],[1603115.9049999993,543387.96700000018]]},"properties":{"LINEAR_FEATURE_ID":707612200,"WATERSHED_GROUP_ID":186,"EDGE_TYPE":1000,"BLUE_LINE_KEY":356539292,"WATERSHED_KEY":356539292,"FWA_WATERSHED_CODE":"300-625474-020842-272863-000000-000000-000000-000000-000000-000000-000000-000000-000000-000000-000000-000000-000000-000000-000000-000000-000000","LOCAL_WATERSHED_CODE":"300-625474-020842-272863-227186-000000-000000-000000-000000-000000-000000-000000-000000-000000-000000-000000-000000-000000-000000-000000-000000","WATERSHED_GROUP_CODE":"SLOC","DOWNSTREAM_ROUTE_MEASURE":755.36175905842401,"LENGTH_METRE":594.874167585132,"FEATURE_SOURCE":"linear stream -","GNIS_ID":21568,"GNIS_NAME":"Draw Creek","LEFT_RIGHT_TRIBUTARY":"RIGHT","STREAM_ORDER":3,"STREAM_MAGNITUDE":8,"WATERBODY_KEY":null,"BLUE_LINE_KEY_50K":148,"WATERSHED_CODE_50K":"340047200273000000000000000000000000000000000","WATERSHED_KEY_50K":148,"WATERSHED_GROUP_CODE_50K":"SLOC","GRADIENT":null,"FEATURE_CODE":"GA24850000","OBJECTID":4106018,"GEOMETRY.LEN":0,"FEATURE_LENGTH_M":667.47329999999999}},{"type":"Feature","id":4116496,"geometry":{"type":"LineString","coordinates":[[1617216.818,546140.39699999988],[1617217.4409999996,546151.47699999996],[1617218.5590000004,546157.67400000058],[1617218.6150000002,546181.92300000042],[1617219.7190000005,546189.07399999909],[1617222.7510000002,546211.61099999957],[1617223.9049999993,546218.92799999937],[1617230.4010000005,546238.85500000045],[1617239.5859999992,546262.13900000043],[1617246.0820000004,546275.04900000058],[1617250.0759999994,546282.7109999992],[1617255.159,546298.48000000045],[1617258.1559999995,546305.86099999957],[1617260.3640000001,546313.14699999988],[1617267.2029999997,546338.22000000067],[1617270.2510000002,546345.76700000092],[1617269.1669999994,546354.72599999979],[1617264.2599999998,546369.12199999951],[1617259.2459999993,546376.64699999988],[1617251.7939999998,546388.66000000015],[1617239.9949999992,546409.39599999972],[1617229.7310000006,546426.17200000025],[1617218.7410000004,546449.08000000007],[1617208.6339999996,546472.89200000092],[1617193.807,546495.17400000058],[1617190.0490000006,546499.82200000063]]},"properties":{"LINEAR_FEATURE_ID":707610965,"WATERSHED_GROUP_ID":186,"EDGE_TYPE":1000,"BLUE_LINE_KEY":356559464,"WATERSHED_KEY":356559464,"FWA_WATERSHED_CODE":"300-625474-020842-349237-000000-000000-000000-000000-000000-000000-000000-000000-000000-000000-000000-000000-000000-000000-000000-000000-000000","LOCAL_WATERSHED_CODE":"300-625474-020842-349237-836048-000000-000000-000000-000000-000000-000000-000000-000000-000000-000000-000000-000000-000000-000000-000000-000000","WATERSHED_GROUP_CODE":"SLOC","DOWNSTREAM_ROUTE_MEASURE":11065.713839661701,"LENGTH_METRE":389.33862226398907,"FEATURE_SOURCE":"linear stream -","GNIS_ID":3011,"GNIS_NAME":"Winlaw Creek","LEFT_RIGHT_TRIBUTARY":"LEFT","STREAM_ORDER":3,"STREAM_MAGNITUDE":6,"WATERBODY_KEY":null,"BLUE_LINE_KEY_50K":171,"WATERSHED_CODE_50K":"340047200349007920000000000000000000000000000","WATERSHED_KEY_50K":171,"WATERSHED_GROUP_CODE_50K":"SLOC","GRADIENT":null,"FEATURE_CODE":"GA24850150","OBJECTID":4116496,"GEOMETRY.LEN":0,"FEATURE_LENGTH_M":397.66030000000001}},{"type":"Feature","id":4151861,"geometry":{"type":"LineString","coordinates":[[1613950.3509999998,535506.89599999972],[1613948.3670000006,535521.80399999954],[1613948.4230000004,535537.91499999911],[1613951.1339999996,535548.28700000048],[1613954.2009999994,535563.8049999997],[1613956.8049999997,535574.32300000079]]},"properties":{"LINEAR_FEATURE_ID":707094921,"WATERSHED_GROUP_ID":90,"EDGE_TYPE":1000,"BLUE_LINE_KEY":356565749,"WATERSHED_KEY":356565749,"FWA_WATERSHED_CODE":"300-625474-033788-000000-000000-000000-000000-000000-000000-000000-000000-000000-000000-000000-000000-000000-000000-000000-000000-000000-000000","LOCAL_WATERSHED_CODE":"300-625474-033788-471833-000000-000000-000000-000000-000000-000000-000000-000000-000000-000000-000000-000000-000000-000000-000000-000000-000000","WATERSHED_GROUP_CODE":"KOTL","DOWNSTREAM_ROUTE_MEASURE":5619.2343012476003,"LENGTH_METRE":68.525115766621894,"FEATURE_SOURCE":"linear stream -","GNIS_ID":18605,"GNIS_NAME":"Falls Creek","LEFT_RIGHT_TRIBUTARY":"RIGHT","STREAM_ORDER":5,"STREAM_MAGNITUDE":46,"WATERBODY_KEY":null,"BLUE_LINE_KEY_50K":106,"WATERSHED_CODE_50K":"340075500000000000000000000000000000000000000","WATERSHED_KEY_50K":106,"WATERSHED_GROUP_CODE_50K":"KOTL","GRADIENT":null,"FEATURE_CODE":"GA24850000","OBJECTID":4151861,"GEOMETRY.LEN":0,"FEATURE_LENGTH_M":68.666499999999999}},{"type":"Feature","id":4166938,"geometry":{"type":"LineString","coordinates":[[1607123.602,537340.77199999988],[1607130.6079999991,537356.75300000049],[1607140.4299999997,537367.0120000001],[1607143.7809999995,537372.51300000027],[1607148.1999999993,537377.02600000054],[1607152.3780000005,537383.74200000055],[1607153.9680000003,537386.9609999992],[1607158.2540000007,537393.52999999933],[1607163.3159999996,537401.14900000021],[1607167.7850000001,537405.82699999958],[1607176.5020000003,537415.95399999991],[1607182.5610000007,537423.85099999979],[1607187.0179999992,537429.48399999924],[1607194.6170000006,537440.43400000036],[1607205.2640000004,537459.87900000066],[1607205.9700000007,537470.16699999943],[1607209.1380000003,537477.55900000036],[1607213.2650000006,537484.1099999994],[1607216.4460000005,537490.54800000042],[1607217.0899999999,537493.65399999917],[1607218.5600000005,537497.97399999946],[1607222.8450000007,537504.54399999976],[1607225.3699999992,537508.83000000007],[1607229.6679999996,537514.4450000003],[1607231.9149999991,537519.81399999931],[1607233.8579999991,537528.17699999921],[1607236.3819999993,537532.46399999969],[1607239.7339999992,537537.96499999985],[1607242.9130000006,537552.375],[1607243.3149999995,537565.65499999933],[1607242.6699999999,537570.52099999972],[1607241.4309999999,537580.41699999943],[1607241.3220000006,537588.53500000015],[1607240.8479999993,537592.46399999969],[1607240.2540000007,537597.49499999918],[1607240.5559999999,537602.47399999946],[1607240.4360000007,537603.57499999925],[1607238.5399999991,537611.32100000046],[1607236.9609999992,537615.11800000072],[1607236.1970000006,537621.0859999992],[1607234.7880000006,537623.94700000063],[1607233.5380000006,537626.82699999958],[1607231.9590000007,537630.62399999984],[1607230.5380000006,537634.44099999964],[1607229.1290000007,537637.30199999921],[1607225.1950000003,537643.8479999993],[1607221.602,537648.52099999972],[1607219.7190000005,537655.31100000069],[1607216.5969999991,537671.99799999967],[1607216.4759999998,537681.07100000046],[1607210.9979999997,537700.50599999912],[1607208.7029999997,537718.40799999982],[1607205.7520000003,537734.15799999982],[1607203.6980000008,537741.88499999978],[1607202.8129999992,537748.95399999991],[1607201.5730000008,537758.84999999963],[1607200.0539999995,537777.80100000091],[1607198.693,537796.76999999955],[1607201.7379999999,537813.23599999957],[1607205.4509999994,537838.86900000088],[1607207.9140000008,537859.41100000031],[1607208.0960000008,537865.49100000039],[1607211.0189999994,537891.02999999933],[1607214.7310000006,537916.66300000064],[1607219.3800000008,537935.39200000092],[1607222.0130000003,537954.99799999967],[1607227.8990000002,537971.80199999921],[1607237.6099999994,537990.17899999954],[1607242.0769999996,538002.82899999991],[1607243.534,538008.10400000028],[1607249.9419999998,538029.11600000039],[1607253.7630000003,538046.63099999912],[1607255.1209999993,538067.04099999927],[1607256.1140000001,538083.2620000001],[1607258.0559999999,538091.625],[1607258.8780000005,538108.78299999982],[1607259.7029999997,538117.96900000051],[1607259.5800000001,538127.04199999943],[1607259.6359999999,538150.16599999927],[1607260.9220000003,538156.37800000049],[1607264.8039999995,538181.07499999925],[1607265.3369999994,538192.29800000042],[1607267.4340000004,538208.65100000054],[1607266.6689999998,538214.61800000072],[1607266.7379999999,538236.78800000064],[1607268.8959999997,538260.32200000063],[1607268.0170000009,538282.37900000066],[1607267.9399999995,538307.56000000052],[1607267.6429999992,538325.54099999927],[1607269.6329999994,538342.03999999911],[1607272.9930000007,538354.55800000019],[1607279.3399999999,538368.38800000027],[1607282.5189999994,538374.82599999942],[1607287.6300000008,538382.6099999994],[1607294.8029999994,538397.65599999949],[1607306.7449999992,538422.35700000077],[1607309.9250000007,538428.79499999993],[1607318.3230000008,538442.87099999934],[1607320.5549999997,538449.1950000003],[1607333.1429999992,538469.03199999966],[1607335.375,538475.35700000077],[1607342.0859999992,538493.37600000016],[1607347.3139999993,538508.02999999933],[1607352.773,538528.9299999997],[1607358.3660000004,538547.77199999988],[1607361.7129999995,538561.24499999918],[1607362.7080000006,538569.49499999918],[1607365.4719999991,538587.04399999976],[1607368.2339999992,538612.56399999931],[1607369.5629999992,538634.88399999961],[1607368.7970000003,538640.85099999979],[1607366.9230000004,538654.65699999966],[1607365.2670000009,538675.66499999911],[1607364.9719999991,538685.67400000058],[1607364.0690000001,538701.66899999976],[1607365.4120000005,538723.03399999999],[1607366.4149999991,538738.30000000075],[1607366.1679999996,538756.44600000046],[1607365.4580000006,538777.56599999964],[1607366.4020000007,538785.65000000037],[1607366.7400000002,538791.74899999984],[1607368.2149999999,538811.05700000003],[1607369.7280000001,538831.48599999957],[1607368.9670000002,538852.44099999964],[1607367.2970000003,538874.40300000086],[1607365.6400000006,538895.41000000015],[1607364.9299999997,538916.52999999933],[1607363.2719999999,538937.53700000048],[1607363.2689999994,538945.50899999961],[1607363.2009999994,538969.7349999994],[1607362.4900000002,538990.85500000045],[1607362.3619999997,539007.89900000021],[1607363.4759999998,539015.04700000025],[1607362.1099999994,539034.01600000076],[1607362.8080000002,539052.27500000037],[1607362.9100000001,539075.56499999948],[1607359.6219999995,539100.20399999991],[1607358.7300000004,539115.24400000088],[1607357.0590000004,539137.20600000024],[1607355.0629999992,539152.11400000006],[1607353.9910000004,539161.07399999909],[1607351.9910000004,539183.95399999991],[1607349.9690000005,539200.77199999988],[1607346.9010000005,539224.6400000006],[1607345.6579999998,539234.53600000031],[1607344.5960000008,539250.5120000001],[1607342.0030000005,539270.45099999942]]},"properties":{"LINEAR_FEATURE_ID":707615620,"WATERSHED_GROUP_ID":186,"EDGE_TYPE":1000,"BLUE_LINE_KEY":356536682,"WATERSHED_KEY":356536682,"FWA_WATERSHED_CODE":"300-625474-020842-143840-000000-000000-000000-000000-000000-000000-000000-000000-000000-000000-000000-000000-000000-000000-000000-000000-000000","LOCAL_WATERSHED_CODE":"300-625474-020842-143840-402916-000000-000000-000000-000000-000000-000000-000000-000000-000000-000000-000000-000000-000000-000000-000000-000000","WATERSHED_GROUP_CODE":"SLOC","DOWNSTREAM_ROUTE_MEASURE":2435.4116710592998,"LENGTH_METRE":2003.1418938030301,"FEATURE_SOURCE":"linear stream -","GNIS_ID":16702,"GNIS_NAME":"Arvid Creek","LEFT_RIGHT_TRIBUTARY":"LEFT","STREAM_ORDER":2,"STREAM_MAGNITUDE":6,"WATERBODY_KEY":null,"BLUE_LINE_KEY_50K":696,"WATERSHED_CODE_50K":"340047200143000000000000000000000000000000000","WATERSHED_KEY_50K":696,"WATERSHED_GROUP_CODE_50K":"SLOC","GRADIENT":null,"FEATURE_CODE":"GA24850000","OBJECTID":4166938,"GEOMETRY.LEN":0,"FEATURE_LENGTH_M":2137.6269000000002}},{"type":"Feature","id":4171362,"geometry":{"type":"LineString","coordinates":[[1615408.1870000008,541701.72000000067],[1615392.8269999996,541703.68999999948],[1615382.8870000001,541702.48699999973],[1615362.9419999998,541700.87199999951],[1615342.8890000004,541699.40399999917],[1615331.8310000002,541699.02300000004],[1615307.6490000002,541698.96900000051],[1615288.9989999998,541702.6129999999],[1615266.7400000002,541711.88199999928],[1615250.7960000001,541717.92699999921],[1615226.9690000005,541730.03600000031],[1615214.3010000009,541735.36099999957],[1615187.4619999994,541748.06200000085]]},"properties":{"LINEAR_FEATURE_ID":707088814,"WATERSHED_GROUP_ID":90,"EDGE_TYPE":1000,"BLUE_LINE_KEY":356545045,"WATERSHED_KEY":356545045,"FWA_WATERSHED_CODE":"300-625474-042847-000000-000000-000000-000000-000000-000000-000000-000000-000000-000000-000000-000000-000000-000000-000000-000000-000000-000000","LOCAL_WATERSHED_CODE":"300-625474-042847-793337-000000-000000-000000-000000-000000-000000-000000-000000-000000-000000-000000-000000-000000-000000-000000-000000-000000","WATERSHED_GROUP_CODE":"KOTL","DOWNSTREAM_ROUTE_MEASURE":11582.004560007401,"LENGTH_METRE":231.18906547224901,"FEATURE_SOURCE":"linear stream -","GNIS_ID":25643,"GNIS_NAME":"Sproule Creek","LEFT_RIGHT_TRIBUTARY":"RIGHT","STREAM_ORDER":4,"STREAM_MAGNITUDE":16,"WATERBODY_KEY":null,"BLUE_LINE_KEY_50K":114,"WATERSHED_CODE_50K":"340095600000000000000000000000000000000000000","WATERSHED_KEY_50K":114,"WATERSHED_GROUP_CODE_50K":"KOTL","GRADIENT":null,"FEATURE_CODE":"GA24850000","OBJECTID":4171362,"GEOMETRY.LEN":0,"FEATURE_LENGTH_M":231.70270000000002}},{"type":"Feature","id":4186077,"geometry":{"type":"LineString","coordinates":[[1607520.4279999994,545289.93200000003],[1607524.4409999996,545310.91200000048],[1607523.1860000007,545320.80800000019],[1607521.1559999995,545336.66999999993],[1607519.7789999992,545354.68300000019],[1607515.6830000002,545371.25500000082],[1607512.7060000002,545387.00300000049],[1607508.0219999999,545407.65100000054],[1607501.0850000009,545430.89900000021],[1607494.0050000008,545439.14200000092],[1607479.9169999994,545454.3599999994],[1607457.8310000002,545468.78199999966],[1607432.0789999999,545488.66599999927],[1607411.6999999993,545498.18999999948],[1607387.9649999999,545510.18300000019],[1607383.2440000009,545515.67899999954],[1607381.523,545521.53199999966],[1607372.6710000001,545535.46299999952],[1607368.4169999994,545545],[1607364.5069999993,545552.66499999911],[1607353,545571.38099999912],[1607343.3729999997,545591.27899999917],[1607337.8629999999,545610.7109999992],[1607329.3550000004,545622.76999999955],[1607314.0250000004,545639.91300000064],[1607301.1060000006,545654.47399999946],[1607298.8670000006,545656.11999999918],[1607287.4969999995,545665.76400000043],[1607283.7100000009,545672.32799999975],[1607279.7640000004,545678.87199999951],[1607277.0950000007,545684.6129999999],[1607264.6410000008,545703.21600000001],[1607262.1439999994,545715.03600000031],[1607259.1449999996,545721.69299999997],[1607252.6530000009,545725.86099999957],[1607246.8279999997,545731.22399999946],[1607240.3359999992,545735.39200000092],[1607219.1319999993,545743.70099999942],[1607212.5319999997,545748.01600000076],[1607199.6989999991,545753.33899999969],[1607192.6329999994,545760.62700000033],[1607188.5209999997,545778.15399999917],[1607183.6280000005,545784.5859999992],[1607177.0140000004,545796.86999999918],[1607168.9700000007,545819.98699999973],[1607163.1500000004,545842.41200000048],[1607160.3239999991,545848.13399999961],[1607151.6919999998,545868.31000000052],[1607151.5050000008,545870.20099999942],[1607145.8719999995,545890.7349999994],[1607143.0150000006,545905.38199999928],[1607142.1180000007,545912.45099999942],[1607139.4480000008,545925.2070000004],[1607134.5409999993,545932.59300000034],[1607131.5409999993,545939.25100000016],[1607130.4570000004,545948.21000000089],[1607121.9330000002,545968.24000000022],[1607120.6899999995,545977.1799999997],[1607117.8489999995,545983.85600000061],[1607112.0429999996,546005.32699999958],[1607098.1600000001,546027.74599999934],[1607088.9969999995,546044.66999999993],[1607087.102,546051.45900000073],[1607076.4179999996,546071.3900000006],[1607066.7740000002,546092.24300000072],[1607061.2760000005,546110.72100000083],[1607061.0020000003,546121.84899999946],[1607060.8640000001,546130.92200000025],[1607059.2970000003,546150.82499999925],[1607057.5590000004,546164.65000000037],[1607056.1640000008,546183.61700000055],[1607054.7689999994,546202.58500000089],[1607053.0449999999,546215.45399999991],[1607051.4930000007,546227.3870000001],[1607049.8029999994,546248.39200000092],[1607049.5120000001,546267.49200000055],[1607047.8220000006,546288.49699999951],[1607051.9570000004,546311.15499999933],[1607054.3509999998,546316.5429999996],[1607054.2129999995,546325.61600000039],[1607051.0749999993,546341.34600000083],[1607046.4800000004,546362.80100000091],[1607038.6199999992,546384.02600000054],[1607029.1280000005,546394.85199999996],[1607015.8959999997,546412.40599999949],[1607002.6309999991,546421.82399999909],[1606994.2239999995,546423.68999999948],[1606988.0899999999,546425.02999999933],[1606973.6860000007,546426.1799999997],[1606964.8489999995,546425.125],[1606956.909,546424.01700000092],[1606939.9729999993,546421.8359999992],[1606933.2019999996,546420.07100000046],[1606911.0460000001,546411.20600000024],[1606894.5779999997,546406.05100000091],[1606875.5930000003,546396.60899999924],[1606863.2420000006,546390.9879999999],[1606847.5639999993,546378.91200000048],[1606841.8619999997,546376.15799999982],[1606821.9299999997,546366.60300000012],[1606815.5749999993,546361.69899999909],[1606796.2609999999,546346.15799999982],[1606773.2809999995,546336.08000000007],[1606752.5739999991,546325.47599999979],[1606733.7109999992,546314.93300000019],[1606715.034,546302.49899999984],[1606697.2899999991,546291.13299999945],[1606685.1109999996,546284.57699999958],[1606679.409,546281.82399999909],[1606670.8809999991,546277.77600000054],[1606647.7780000009,546268.80000000075],[1606638.9049999993,546266.625],[1606627.3289999999,546262.05399999954],[1606606.6060000006,546259.42200000025],[1606596.3690000009,546260.27300000004],[1606590.4800000004,546259.41100000031],[1606574.6640000008,546256.40699999966],[1606568.4800000004,546257.58300000057],[1606559.1909999996,546258.54700000025],[1606553.0069999993,546259.7229999993],[1606540.8129999992,546261.13800000027],[1606533.8690000009,546260.30900000036],[1606526.4590000007,546262.45399999991],[1606518.9839999992,546265.38900000043],[1606507.1319999993,546271.94800000079],[1606484.8859999999,546279.33899999969],[1606465.0940000005,546284.78999999911],[1606458.6160000004,546288.00300000049],[1606445.6600000001,546294.4299999997],[1606437.9260000009,546300.52300000004],[1606431.4470000006,546303.73699999973],[1606415.6640000008,546315.88499999978],[1606400.3320000004,546326.0150000006],[1606394.7860000003,546330.29600000009],[1606380.5380000006,546338.48200000077],[1606366.0150000006,546357.79700000025],[1606359.1040000003,546372.11999999918],[1606355.3300000001,546377.72900000028],[1606342.7019999996,546390.25400000066],[1606338.9130000006,546396.81799999997],[1606334.1899999995,546409.33000000007],[1606326.4049999993,546415.25699999928],[1606321.5120000001,546421.68899999931],[1606303.0580000002,546439.57899999991],[1606282.6610000003,546450.06100000069],[1606271.1190000009,546453.62700000033],[1606265.7599999998,546456.01799999923],[1606249.6180000007,546463.97800000012],[1606241.898,546469.11700000055],[1606235.2329999991,546474.22100000083],[1606220.0519999992,546481.33999999985],[1606196.0199999996,546488.3599999994],[1606174.2410000004,546492.77800000086],[1606148.4350000005,546505.48599999957],[1606141.9560000002,546508.69999999925],[1606133.4619999994,546512.7890000008],[1606117.4570000004,546518.69299999997],[1606109.7229999993,546524.78700000048],[1606087.5840000007,546532.03299999982],[1606080.3450000007,546533.24200000055],[1606074.6270000003,546538.46000000089],[1606067.2019999996,546541.56100000069],[1606046.3530000001,546554.06299999915],[1606038.1030000001,546555.94999999925],[1606028.6260000002,546558.80599999987],[1606021.2009999994,546561.90699999966],[1606013.3080000002,546567.98200000077],[1606004.6420000009,546573.00699999928],[1605992.1349999998,546584.43200000003],[1605986.4309999999,546588.69400000013],[1605980.1109999996,546591.92699999921],[1605963.5179999992,546594.89200000092],[1605955.1459999997,546597.88000000082],[1605949.4419999998,546602.14299999923],[1605942.9629999995,546605.35700000077],[1605923.2349999994,546634.09699999914],[1605905.2469999995,546649.01400000043],[1605886.5859999992,546659.70500000007],[1605866.966,546664.22199999914],[1605864.9140000008,546663.97800000012],[1605846.7200000007,546671.6950000003],[1605842.6530000009,546672.32599999942],[1605830.9230000004,546677.78399999999],[1605814.3629999999,546688.88499999978],[1605808.6439999994,546694.10300000012],[1605791.6030000001,546709.13299999945],[1605777.0930000003,546727.49400000088],[1605763.5140000004,546746.92300000042],[1605754.9859999996,546766.95399999991],[1605752.4529999997,546770.63800000027],[1605742.0449999999,546789.4879999999],[1605732.7210000008,546806.39499999955],[1605726.7579999994,546813.81599999964],[1605726.5710000005,546815.7070000004]]},"properties":{"LINEAR_FEATURE_ID":707611243,"WATERSHED_GROUP_ID":186,"EDGE_TYPE":1000,"BLUE_LINE_KEY":356493738,"WATERSHED_KEY":356493738,"FWA_WATERSHED_CODE":"300-625474-020842-324667-000000-000000-000000-000000-000000-000000-000000-000000-000000-000000-000000-000000-000000-000000-000000-000000-000000","LOCAL_WATERSHED_CODE":"300-625474-020842-324667-000000-000000-000000-000000-000000-000000-000000-000000-000000-000000-000000-000000-000000-000000-000000-000000-000000","WATERSHED_GROUP_CODE":"SLOC","DOWNSTREAM_ROUTE_MEASURE":0,"LENGTH_METRE":2850.01191011736,"FEATURE_SOURCE":"linear stream -","GNIS_ID":11654,"GNIS_NAME":"Benninger Creek","LEFT_RIGHT_TRIBUTARY":"RIGHT","STREAM_ORDER":3,"STREAM_MAGNITUDE":5,"WATERBODY_KEY":null,"BLUE_LINE_KEY_50K":157,"WATERSHED_CODE_50K":"340047200326000000000000000000000000000000000","WATERSHED_KEY_50K":157,"WATERSHED_GROUP_CODE_50K":"SLOC","GRADIENT":null,"FEATURE_CODE":"GA24850000","OBJECTID":4186077,"GEOMETRY.LEN":0,"FEATURE_LENGTH_M":2917.9365000000003}},{"type":"Feature","id":4195297,"geometry":{"type":"LineString","coordinates":[[1615960.8029999994,528462.39200000092],[1615962.6610000003,528456.55700000003],[1615968.2760000005,528435.23299999908],[1615970.5490000006,528425.30299999937],[1615972.1970000006,528405.41300000064],[1615974.9210000001,528383.58000000007],[1615983.8359999992,528368.55399999954],[1615993.2559999991,528350.71800000034],[1615995.125,528343.92799999937],[1616007.1300000008,528321.14399999939],[1616009.9450000003,528314.46800000034],[1616019.6630000006,528293.63900000043],[1616024.4379999992,528272.05399999954],[1616028.9409999996,528260.48100000061],[1616041.6830000002,528247.03199999966],[1616046.8249999993,528239.52199999988],[1616056.2819999997,528227.75],[1616062.3809999991,528219.39800000004],[1616064.3670000006,528211.50699999928],[1616074.9179999996,528200.82300000079],[1616084.8450000007,528194.05000000075],[1616098.0419999994,528177.62800000049],[1616101.7929999996,528172.02199999988],[1616106.1779999994,528161.55100000091],[1616107.0480000004,528154.48100000061],[1616109.4729999993,528135.64100000076],[1616110.2100000009,528121.69999999925],[1616111.0500000007,528098.68300000019],[1616111.7100000009,528077.55700000003],[1616113.3829999994,528064.68500000052],[1616113.9140000008,528045.61700000055],[1616115.5470000003,528031.62399999984],[1616115.818,528021.61199999973],[1616118.7239999995,528006.81699999981],[1616120.3959999997,527993.9450000003],[1616120.8359999992,527982.99699999951],[1616122.3399999999,527971.06100000069],[1616125.0620000008,527949.22800000012],[1616128.4220000003,527931.45800000057],[1616129.5219999999,527922.66300000064],[1616133.477,527898.90599999949],[1616135.318,527885.0979999993],[1616136.1720000003,527870.05399999954],[1616140.6579999998,527850.50699999928],[1616147.3139999993,527830.10600000061],[1616149.273,527815.19600000046],[1616152.6439999994,527796.47000000067],[1616155.4149999991,527774.80299999937],[1616158.4890000001,527759.07100000046],[1616159.6559999995,527749.00799999945],[1616164.9600000009,527731.63199999928],[1616165.3479999993,527720.51799999923],[1616169.3680000007,527704.90100000054],[1616173.1940000001,527683.20099999942],[1616175.8230000008,527669.4879999999],[1616177.3259999994,527657.55299999937],[1616180.4000000004,527641.82100000046],[1616182.8230000008,527622.98100000061],[1616187.1400000006,527604.36999999918],[1616189.2660000008,527588.52400000021],[1616190.6520000007,527577.68999999948],[1616192.4350000005,527554.78700000048],[1616196.7410000004,527537.13099999912],[1616201.8770000003,527520.69199999981],[1616205.0669999998,527503.85799999908],[1616206.7489999998,527490.03099999949],[1616209.7949999999,527467.27999999933],[1616209.7109999992,527451.16699999943],[1616211.8369999994,527435.32100000046],[1616214.3770000003,527415.37900000066],[1616217.4600000009,527398.69199999981],[1616218.4810000006,527382.71199999936],[1616220.0850000009,527361.70099999942],[1616222.2100000009,527345.85400000028],[1616225.8760000002,527324.13599999994],[1616228.9480000008,527308.40399999917],[1616231.398,527296.5820000004],[1616235.2880000006,527283.02199999988],[1616239.7719999999,527263.47399999946],[1616241.2579999994,527243.56499999948],[1616245.2090000007,527219.80800000019],[1616246.6840000004,527200.85400000028],[1616247.0539999995,527181.76600000076],[1616247.1439999994,527173.64599999972],[1616248.3599999994,527163.74799999967],[1616248.4330000002,527147.65399999917],[1616249.2850000001,527132.6099999994],[1616250.659,527122.73200000077],[1616251.3929999992,527108.78999999911],[1616249.818,527089.30800000019],[1616251.2019999996,527078.47399999946],[1616250.6410000008,527067.24599999934],[1616248.9590000007,527047.91100000031],[1616246.398,527036.59999999963],[1616244.5260000005,527020.11199999973],[1616240.4780000001,526995.54800000042],[1616239.8900000006,526977.30100000091],[1616235.0299999993,526959.49499999918],[1616230.0519999992,526942.79099999927],[1616227.4299999997,526932.27099999972],[1616222.6380000003,526922.60400000028],[1616219.0889999997,526910.05900000036],[1616215.8770000003,526895.6400000006],[1616209.3190000001,526883.68799999915],[1616208.7579999994,526872.46000000089],[1616207.8829999994,526856.25100000016],[1616203.5669999998,526841.69999999925],[1616199.5250000004,526826.06499999948],[1616197.5350000001,526810.67899999954],[1616196.7880000006,526792.41300000064],[1616188.6150000002,526769.26400000043],[1616186.0020000003,526757.78800000064],[1616183.0649999995,526742.28700000048],[1616179.1510000005,526724.59600000083],[1616171.2630000003,526699.40899999999],[1616168.9869999997,526686.06100000069],[1616167.6579999998,526672.82699999958],[1616166.625,526656.59899999946],[1616160.3239999991,526635.58999999985],[1616158.3719999995,526626.26700000092],[1616156.6769999992,526607.88599999994],[1616156.2660000008,526587.74799999967],[1616154.7679999992,526575.44999999925],[1616151.6730000004,526559.9299999997],[1616147.3450000007,526546.33400000073],[1616146.1040000003,526524.97900000028],[1616142.3469999991,526507.30700000003],[1616140.8489999995,526495.00899999961]]},"properties":{"LINEAR_FEATURE_ID":707102333,"WATERSHED_GROUP_ID":90,"EDGE_TYPE":1000,"BLUE_LINE_KEY":356487472,"WATERSHED_KEY":356487472,"FWA_WATERSHED_CODE":"300-625474-027067-197534-000000-000000-000000-000000-000000-000000-000000-000000-000000-000000-000000-000000-000000-000000-000000-000000-000000","LOCAL_WATERSHED_CODE":"300-625474-027067-197534-000000-000000-000000-000000-000000-000000-000000-000000-000000-000000-000000-000000-000000-000000-000000-000000-000000","WATERSHED_GROUP_CODE":"KOTL","DOWNSTREAM_ROUTE_MEASURE":0,"LENGTH_METRE":2036.8502165977102,"FEATURE_SOURCE":"linear stream -","GNIS_ID":19305,"GNIS_NAME":"Connor Creek","LEFT_RIGHT_TRIBUTARY":"LEFT","STREAM_ORDER":3,"STREAM_MAGNITUDE":5,"WATERBODY_KEY":null,"BLUE_LINE_KEY_50K":90,"WATERSHED_CODE_50K":"340062200242000000000000000000000000000000000","WATERSHED_KEY_50K":90,"WATERSHED_GROUP_CODE_50K":"KOTL","GRADIENT":null,"FEATURE_CODE":"GA24850150","OBJECTID":4195297,"GEOMETRY.LEN":0,"FEATURE_LENGTH_M":2052.8822}},{"type":"Feature","id":4241927,"geometry":{"type":"LineString","coordinates":[[1623185.6309999991,540105.53199999966],[1623182.3379999995,540115.17699999921],[1623176.6899999995,540127.56299999915],[1623171.2119999994,540139.01400000043],[1623162.5529999994,540151.98900000006],[1623148.8540000003,540171.36500000022],[1623142.6009999998,540181.76400000043]]},"properties":{"LINEAR_FEATURE_ID":707090510,"WATERSHED_GROUP_ID":90,"EDGE_TYPE":1000,"BLUE_LINE_KEY":356546566,"WATERSHED_KEY":356546566,"FWA_WATERSHED_CODE":"300-625474-042847-221596-000000-000000-000000-000000-000000-000000-000000-000000-000000-000000-000000-000000-000000-000000-000000-000000-000000","LOCAL_WATERSHED_CODE":"300-625474-042847-221596-682374-000000-000000-000000-000000-000000-000000-000000-000000-000000-000000-000000-000000-000000-000000-000000-000000","WATERSHED_GROUP_CODE":"KOTL","DOWNSTREAM_ROUTE_MEASURE":3663.4161131578103,"LENGTH_METRE":87.961225143097792,"FEATURE_SOURCE":"linear stream -","GNIS_ID":25836,"GNIS_NAME":"Rixen Creek","LEFT_RIGHT_TRIBUTARY":"LEFT","STREAM_ORDER":3,"STREAM_MAGNITUDE":5,"WATERBODY_KEY":null,"BLUE_LINE_KEY_50K":2542,"WATERSHED_CODE_50K":"340095600220000000000000000000000000000000000","WATERSHED_KEY_50K":2542,"WATERSHED_GROUP_CODE_50K":"KOTL","GRADIENT":null,"FEATURE_CODE":"GA24850000","OBJECTID":4241927,"GEOMETRY.LEN":0,"FEATURE_LENGTH_M":89.756399999999999}},{"type":"Feature","id":4254984,"geometry":{"type":"LineString","coordinates":[[1614047.1490000002,534382.33699999936],[1614040.1070000008,534397.59300000034],[1614038.1109999996,534405.48399999924],[1614036.8800000008,534415.38000000082],[1614033.4820000008,534434.10500000045],[1614032.4370000008,534450.08300000057],[1614029.8540000003,534470.97800000012],[1614027.5219999999,534488.71399999969],[1614025.8149999995,534494.56799999997],[1614018.2300000004,534498.59600000083],[1614014.182,534506.24000000022],[1614013.7660000008,534518.30800000019],[1614024.068,534532.62399999984],[1614032.9600000009,534541.82799999975],[1614051.9810000006,534558.31100000069],[1614060.4519999996,534571.60899999924],[1614064.1119999997,534582.09600000083],[1614061.1730000004,534597.84600000083],[1614056.9590000007,534614.39900000021],[1614054.3880000003,534634.33799999952],[1614050.3440000005,534649.95500000007],[1614045.4560000002,534657.33799999952],[1614030.6380000003,534662.56799999997],[1614029.6950000003,534670.42699999921],[1614037.1809999999,534682.49000000022],[1614032.3599999994,534697.05700000003],[1614020.6640000008,534709.51899999939],[1614018.6669999994,534717.41000000015],[1614019.4989999998,534726.59899999946],[1614023.9859999996,534738.30100000091],[1614040.0500000007,534763.51700000092],[1614050.6530000009,534774.83999999985],[1614056.9020000007,534788.82699999958],[1614068.8619999997,534813.54800000042],[1614079.1640000008,534827.86500000022],[1614080.1649999991,534836.11700000055]]},"properties":{"LINEAR_FEATURE_ID":707095746,"WATERSHED_GROUP_ID":90,"EDGE_TYPE":1000,"BLUE_LINE_KEY":356565749,"WATERSHED_KEY":356565749,"FWA_WATERSHED_CODE":"300-625474-033788-000000-000000-000000-000000-000000-000000-000000-000000-000000-000000-000000-000000-000000-000000-000000-000000-000000-000000","LOCAL_WATERSHED_CODE":"300-625474-033788-368359-000000-000000-000000-000000-000000-000000-000000-000000-000000-000000-000000-000000-000000-000000-000000-000000-000000","WATERSHED_GROUP_CODE":"KOTL","DOWNSTREAM_ROUTE_MEASURE":4386.9284198316,"LENGTH_METRE":519.28508460567002,"FEATURE_SOURCE":"linear stream -","GNIS_ID":18605,"GNIS_NAME":"Falls Creek","LEFT_RIGHT_TRIBUTARY":"RIGHT","STREAM_ORDER":5,"STREAM_MAGNITUDE":50,"WATERBODY_KEY":null,"BLUE_LINE_KEY_50K":106,"WATERSHED_CODE_50K":"340075500000000000000000000000000000000000000","WATERSHED_KEY_50K":106,"WATERSHED_GROUP_CODE_50K":"KOTL","GRADIENT":null,"FEATURE_CODE":"GA24850000","OBJECTID":4254984,"GEOMETRY.LEN":0,"FEATURE_LENGTH_M":520.57740000000001}},{"type":"Feature","id":4266242,"geometry":{"type":"LineString","coordinates":[[1614598.7899999991,544561.89399999939],[1614604.7850000001,544562.61900000088],[1614626.7819999997,544564.48100000061],[1614646.6760000009,544565.92899999954],[1614663.7809999995,544567.19899999909],[1614685.1260000002,544573.92600000091],[1614698.1160000004,544582.67200000025],[1614702.5280000009,544587.19299999997],[1614712.1740000006,544590.43200000003],[1614732.7440000009,544596.10799999908],[1614755.8609999996,544604.16599999927],[1614780.6689999998,544608.28099999949],[1614801.3880000003,544610.94600000046],[1614814.6699999999,544610.63800000027]]},"properties":{"LINEAR_FEATURE_ID":707611552,"WATERSHED_GROUP_ID":186,"EDGE_TYPE":1000,"BLUE_LINE_KEY":356559464,"WATERSHED_KEY":356559464,"FWA_WATERSHED_CODE":"300-625474-020842-349237-000000-000000-000000-000000-000000-000000-000000-000000-000000-000000-000000-000000-000000-000000-000000-000000-000000","LOCAL_WATERSHED_CODE":"300-625474-020842-349237-561396-000000-000000-000000-000000-000000-000000-000000-000000-000000-000000-000000-000000-000000-000000-000000-000000","WATERSHED_GROUP_CODE":"SLOC","DOWNSTREAM_ROUTE_MEASURE":7430.4978062869995,"LENGTH_METRE":224.887862387627,"FEATURE_SOURCE":"linear stream -","GNIS_ID":3011,"GNIS_NAME":"Winlaw Creek","LEFT_RIGHT_TRIBUTARY":"LEFT","STREAM_ORDER":3,"STREAM_MAGNITUDE":26,"WATERBODY_KEY":null,"BLUE_LINE_KEY_50K":162,"WATERSHED_CODE_50K":"340047200349000000000000000000000000000000000","WATERSHED_KEY_50K":162,"WATERSHED_GROUP_CODE_50K":"SLOC","GRADIENT":null,"FEATURE_CODE":"GA24850000","OBJECTID":4266242,"GEOMETRY.LEN":0,"FEATURE_LENGTH_M":225.73740000000001}},{"type":"Feature","id":4302911,"geometry":{"type":"LineString","coordinates":[[1614200.3629999999,534193.36500000022],[1614190.4260000009,534200.13900000043],[1614172.8929999992,534211.89800000004],[1614160.3259999994,534222.50100000016],[1614156.3859999999,534229.99799999967],[1614149.2139999997,534247.31000000052],[1614148.284,534254.21399999969],[1614144.7170000002,534273.87399999984],[1614136.6140000001,534298.08999999985],[1614131.9140000008,534311.5549999997],[1614125.3310000002,534323.8359999992],[1614112.5820000004,534336.33100000024],[1614107.0490000006,534340.60700000077],[1614096.4790000003,534343.31900000013],[1614081.1779999994,534353.43300000019]]},"properties":{"LINEAR_FEATURE_ID":707095924,"WATERSHED_GROUP_ID":90,"EDGE_TYPE":1000,"BLUE_LINE_KEY":356565749,"WATERSHED_KEY":356565749,"FWA_WATERSHED_CODE":"300-625474-033788-000000-000000-000000-000000-000000-000000-000000-000000-000000-000000-000000-000000-000000-000000-000000-000000-000000-000000","LOCAL_WATERSHED_CODE":"300-625474-033788-346782-000000-000000-000000-000000-000000-000000-000000-000000-000000-000000-000000-000000-000000-000000-000000-000000-000000","WATERSHED_GROUP_CODE":"KOTL","DOWNSTREAM_ROUTE_MEASURE":4129.9590762990902,"LENGTH_METRE":211.56475997462601,"FEATURE_SOURCE":"linear stream -","GNIS_ID":18605,"GNIS_NAME":"Falls Creek","LEFT_RIGHT_TRIBUTARY":"RIGHT","STREAM_ORDER":5,"STREAM_MAGNITUDE":52,"WATERBODY_KEY":null,"BLUE_LINE_KEY_50K":106,"WATERSHED_CODE_50K":"340075500000000000000000000000000000000000000","WATERSHED_KEY_50K":106,"WATERSHED_GROUP_CODE_50K":"KOTL","GRADIENT":null,"FEATURE_CODE":"GA24850000","OBJECTID":4302911,"GEOMETRY.LEN":0,"FEATURE_LENGTH_M":211.92680000000001}},{"type":"Feature","id":4331730,"geometry":{"type":"LineString","coordinates":[[1614080.1649999991,534836.11700000055],[1614080.9969999995,534845.30599999987],[1614080.3059999999,534866.42899999954],[1614078.7719999999,534879.31900000013],[1614074.9010000005,534901.97199999914],[1614073.0930000003,534923.9179999996],[1614070.1109999996,534930.57399999909]]},"properties":{"LINEAR_FEATURE_ID":707095411,"WATERSHED_GROUP_ID":90,"EDGE_TYPE":1000,"BLUE_LINE_KEY":356565749,"WATERSHED_KEY":356565749,"FWA_WATERSHED_CODE":"300-625474-033788-000000-000000-000000-000000-000000-000000-000000-000000-000000-000000-000000-000000-000000-000000-000000-000000-000000-000000","LOCAL_WATERSHED_CODE":"300-625474-033788-411962-000000-000000-000000-000000-000000-000000-000000-000000-000000-000000-000000-000000-000000-000000-000000-000000-000000","WATERSHED_GROUP_CODE":"KOTL","DOWNSTREAM_ROUTE_MEASURE":4906.2135044372699,"LENGTH_METRE":95.636845148030091,"FEATURE_SOURCE":"linear stream -","GNIS_ID":18605,"GNIS_NAME":"Falls Creek","LEFT_RIGHT_TRIBUTARY":"RIGHT","STREAM_ORDER":5,"STREAM_MAGNITUDE":49,"WATERBODY_KEY":null,"BLUE_LINE_KEY_50K":106,"WATERSHED_CODE_50K":"340075500000000000000000000000000000000000000","WATERSHED_KEY_50K":106,"WATERSHED_GROUP_CODE_50K":"KOTL","GRADIENT":null,"FEATURE_CODE":"GA24850000","OBJECTID":4331730,"GEOMETRY.LEN":0,"FEATURE_LENGTH_M":95.862700000000004}},{"type":"Feature","id":4341272,"geometry":{"type":"LineString","coordinates":[[1619478.3910000008,526850.64200000092],[1619499.7469999995,526848.45099999942],[1619509.8570000008,526848.72199999914],[1619527.1960000005,526847.79800000042],[1619535.2650000006,526846.86400000006],[1619542.3770000003,526846.77099999972],[1619558.7799999993,526844.77600000054],[1619569.8369999994,526845.16200000048],[1619580.1150000002,526844.49699999951],[1619593.8839999996,526847.28500000015],[1619617.8910000008,526848.28700000048],[1619632.125,526847.14599999972],[1619659.3880000003,526839.45500000007],[1619675.6740000006,526838.56200000085],[1619691.3080000002,526834.56100000069],[1619706.7750000004,526831.49699999951],[1619718.1170000006,526829.84500000067],[1619735.3489999995,526829.06799999997],[1619746.8599999994,526826.48000000045]]},"properties":{"LINEAR_FEATURE_ID":707102018,"WATERSHED_GROUP_ID":90,"EDGE_TYPE":1000,"BLUE_LINE_KEY":356547356,"WATERSHED_KEY":356547356,"FWA_WATERSHED_CODE":"300-625474-027067-000000-000000-000000-000000-000000-000000-000000-000000-000000-000000-000000-000000-000000-000000-000000-000000-000000-000000","LOCAL_WATERSHED_CODE":"300-625474-027067-521140-000000-000000-000000-000000-000000-000000-000000-000000-000000-000000-000000-000000-000000-000000-000000-000000-000000","WATERSHED_GROUP_CODE":"KOTL","DOWNSTREAM_ROUTE_MEASURE":6582.1074893606301,"LENGTH_METRE":271.47607865200501,"FEATURE_SOURCE":"linear stream -","GNIS_ID":27525,"GNIS_NAME":"Rover Creek","LEFT_RIGHT_TRIBUTARY":"LEFT","STREAM_ORDER":2,"STREAM_MAGNITUDE":12,"WATERBODY_KEY":null,"BLUE_LINE_KEY_50K":88,"WATERSHED_CODE_50K":"340062200000000000000000000000000000000000000","WATERSHED_KEY_50K":88,"WATERSHED_GROUP_CODE_50K":"KOTL","GRADIENT":null,"FEATURE_CODE":"GA24850000","OBJECTID":4341272,"GEOMETRY.LEN":0,"FEATURE_LENGTH_M":275.93440000000004}},{"type":"Feature","id":4358460,"geometry":{"type":"LineString","coordinates":[[1606854.6459999997,541862.16999999993],[1606860.0109999999,541851.80800000019],[1606864.727,541846.31200000085],[1606867.2559999991,541842.62800000049],[1606872.9140000008,541830.22800000012],[1606881.7050000001,541816.13000000082],[1606886.4289999995,541802.66300000064],[1606889.5519999992,541786.93200000003],[1606893.1630000006,541781.30399999954],[1606899.9379999992,541768.0820000004],[1606909.7129999995,541755.21700000018],[1606917.3190000001,541750.22499999963],[1606925.1630000006,541736.01400000043],[1606933.6970000006,541725.07399999909],[1606938.1199999992,541721.61600000039],[1606941.8890000004,541716.00599999912],[1606943.6060000006,541710.15300000086],[1606948.1950000003,541698.74200000055],[1606956.693,541686.68200000003]]},"properties":{"LINEAR_FEATURE_ID":707612731,"WATERSHED_GROUP_ID":186,"EDGE_TYPE":1000,"BLUE_LINE_KEY":356527792,"WATERSHED_KEY":356527792,"FWA_WATERSHED_CODE":"300-625474-020842-303052-000000-000000-000000-000000-000000-000000-000000-000000-000000-000000-000000-000000-000000-000000-000000-000000-000000","LOCAL_WATERSHED_CODE":"300-625474-020842-303052-786365-000000-000000-000000-000000-000000-000000-000000-000000-000000-000000-000000-000000-000000-000000-000000-000000","WATERSHED_GROUP_CODE":"SLOC","DOWNSTREAM_ROUTE_MEASURE":2865.9467297705,"LENGTH_METRE":206.36330171484101,"FEATURE_SOURCE":"linear stream -","GNIS_ID":18561,"GNIS_NAME":"Fairful Creek","LEFT_RIGHT_TRIBUTARY":"LEFT","STREAM_ORDER":2,"STREAM_MAGNITUDE":2,"WATERBODY_KEY":null,"BLUE_LINE_KEY_50K":153,"WATERSHED_CODE_50K":"340047200302000000000000000000000000000000000","WATERSHED_KEY_50K":153,"WATERSHED_GROUP_CODE_50K":"SLOC","GRADIENT":null,"FEATURE_CODE":"GA24850150","OBJECTID":4358460,"GEOMETRY.LEN":0,"FEATURE_LENGTH_M":229.9101}},{"type":"Feature","id":4370265,"geometry":{"type":"LineString","coordinates":[[1617144.591,541457.2379999999],[1617129.1119999997,541460.30399999954],[1617108.5830000006,541462.75699999928],[1617096.102,541466.18700000085],[1617086.4600000009,541469.96199999936]]},"properties":{"LINEAR_FEATURE_ID":707089067,"WATERSHED_GROUP_ID":90,"EDGE_TYPE":1000,"BLUE_LINE_KEY":356545045,"WATERSHED_KEY":356545045,"FWA_WATERSHED_CODE":"300-625474-042847-000000-000000-000000-000000-000000-000000-000000-000000-000000-000000-000000-000000-000000-000000-000000-000000-000000-000000","LOCAL_WATERSHED_CODE":"300-625474-042847-668229-000000-000000-000000-000000-000000-000000-000000-000000-000000-000000-000000-000000-000000-000000-000000-000000-000000","WATERSHED_GROUP_CODE":"KOTL","DOWNSTREAM_ROUTE_MEASURE":9755.5377057447513,"LENGTH_METRE":59.753177745796897,"FEATURE_SOURCE":"linear stream -","GNIS_ID":25643,"GNIS_NAME":"Sproule Creek","LEFT_RIGHT_TRIBUTARY":"RIGHT","STREAM_ORDER":4,"STREAM_MAGNITUDE":31,"WATERBODY_KEY":null,"BLUE_LINE_KEY_50K":114,"WATERSHED_CODE_50K":"340095600000000000000000000000000000000000000","WATERSHED_KEY_50K":114,"WATERSHED_GROUP_CODE_50K":"KOTL","GRADIENT":null,"FEATURE_CODE":"GA24850000","OBJECTID":4370265,"GEOMETRY.LEN":0,"FEATURE_LENGTH_M":59.857100000000003}},{"type":"Feature","id":4381837,"geometry":{"type":"LineString","coordinates":[[1613997.1410000008,535297.27899999917],[1613995.9110000003,535315.14900000021],[1613995.2029999997,535329.25400000066],[1613992.5779999997,535349.02899999917],[1613990.5830000006,535364.89200000092],[1613989.4030000009,535382.92699999921],[1613986.9480000008,535401.7650000006],[1613984.7829999998,535418.56499999948],[1613982.3279999997,535437.40300000086],[1613978.9260000009,535456.12700000033],[1613972.3289999999,535469.3629999999],[1613964.0470000003,535486.54199999943],[1613953.466,535498.18200000003],[1613950.3509999998,535506.89599999972]]},"properties":{"LINEAR_FEATURE_ID":707095062,"WATERSHED_GROUP_ID":90,"EDGE_TYPE":1000,"BLUE_LINE_KEY":356565749,"WATERSHED_KEY":356565749,"FWA_WATERSHED_CODE":"300-625474-033788-000000-000000-000000-000000-000000-000000-000000-000000-000000-000000-000000-000000-000000-000000-000000-000000-000000-000000","LOCAL_WATERSHED_CODE":"300-625474-033788-453456-000000-000000-000000-000000-000000-000000-000000-000000-000000-000000-000000-000000-000000-000000-000000-000000-000000","WATERSHED_GROUP_CODE":"KOTL","DOWNSTREAM_ROUTE_MEASURE":5400.3810776866503,"LENGTH_METRE":218.85322356094301,"FEATURE_SOURCE":"linear stream -","GNIS_ID":18605,"GNIS_NAME":"Falls Creek","LEFT_RIGHT_TRIBUTARY":"RIGHT","STREAM_ORDER":5,"STREAM_MAGNITUDE":47,"WATERBODY_KEY":null,"BLUE_LINE_KEY_50K":106,"WATERSHED_CODE_50K":"340075500000000000000000000000000000000000000","WATERSHED_KEY_50K":106,"WATERSHED_GROUP_CODE_50K":"KOTL","GRADIENT":null,"FEATURE_CODE":"GA24850000","OBJECTID":4381837,"GEOMETRY.LEN":0,"FEATURE_LENGTH_M":219.27020000000002}},{"type":"Feature","id":4414391,"geometry":{"type":"LineString","coordinates":[[1615228.4600000009,533505.96700000018],[1615213.0050000008,533516.05900000036],[1615203.5270000007,533519.85799999908],[1615185.8330000006,533523.62199999951],[1615170.648,533524.65799999982],[1615150.0050000008,533528.22499999963],[1615132.6170000006,533536.96900000051],[1615115.7379999999,533542.90399999917],[1615097.9120000005,533548.72399999946],[1615078.0409999993,533562.27099999972],[1615051.5830000006,533580.12399999984],[1615044.9470000006,533584.26600000076],[1615019.7369999997,533599.24100000039],[1614993.0969999991,533618.98599999957],[1614965.3530000001,533638.5979999993],[1614950.5370000005,533643.82599999942],[1614935.0749999993,533645.94600000046],[1614927.4920000006,533649.97399999946],[1614910.3289999999,533665.92100000009],[1614888.2190000005,533673.13800000027],[1614872.1610000003,533689.21800000034],[1614859.9409999996,533705.92100000009],[1614849.2630000003,533725.67899999954],[1614833.2170000002,533740.80399999954],[1614818.8090000004,533742.89200000092],[1614799.6909999996,533742.49899999984],[1614789.568,533743.19099999964],[1614776.0429999996,533754.63399999961],[1614761.7039999999,533763.90599999949],[1614740.8969999999,533776.38299999945],[1614722.1410000008,533789.10899999924],[1614710.9010000005,533790.62299999967],[1614686.432,533792.61400000006],[1614674.9149999991,533795.2109999992],[1614652.9729999993,533801.49300000072],[1614636.8589999992,533809.43500000052],[1614614.2890000008,533819.62700000033],[1614592.8739999998,533830.11900000088],[1614575.1789999995,533833.88399999961],[1614553.3690000009,533838.1099999994],[1614542.4849999994,533844.76999999955],[1614532.6050000004,533859.68200000003],[1614523.3320000004,533876.58100000024],[1614512.7039999999,533896.50599999912],[1614505.3080000002,533906.61600000039],[1614484.6579999998,533919.11400000006],[1614472.9590000007,533923.60199999996],[1614453.3239999991,533943.39699999988],[1614427.1140000001,533958.09500000067],[1614416.8770000003,533967.86199999973],[1614411.8829999994,533975.39200000092],[1614404.6610000003,533992.5390000008],[1614397.6260000002,534015.76700000092],[1614388.9930000007,534027.80000000075],[1614372.7709999997,534035.88900000043],[1614348.8389999997,534058.03700000048],[1614332.3320000004,534076.1370000001],[1614316.4600000009,534098.30000000075],[1614306.0519999992,534109.00300000049],[1614298.3489999995,534114.13399999961],[1614279.2349999994,534121.71499999985],[1614266.7760000005,534132.17100000009],[1614257.0260000005,534145.0270000007],[1614251.5730000008,534155.53099999949],[1614240.5749999993,534171.26600000076],[1614229.0620000008,534181.83699999936],[1614216.5859999992,534185.27500000037],[1614200.3629999999,534193.36500000022]]},"properties":{"LINEAR_FEATURE_ID":707096504,"WATERSHED_GROUP_ID":90,"EDGE_TYPE":1000,"BLUE_LINE_KEY":356565749,"WATERSHED_KEY":356565749,"FWA_WATERSHED_CODE":"300-625474-033788-000000-000000-000000-000000-000000-000000-000000-000000-000000-000000-000000-000000-000000-000000-000000-000000-000000-000000","LOCAL_WATERSHED_CODE":"300-625474-033788-238075-000000-000000-000000-000000-000000-000000-000000-000000-000000-000000-000000-000000-000000-000000-000000-000000-000000","WATERSHED_GROUP_CODE":"KOTL","DOWNSTREAM_ROUTE_MEASURE":2835.3323441491702,"LENGTH_METRE":1294.6267321499199,"FEATURE_SOURCE":"linear stream -","GNIS_ID":18605,"GNIS_NAME":"Falls Creek","LEFT_RIGHT_TRIBUTARY":"RIGHT","STREAM_ORDER":5,"STREAM_MAGNITUDE":53,"WATERBODY_KEY":null,"BLUE_LINE_KEY_50K":106,"WATERSHED_CODE_50K":"340075500000000000000000000000000000000000000","WATERSHED_KEY_50K":106,"WATERSHED_GROUP_CODE_50K":"KOTL","GRADIENT":null,"FEATURE_CODE":"GA24850000","OBJECTID":4414391,"GEOMETRY.LEN":0,"FEATURE_LENGTH_M":1297.5461}},{"type":"Feature","id":4422035,"geometry":{"type":"LineString","coordinates":[[1608499.0930000003,526853.19299999997],[1608483.4539999999,526857.22599999979],[1608470.2420000006,526865.69299999997],[1608456.9509999994,526866.97699999996],[1608437.8310000002,526866.6099999994],[1608418.3460000008,526861.09899999946],[1608404.8330000006,526849.28500000015],[1608395.8359999992,526848.21199999936],[1608382.9989999998,526846.52199999988],[1608364.9440000001,526845.16699999943],[1608348.1720000003,526842.05100000091],[1608336.1659999993,526841.57599999942],[1608313.2170000002,526839.6370000001],[1608299.1860000007,526845.93500000052],[1608298.0700000003,526846.75799999945],[1608294.4879999999,526851.43200000003],[1608287.4920000006,526850.43899999931],[1608264.7119999994,526847.56399999931],[1608254.8849999998,526845.27600000054],[1608232.7390000001,526837.53500000015],[1608221.6280000005,526837.00799999945],[1608204.5710000005,526835.93099999987],[1608189.8680000007,526841.03299999982],[1608176.8239999991,526848.56399999931],[1608174.6870000008,526865.36600000039],[1608168.9690000005,526886.84200000018],[1608165.9869999997,526894.4570000004],[1608142.7620000001,526893.60199999996],[1608118.6980000008,526892.48699999973],[1608110.8330000006,526898.56399999931],[1608108.0189999994,526905.24200000055],[1608107.9179999996,526914.31699999981],[1608107.3790000007,526934.33799999952],[1608105.3200000003,526958.32200000063],[1608103.6219999995,526964.17699999921],[1608097.7679999992,526969.37800000049],[1608074.523,526970.43300000019],[1608058.5810000002,526968.53299999982],[1608035.4629999995,526967.53199999966],[1608029.7510000002,526964.77899999917],[1608007.1400000006,526960.96800000034],[1608000.8949999996,526954.00699999928],[1607992.4370000008,526932.9140000008],[1607993.4749999996,526924.90799999982],[1608002.7410000004,526915.97000000067],[1608011.5370000005,526902.03399999999]]},"properties":{"LINEAR_FEATURE_ID":707618210,"WATERSHED_GROUP_ID":186,"EDGE_TYPE":1000,"BLUE_LINE_KEY":356570142,"WATERSHED_KEY":356570142,"FWA_WATERSHED_CODE":"300-625474-020842-045408-000000-000000-000000-000000-000000-000000-000000-000000-000000-000000-000000-000000-000000-000000-000000-000000-000000","LOCAL_WATERSHED_CODE":"300-625474-020842-045408-185526-000000-000000-000000-000000-000000-000000-000000-000000-000000-000000-000000-000000-000000-000000-000000-000000","WATERSHED_GROUP_CODE":"SLOC","DOWNSTREAM_ROUTE_MEASURE":4281.6392847515999,"LENGTH_METRE":680.00657647688206,"FEATURE_SOURCE":"linear stream -","GNIS_ID":18130,"GNIS_NAME":"Goose Creek","LEFT_RIGHT_TRIBUTARY":"RIGHT","STREAM_ORDER":4,"STREAM_MAGNITUDE":76,"WATERBODY_KEY":null,"BLUE_LINE_KEY_50K":18,"WATERSHED_CODE_50K":"340047200045000000000000000000000000000000000","WATERSHED_KEY_50K":18,"WATERSHED_GROUP_CODE_50K":"SLOC","GRADIENT":null,"FEATURE_CODE":"GA24850000","OBJECTID":4422035,"GEOMETRY.LEN":0,"FEATURE_LENGTH_M":680.17570000000001}},{"type":"Feature","id":4431830,"geometry":{"type":"LineString","coordinates":[[1606910.2440000009,535164.83100000024],[1606903.9590000007,535174.12600000016],[1606895.3230000008,535194.14100000076],[1606883.3709999993,535209.77600000054],[1606864.6219999995,535229.5429999996],[1606858.5069999993,535237.90100000054],[1606851.568,535253.01700000092],[1606849.8589999992,535258.87199999951],[1606847.9790000003,535265.66200000048],[1606845.6909999996,535275.59300000034],[1606843.6940000001,535291.4570000004],[1606839.9360000007,535305.03800000064],[1606839.1740000006,535311.00599999912],[1606838.1239999998,535326.98200000077],[1606836.2449999992,535333.77300000004],[1606833.6559999995,535354.6679999996],[1606833.0289999992,535366.55000000075],[1606833.4360000007,535379.83100000024],[1606831.6239999998,535401.77500000037],[1606834.5079999994,535419.17699999921],[1606845.1750000007,535437.66599999927],[1606857.1329999994,535462.36600000039],[1606864.8389999997,535481.61800000072],[1606867.5500000007,535491.9849999994],[1606874.852,535505.92799999937],[1606883.5050000008,535525.2929999996],[1606895.5820000004,535548.89100000076],[1606904.6970000006,535573.25400000066],[1606905.5390000008,535581.4849999994],[1606910.3010000009,535592.09600000083],[1606917.3770000003,535615.25799999945],[1606919.1290000007,535626.46700000018],[1606919.9580000006,535635.65300000086],[1606921.9179999996,535651.03199999966],[1606927.3900000006,535671.93099999987],[1606926.6940000001,535693.05199999921],[1606924.8809999991,535714.99599999934],[1606924.1060000006,535721.9179999996],[1606922.1219999995,535744.79900000058],[1606909.4179999996,535765.4450000003],[1606905.0010000002,535776.87600000016],[1606899.6620000005,535786.28299999982]]},"properties":{"LINEAR_FEATURE_ID":707616858,"WATERSHED_GROUP_ID":186,"EDGE_TYPE":1000,"BLUE_LINE_KEY":356536682,"WATERSHED_KEY":356536682,"FWA_WATERSHED_CODE":"300-625474-020842-143840-000000-000000-000000-000000-000000-000000-000000-000000-000000-000000-000000-000000-000000-000000-000000-000000-000000","LOCAL_WATERSHED_CODE":"300-625474-020842-143840-000000-000000-000000-000000-000000-000000-000000-000000-000000-000000-000000-000000-000000-000000-000000-000000-000000","WATERSHED_GROUP_CODE":"SLOC","DOWNSTREAM_ROUTE_MEASURE":49.054996401271296,"LENGTH_METRE":667.2262017720841,"FEATURE_SOURCE":"linear stream -","GNIS_ID":16702,"GNIS_NAME":"Arvid Creek","LEFT_RIGHT_TRIBUTARY":"LEFT","STREAM_ORDER":3,"STREAM_MAGNITUDE":11,"WATERBODY_KEY":null,"BLUE_LINE_KEY_50K":696,"WATERSHED_CODE_50K":"340047200143000000000000000000000000000000000","WATERSHED_KEY_50K":696,"WATERSHED_GROUP_CODE_50K":"SLOC","GRADIENT":null,"FEATURE_CODE":"GA24850000","OBJECTID":4431830,"GEOMETRY.LEN":0,"FEATURE_LENGTH_M":668.56529999999998}},{"type":"Feature","id":4464767,"geometry":{"type":"LineString","coordinates":[[1616837.4800000004,541548.21199999936],[1616815.8320000004,541566.47900000028],[1616800.8729999997,541573.75500000082],[1616784.7579999994,541580.73200000077],[1616765.5120000001,541589.4020000007],[1616757.2670000009,541591.27300000004],[1616749.2060000002,541591.25300000049],[1616725.8509999998,541592.40899999999],[1616710.8479999993,541591.54700000025],[1616689.7990000006,541589.7929999996],[1616668.1390000004,541594.02500000037],[1616650.7789999992,541595.90799999982]]},"properties":{"LINEAR_FEATURE_ID":707088990,"WATERSHED_GROUP_ID":90,"EDGE_TYPE":1000,"BLUE_LINE_KEY":356545045,"WATERSHED_KEY":356545045,"FWA_WATERSHED_CODE":"300-625474-042847-000000-000000-000000-000000-000000-000000-000000-000000-000000-000000-000000-000000-000000-000000-000000-000000-000000-000000","LOCAL_WATERSHED_CODE":"300-625474-042847-692716-000000-000000-000000-000000-000000-000000-000000-000000-000000-000000-000000-000000-000000-000000-000000-000000-000000","WATERSHED_GROUP_CODE":"KOTL","DOWNSTREAM_ROUTE_MEASURE":10113.0311150792,"LENGTH_METRE":199.20916832185901,"FEATURE_SOURCE":"linear stream -","GNIS_ID":25643,"GNIS_NAME":"Sproule Creek","LEFT_RIGHT_TRIBUTARY":"RIGHT","STREAM_ORDER":4,"STREAM_MAGNITUDE":24,"WATERBODY_KEY":null,"BLUE_LINE_KEY_50K":114,"WATERSHED_CODE_50K":"340095600000000000000000000000000000000000000","WATERSHED_KEY_50K":114,"WATERSHED_GROUP_CODE_50K":"KOTL","GRADIENT":null,"FEATURE_CODE":"GA24850000","OBJECTID":4464767,"GEOMETRY.LEN":0,"FEATURE_LENGTH_M":199.6688}},{"type":"Feature","id":4551656,"geometry":{"type":"LineString","coordinates":[[1614517.6999999993,544565.64900000021],[1614532.4100000001,544568.5429999996],[1614548.7180000003,544566.68700000085],[1614568.5969999991,544562.07200000063],[1614583.7860000003,544561.03800000064],[1614598.7899999991,544561.89399999939]]},"properties":{"LINEAR_FEATURE_ID":707611553,"WATERSHED_GROUP_ID":186,"EDGE_TYPE":1000,"BLUE_LINE_KEY":356559464,"WATERSHED_KEY":356559464,"FWA_WATERSHED_CODE":"300-625474-020842-349237-000000-000000-000000-000000-000000-000000-000000-000000-000000-000000-000000-000000-000000-000000-000000-000000-000000","LOCAL_WATERSHED_CODE":"300-625474-020842-349237-555196-000000-000000-000000-000000-000000-000000-000000-000000-000000-000000-000000-000000-000000-000000-000000-000000","WATERSHED_GROUP_CODE":"SLOC","DOWNSTREAM_ROUTE_MEASURE":7348.4323688918503,"LENGTH_METRE":82.065437395144201,"FEATURE_SOURCE":"linear stream -","GNIS_ID":3011,"GNIS_NAME":"Winlaw Creek","LEFT_RIGHT_TRIBUTARY":"LEFT","STREAM_ORDER":3,"STREAM_MAGNITUDE":27,"WATERBODY_KEY":null,"BLUE_LINE_KEY_50K":162,"WATERSHED_CODE_50K":"340047200349000000000000000000000000000000000","WATERSHED_KEY_50K":162,"WATERSHED_GROUP_CODE_50K":"SLOC","GRADIENT":null,"FEATURE_CODE":"GA24850000","OBJECTID":4551656,"GEOMETRY.LEN":0,"FEATURE_LENGTH_M":82.392499999999998}},{"type":"Feature","id":4572664,"geometry":{"type":"LineString","coordinates":[[1622775.2860000003,535242.67100000009],[1622767.8719999995,535245.75100000016],[1622761.2349999994,535249.88399999961],[1622751.4690000005,535255.7070000004],[1622741.534,535262.46600000001],[1622736.841,535266.99599999934],[1622732.0850000009,535272.31499999948],[1622728.7860000003,535274.94199999981],[1622725.3169999998,535278.50500000082],[1622714.1449999996,535287.18600000069],[1622703.9199999999,535295.98399999924],[1622698.4000000004,535299.29600000009],[1622673.0580000002,535316.29199999943],[1622649.0720000006,535330.2650000006],[1622643.432,535334.67899999954],[1622641.0789999999,535337.42200000025],[1622638.727,535340.1640000008],[1622614.6209999993,535355.23900000006],[1622606.4470000006,535364.28700000048],[1622589.7699999996,535383.30000000075],[1622576.5350000001,535392.68600000069],[1622556.6630000006,535406.20500000007],[1622547.1980000008,535409.03600000031],[1622520.5529999994,535420.76999999955],[1622504.1620000005,535429.77099999972],[1622486.9829999991,535438.67600000091],[1622460.9949999992,535452.56399999931],[1622438.4810000006,535470.86400000006],[1622427.9149999991,535481.53399999999],[1622415.3399999999,535501.04900000058],[1622412.5659999996,535507.88599999994],[1622407.2320000008,535517.28199999966],[1622404.5270000007,535522.85199999996],[1622400.2960000001,535532.38199999928],[1622397.1830000002,535541.09200000018],[1622396.1319999993,535549.09699999914],[1622392.4309999999,535570.81200000085],[1622391.3169999998,535579.60700000077],[1622389.8609999996,535598.72599999979],[1622389.0500000007,535604.5270000007],[1622384.1239999998,535627.21000000089],[1622381.4849999994,535639.96399999969],[1622376.9680000003,535659.50699999928],[1622372.9110000003,535676.07499999925],[1622369.693,535692.90599999949],[1622361.2190000005,535712.92200000025],[1622354.0590000004,535737.24499999918],[1622349.0669999998,535752.74200000055],[1622321.7919999994,535768.3870000001],[1622301.7449999992,535774.86900000088],[1622293.3969999999,535776.87900000066],[1622278.0940000005,535778.99699999951],[1622267.6319999993,535781.54600000009],[1622243.3389999997,535790.5390000008],[1622226.6549999993,535793.60400000028],[1622214.2990000006,535795.92200000025],[1622198.5370000005,535801.01400000043],[1622173.4289999995,535807.83400000073],[1622158.4940000009,535814.14299999923],[1622146.4940000009,535821.60799999908],[1622138.4499999993,535828.59999999963],[1622127.6199999992,535843.38399999961],[1622124.807,535849.10099999979],[1622123.5859999992,535858.04199999943],[1622117.3599999994,535883.43600000069],[1622115.4700000007,535891.17899999954],[1622112.3680000007,535898.93400000036],[1622105.6669999994,535920.28299999982],[1622103.0270000007,535933.03800000064],[1622101.1640000008,535946.84400000051],[1622098.2219999991,535962.59200000018],[1622099.8670000006,535973.95600000024],[1622105.1150000002,535987.67500000075],[1622110.9940000009,535997.48299999908],[1622125.1290000007,536012.44600000046],[1622132.7180000003,536024.37700000033],[1622134.9539999999,536030.7109999992],[1622144.0270000007,536046.01300000027],[1622145.1319999993,536046.14800000004],[1622145.1539999992,536046.22000000067],[1622148.6699999999,536057.74300000072],[1622154.443,536075.67200000025],[1622156.2070000004,536085.93500000052],[1622158.8129999992,536104.43400000036],[1622164.5739999991,536123.31799999997],[1622164.591,536138.31100000069],[1622163.4220000003,536155.39200000092],[1622160.9539999999,536175.18500000052],[1622160.0219999999,536182.08899999969],[1622156.9749999996,536205.9570000004],[1622155.9130000006,536222.89200000092],[1622153.6270000003,536240.7929999996],[1622152.4059999995,536249.73399999924],[1622153.9989999998,536260.93300000019],[1622158.1679999996,536276.59300000034],[1622165.8220000006,536295.70900000073],[1622170.7780000009,536303.49100000039],[1622175.8959999997,536327.24000000022],[1622175.7789999992,536336.31599999964],[1622174.2689999994,536355.26999999955],[1622168.3420000002,536377.66999999993],[1622153.1060000006,536394.94700000063],[1622145.2320000008,536401.00200000033]]},"properties":{"LINEAR_FEATURE_ID":707095105,"WATERSHED_GROUP_ID":90,"EDGE_TYPE":1000,"BLUE_LINE_KEY":356545045,"WATERSHED_KEY":356545045,"FWA_WATERSHED_CODE":"300-625474-042847-000000-000000-000000-000000-000000-000000-000000-000000-000000-000000-000000-000000-000000-000000-000000-000000-000000-000000","LOCAL_WATERSHED_CODE":"300-625474-042847-000000-000000-000000-000000-000000-000000-000000-000000-000000-000000-000000-000000-000000-000000-000000-000000-000000-000000","WATERSHED_GROUP_CODE":"KOTL","DOWNSTREAM_ROUTE_MEASURE":351.29757107297701,"LENGTH_METRE":1549.27327412674,"FEATURE_SOURCE":"linear stream -","GNIS_ID":25643,"GNIS_NAME":"Sproule Creek","LEFT_RIGHT_TRIBUTARY":"RIGHT","STREAM_ORDER":4,"STREAM_MAGNITUDE":81,"WATERBODY_KEY":null,"BLUE_LINE_KEY_50K":114,"WATERSHED_CODE_50K":"340095600000000000000000000000000000000000000","WATERSHED_KEY_50K":114,"WATERSHED_GROUP_CODE_50K":"KOTL","GRADIENT":null,"FEATURE_CODE":"GA24850000","OBJECTID":4572664,"GEOMETRY.LEN":0,"FEATURE_LENGTH_M":1558.1484}},{"type":"Feature","id":4577867,"geometry":{"type":"LineString","coordinates":[[1608455.9250000007,530481.70099999942],[1608439.3239999991,530477.64699999988],[1608432.6669999994,530474.78099999949],[1608420.3110000007,530468.20500000007],[1608411.4220000003,530466.9849999994],[1608399.523,530457.43500000052],[1608389.4100000001,530457.18500000052],[1608367.5779999997,530454.41999999993],[1608349.6809999999,530453.0820000004],[1608329.7310000006,530451.49899999984],[1608308.7280000001,530449.94999999925],[1608301.6140000001,530450.05700000003],[1608278.6659999993,530448.11700000055],[1608265.6610000003,530447.36199999973],[1608245.6050000004,530445.92600000091],[1608221.7100000009,530443.87299999967],[1608209.5449999999,530443.37800000049],[1608191.648,530442.04099999927],[1608173.5920000002,530440.68400000036],[1608164.5960000008,530439.61099999957],[1608145.7510000002,530438.16000000015],[1608125.6950000003,530436.72499999963],[1608110.6380000003,530435.72599999979],[1608086.7430000007,530433.67300000042],[1608066.5170000009,530433.17400000058],[1608050.6830000002,530431.12600000016],[1608033.625,530430.04900000058],[1608014.1319999993,530425.49300000072],[1608006.3699999992,530422.49499999918],[1607988.0050000008,530416.16000000015],[1607979.2960000001,530413.04900000058],[1607958.6989999991,530408.36099999957]]},"properties":{"LINEAR_FEATURE_ID":707617845,"WATERSHED_GROUP_ID":186,"EDGE_TYPE":1000,"BLUE_LINE_KEY":356521095,"WATERSHED_KEY":356521095,"FWA_WATERSHED_CODE":"300-625474-020842-091761-000000-000000-000000-000000-000000-000000-000000-000000-000000-000000-000000-000000-000000-000000-000000-000000-000000","LOCAL_WATERSHED_CODE":"300-625474-020842-091761-221209-000000-000000-000000-000000-000000-000000-000000-000000-000000-000000-000000-000000-000000-000000-000000-000000","WATERSHED_GROUP_CODE":"SLOC","DOWNSTREAM_ROUTE_MEASURE":1604.9770971043001,"LENGTH_METRE":507.76512653946401,"FEATURE_SOURCE":"linear stream -","GNIS_ID":16326,"GNIS_NAME":"Langill Creek","LEFT_RIGHT_TRIBUTARY":"RIGHT","STREAM_ORDER":2,"STREAM_MAGNITUDE":3,"WATERBODY_KEY":null,"BLUE_LINE_KEY_50K":null,"WATERSHED_CODE_50K":null,"WATERSHED_KEY_50K":null,"WATERSHED_GROUP_CODE_50K":null,"GRADIENT":null,"FEATURE_CODE":"GA24850000","OBJECTID":4577867,"GEOMETRY.LEN":0,"FEATURE_LENGTH_M":519.76530000000002}},{"type":"Feature","id":4601383,"geometry":{"type":"LineString","coordinates":[[1619836.0580000002,535454.61199999973],[1619814.4189999998,535457.87900000066],[1619792.6099999994,535462.08300000057],[1619774.7829999998,535467.8870000001],[1619750.1459999997,535470.78999999911],[1619733.2660000008,535476.71000000089],[1619716.8619999997,535486.67400000058],[1619708.8690000009,535493.83400000073],[1619682.8159999996,535508.52500000037],[1619662.1889999993,535519.09300000034],[1619644.5360000003,535531.93500000052],[1619634.0199999996,535542.77500000037],[1619628.4989999998,535546.09100000001],[1619623.9120000005,535550.47599999979],[1619603.2609999999,535562.95399999991],[1619595.0979999993,535571.05100000091],[1619588.4600000009,535575.18700000085],[1619567.9399999995,535585.60799999908],[1619553.7569999993,535594.88599999994],[1619542.1229999997,535606.54800000042],[1619535.3540000003,535612.74100000039],[1619524.1919999998,535620.4729999993],[1619515.2019999996,535627.35300000012],[1619509.3790000007,535633.66200000048],[1619502.4389999993,535640.79099999927],[1619491.7400000002,535653.52300000004],[1619482.8000000007,535660.56900000013],[1619476.1620000005,535664.70500000007]]},"properties":{"LINEAR_FEATURE_ID":707094965,"WATERSHED_GROUP_ID":90,"EDGE_TYPE":1000,"BLUE_LINE_KEY":356567071,"WATERSHED_KEY":356567071,"FWA_WATERSHED_CODE":"300-625474-039562-000000-000000-000000-000000-000000-000000-000000-000000-000000-000000-000000-000000-000000-000000-000000-000000-000000-000000","LOCAL_WATERSHED_CODE":"300-625474-039562-167080-000000-000000-000000-000000-000000-000000-000000-000000-000000-000000-000000-000000-000000-000000-000000-000000-000000","WATERSHED_GROUP_CODE":"KOTL","DOWNSTREAM_ROUTE_MEASURE":1659.9711554426399,"LENGTH_METRE":426.59217017034399,"FEATURE_SOURCE":"linear stream -","GNIS_ID":27978,"GNIS_NAME":"Smallwood Creek","LEFT_RIGHT_TRIBUTARY":"RIGHT","STREAM_ORDER":3,"STREAM_MAGNITUDE":18,"WATERBODY_KEY":null,"BLUE_LINE_KEY_50K":109,"WATERSHED_CODE_50K":"340088400000000000000000000000000000000000000","WATERSHED_KEY_50K":109,"WATERSHED_GROUP_CODE_50K":"KOTL","GRADIENT":null,"FEATURE_CODE":"GA24850000","OBJECTID":4601383,"GEOMETRY.LEN":0,"FEATURE_LENGTH_M":430.17060000000004}},{"type":"Feature","id":4607831,"geometry":{"type":"LineString","coordinates":[[1604087.3279999997,542827.25799999945],[1604123.4360000007,542851.95399999991],[1604129.0050000008,542856.75999999978],[1604149.1190000009,542872.38199999928],[1604158.8090000004,542883.73699999973],[1604165.7960000001,542899.71299999952],[1604168.1840000004,542913.0700000003],[1604166.8149999995,542931.08300000057],[1604163.7129999995,542955.90499999933],[1604159.6779999994,542979.66000000015],[1604158.1239999998,542999.56399999931],[1604149.307,543029.60600000061],[1604148.4130000006,543036.67500000075],[1604143.6740000006,543058.11400000006],[1604142.0079999994,543071.14900000021],[1604140.2780000009,543084.97399999946],[1604137.7899999991,543103.81000000052],[1604136.5779999997,543121.84200000018],[1604132.8359999992,543143.55900000036],[1604131.8920000009,543150.46199999936],[1604128.75,543167.14800000004],[1604125.9509999994,543181.96199999936],[1604120.5850000009,543199.34100000001],[1604119.3310000002,543202.22100000083],[1604109.7379999999,543213.19800000079],[1604097.7180000003,543220.69899999909],[1604083.818,543227.01999999955],[1604062.4450000003,543236.27999999933],[1604048.5460000001,543242.59999999963],[1604038.1239999998,543245.34899999946],[1604025,543252.71800000034],[1604020.2819999997,543258.21600000001],[1604010.6490000002,543279.07399999909],[1604009.1040000003,543291.00799999945],[1604004.4279999994,543311.65699999966],[1604003.4700000007,543319.5150000006],[1604002.5250000004,543326.4179999996],[1604001.4600000009,543334.42300000042],[1603999.7259999998,543341.23200000077],[1603994.5429999996,543349.70399999991],[1603989.6530000009,543356.13900000043],[1603975.9140000008,543369.49400000088],[1603962.6420000009,543386.8900000006],[1603945.9179999996,543398.93500000052],[1603936.6040000003,543408.82899999991],[1603922.0529999994,543420.01600000076],[1603915.1109999996,543426.2070000004],[1603904.2100000009,543432.88399999961],[1603887.4719999991,543445.88299999945],[1603878.7579999994,543450.74799999967],[1603870.8690000009,543456.82599999942],[1603866.3230000008,543461.38800000027],[1603860.6070000008,543466.60899999924],[1603853.8369999994,543471.8629999999],[1603845.9350000005,543478.89699999988],[1603840.5769999996,543481.28999999911],[1603833.9289999995,543485.44299999997],[1603819.8430000003,543493.65499999933],[1603813.3660000004,543496.87199999951],[1603795.8670000006,543507.86800000072],[1603790.1510000005,543513.08899999969],[1603783.6750000007,543516.30599999987],[1603774.5460000001,543524.31000000052],[1603768.7090000007,543530.63199999928],[1603757.4629999995,543539.18200000003],[1603752.7449999992,543544.6799999997],[1603749.2670000009,543548.25300000049],[1603742.4829999991,543554.46299999952],[1603737.8859999999,543558.85899999924],[1603729.6899999995,543567.93099999987],[1603720.2029999997,543578.7620000001],[1603704.1040000003,543594.86700000055],[1603696.8680000007,543603.09600000083],[1603692.2719999999,543607.49300000072],[1603689.9120000005,543610.24200000055],[1603685.1799999997,543616.6950000003],[1603678.2239999995,543623.84100000001],[1603667.8039999995,543633.60500000045],[1603654.4240000006,543651.14900000021],[1603651.2249999996,543653.63900000043],[1603646.3489999995,543659.11900000088],[1603635.6070000008,543672.83100000024],[1603629.9419999998,543678.21700000018],[1603619.2139999997,543690.97399999946],[1603614.1370000001,543699.29900000058],[1603605.0079999994,543707.30399999954],[1603594.0940000005,543721.95199999958],[1603588.2709999997,543727.31900000013],[1603581.0069999993,543737.45800000057],[1603573.5850000009,543747.57799999975],[1603569.8139999993,543753.18899999931],[1603565.0950000007,543758.68700000085],[1603557.659,543769.7620000001],[1603549.2909999993,543779.76999999955],[1603542.852,543791.12299999967],[1603538.0830000006,543796.45600000024],[1603533.6960000005,543808.05199999921],[1603533.5240000002,543808.9879999999],[1603522.1569999997,543818.6400000006],[1603504.818,543843.68600000069],[1603500.0850000009,543850.1400000006],[1603496.4350000005,543854.64900000021],[1603493.7819999997,543859.43600000069],[1603491.1150000002,543865.17799999937],[1603485.3990000002,543870.39900000021],[1603479.5749999993,543875.76600000076],[1603472.1390000004,543886.84100000001],[1603463.4629999995,543899.84200000018],[1603456.091,543910.12800000049],[1603454.8000000007,543911.88800000027],[1603442.1919999998,543923.46499999985],[1603420.8550000004,543940.86199999973],[1603409.7809999995,543948.47699999996],[1603400.9299999997,543955.39800000004],[1603396.5189999994,543957.90399999917],[1603394.3320000004,543959.71700000018],[1603383.2569999993,543967.33100000024],[1603370.1319999993,543974.70199999958],[1603353.9930000007,543982.67200000025],[1603336.148,543995.54199999943],[1603324.8159999996,544006.31499999948]]},"properties":{"LINEAR_FEATURE_ID":707612240,"WATERSHED_GROUP_ID":186,"EDGE_TYPE":1000,"BLUE_LINE_KEY":356570432,"WATERSHED_KEY":356570432,"FWA_WATERSHED_CODE":"300-625474-020842-274982-000000-000000-000000-000000-000000-000000-000000-000000-000000-000000-000000-000000-000000-000000-000000-000000-000000","LOCAL_WATERSHED_CODE":"300-625474-020842-274982-000000-000000-000000-000000-000000-000000-000000-000000-000000-000000-000000-000000-000000-000000-000000-000000-000000","WATERSHED_GROUP_CODE":"SLOC","DOWNSTREAM_ROUTE_MEASURE":0,"LENGTH_METRE":1578.9024690471601,"FEATURE_SOURCE":"linear stream -","GNIS_ID":20473,"GNIS_NAME":"Newcomen Creek","LEFT_RIGHT_TRIBUTARY":"RIGHT","STREAM_ORDER":2,"STREAM_MAGNITUDE":2,"WATERBODY_KEY":null,"BLUE_LINE_KEY_50K":149,"WATERSHED_CODE_50K":"340047200273000820000000000000000000000000000","WATERSHED_KEY_50K":149,"WATERSHED_GROUP_CODE_50K":"SLOC","GRADIENT":null,"FEATURE_CODE":"GA24850000","OBJECTID":4607831,"GEOMETRY.LEN":0,"FEATURE_LENGTH_M":1757.3664000000001}},{"type":"Feature","id":4615591,"geometry":{"type":"LineString","coordinates":[[1620302.8900000006,526732.04700000025],[1620316.2949999999,526729.68999999948],[1620337.6400000006,526728.45800000057],[1620352.9370000008,526726.3320000004],[1620369.3399999999,526724.33999999985],[1620377.5559999999,526724.38199999928],[1620397.1349999998,526720.8629999999],[1620408.3709999993,526719.35899999924],[1620424.9409999996,526716.43099999987],[1620436.9450000003,526716.93400000036],[1620445.1199999992,526715.85500000045],[1620462.5199999996,526714.14399999939],[1620485.7479999997,526714.0979999993],[1620491.8619999997,526713.72599999979],[1620513.2070000004,526712.49499999918],[1620528.2090000007,526713.36199999973],[1620553.3200000003,526714.50300000049],[1620576.4309999999,526715.55900000036],[1620598.8579999991,526721.31699999981],[1620616.0789999999,526721.49799999967],[1620639.0319999997,526722.53600000031],[1620653.2039999999,526722.18700000085],[1620663.4820000008,526721.52300000004],[1620674.5390000008,526721.91200000048],[1620688.6040000003,526721.70900000073],[1620708.4690000005,526716.15300000086],[1620730.0710000005,526705.86500000022],[1620749.4529999997,526696.2650000006],[1620758.7149999999,526687.34600000083]]},"properties":{"LINEAR_FEATURE_ID":707102169,"WATERSHED_GROUP_ID":90,"EDGE_TYPE":1000,"BLUE_LINE_KEY":356547356,"WATERSHED_KEY":356547356,"FWA_WATERSHED_CODE":"300-625474-027067-000000-000000-000000-000000-000000-000000-000000-000000-000000-000000-000000-000000-000000-000000-000000-000000-000000-000000","LOCAL_WATERSHED_CODE":"300-625474-027067-587680-000000-000000-000000-000000-000000-000000-000000-000000-000000-000000-000000-000000-000000-000000-000000-000000-000000","WATERSHED_GROUP_CODE":"KOTL","DOWNSTREAM_ROUTE_MEASURE":7422.5149514797604,"LENGTH_METRE":467.00759977384706,"FEATURE_SOURCE":"linear stream -","GNIS_ID":27525,"GNIS_NAME":"Rover Creek","LEFT_RIGHT_TRIBUTARY":"LEFT","STREAM_ORDER":2,"STREAM_MAGNITUDE":10,"WATERBODY_KEY":null,"BLUE_LINE_KEY_50K":88,"WATERSHED_CODE_50K":"340062200000000000000000000000000000000000000","WATERSHED_KEY_50K":88,"WATERSHED_GROUP_CODE_50K":"KOTL","GRADIENT":null,"FEATURE_CODE":"GA24850000","OBJECTID":4615591,"GEOMETRY.LEN":0,"FEATURE_LENGTH_M":471.07170000000002}},{"type":"Feature","id":4633196,"geometry":{"type":"LineString","coordinates":[[1614374.682,544570.69199999981],[1614399.8100000005,544563.84100000001],[1614414.1600000001,544562.54499999993],[1614431.2290000003,544562.69400000013],[1614452.8800000008,544559.41000000015],[1614476.1300000008,544558.39200000092],[1614489.0690000001,544559.95600000024],[1614508.7060000002,544564.56200000085],[1614517.6999999993,544565.64900000021]]},"properties":{"LINEAR_FEATURE_ID":707611554,"WATERSHED_GROUP_ID":186,"EDGE_TYPE":1000,"BLUE_LINE_KEY":356559464,"WATERSHED_KEY":356559464,"FWA_WATERSHED_CODE":"300-625474-020842-349237-000000-000000-000000-000000-000000-000000-000000-000000-000000-000000-000000-000000-000000-000000-000000-000000-000000","LOCAL_WATERSHED_CODE":"300-625474-020842-349237-544244-000000-000000-000000-000000-000000-000000-000000-000000-000000-000000-000000-000000-000000-000000-000000-000000","WATERSHED_GROUP_CODE":"SLOC","DOWNSTREAM_ROUTE_MEASURE":7203.4755844528909,"LENGTH_METRE":144.95678443896702,"FEATURE_SOURCE":"linear stream -","GNIS_ID":3011,"GNIS_NAME":"Winlaw Creek","LEFT_RIGHT_TRIBUTARY":"LEFT","STREAM_ORDER":3,"STREAM_MAGNITUDE":28,"WATERBODY_KEY":null,"BLUE_LINE_KEY_50K":162,"WATERSHED_CODE_50K":"340047200349000000000000000000000000000000000","WATERSHED_KEY_50K":162,"WATERSHED_GROUP_CODE_50K":"SLOC","GRADIENT":null,"FEATURE_CODE":"GA24850000","OBJECTID":4633196,"GEOMETRY.LEN":0,"FEATURE_LENGTH_M":145.5941}},{"type":"Feature","id":4649951,"geometry":{"type":"LineString","coordinates":[[1602961.2809999995,543810.77999999933],[1602957.216,543818.42899999954],[1602951.1940000001,543833.65799999982],[1602943.8100000005,543851.91499999911],[1602940.6769999992,543860.63099999912],[1602931.6940000001,543883.6400000006],[1602930.7850000001,543891.66300000064],[1602930.4419999998,543893.53600000031],[1602929.0150000006,543897.35199999996],[1602924.6420000009,543907.99400000088],[1602913.2609999999,543925.61700000055],[1602910.3010000009,543933.39699999988],[1602905.0899999999,543950.79499999993],[1602899.4250000007,543963.19700000063],[1602895.1740000006,543972.73699999973],[1602893.7469999995,543976.55399999954],[1602892.3340000007,543979.41599999927]]},"properties":{"LINEAR_FEATURE_ID":707611775,"WATERSHED_GROUP_ID":186,"EDGE_TYPE":1000,"BLUE_LINE_KEY":356539292,"WATERSHED_KEY":356539292,"FWA_WATERSHED_CODE":"300-625474-020842-272863-000000-000000-000000-000000-000000-000000-000000-000000-000000-000000-000000-000000-000000-000000-000000-000000-000000","LOCAL_WATERSHED_CODE":"300-625474-020842-272863-547496-000000-000000-000000-000000-000000-000000-000000-000000-000000-000000-000000-000000-000000-000000-000000-000000","WATERSHED_GROUP_CODE":"SLOC","DOWNSTREAM_ROUTE_MEASURE":1820.3464166020001,"LENGTH_METRE":183.06183964627002,"FEATURE_SOURCE":"linear stream -","GNIS_ID":21568,"GNIS_NAME":"Draw Creek","LEFT_RIGHT_TRIBUTARY":"RIGHT","STREAM_ORDER":2,"STREAM_MAGNITUDE":5,"WATERBODY_KEY":null,"BLUE_LINE_KEY_50K":148,"WATERSHED_CODE_50K":"340047200273000000000000000000000000000000000","WATERSHED_KEY_50K":148,"WATERSHED_GROUP_CODE_50K":"SLOC","GRADIENT":null,"FEATURE_CODE":"GA24850000","OBJECTID":4649951,"GEOMETRY.LEN":0,"FEATURE_LENGTH_M":210.74460000000002}},{"type":"Feature","id":4690449,"geometry":{"type":"LineString","coordinates":[[1608171.0309999995,546483.83699999936],[1608157.2670000009,546481.07399999909],[1608147.3259999994,546479.88499999978],[1608134.3210000005,546479.12600000016],[1608127.5649999995,546476.40399999917],[1608116.7990000006,546474],[1608099.693,546465.7349999994],[1608095.4049999993,546460.11900000088],[1608093.3550000004,546452.85799999908],[1608087.6679999996,546449.14800000004],[1608069.5810000002,546432.63299999945],[1608054.2320000008,546426.65100000054],[1608032.0620000008,546418.73699999973],[1608010.4079999998,546415.02999999933],[1607990.3019999992,546413.42200000025],[1607975.9340000004,546415.68999999948],[1607968.5089999996,546418.78800000064],[1607946.2009999994,546419.94700000063],[1607925.1490000002,546418.22599999979],[1607913.1410000008,546417.74699999951],[1607894.3129999992,546415.3359999992],[1607881.1999999993,546414.72399999946],[1607858.8920000009,546415.88299999945],[1607836.2890000008,546419.08000000007],[1607821.7489999998,546422.28399999999],[1607819.6830000002,546422.99400000088],[1607796.4759999998,546431.22100000083],[1607788.8790000007,546435.25599999912],[1607764.5030000005,546444.14100000076],[1607743.4839999992,546450.55700000003],[1607723.4470000006,546465.2229999993],[1607701.9470000006,546475.56799999997],[1607681.2569999993,546488.08300000057],[1607669.4030000009,546501.65499999933],[1607653.6390000004,546522.89100000076],[1607647.9210000001,546528.10700000077],[1607632.1710000001,546548.38900000043],[1607622.6779999994,546559.21299999952],[1607611.9440000001,546571.96199999936],[1607602.7789999992,546588.88499999978],[1607592.3900000006,546599.76099999994],[1607578.9350000005,546618.08500000089],[1607569.4759999998,546637.04499999993],[1607561.4790000003,546660.32599999942],[1607560.7029999997,546666.2929999996],[1607558.1870000008,546686.08300000057],[1607558.8220000006,546696.20500000007],[1607566.9179999996,546704.3479999993],[1607578.3389999997,546725.96399999969],[1607579.2689999994,546734.04800000042],[1607578.1809999999,546750.02300000004],[1607581.7259999998,546769.74100000039],[1607590.7520000003,546785.96800000034],[1607609.1150000002,546808.41499999911],[1607609.1490000002,546816.55100000091],[1607607.1140000001,546832.41200000048],[1607608.0940000005,546840.66200000048],[1607611.8829999994,546858.17699999921],[1607614.1380000003,546872.63800000027],[1607617.3059999999,546879.07599999942],[1607621.9049999993,546898.75999999978],[1607621.9030000009,546905.77600000054],[1607620.1789999995,546911.62900000066],[1607614.0289999992,546920.93999999948],[1607598.2770000007,546941.22100000083],[1607596.1940000001,546949.90100000054],[1607586.4049999993,546962.76300000027],[1607577.4120000005,546978.75],[1607566.8489999995,546990.56299999915],[1607563.0739999991,546996.17100000009],[1607552.5089999996,547014.99899999984],[1607540.8120000008,547028.58999999985],[1607528.5069999993,547037.1640000008],[1607521.5460000001,547044.3049999997],[1607508.4499999993,547059.80100000091],[1607502.8890000004,547065.03600000031],[1607495.648,547073.25999999978],[1607481.727,547087.54099999927],[1607467.8560000006,547101.9879999999],[1607462.9609999992,547108.41899999976],[1607459.1720000003,547114.98200000077],[1607443.5409999993,547134.16200000048],[1607435.648,547140.2349999994],[1607431.6860000007,547147.73399999924],[1607424.7249999996,547154.875],[1607414.1620000005,547166.68799999915],[1607409.1300000008,547175.17500000075],[1607406.7520000003,547185.89399999939],[1607402.3220000006,547196.36700000055],[1607397.4269999992,547202.79800000042],[1607379.5930000003,547224.74400000088],[1607374.8680000007,547237.25500000082],[1607375.1960000005,547243.35300000012],[1607369.8509999998,547261.84899999946],[1607367.023,547267.5700000003],[1607364.1799999997,547274.24699999951],[1607360.0769999996,547290.81799999997],[1607351.8890000004,547298.92799999937],[1607341.9149999991,547306.66599999927],[1607332.2980000004,547318.59200000018],[1607324.5270000007,547323.56299999915],[1607317.5659999996,547330.70399999991],[1607312.8289999999,547337.15399999917],[1607304.6410000008,547345.2650000006],[1607292.9580000006,547357.90000000037],[1607289.9419999998,547365.51300000027],[1607279.5510000009,547376.3900000006],[1607273.7090000007,547382.70800000057],[1607253.7899999991,547396.27300000004],[1607247.1239999998,547401.37600000016],[1607243.3479999993,547406.98399999924],[1607235.4409999996,547414.0120000001],[1607219.0020000003,547424.00699999928],[1607213.5030000005,547435.46900000051],[1607203.5749999993,547450.38800000027],[1607191.0820000004,547460.85400000028],[1607174.1469999999,547475.73299999908],[1607168.0099999998,547484.08899999969],[1607162.1679999996,547490.40699999966],[1607145.6040000003,547508.51899999939],[1607132.318,547525.90699999966],[1607113.5030000005,547539.60500000045],[1607106.5419999994,547546.74599999934],[1607091.2699999996,547563.09899999946],[1607087.4790000003,547569.66200000048],[1607076.7420000006,547582.41200000048],[1607062.9879999999,547602.77400000021],[1607050.216,547624.36900000088],[1607045.1339999996,547632.69099999964],[1607036.307,547654.75799999945],[1607023.3629999999,547677.2890000008],[1607008.8489999995,547695.64699999988],[1607004.8859999999,547703.14599999972],[1606998.7799999993,547719.63800000027],[1606990.4039999992,547729.6400000006],[1606980.1300000008,547746.43099999987],[1606968.3049999997,547768.1400000006],[1606960.5500000007,547782.20299999975],[1606958.5299999993,547790.09400000051],[1606952.3739999998,547806.41999999993],[1606944.8039999995,547825.60700000077],[1606943.716,547834.56599999964],[1606940.0620000008,547839.07300000079],[1606937.2180000003,547845.74899999984],[1606929.4820000008,547851.84100000001],[1606921.2780000009,547860.90699999966],[1606918.2609999999,547868.51899999939],[1606916.5510000009,547873.4179999996],[1606909.5889999997,547880.55900000036],[1606890.773,547894.25699999928],[1606883.8579999991,547908.58000000007],[1606873.1009999998,547929.30000000075],[1606867.2579999994,547935.61800000072],[1606854.6579999998,547956.27800000086],[1606850.8809999991,547961.88599999994],[1606830.773,547977.34300000034],[1606818.1559999995,547988.91200000048],[1606809.4839999992,548000.95199999958],[1606799.0250000004,548012.61900000088],[1606794.0069999993,548020.1520000007],[1606788.318,548033.50400000066],[1606783.4030000009,548047.90599999949],[1606779.7990000006,548052.57899999991],[1606763.0299999993,548073.53800000064],[1606754.3890000004,548093.71299999952],[1606741.7520000003,548113.25300000049],[1606735.1349999998,548118.52199999988],[1606721.8619999997,548134.95500000007],[1606716.9509999994,548142.34200000018],[1606705.1239999998,548164.05000000075],[1606697.3829999994,548177.15799999982],[1606693.5869999994,548190.73699999973],[1606679.5390000008,548206.12199999951],[1606668.1950000003,548223.9020000007],[1606656.148,548239.36600000039],[1606646.2180000003,548254.28500000015],[1606641.4749999996,548267.75100000016],[1606632.4920000006,548282.78299999982],[1606619.8550000004,548302.32300000079],[1606603.7550000008,548317.46199999936],[1606598.2070000004,548321.74300000072],[1606585.1060000006,548337.24100000039],[1606576.1070000008,548353.22800000012],[1606562.3499999996,548373.59100000001],[1606557.6260000002,548379.0859999992],[1606548.6429999992,548394.11900000088],[1606543.727,548408.52099999972],[1606537.0899999999,548421.76099999994],[1606531.2719999999,548443.23000000045],[1606528.6260000002,548464.12199999951],[1606524.534,548479.73900000006],[1606521.8609999996,548485.47900000028],[1606515.2039999999,548506.68899999931],[1606506.5309999995,548518.72900000028],[1606499.9079999998,548531.01400000043],[1606493.1180000007,548537.22000000067],[1606484.2760000005,548543.1799999997],[1606475.3849999998,548548.97499999963],[1606461.1830000002,548557.32599999942],[1606447.2760000005,548563.63900000043],[1606439.1980000008,548564.58799999952],[1606416.7300000004,548565.73299999908],[1606402.1720000003,548569.89499999955],[1606394.4499999993,548575.03299999982]]},"properties":{"LINEAR_FEATURE_ID":707610892,"WATERSHED_GROUP_ID":186,"EDGE_TYPE":1000,"BLUE_LINE_KEY":356541048,"WATERSHED_KEY":356541048,"FWA_WATERSHED_CODE":"300-625474-020842-346870-000000-000000-000000-000000-000000-000000-000000-000000-000000-000000-000000-000000-000000-000000-000000-000000-000000","LOCAL_WATERSHED_CODE":"300-625474-020842-346870-000000-000000-000000-000000-000000-000000-000000-000000-000000-000000-000000-000000-000000-000000-000000-000000-000000","WATERSHED_GROUP_CODE":"SLOC","DOWNSTREAM_ROUTE_MEASURE":19.690360922262297,"LENGTH_METRE":3135.7739692994501,"FEATURE_SOURCE":"linear stream -","GNIS_ID":21431,"GNIS_NAME":"Hird Creek","LEFT_RIGHT_TRIBUTARY":"RIGHT","STREAM_ORDER":3,"STREAM_MAGNITUDE":23,"WATERBODY_KEY":null,"BLUE_LINE_KEY_50K":160,"WATERSHED_CODE_50K":"340047200346000000000000000000000000000000000","WATERSHED_KEY_50K":160,"WATERSHED_GROUP_CODE_50K":"SLOC","GRADIENT":null,"FEATURE_CODE":"GA24850000","OBJECTID":4690449,"GEOMETRY.LEN":0,"FEATURE_LENGTH_M":3171.9857000000002}},{"type":"Feature","id":4694068,"geometry":{"type":"LineString","coordinates":[[1609047.6160000004,541883.31299999915],[1609051.9920000006,541864.70299999975],[1609055.9450000003,541857.20399999991],[1609070.7410000004,541835.85500000045],[1609072.6290000007,541829.06499999948],[1609075.2929999996,541823.32499999925],[1609084.8900000006,541804.38399999961],[1609099.8560000006,541782.09899999946],[1609104.4639999997,541776.75100000016],[1609121.3100000005,541755.64800000004],[1609123.6329999994,541736.7929999996]]},"properties":{"LINEAR_FEATURE_ID":707612696,"WATERSHED_GROUP_ID":186,"EDGE_TYPE":1000,"BLUE_LINE_KEY":356564711,"WATERSHED_KEY":356564711,"FWA_WATERSHED_CODE":"300-625474-020842-330099-000000-000000-000000-000000-000000-000000-000000-000000-000000-000000-000000-000000-000000-000000-000000-000000-000000","LOCAL_WATERSHED_CODE":"300-625474-020842-330099-573827-000000-000000-000000-000000-000000-000000-000000-000000-000000-000000-000000-000000-000000-000000-000000-000000","WATERSHED_GROUP_CODE":"SLOC","DOWNSTREAM_ROUTE_MEASURE":4532.8081001799001,"LENGTH_METRE":168.082369684903,"FEATURE_SOURCE":"linear stream -","GNIS_ID":14663,"GNIS_NAME":"Pedro Creek","LEFT_RIGHT_TRIBUTARY":"LEFT","STREAM_ORDER":3,"STREAM_MAGNITUDE":9,"WATERBODY_KEY":null,"BLUE_LINE_KEY_50K":155,"WATERSHED_CODE_50K":"340047200319000000000000000000000000000000000","WATERSHED_KEY_50K":155,"WATERSHED_GROUP_CODE_50K":"SLOC","GRADIENT":null,"FEATURE_CODE":"GA24850000","OBJECTID":4694068,"GEOMETRY.LEN":0,"FEATURE_LENGTH_M":168.91470000000001}},{"type":"Feature","id":4722767,"geometry":{"type":"LineString","coordinates":[[1607958.6989999991,530408.36099999957],[1607951.1060000006,530404.42699999921],[1607942.6850000005,530399.27800000086],[1607925.7229999993,530390.0820000004],[1607910.6449999996,530382.06699999981],[1607895.9159999993,530371.22399999946],[1607880.6679999996,530364.14599999972],[1607878.6160000004,530363.90100000054],[1607857.7310000006,530361.25200000033],[1607837.7809999995,530359.67100000009],[1607826.7210000008,530359.30900000036],[1607808.8239999991,530357.97199999914],[1607791.5969999991,530357.8320000004],[1607781.1850000005,530360.57599999942],[1607768.0840000007,530367.94199999981],[1607749.9820000008,530383.79800000042],[1607727.8949999996,530398.06299999915],[1607717.8430000003,530405.95199999958],[1607711.8460000008,530405.23699999973],[1607698.5419999994,530407.47800000012],[1607678.2080000006,530416.05399999954],[1607658.4499999993,530420.55399999954],[1607644.4010000005,530427.80700000003],[1607629.8629999999,530431.9729999993],[1607611.4010000005,530433.75799999945],[1607603.1710000001,530434.68999999948],[1607591.1750000007,530442.18799999915],[1607575.0639999993,530441.22399999946],[1607557.9440000001,530440.93799999915],[1607543.2870000005,530446.20600000024],[1607523.2410000004,530452.74400000088],[1607511.8420000002,530454.25599999912],[1607503.7809999995,530454.25200000033],[1607495.8890000004,530453.31100000069],[1607489.8800000008,530453.55199999921],[1607464.7100000009,530452.30700000003],[1607444.7609999999,530450.72699999996],[1607422.8100000005,530449.06900000013],[1607408.6999999993,530448.18500000052],[1607391.4509999994,530441.02899999917],[1607373.4920000006,530431.55599999987],[1607366.8350000009,530428.69099999964],[1607348.4690000005,530422.35899999924],[1607340.2170000002,530416.27500000037],[1607322.3200000003,530406.01300000027],[1607307.7100000009,530394.0700000003],[1607291.9829999991,530382.95099999942],[1607285.3369999994,530379.13000000082],[1607265.0160000008,530364.43500000052],[1607247.2259999998,530354.0270000007],[1607238.6970000006,530349.02600000054],[1607222.0449999999,530344.81100000069],[1607214.4409999996,530341.83300000057],[1607200.1909999996,530335.03500000015],[1607186.5380000006,530331.17799999937],[1607180.8279999997,530328.42500000075],[1607162.1740000006,530324.13199999928],[1607147.1180000007,530323.13599999994],[1607134.1750000007,530321.59500000067],[1607127.8049999997,530316.69199999981],[1607111.0350000001,530313.57899999991],[1607103.5600000005,530308.54399999976],[1607096.8920000009,530297.7070000004],[1607087.8110000007,530290.40899999999],[1607077.8780000005,530288.26999999955],[1607064.034,530278.3320000004],[1607041.0739999991,530268.42500000075],[1607024.2929999996,530266.26799999923],[1607000.2390000001,530264.20199999958]]},"properties":{"LINEAR_FEATURE_ID":707617866,"WATERSHED_GROUP_ID":186,"EDGE_TYPE":1000,"BLUE_LINE_KEY":356521095,"WATERSHED_KEY":356521095,"FWA_WATERSHED_CODE":"300-625474-020842-091761-000000-000000-000000-000000-000000-000000-000000-000000-000000-000000-000000-000000-000000-000000-000000-000000-000000","LOCAL_WATERSHED_CODE":"300-625474-020842-091761-221209-000000-000000-000000-000000-000000-000000-000000-000000-000000-000000-000000-000000-000000-000000-000000-000000","WATERSHED_GROUP_CODE":"SLOC","DOWNSTREAM_ROUTE_MEASURE":2112.7422236437601,"LENGTH_METRE":1045.3621141189301,"FEATURE_SOURCE":"linear stream -","GNIS_ID":16326,"GNIS_NAME":"Langill Creek","LEFT_RIGHT_TRIBUTARY":"RIGHT","STREAM_ORDER":2,"STREAM_MAGNITUDE":3,"WATERBODY_KEY":null,"BLUE_LINE_KEY_50K":null,"WATERSHED_CODE_50K":null,"WATERSHED_KEY_50K":null,"WATERSHED_GROUP_CODE_50K":null,"GRADIENT":null,"FEATURE_CODE":"GA24850150","OBJECTID":4722767,"GEOMETRY.LEN":0,"FEATURE_LENGTH_M":1083.2951}},{"type":"Feature","id":4775850,"geometry":{"type":"LineString","coordinates":[[1608592.977,542861.64800000004],[1608603.0500000007,542853.7650000006],[1608615.0629999992,542839.25699999928],[1608624.3350000009,542821.23299999908],[1608635.8300000001,542802.51799999923],[1608642.4460000005,542782.2620000001],[1608648.8770000003,542763.89800000004],[1608654.6720000003,542749.44299999997],[1608657.6799999997,542741.83100000024],[1608667.2939999998,542721.93400000036],[1608674.8440000005,542702.74699999951],[1608683.8220000006,542686.75999999978],[1608689.6429999992,542681.39800000004],[1608706.9759999998,542663.38099999912],[1608723.7050000001,542643.37900000066],[1608728.7650000006,542636.01300000027],[1608737.6879999992,542612.84400000051],[1608740.4030000009,542607.26999999955],[1608752.2039999999,542585.56200000085],[1608757.6909999996,542574.09999999963]]},"properties":{"LINEAR_FEATURE_ID":707612321,"WATERSHED_GROUP_ID":186,"EDGE_TYPE":1000,"BLUE_LINE_KEY":356564711,"WATERSHED_KEY":356564711,"FWA_WATERSHED_CODE":"300-625474-020842-330099-000000-000000-000000-000000-000000-000000-000000-000000-000000-000000-000000-000000-000000-000000-000000-000000-000000","LOCAL_WATERSHED_CODE":"300-625474-020842-330099-433395-000000-000000-000000-000000-000000-000000-000000-000000-000000-000000-000000-000000-000000-000000-000000-000000","WATERSHED_GROUP_CODE":"SLOC","DOWNSTREAM_ROUTE_MEASURE":3423.5059755605303,"LENGTH_METRE":335.80755725540502,"FEATURE_SOURCE":"linear stream -","GNIS_ID":14663,"GNIS_NAME":"Pedro Creek","LEFT_RIGHT_TRIBUTARY":"LEFT","STREAM_ORDER":3,"STREAM_MAGNITUDE":18,"WATERBODY_KEY":null,"BLUE_LINE_KEY_50K":155,"WATERSHED_CODE_50K":"340047200319000000000000000000000000000000000","WATERSHED_KEY_50K":155,"WATERSHED_GROUP_CODE_50K":"SLOC","GRADIENT":null,"FEATURE_CODE":"GA24850000","OBJECTID":4775850,"GEOMETRY.LEN":0,"FEATURE_LENGTH_M":337.79730000000001}},{"type":"Feature","id":4791930,"geometry":{"type":"LineString","coordinates":[[1614421.2060000002,529687.2229999993],[1614416.9499999993,529681.76799999923],[1614412.7489999998,529667.07200000063],[1614411.8440000005,529649.74400000088],[1614411.8320000004,529641.77099999972],[1614409.6579999998,529620.30399999954],[1614407.5189999994,529604.90000000037],[1614402.6569999997,529579.12299999967],[1614400.2090000007,529567.6679999996],[1614397.1099999994,529544.17600000091],[1614394.5040000007,529532.70199999958],[1614391.6109999996,529523.2650000006],[1614384.8670000006,529505.23399999924],[1614384.4920000006,529492.11500000022],[1614379.0439999998,529471.36999999918],[1614378.1040000003,529447.97900000028],[1614374.8489999995,529433.39699999988],[1614366.4010000005,529412.29099999927],[1614362.9419999998,529392.5820000004],[1614358.1420000009,529374.94400000013],[1614356.3139999993,529364.51999999955],[1614354.4069999997,529356.31900000013],[1614354.5120000001,529347.24400000088],[1614355.1779999994,529326.11900000088],[1614357.216,529318.39299999923],[1614368.1730000004,529295.63800000027],[1614374.1070000008,529288.22199999914],[1614386.5539999995,529277.76400000043],[1614403.8699999992,529260.87700000033],[1614423.6429999992,529241.0979999993],[1614443.5010000002,529227.54700000025],[1614453.7170000002,529218.73299999908],[1614457.0140000004,529216.10099999979],[1614461.3080000002,529213.74799999967],[1614466.8249999993,529210.42699999921],[1614475.6380000003,529204.47399999946],[1614483.2180000003,529200.4450000003],[1614500.8450000007,529188.53800000064],[1614520.9900000002,529172.94899999909],[1614529.9609999992,529167.0150000006],[1614543.5490000006,529162.75300000049],[1614556.932,529153.36500000022],[1614577.2699999996,529143.85799999908],[1614600.1510000005,529137.68700000085],[1614614.4810000006,529128.41300000064],[1614640.7919999994,529112.61099999957],[1614651.8609999996,529112.03199999966],[1614676.2090000007,529111.1400000006],[1614687.2670000009,529111.51600000076],[1614711.6040000003,529111.57899999991],[1614726.6070000008,529112.43099999987],[1614739.7280000001,529112.09899999946],[1614756.9629999995,529111.30700000003],[1614776.0559999999,529104.6799999997],[1614799.6659999993,529085.52400000021],[1614805.5989999995,529078.10799999908],[1614810.6459999997,529069.78800000064],[1614822.7070000004,529047.16699999943],[1614828.341,529042.74400000088],[1614843.5,529034.68600000069],[1614858.1410000008,529030.39299999923],[1614869.3790000007,529028.87800000049],[1614876.6099999994,529027.67699999921],[1614901.5930000003,529021.91999999993],[1614917.9989999998,529019.91200000048],[1614930.9509999994,529020.51700000092],[1614943.125,529020.07100000046],[1614952.4690000005,529018.32799999975],[1614962.2180000003,529013.4450000003],[1614969.966,529008.48000000045],[1614980.1170000006,528991.52899999917],[1614983.8550000004,528977.94899999909],[1614987.7109999992,528963.26700000092],[1614990.2050000001,528952.56699999981],[1614993.318,528942.89800000004],[1615003.1469999999,528921.92200000025],[1615016.9309999999,528900.46499999985],[1615039.773,528879.30399999954],[1615053.4670000002,528874.89699999988],[1615061.6950000003,528873.97599999979],[1615070.6909999996,528875.06100000069],[1615095.8159999996,528875.22100000083],[1615119.2170000002,528874.21700000018],[1615137.3870000001,528874.49499999918],[1615160.6300000008,528873.47199999914],[1615171.2080000006,528869.8049999997],[1615192.4810000006,528861.36999999918],[1615203.227,528856.76700000092],[1615227.341,528848.67400000058],[1615247.0940000005,528844.20099999942],[1615265.0710000005,528838.39800000004],[1615277.9969999995,528831.9849999994],[1615299.568,528820.55700000003],[1615323.5280000009,528807.50400000066],[1615338.3230000008,528794.30199999921],[1615353.5989999995,528785.14399999939],[1615365.5789999999,528778.61700000055],[1615386.2029999997,528767.07499999925],[1615410.5360000003,528758.21299999952],[1615430.693,528750.59999999963],[1615444.4489999991,528745.40399999917],[1615451.1989999991,528740.16000000015],[1615475.9470000006,528727.20299999975],[1615494.3900000006,528717.47000000067],[1615507.3169999998,528711.05800000019],[1615512.0040000007,528706.52199999988],[1615537.2190000005,528689.63499999978],[1615550.6009999998,528680.24899999984],[1615557.9859999996,528670.13900000043],[1615576.2709999997,528660.38800000027],[1615600.9969999995,528649.34200000018],[1615613.7290000003,528636.8479999993],[1615626.4729999993,528623.39900000021],[1615632.4550000001,528616.14900000021],[1615645.6539999992,528599.72599999979],[1615649.523,528593.01799999923],[1615664.4869999997,528578.88000000082],[1615683.693,528562.22599999979],[1615696.5429999996,528548.63000000082],[1615717.1510000005,528529.11500000022],[1615730.0519999992,528515.68600000069],[1615749.0779999997,528500.92300000042],[1615764.6510000005,528488.77199999988],[1615788.1539999992,528478.6950000003],[1615812.773,528467.79600000009],[1615820.1830000002,528464.70500000007],[1615842.5590000004,528456.40499999933],[1615858.2080000006,528451.43899999931],[1615874.9000000004,528447.39499999955],[1615900.1679999996,528439.60400000028],[1615913.4059999995,528438.17400000058],[1615932.6919999998,528437.63199999928],[1615939.6870000008,528438.63599999994],[1615947.7719999999,528445.67100000009],[1615953.0160000008,528452.3629999999],[1615956.4949999992,528456.76899999939],[1615960.8029999994,528462.39200000092]]},"properties":{"LINEAR_FEATURE_ID":707100775,"WATERSHED_GROUP_ID":90,"EDGE_TYPE":1000,"BLUE_LINE_KEY":356547356,"WATERSHED_KEY":356547356,"FWA_WATERSHED_CODE":"300-625474-027067-000000-000000-000000-000000-000000-000000-000000-000000-000000-000000-000000-000000-000000-000000-000000-000000-000000-000000","LOCAL_WATERSHED_CODE":"300-625474-027067-000000-000000-000000-000000-000000-000000-000000-000000-000000-000000-000000-000000-000000-000000-000000-000000-000000-000000","WATERSHED_GROUP_CODE":"KOTL","DOWNSTREAM_ROUTE_MEASURE":175.49709874958401,"LENGTH_METRE":2319.4010358771002,"FEATURE_SOURCE":"linear stream -","GNIS_ID":27525,"GNIS_NAME":"Rover Creek","LEFT_RIGHT_TRIBUTARY":"LEFT","STREAM_ORDER":4,"STREAM_MAGNITUDE":30,"WATERBODY_KEY":null,"BLUE_LINE_KEY_50K":88,"WATERSHED_CODE_50K":"340062200000000000000000000000000000000000000","WATERSHED_KEY_50K":88,"WATERSHED_GROUP_CODE_50K":"KOTL","GRADIENT":null,"FEATURE_CODE":"GA24850000","OBJECTID":4791930,"GEOMETRY.LEN":0,"FEATURE_LENGTH_M":2325.2321999999999}},{"type":"Feature","id":4799566,"geometry":{"type":"LineString","coordinates":[[1608327.7559999991,533366.90599999949],[1608331.4000000004,533370.37099999934],[1608351.0490000006,533374.94800000079],[1608357.7039999999,533377.81499999948],[1608369.8870000001,533385.32799999975],[1608376.8310000002,533386.15699999966],[1608398.8320000004,533387.98599999957],[1608414.8350000009,533389.09999999963],[1608434.7329999991,533390.51899999939],[1608450.7359999996,533391.63299999945],[1608474.6190000009,533394.64399999939],[1608479.3809999991,533397.28500000015],[1608483.9729999993,533400.86199999973],[1608490.4580000006,533404.66599999927],[1608504.398,533406.49000000022],[1608512.9920000006,533418.67600000091],[1608536.8859999999,533420.73200000077],[1608543.8310000002,533421.56100000069]]},"properties":{"LINEAR_FEATURE_ID":707617363,"WATERSHED_GROUP_ID":186,"EDGE_TYPE":1000,"BLUE_LINE_KEY":356467754,"WATERSHED_KEY":356467754,"FWA_WATERSHED_CODE":"300-625474-020842-119028-000000-000000-000000-000000-000000-000000-000000-000000-000000-000000-000000-000000-000000-000000-000000-000000-000000","LOCAL_WATERSHED_CODE":"300-625474-020842-119028-000000-000000-000000-000000-000000-000000-000000-000000-000000-000000-000000-000000-000000-000000-000000-000000-000000","WATERSHED_GROUP_CODE":"SLOC","DOWNSTREAM_ROUTE_MEASURE":38.644182401221499,"LENGTH_METRE":230.66811342796501,"FEATURE_SOURCE":"linear stream -","GNIS_ID":34533,"GNIS_NAME":"Brodie Creek","LEFT_RIGHT_TRIBUTARY":"LEFT","STREAM_ORDER":2,"STREAM_MAGNITUDE":2,"WATERBODY_KEY":null,"BLUE_LINE_KEY_50K":null,"WATERSHED_CODE_50K":null,"WATERSHED_KEY_50K":null,"WATERSHED_GROUP_CODE_50K":null,"GRADIENT":null,"FEATURE_CODE":"GA24850000","OBJECTID":4799566,"GEOMETRY.LEN":0,"FEATURE_LENGTH_M":231.7021}},{"type":"Feature","id":4806286,"geometry":{"type":"LineString","coordinates":[[1622785.9309999999,539108.11400000006],[1622800.6860000007,539127.14399999939],[1622812.2620000001,539139.72499999963],[1622827.3210000005,539155.7620000001],[1622841.6040000003,539170.74799999967],[1622854.2469999995,539182.34200000018],[1622866.3110000007,539190.0390000008],[1622880.4230000004,539205.96000000089],[1622897.5199999996,539223.20399999991],[1622912.7489999998,539238.3049999997],[1622923.2210000008,539250.75100000016],[1622935.5600000005,539265.33899999969],[1622944.1520000007,539276.5979999993],[1622956.6239999998,539289.13000000082],[1622972.8469999991,539312.48699999973],[1622983.3190000001,539324.93300000019],[1622993.7770000007,539338.33400000073],[1623004.2359999996,539351.73599999957],[1623012.4729999993,539365.82200000063],[1623022.9440000001,539378.26799999923]]},"properties":{"LINEAR_FEATURE_ID":707091419,"WATERSHED_GROUP_ID":90,"EDGE_TYPE":1000,"BLUE_LINE_KEY":356546566,"WATERSHED_KEY":356546566,"FWA_WATERSHED_CODE":"300-625474-042847-221596-000000-000000-000000-000000-000000-000000-000000-000000-000000-000000-000000-000000-000000-000000-000000-000000-000000","LOCAL_WATERSHED_CODE":"300-625474-042847-221596-473850-000000-000000-000000-000000-000000-000000-000000-000000-000000-000000-000000-000000-000000-000000-000000-000000","WATERSHED_GROUP_CODE":"KOTL","DOWNSTREAM_ROUTE_MEASURE":2543.9307053538805,"LENGTH_METRE":360.84779747067103,"FEATURE_SOURCE":"linear stream -","GNIS_ID":25836,"GNIS_NAME":"Rixen Creek","LEFT_RIGHT_TRIBUTARY":"LEFT","STREAM_ORDER":3,"STREAM_MAGNITUDE":7,"WATERBODY_KEY":null,"BLUE_LINE_KEY_50K":2542,"WATERSHED_CODE_50K":"340095600220000000000000000000000000000000000","WATERSHED_KEY_50K":2542,"WATERSHED_GROUP_CODE_50K":"KOTL","GRADIENT":null,"FEATURE_CODE":"GA24850000","OBJECTID":4806286,"GEOMETRY.LEN":0,"FEATURE_LENGTH_M":366.12530000000004}},{"type":"Feature","id":4831665,"geometry":{"type":"LineString","coordinates":[[1613846.9810000006,536730.3359999992],[1613850.977,536738.94999999925],[1613858.9949999992,536762.24000000022],[1613857.2850000001,536776.06599999964],[1613858.9399999995,536794.44299999997],[1613861.2949999999,536799.66899999976],[1613871.6410000008,536814.15100000054],[1613869.6539999992,536837.03199999966],[1613868.7709999997,536844.10099999979]]},"properties":{"LINEAR_FEATURE_ID":707093924,"WATERSHED_GROUP_ID":90,"EDGE_TYPE":1000,"BLUE_LINE_KEY":356565749,"WATERSHED_KEY":356565749,"FWA_WATERSHED_CODE":"300-625474-033788-000000-000000-000000-000000-000000-000000-000000-000000-000000-000000-000000-000000-000000-000000-000000-000000-000000-000000","LOCAL_WATERSHED_CODE":"300-625474-033788-581563-000000-000000-000000-000000-000000-000000-000000-000000-000000-000000-000000-000000-000000-000000-000000-000000-000000","WATERSHED_GROUP_CODE":"KOTL","DOWNSTREAM_ROUTE_MEASURE":6926.0543389556206,"LENGTH_METRE":120.13102280273201,"FEATURE_SOURCE":"linear stream -","GNIS_ID":18605,"GNIS_NAME":"Falls Creek","LEFT_RIGHT_TRIBUTARY":"RIGHT","STREAM_ORDER":5,"STREAM_MAGNITUDE":42,"WATERBODY_KEY":null,"BLUE_LINE_KEY_50K":106,"WATERSHED_CODE_50K":"340075500000000000000000000000000000000000000","WATERSHED_KEY_50K":106,"WATERSHED_GROUP_CODE_50K":"KOTL","GRADIENT":null,"FEATURE_CODE":"GA24850000","OBJECTID":4831665,"GEOMETRY.LEN":0,"FEATURE_LENGTH_M":120.4033}},{"type":"Feature","id":4838302,"geometry":{"type":"LineString","coordinates":[[1609876.8650000002,532043.24400000088],[1609890.0669999998,532058.05599999987],[1609897.3900000006,532071.04800000042],[1609909.7029999997,532093.88499999978],[1609915.7780000009,532109.75699999928],[1609918.4969999995,532120.12700000033],[1609924.9309999999,532141.14399999939],[1609930.3709999993,532152.95500000007],[1609933.7170000002,532159.41300000064],[1609935.9700000007,532164.78399999999],[1609936.4550000001,532176.79900000058],[1609933.4230000004,532200.66899999976]]},"properties":{"LINEAR_FEATURE_ID":707617646,"WATERSHED_GROUP_ID":186,"EDGE_TYPE":1000,"BLUE_LINE_KEY":356500919,"WATERSHED_KEY":356500919,"FWA_WATERSHED_CODE":"300-625474-020842-095994-000000-000000-000000-000000-000000-000000-000000-000000-000000-000000-000000-000000-000000-000000-000000-000000-000000","LOCAL_WATERSHED_CODE":"300-625474-020842-095994-094708-000000-000000-000000-000000-000000-000000-000000-000000-000000-000000-000000-000000-000000-000000-000000-000000","WATERSHED_GROUP_CODE":"SLOC","DOWNSTREAM_ROUTE_MEASURE":515.05055629599997,"LENGTH_METRE":172.583387979864,"FEATURE_SOURCE":"linear stream -","GNIS_ID":16965,"GNIS_NAME":"Jacob Creek","LEFT_RIGHT_TRIBUTARY":"LEFT","STREAM_ORDER":2,"STREAM_MAGNITUDE":5,"WATERBODY_KEY":null,"BLUE_LINE_KEY_50K":7,"WATERSHED_CODE_50K":"340047200096000000000000000000000000000000000","WATERSHED_KEY_50K":7,"WATERSHED_GROUP_CODE_50K":"SLOC","GRADIENT":null,"FEATURE_CODE":"GA24850000","OBJECTID":4838302,"GEOMETRY.LEN":0,"FEATURE_LENGTH_M":173.34780000000001}},{"type":"Feature","id":4852822,"geometry":{"type":"LineString","coordinates":[[1602972.2119999994,534639.49200000055],[1602973.2760000005,534630.53099999949],[1602971.6300000008,534619.17799999937],[1602974.5559999999,534596.41000000015],[1602975.4879999999,534589.50599999912],[1602977.2970000003,534567.56200000085],[1602978.5309999995,534557.66599999927],[1602980.5250000004,534541.80100000091],[1602981.4059999995,534534.73200000077],[1602983.1649999991,534529.04199999943],[1602990.5130000003,534510.78299999982],[1602997.2689999994,534497.55399999954],[1602997.8479999993,534493.47800000012],[1603007.7980000004,534477.75899999961],[1603015.7939999998,534470.57499999925],[1603026.852,534462.9570000004],[1603030.3230000008,534459.38299999945],[1603039.9619999994,534455.5820000004],[1603052.9020000007,534449.14299999923],[1603067.9049999993,534441.99200000055],[1603074.5449999999,534437.8359999992],[1603080.7259999998,534436.65499999933],[1603098.0830000006,534426.75400000066],[1603106.9069999997,534420.78500000015],[1603127.5529999994,534409.20099999942],[1603136.0869999994,534405.26899999939],[1603149.6559999995,534394.91999999993],[1603156.3090000004,534389.80900000036],[1603164.8430000003,534385.87800000049],[1603178.8489999995,534378.44999999925],[1603185.318,534375.23000000045],[1603198.3090000004,534368.9570000004],[1603203.6610000003,534366.56200000085],[1603212.3650000002,534361.6950000003],[1603228.4360000007,534353.55399999954],[1603249.6079999991,534346.17799999937],[1603265.2569999993,534342.13299999945],[1603281.0759999994,534337.15100000054],[1603291.3220000006,534335.3359999992],[1603297.7909999993,534332.11600000039],[1603318.0160000008,534324.62800000049],[1603330.9560000002,534318.18999999948],[1603340.6070000008,534313.43400000036],[1603356.727,534305.46000000089],[1603368.7200000007,534298.91000000015],[1603382.4360000007,534293.51999999955],[1603397.3080000002,534288.42699999921],[1603403.7780000009,534285.20800000057],[1603413.5480000004,534279.35099999979],[1603431.7210000008,534271.61999999918],[1603449.2479999997,534260.78299999982],[1603462.8450000007,534256.49599999934],[1603485.7280000001,534251.2349999994],[1603490.0140000004,534249.83000000007],[1603502.4940000009,534246.36700000055],[1603529.2039999999,534242.67600000091],[1603558.2679999992,534236.2349999994],[1603571.7449999992,534233.05000000075],[1603579.3200000003,534229.96199999936],[1603592.7469999995,534226.61099999957],[1603611.6840000004,534220.88399999961],[1603622.1500000004,534218.29800000042],[1603628.2799999993,534216.95199999958],[1603637.7990000006,534214.25400000066],[1603645.216,534211.14699999988],[1603651.8049999997,534206.82599999942],[1603675.0399999991,534198.74000000022],[1603689.5720000006,534195.51999999955],[1603696.0419999994,534192.30100000091],[1603714.0950000007,534185.67200000025],[1603741.5779999997,534175.06000000052],[1603767.4560000002,534162.18600000069],[1603772.8080000002,534159.79099999927],[1603796.3330000006,534149.66699999943],[1603812.1520000007,534144.68600000069],[1603818.3320000004,534143.50599999912],[1603838.8739999998,534140.04199999943],[1603845.1610000003,534138.71499999985],[1603848.3420000002,534137.17899999954],[1603858.9279999994,534133.49200000055],[1603872.5120000001,534130.16000000015],[1603886.398,534123.83500000089],[1603892.7479999997,534121.71900000051],[1603901.4010000005,534116.68700000085],[1603918.6380000003,534107.8900000006],[1603927.4489999991,534102.87600000016],[1603932.8019999992,534100.48200000077],[1603940.1109999996,534097.52199999988],[1603964.6850000005,534079.39299999923],[1603971.1549999993,534076.17500000075],[1603983.6180000007,534065.69600000046],[1603998.4470000006,534051.51300000027],[1604008.8460000008,534041.74599999934],[1604024.4230000004,534022.55100000091],[1604031.943,534011.32699999958],[1604039.8259999994,533996.3200000003],[1604047.3460000008,533985.09699999914],[1604055.1500000004,533963.86400000006],[1604059.852,533950.39299999923],[1604062.0270000007,533932.6370000001],[1604064.5979999993,533912.69700000063],[1604066.5899999999,533896.83300000057],[1604068.7520000003,533880.03199999966],[1604069.3430000003,533875.00100000016],[1604069.9719999991,533871.08999999985],[1604069.9839999992,533870.90899999999],[1604070.1030000001,533869.03299999982],[1604071.0170000009,533855.1129999999],[1604073.1410000008,533837.19199999981],[1604074.0549999997,533823.27199999988],[1604075.6899999995,533802.2650000006],[1604074.7980000004,533776.97199999914],[1604071.6119999997,533770.53700000048],[1604068.0869999994,533765.97399999946],[1604066.0179999992,533758.71499999985],[1604065.7760000005,533744.49899999984],[1604061.2819999997,533724.83699999936],[1604057.1490000002,533718.2890000008],[1604058.5,533707.28999999911],[1604066.3819999993,533692.28399999999],[1604073.6119999997,533683.0979999993],[1604089.7359999996,533683.09699999914],[1604110.6219999995,533685.73200000077],[1604122.034,533683.25899999961],[1604134.9729999993,533676.82300000079],[1604138.9020000007,533670.27500000037],[1604140.4340000004,533657.38499999978],[1604140.1750000007,533636.1520000007],[1604136.4460000005,533618.49400000088],[1604132.6260000002,533607.99799999967],[1604129.2530000005,533595.48299999908],[1604122.6559999995,533575.41200000048],[1604117.4010000005,533561.71700000018],[1604117.9179999996,533541.53399999999],[1604119.6199999992,533527.7070000004],[1604121.3100000005,533514.8359999992],[1604123.1199999992,533500.8629999999],[1604125.4670000002,533490.14200000092],[1604129.5099999998,533474.52099999972],[1604131.2170000002,533468.66599999927],[1604132.7369999997,533456.73100000061],[1604135.068,533438.99400000088],[1604135.9419999998,533423.95299999975],[1604137.7630000003,533409.02500000037],[1604139.6219999995,533395.21800000034],[1604141.1420000009,533383.28299999982],[1604143.1329999994,533367.4179999996],[1604145.3100000005,533357.63399999961],[1604150.5889999997,533340.08699999936],[1604156.2190000005,533319.71199999936],[1604159.1449999996,533304.91499999911],[1604165.0639999993,533282.50200000033],[1604167.6999999993,533269.74300000072],[1604169.7080000006,533260.89499999955],[1604173.2740000002,533241.23200000077],[1604178.5460000001,533215.71399999969],[1604182.1290000007,533203.06699999981],[1604187.7640000004,533190.6640000008],[1604194.5160000008,533177.43600000069],[1604203.4509999994,533162.39499999955],[1604210.5429999996,533147.29499999993],[1604212.8389999997,533136.40899999999],[1604218.1679999996,533119.0270000007],[1604219.3469999991,533108.96499999985],[1604221.5069999993,533092.1640000008],[1604223.1960000005,533079.2929999996],[1604225.8430000003,533065.57799999975],[1604227.5319999997,533052.7070000004],[1604233.5629999992,533021.22100000083]]},"properties":{"LINEAR_FEATURE_ID":707617452,"WATERSHED_GROUP_ID":186,"EDGE_TYPE":1000,"BLUE_LINE_KEY":356542853,"WATERSHED_KEY":356542853,"FWA_WATERSHED_CODE":"300-625474-020842-168868-000000-000000-000000-000000-000000-000000-000000-000000-000000-000000-000000-000000-000000-000000-000000-000000-000000","LOCAL_WATERSHED_CODE":"300-625474-020842-168868-435300-000000-000000-000000-000000-000000-000000-000000-000000-000000-000000-000000-000000-000000-000000-000000-000000","WATERSHED_GROUP_CODE":"SLOC","DOWNSTREAM_ROUTE_MEASURE":2875.2973599449701,"LENGTH_METRE":2394.9883795671799,"FEATURE_SOURCE":"linear stream -","GNIS_ID":29359,"GNIS_NAME":"Wolverton Creek","LEFT_RIGHT_TRIBUTARY":"RIGHT","STREAM_ORDER":2,"STREAM_MAGNITUDE":2,"WATERBODY_KEY":null,"BLUE_LINE_KEY_50K":700,"WATERSHED_CODE_50K":"340047200172000000000000000000000000000000000","WATERSHED_KEY_50K":700,"WATERSHED_GROUP_CODE_50K":"SLOC","GRADIENT":null,"FEATURE_CODE":"GA24850000","OBJECTID":4852822,"GEOMETRY.LEN":0,"FEATURE_LENGTH_M":2512.0437999999999}}]}