{"type":"FeatureCollection","crs":{"type":"name","properties":{"name":"EPSG:3005"}},"features":[{"type":"Feature","id":8936607,"geometry":{"type":"Polygon","coordinates":[[[1610801.7300000004,536522.99200000055],[1610803.7170000002,536508.08300000057],[1610811.7129999995,536492.93899999931],[1610829.8990000002,536484.27800000086],[1610844.9030000009,536485.12099999934],[1610859.1449999996,536491.93099999987],[1610872.9130000006,536494.69899999909],[1610885.9049999993,536504.38900000043],[1610866.6779999994,536520.09999999963],[1610846.7819999997,536526.64200000092],[1610826.6079999991,536534.26700000092],[1610818.3770000003,536535.19299999997],[1610809.5010000002,536533.0120000001],[1610803.7939999998,536530.25500000082],[1610801.7300000004,536522.99200000055]]]},"properties":{"WATERBODY_POLY_ID":705017543,"WATERSHED_GROUP_ID":90,"WATERBODY_TYPE":"L","WATERBODY_KEY":329247279,"AREA_HA":0.28019949015259399,"GNIS_ID_1":null,"GNIS_NAME_1":null,"GNIS_ID_2":null,"GNIS_NAME_2":null,"GNIS_ID_3":null,"GNIS_NAME_3":null,"BLUE_LINE_KEY":356457909,"WATERSHED_KEY":356457909,"FWA_WATERSHED_CODE":"300-625474-033788-581563-000000-000000-000000-000000-000000-000000-000000-000000-000000-000000-000000-000000-000000-000000-000000-000000-000000","LOCAL_WATERSHED_CODE":null,"WATERSHED_GROUP_CODE":"KOTL","LEFT_RIGHT_TRIBUTARY":"RIGHT","WATERBODY_KEY_50K":null,"WATERSHED_GROUP_CODE_50K":null,"WATERBODY_KEY_GROUP_CODE_50K":null,"WATERSHED_CODE_50K":null,"FEATURE_CODE":"GB15300140","OBJECTID":8936607,"GEOMETRY.AREA":0,"GEOMETRY.LEN":0,"FEATURE_AREA_SQM":2801.9949000000001,"FEATURE_LENGTH_M":212.0265}},{"type":"Feature","id":8936747,"geometry":{"type":"Polygon","coordinates":[[[1612965.6530000009,540979.34600000083],[1612955.3619999997,540973.00300000049],[1612952.307,540965.46000000089],[1612954.3340000007,540948.64200000092],[1612958.3560000006,540924.88800000027],[1612960.2420000006,540918.09899999946],[1612964.0089999996,540912.49400000088],[1612971.4289999995,540909.40100000054],[1612980.1309999991,540912.52199999988],[1612985.409,540919.37700000033],[1612986.5209999997,540926.5270000007],[1612993.2929999996,540928.30000000075],[1613005,540923.81000000052],[1613011.1799999997,540922.64100000076],[1613013.4100000001,540928.96900000051],[1613007.2799999993,540945.2929999996],[1613006.3399999999,540952.19600000046],[1612993.5519999992,540958.62800000049],[1612987.8550000004,540962.88499999978],[1612980.3080000002,540975.05199999921],[1612972.7670000009,540979.24599999934],[1612965.6530000009,540979.34600000083]]]},"properties":{"WATERBODY_POLY_ID":705017561,"WATERSHED_GROUP_ID":90,"WATERBODY_TYPE":"L","WATERBODY_KEY":329247292,"AREA_HA":0.26502427124398803,"GNIS_ID_1":null,"GNIS_NAME_1":null,"GNIS_ID_2":null,"GNIS_NAME_2":null,"GNIS_ID_3":null,"GNIS_NAME_3":null,"BLUE_LINE_KEY":356513135,"WATERSHED_KEY":356513135,"FWA_WATERSHED_CODE":"300-625474-033788-897092-000000-000000-000000-000000-000000-000000-000000-000000-000000-000000-000000-000000-000000-000000-000000-000000-000000","LOCAL_WATERSHED_CODE":null,"WATERSHED_GROUP_CODE":"KOTL","LEFT_RIGHT_TRIBUTARY":"RIGHT","WATERBODY_KEY_50K":435,"WATERSHED_GROUP_CODE_50K":"KOTL","WATERBODY_KEY_GROUP_CODE_50K":"00435KOTL","WATERSHED_CODE_50K":"999999999999999999999999999999999999999999999","FEATURE_CODE":"GB15300000","OBJECTID":8936747,"GEOMETRY.AREA":0,"GEOMETRY.LEN":0,"FEATURE_AREA_SQM":2650.2427000000002,"FEATURE_LENGTH_M":216.65800000000002}},{"type":"Feature","id":8936937,"geometry":{"type":"Polygon","coordinates":[[[1622956.9350000005,534514.85199999996],[1622958.4489999991,534494.94299999997],[1622962.2180000003,534488.3870000001],[1622969.9199999999,534483.26799999923],[1622979.2650000006,534481.54099999927],[1622986.3770000003,534481.45299999975],[1622993.9649999999,534485.41100000031],[1623006.3300000001,534499.04399999976],[1623011.1070000008,534508.71800000034],[1623010.3469999991,534514.68500000052],[1623005.4609999992,534522.06200000085],[1622999.8220000006,534526.47499999963],[1622986.2440000009,534529.75899999961],[1622972.1899999995,534528.99699999951],[1622960.0120000001,534521.44800000079],[1622956.9350000005,534514.85199999996]]]},"properties":{"WATERBODY_POLY_ID":705017660,"WATERSHED_GROUP_ID":90,"WATERBODY_TYPE":"L","WATERBODY_KEY":329247382,"AREA_HA":0.20256394135122599,"GNIS_ID_1":null,"GNIS_NAME_1":null,"GNIS_ID_2":null,"GNIS_NAME_2":null,"GNIS_ID_3":null,"GNIS_NAME_3":null,"BLUE_LINE_KEY":356414660,"WATERSHED_KEY":356414660,"FWA_WATERSHED_CODE":"999-999999-999999-999999-999999-999999-999999-999999-999999-999999-999999-999999-999999-999999-999999-999999-999999-999999-999999-999999-999999","LOCAL_WATERSHED_CODE":null,"WATERSHED_GROUP_CODE":"KOTL","LEFT_RIGHT_TRIBUTARY":"UNKNOWN","WATERBODY_KEY_50K":null,"WATERSHED_GROUP_CODE_50K":null,"WATERBODY_KEY_GROUP_CODE_50K":null,"WATERSHED_CODE_50K":null,"FEATURE_CODE":"GB15300000","OBJECTID":8936937,"GEOMETRY.AREA":0,"GEOMETRY.LEN":0,"FEATURE_AREA_SQM":2025.6394,"FEATURE_LENGTH_M":162.81960000000001}},{"type":"Feature","id":8936939,"geometry":{"type":"Polygon","coordinates":[[[1615172.0140000004,540245.44899999909],[1615167.7190000005,540239.82699999958],[1615167.3819999993,540233.72699999996],[1615169.6850000005,540215.82599999942],[1615171.6879999992,540192.9450000003],[1615178.2850000001,540180.66699999943],[1615185.875,540176.64100000076],[1615191.8709999993,540177.36600000039],[1615206.6359999999,540195.41599999927],[1615205.5140000004,540204.21000000089],[1615201.8010000009,540224.97100000083],[1615200.0739999991,540231.77800000086],[1615187.4800000004,540243.3320000004],[1615181.0209999997,540245.58100000024],[1615172.0140000004,540245.44899999909]]]},"properties":{"WATERBODY_POLY_ID":705017665,"WATERSHED_GROUP_ID":90,"WATERBODY_TYPE":"L","WATERBODY_KEY":329247387,"AREA_HA":0.19905937625229703,"GNIS_ID_1":null,"GNIS_NAME_1":null,"GNIS_ID_2":null,"GNIS_NAME_2":null,"GNIS_ID_3":null,"GNIS_NAME_3":null,"BLUE_LINE_KEY":356543839,"WATERSHED_KEY":356543839,"FWA_WATERSHED_CODE":"300-625474-039562-920966-000000-000000-000000-000000-000000-000000-000000-000000-000000-000000-000000-000000-000000-000000-000000-000000-000000","LOCAL_WATERSHED_CODE":null,"WATERSHED_GROUP_CODE":"KOTL","LEFT_RIGHT_TRIBUTARY":"LEFT","WATERBODY_KEY_50K":null,"WATERSHED_GROUP_CODE_50K":null,"WATERBODY_KEY_GROUP_CODE_50K":null,"WATERSHED_CODE_50K":null,"FEATURE_CODE":"GB15300140","OBJECTID":8936939,"GEOMETRY.AREA":0,"GEOMETRY.LEN":0,"FEATURE_AREA_SQM":1990.5938000000001,"FEATURE_LENGTH_M":176.00700000000001}},{"type":"Feature","id":8936961,"geometry":{"type":"Polygon","coordinates":[[[1616518.4700000007,530398.91200000048],[1616522.2229999993,530393.30599999987],[1616528.6980000008,530389.14699999988],[1616545.5720000006,530383.21499999985],[1616571.909,530374.44099999964],[1616588.1850000005,530374.49599999934],[1616591.3870000001,530379.9849999994],[1616591.2799999993,530389.06100000069],[1616588.5800000001,530394.63399999961],[1616585.9539999999,530407.39100000076],[1616580.4879999999,530410.875],[1616557.5439999998,530408.89800000004],[1616538.7249999996,530405.50599999912],[1616520.8310000002,530404.1400000006],[1616518.4700000007,530398.91200000048]]]},"properties":{"WATERBODY_POLY_ID":705017695,"WATERSHED_GROUP_ID":90,"WATERBODY_TYPE":"L","WATERBODY_KEY":329247418,"AREA_HA":0.18318146745029099,"GNIS_ID_1":null,"GNIS_NAME_1":null,"GNIS_ID_2":null,"GNIS_NAME_2":null,"GNIS_ID_3":null,"GNIS_NAME_3":null,"BLUE_LINE_KEY":356495612,"WATERSHED_KEY":356495612,"FWA_WATERSHED_CODE":"999-999999-999999-999999-999999-999999-999999-999999-999999-999999-999999-999999-999999-999999-999999-999999-999999-999999-999999-999999-999999","LOCAL_WATERSHED_CODE":null,"WATERSHED_GROUP_CODE":"KOTL","LEFT_RIGHT_TRIBUTARY":"UNKNOWN","WATERBODY_KEY_50K":null,"WATERSHED_GROUP_CODE_50K":null,"WATERBODY_KEY_GROUP_CODE_50K":null,"WATERSHED_CODE_50K":null,"FEATURE_CODE":"GB15300000","OBJECTID":8936961,"GEOMETRY.AREA":0,"GEOMETRY.LEN":0,"FEATURE_AREA_SQM":1831.8147000000001,"FEATURE_LENGTH_M":183.32840000000002}},{"type":"Feature","id":8937295,"geometry":{"type":"Polygon","coordinates":[[[1614668.7249999996,539966.64900000021],[1614669.4920000006,539960.68200000003],[1614675.2630000003,539947.18700000085],[1614683.5079999994,539945.31299999915],[1614691.5549999997,539946.28500000015],[1614695.9759999998,539942.8320000004],[1614704.2070000004,539941.91300000064],[1614703.2689999994,539948.81599999964],[1614698.2609999999,539964.31699999981],[1614691.3540000003,539987.56100000069],[1614682.8310000002,539990.51799999923],[1614676.8350000009,539989.79399999976],[1614670.659,539982.98900000006],[1614668.2569999993,539977.59600000083],[1614668.0779999997,539971.5150000006],[1614668.7249999996,539966.64900000021]]]},"properties":{"WATERBODY_POLY_ID":705017823,"WATERSHED_GROUP_ID":90,"WATERBODY_TYPE":"L","WATERBODY_KEY":329247531,"AREA_HA":0.11891480929871601,"GNIS_ID_1":null,"GNIS_NAME_1":null,"GNIS_ID_2":null,"GNIS_NAME_2":null,"GNIS_ID_3":null,"GNIS_NAME_3":null,"BLUE_LINE_KEY":356484841,"WATERSHED_KEY":356484841,"FWA_WATERSHED_CODE":"300-625474-033788-826118-000000-000000-000000-000000-000000-000000-000000-000000-000000-000000-000000-000000-000000-000000-000000-000000-000000","LOCAL_WATERSHED_CODE":null,"WATERSHED_GROUP_CODE":"KOTL","LEFT_RIGHT_TRIBUTARY":"LEFT","WATERBODY_KEY_50K":null,"WATERSHED_GROUP_CODE_50K":null,"WATERBODY_KEY_GROUP_CODE_50K":null,"WATERSHED_CODE_50K":null,"FEATURE_CODE":"GB15300140","OBJECTID":8937295,"GEOMETRY.AREA":0,"GEOMETRY.LEN":0,"FEATURE_AREA_SQM":1189.1481000000001,"FEATURE_LENGTH_M":139.79760000000002}},{"type":"Feature","id":8937749,"geometry":{"type":"Polygon","coordinates":[[[1612327.6740000006,540616.78500000015],[1612326.7339999992,540608.69899999909],[1612329.1730000004,540588.74200000055],[1612330.7019999996,540569.79099999927],[1612334.6009999998,540547.13900000043],[1612336.6270000003,540530.32100000046],[1612339.7379999999,540522.56299999915],[1612346.5219999999,540508.3900000006],[1612360.4140000008,540502.08899999969],[1612381.7129999995,540493.65000000037],[1612404.1290000007,540484.38800000027],[1612424.0360000003,540469.88199999928],[1612434.7520000003,540457.13900000043],[1612452.4100000001,540445.23200000077],[1612475.4680000003,540439.07799999975],[1612485.4670000002,540447.4570000004],[1612492.5810000002,540447.35600000061],[1612506.5120000001,540457.16499999911],[1612514.1549999993,540468.28999999911],[1612517.5099999998,540480.81299999915],[1612516.7229999993,540495.7070000004],[1612518.8340000007,540518.12600000016],[1612516.2379999999,540538.06399999931],[1612513.2719999999,540561.78500000015],[1612511.6089999992,540582.7929999996],[1612508.6630000006,540597.58699999936],[1612504.057,540602.93200000003],[1612497.9470000006,540610.32899999991],[1612482.6260000002,540628.41699999943],[1612476.7939999998,540634.73100000061],[1612465.6219999995,540642.47499999963],[1612457.0840000007,540646.39100000076],[1612448.852,540647.31399999931],[1612442.7210000008,540648.64900000021],[1612423.9000000004,540653.24000000022],[1612401.9470000006,540659.52800000086],[1612378.1129999999,540664.63199999928],[1612372.5289999992,540660.77099999972],[1612363.0069999993,540648.46299999952],[1612356.7109999992,540642.76300000027],[1612339.2620000001,540628.38499999978],[1612327.6740000006,540616.78500000015]]]},"properties":{"WATERBODY_POLY_ID":705016660,"WATERSHED_GROUP_ID":90,"WATERBODY_TYPE":"L","WATERBODY_KEY":329246477,"AREA_HA":3.0898953226996997,"GNIS_ID_1":26626,"GNIS_NAME_1":"Rockslide Lake","GNIS_ID_2":null,"GNIS_NAME_2":null,"GNIS_ID_3":null,"GNIS_NAME_3":null,"BLUE_LINE_KEY":356567471,"WATERSHED_KEY":356567471,"FWA_WATERSHED_CODE":"300-625474-033788-600246-000000-000000-000000-000000-000000-000000-000000-000000-000000-000000-000000-000000-000000-000000-000000-000000-000000","LOCAL_WATERSHED_CODE":null,"WATERSHED_GROUP_CODE":"KOTL","LEFT_RIGHT_TRIBUTARY":"RIGHT","WATERBODY_KEY_50K":436,"WATERSHED_GROUP_CODE_50K":"KOTL","WATERBODY_KEY_GROUP_CODE_50K":"00436KOTL","WATERSHED_CODE_50K":"340075500634000000000000000000000000000000000","FEATURE_CODE":"GB15300000","OBJECTID":8937749,"GEOMETRY.AREA":0,"GEOMETRY.LEN":0,"FEATURE_AREA_SQM":30898.9532,"FEATURE_LENGTH_M":664.30709999999999}},{"type":"Feature","id":8938238,"geometry":{"type":"Polygon","coordinates":[[[1611224.8310000002,540038.84999999963],[1611216.6040000003,540031.80299999937],[1611203.148,540018.06900000013],[1611202.3139999993,540009.83699999936],[1611204.2119999994,540002.09200000018],[1611211.148,539995.90899999999],[1611232.7640000004,539983.51700000092],[1611239.4069999997,539979.37199999951],[1611244.4120000005,539971.84100000001],[1611261.1280000005,539951.84400000051],[1611276.7339999992,539939.68700000085],[1611302.8080000002,539924.96000000089],[1611309.7430000007,539918.7770000007],[1611328.4729999993,539897.90699999966],[1611340.3450000007,539900.44899999909],[1611354.1199999992,539910.23599999957],[1611351.2080000006,539934.12299999967],[1611348.4289999995,539955.95199999958],[1611345.1420000009,539972.61900000088],[1611342.3100000005,539979.29499999993],[1611331.7620000001,539999.07499999925],[1611321.2180000003,540010.88399999961],[1611305.7459999993,540020.98399999924],[1611286.7990000006,540034.65300000086],[1611265.1830000002,540047.04499999993],[1611253.8320000004,540048.7109999992],[1611239.8939999994,540046.87800000049],[1611224.8310000002,540038.84999999963]]]},"properties":{"WATERBODY_POLY_ID":705016929,"WATERSHED_GROUP_ID":90,"WATERBODY_TYPE":"L","WATERBODY_KEY":329246715,"AREA_HA":1.1994892776950901,"GNIS_ID_1":null,"GNIS_NAME_1":null,"GNIS_ID_2":null,"GNIS_NAME_2":null,"GNIS_ID_3":null,"GNIS_NAME_3":null,"BLUE_LINE_KEY":356432277,"WATERSHED_KEY":356432277,"FWA_WATERSHED_CODE":"300-625474-033788-600246-662413-568375-000000-000000-000000-000000-000000-000000-000000-000000-000000-000000-000000-000000-000000-000000-000000","LOCAL_WATERSHED_CODE":null,"WATERSHED_GROUP_CODE":"KOTL","LEFT_RIGHT_TRIBUTARY":"RIGHT","WATERBODY_KEY_50K":441,"WATERSHED_GROUP_CODE_50K":"KOTL","WATERBODY_KEY_GROUP_CODE_50K":"00441KOTL","WATERSHED_CODE_50K":"340075500634005340000000000000000000000000000","FEATURE_CODE":"GB15300000","OBJECTID":8938238,"GEOMETRY.AREA":0,"GEOMETRY.LEN":0,"FEATURE_AREA_SQM":11994.8928,"FEATURE_LENGTH_M":457.46440000000001}},{"type":"Feature","id":8938582,"geometry":{"type":"Polygon","coordinates":[[[1612995.4629999995,541141.27999999933],[1612992.0089999996,541135.92100000009],[1612992.1229999997,541127.80199999921],[1613005.3680000007,541111.37900000066],[1613008.4930000007,541102.66599999927],[1613008.6349999998,541092.6370000001],[1613010.7630000003,541068.65599999949],[1613015.477,541063.1640000008],[1613027.4890000001,541055.68200000003],[1613034.8959999997,541053.54399999976],[1613055.3190000001,541051.22100000083],[1613077.9140000008,541048.04399999976],[1613088.8450000007,541057.49300000072],[1613086.1830000002,541078.22100000083],[1613082.6239999998,541099.00100000016],[1613073.9719999991,541111.03399999999],[1613069.1370000001,541132.61600000039],[1613047.9890000001,541149.04399999976],[1613036.1610000003,541154.63499999978],[1613017.9370000008,541154.19299999997],[1613006.4079999998,541149.77500000037],[1612995.4629999995,541141.27999999933]]]},"properties":{"WATERBODY_POLY_ID":705017146,"WATERSHED_GROUP_ID":90,"WATERBODY_TYPE":"L","WATERBODY_KEY":329246909,"AREA_HA":0.70896466239787503,"GNIS_ID_1":null,"GNIS_NAME_1":null,"GNIS_ID_2":null,"GNIS_NAME_2":null,"GNIS_ID_3":null,"GNIS_NAME_3":null,"BLUE_LINE_KEY":356565749,"WATERSHED_KEY":356565749,"FWA_WATERSHED_CODE":"300-625474-033788-000000-000000-000000-000000-000000-000000-000000-000000-000000-000000-000000-000000-000000-000000-000000-000000-000000-000000","LOCAL_WATERSHED_CODE":null,"WATERSHED_GROUP_CODE":"KOTL","LEFT_RIGHT_TRIBUTARY":"RIGHT","WATERBODY_KEY_50K":430,"WATERSHED_GROUP_CODE_50K":"KOTL","WATERBODY_KEY_GROUP_CODE_50K":"00430KOTL","WATERSHED_CODE_50K":"999999999999999999999999999999999999999999999","FEATURE_CODE":"GB15300000","OBJECTID":8938582,"GEOMETRY.AREA":0,"GEOMETRY.LEN":0,"FEATURE_AREA_SQM":7089.6466,"FEATURE_LENGTH_M":329.08620000000002}},{"type":"Feature","id":8938889,"geometry":{"type":"Polygon","coordinates":[[[1611346.2850000001,540375.84999999963],[1611340.4519999996,540367.17699999921],[1611339.2890000008,540359.86199999973],[1611343.2320000008,540345.34699999914],[1611349.1840000004,540337.9299999997],[1611352.1429999992,540322.18099999987],[1611356.0810000002,540315.63800000027],[1611361.7909999993,540310.42400000058],[1611378.682,540304.48100000061],[1611400.4560000002,540292.10799999908],[1611415.7660000008,540289.9609999992],[1611421.4710000008,540292.72000000067],[1611421.8210000005,540297.86400000006],[1611418.9879999999,540304.53999999911],[1611414.2750000004,540310.03299999982],[1611406.2129999995,540310.02099999972],[1611401.4499999993,540315.3479999993],[1611404.4930000007,540323.84600000083],[1611417.9670000002,540328.65399999917],[1611423.9580000006,540337.34600000083],[1611423.1899999995,540343.31299999915],[1611417.5960000008,540362.89200000092],[1611412.8320000004,540368.21900000051],[1611402.1219999995,540372.99100000039],[1611382.6459999997,540375.43500000052],[1611362.7569999993,540381.01799999923],[1611351.8690000009,540379.71000000089],[1611346.2850000001,540375.84999999963]]]},"properties":{"WATERBODY_POLY_ID":705017287,"WATERSHED_GROUP_ID":90,"WATERBODY_TYPE":"L","WATERBODY_KEY":329247034,"AREA_HA":0.51725518235148604,"GNIS_ID_1":null,"GNIS_NAME_1":null,"GNIS_ID_2":null,"GNIS_NAME_2":null,"GNIS_ID_3":null,"GNIS_NAME_3":null,"BLUE_LINE_KEY":356397179,"WATERSHED_KEY":356397179,"FWA_WATERSHED_CODE":"300-625474-033788-600246-662413-000000-000000-000000-000000-000000-000000-000000-000000-000000-000000-000000-000000-000000-000000-000000-000000","LOCAL_WATERSHED_CODE":null,"WATERSHED_GROUP_CODE":"KOTL","LEFT_RIGHT_TRIBUTARY":"RIGHT","WATERBODY_KEY_50K":439,"WATERSHED_GROUP_CODE_50K":"KOTL","WATERBODY_KEY_GROUP_CODE_50K":"00439KOTL","WATERSHED_CODE_50K":"999999999999999999999999999999999999999999999","FEATURE_CODE":"GB15300000","OBJECTID":8938889,"GEOMETRY.AREA":0,"GEOMETRY.LEN":0,"FEATURE_AREA_SQM":5172.5518000000002,"FEATURE_LENGTH_M":310.58449999999999}},{"type":"Feature","id":9057966,"geometry":{"type":"Polygon","coordinates":[[[1604335.5620000008,533060.25599999912],[1604334.2520000003,533047.02899999917],[1604332.2390000001,533022.56000000052],[1604327.3839999996,532997.75400000066],[1604323.0749999993,532984.17200000025],[1604312.9989999998,532959.70299999975],[1604305.8660000004,532952.80000000075],[1604300.2760000005,532948.94899999909],[1604286.3859999999,532947.30199999921],[1604273.2850000001,532962.64599999972],[1604267.1620000005,532971.96199999936],[1604264.8279999997,532981.72800000012],[1604258.7909999993,533005.24300000072],[1604250.9049999993,533012.27800000086],[1604233.5629999992,533021.22100000083],[1604216.0659999996,533008.78500000015],[1604210.8269999996,533002.10700000077],[1604188.273,532981.10099999979],[1604179.0199999996,532966.77300000004],[1604176.7919999994,532959.49499999918],[1604174.9370000008,532935.04399999976],[1604175.9900000002,532918.1129999999],[1604176.5439999998,532899.04900000058],[1604176.5999999996,532881.83999999985],[1604178.2819999997,532860.99699999951],[1604178.5140000004,532850.82200000063],[1604176.7259999998,532833.55399999954],[1604171.5309999995,532810.62099999934],[1604168.1500000004,532790.13399999961],[1604166.6699999999,532777.84400000051],[1604166.4930000007,532770.80900000036],[1604170.2400000002,532766.1520000007],[1604195.0840000007,532768.30000000075],[1604219.0199999996,532771.4570000004],[1604227.8469999991,532773.46000000089],[1604251.4550000001,532777.53399999999],[1604281.2310000006,532781.38299999945],[1604292.1219999995,532782.67400000058],[1604305.1160000004,532784.375],[1604322.6640000008,532788.52800000086],[1604327.4260000009,532791.16499999911],[1604344.0830000006,532803.34200000018],[1604349.034,532812.05900000036],[1604351.7620000001,532821.46900000051],[1604360.8849999998,532837.85400000028],[1604365.3760000002,532849.54499999993],[1604370.3330000006,532866.23299999908],[1604376.1050000004,532885.09100000001],[1604379.7679999992,532895.56799999997],[1604388.432,532914.92699999921],[1604390.8660000004,532935.30199999921],[1604390.1809999999,532956.42200000025],[1604390.909,532982.65100000054],[1604391.341,533002.94800000079],[1604390.2420000006,533010.78800000064],[1604381.1309999991,533018.79399999976],[1604373.7039999999,533022.85500000045],[1604368.3699999992,533032.2650000006],[1604368.7329999991,533045.38000000082],[1604372.7540000007,533061],[1604373.1170000006,533074.11500000022],[1604367.8220000006,533084.64599999972],[1604361.8300000001,533091.90599999949],[1604347.7699999996,533091.1950000003],[1604342.3489999995,533086.40699999966],[1604335.5620000008,533060.25599999912]]]},"properties":{"WATERBODY_POLY_ID":705029211,"WATERSHED_GROUP_ID":186,"WATERBODY_TYPE":"L","WATERBODY_KEY":329523144,"AREA_HA":4.5136587908502896,"GNIS_ID_1":null,"GNIS_NAME_1":null,"GNIS_ID_2":null,"GNIS_NAME_2":null,"GNIS_ID_3":null,"GNIS_NAME_3":null,"BLUE_LINE_KEY":356542853,"WATERSHED_KEY":356542853,"FWA_WATERSHED_CODE":"300-625474-020842-168868-000000-000000-000000-000000-000000-000000-000000-000000-000000-000000-000000-000000-000000-000000-000000-000000-000000","LOCAL_WATERSHED_CODE":null,"WATERSHED_GROUP_CODE":"SLOC","LEFT_RIGHT_TRIBUTARY":"RIGHT","WATERBODY_KEY_50K":542,"WATERSHED_GROUP_CODE_50K":"SLOC","WATERBODY_KEY_GROUP_CODE_50K":"00542SLOC","WATERSHED_CODE_50K":"340047200172000000000000000000000000000000000","FEATURE_CODE":"GB15300000","OBJECTID":9057966,"GEOMETRY.AREA":0,"GEOMETRY.LEN":0,"FEATURE_AREA_SQM":45136.587899999999,"FEATURE_LENGTH_M":1051.8331000000001}},{"type":"Feature","id":9058011,"geometry":{"type":"Polygon","coordinates":[[[1603867.0439999998,530667.67899999954],[1603851.2090000007,530665.64499999955],[1603843.2440000009,530657.52800000086],[1603841.9489999991,530651.31699999981],[1603843.6309999991,530638.44600000046],[1603867.6980000008,530639.5429999996],[1603873.8870000001,530646.33300000057],[1603877.6060000006,530656.97499999963],[1603867.0439999998,530667.67899999954]]]},"properties":{"WATERBODY_POLY_ID":705029981,"WATERSHED_GROUP_ID":186,"WATERBODY_TYPE":"L","WATERBODY_KEY":329523823,"AREA_HA":0.080308833150203998,"GNIS_ID_1":null,"GNIS_NAME_1":null,"GNIS_ID_2":null,"GNIS_NAME_2":null,"GNIS_ID_3":null,"GNIS_NAME_3":null,"BLUE_LINE_KEY":356527654,"WATERSHED_KEY":356527654,"FWA_WATERSHED_CODE":"300-625474-020842-045408-245208-736445-243217-000000-000000-000000-000000-000000-000000-000000-000000-000000-000000-000000-000000-000000-000000","LOCAL_WATERSHED_CODE":null,"WATERSHED_GROUP_CODE":"SLOC","LEFT_RIGHT_TRIBUTARY":"LEFT","WATERBODY_KEY_50K":null,"WATERSHED_GROUP_CODE_50K":null,"WATERBODY_KEY_GROUP_CODE_50K":null,"WATERSHED_CODE_50K":null,"FEATURE_CODE":"GB15300000","OBJECTID":9058011,"GEOMETRY.AREA":0,"GEOMETRY.LEN":0,"FEATURE_AREA_SQM":803.0883,"FEATURE_LENGTH_M":106.25240000000001}},{"type":"Feature","id":9059232,"geometry":{"type":"Polygon","coordinates":[[[1610863.9299999997,542689.15899999999],[1610851.4010000005,542677.44899999909],[1610843.9890000001,542672.57200000063],[1610840.6429999992,542667.06799999997],[1610834.2679999992,542645.09500000067],[1610833.2670000009,542637.79900000058],[1610829.5969999991,542618.22399999946],[1610828.6060000006,542602.95600000024],[1610830.6390000004,542586.13900000043],[1610836.2980000004,542573.74300000072],[1610845.7799999993,542562.92200000025],[1610855.5449999999,542558.03600000031],[1610876.8619999997,542548.63599999994],[1610887.1610000003,542547.00300000049],[1610903.1119999997,542547.96199999936],[1610918.6219999995,542553.97100000083],[1610924.1539999992,542557.66499999911],[1610928.9159999993,542567.32499999925],[1610934.6600000001,542578.22100000083],[1610925.7009999994,542600.26600000076],[1610919.7219999991,542616.6099999994],[1610911.7060000002,542631.75200000033],[1610902.7469999995,542653.79700000025],[1610898.7919999994,542661.29499999993],[1610882.8760000002,542683.4609999992],[1610876.1089999992,542688.70800000057],[1610863.9299999997,542689.15899999999]]]},"properties":{"WATERBODY_POLY_ID":705029408,"WATERSHED_GROUP_ID":186,"WATERBODY_TYPE":"L","WATERBODY_KEY":329523321,"AREA_HA":1.0442526632947,"GNIS_ID_1":24468,"GNIS_NAME_1":"Donut Lake","GNIS_ID_2":null,"GNIS_NAME_2":null,"GNIS_ID_3":null,"GNIS_NAME_3":null,"BLUE_LINE_KEY":356492222,"WATERSHED_KEY":356492222,"FWA_WATERSHED_CODE":"300-625474-020842-349237-304702-000000-000000-000000-000000-000000-000000-000000-000000-000000-000000-000000-000000-000000-000000-000000-000000","LOCAL_WATERSHED_CODE":null,"WATERSHED_GROUP_CODE":"SLOC","LEFT_RIGHT_TRIBUTARY":"LEFT","WATERBODY_KEY_50K":524,"WATERSHED_GROUP_CODE_50K":"SLOC","WATERBODY_KEY_GROUP_CODE_50K":"00524SLOC","WATERSHED_CODE_50K":"340047200349003160000000000000000000000000000","FEATURE_CODE":"GB15300000","OBJECTID":9059232,"GEOMETRY.AREA":0,"GEOMETRY.LEN":0,"FEATURE_AREA_SQM":10442.526599999999,"FEATURE_LENGTH_M":388.51690000000002}},{"type":"Feature","id":9059816,"geometry":{"type":"Polygon","coordinates":[[[1604774.6620000005,543030.58500000089],[1604780.1909999996,543027.25699999928],[1604806.4419999998,543019.53700000048],[1604821.6339999996,543018.4729999993],[1604872.5810000002,543022.93700000085],[1604891.2400000002,543026.27300000004],[1604909.0020000003,543029.66000000015],[1604926.4069999997,543035.87600000016],[1604947.1579999998,543047.59100000001],[1604957.2750000004,543054.85300000012],[1604964.7770000007,543068.02199999988],[1604973.5250000004,543093.29700000025],[1604977.1919999998,543112.86600000039],[1604977.7029999997,543132.05900000036],[1604976.023,543146.04900000058],[1604973.1879999992,543159.74200000055],[1604967.2200000007,543175.13599999994],[1604962.9700000007,543184.67500000075],[1604958.2019999996,543190.00699999928],[1604950.7789999992,543193.1099999994],[1604939.3709999993,543187.60700000077],[1604938.2630000003,543180.46000000089],[1604938.2740000002,543172.49000000022],[1604941.8839999996,543159.84500000067],[1604946.2239999995,543126.08300000057],[1604945.2489999998,543109.8629999999],[1604940.6239999998,543098.15300000086],[1604932.2249999996,543085.03700000048],[1604920.7640000004,543072.35300000012],[1604909.7139999997,543064.02400000021],[1604901.1329999994,543059.81499999948],[1604894.4820000008,543056.95099999942],[1604872.8239999991,543053.25899999961],[1604847.8239999991,543051.08300000057],[1604823.7569999993,543049.97499999963],[1604802.7029999997,543048.26899999939],[1604782.8039999995,543046.85899999924],[1604775.0480000004,543043.86400000006],[1604771.7029999997,543038.36500000022],[1604774.6620000005,543030.58500000089]]]},"properties":{"WATERBODY_POLY_ID":705029426,"WATERSHED_GROUP_ID":186,"WATERBODY_TYPE":"L","WATERBODY_KEY":329523336,"AREA_HA":0.92864654195067897,"GNIS_ID_1":null,"GNIS_NAME_1":null,"GNIS_ID_2":null,"GNIS_NAME_2":null,"GNIS_ID_3":null,"GNIS_NAME_3":null,"BLUE_LINE_KEY":356452642,"WATERSHED_KEY":356452642,"FWA_WATERSHED_CODE":"300-625474-020842-281941-000000-000000-000000-000000-000000-000000-000000-000000-000000-000000-000000-000000-000000-000000-000000-000000-000000","LOCAL_WATERSHED_CODE":null,"WATERSHED_GROUP_CODE":"SLOC","LEFT_RIGHT_TRIBUTARY":"LEFT","WATERBODY_KEY_50K":null,"WATERSHED_GROUP_CODE_50K":null,"WATERBODY_KEY_GROUP_CODE_50K":null,"WATERSHED_CODE_50K":null,"FEATURE_CODE":"GB15300000","OBJECTID":9059816,"GEOMETRY.AREA":0,"GEOMETRY.LEN":0,"FEATURE_AREA_SQM":9286.465400000001,"FEATURE_LENGTH_M":645.73390000000006}},{"type":"Feature","id":9059843,"geometry":{"type":"Polygon","coordinates":[[[1618113.6459999997,548246.38800000027],[1618121.2280000001,548243.32300000079],[1618128.6669999994,548239.28399999999],[1618135.4389999993,548234.04700000025],[1618144.9140000008,548231.21199999936],[1618151.2689999994,548229.11400000006],[1618161.2080000006,548230.32300000079],[1618169.0960000008,548231.28299999982],[1618176.0370000005,548232.12800000049],[1618182.3739999998,548238.00200000033],[1618186.9550000001,548241.58999999985],[1618187.7789999992,548242.80700000003],[1618192.8239999991,548250.43899999931],[1618198.8509999998,548259.30599999987],[1618202.6539999992,548268.8599999994],[1618202.0500000007,548273.8900000006],[1618200.9120000005,548282.68400000036],[1618200.9590000007,548289.86700000055],[1618200.1669999994,548296.78800000064],[1618199.5109999999,548301.65300000086],[1618192.2750000004,548302.84600000083],[1618187.5529999994,548308.3320000004],[1618183.8859999999,548313.78700000048],[1618181.8350000009,548313.53800000064],[1618179.784,548313.28800000064],[1618174.7210000008,548313.62900000066],[1618156.8939999994,548311.46000000089],[1618150.8990000002,548310.73100000061],[1618145.0120000001,548309.85500000045],[1618138.0850000009,548308.05599999987],[1618131.6109999996,548304.2379999999],[1618125.2740000002,548298.3629999999],[1618113.2379999999,548289.72100000083],[1618110.0710000005,548283.27500000037],[1618108.9700000007,548276.12299999967],[1618109.5899999999,548270.13800000027],[1618110.6620000005,548262.13399999961],[1618111.6119999997,548255.23200000077],[1618113.6459999997,548246.38800000027]]]},"properties":{"WATERBODY_POLY_ID":705029512,"WATERSHED_GROUP_ID":186,"WATERBODY_TYPE":"L","WATERBODY_KEY":329523411,"AREA_HA":0.61729677645218606,"GNIS_ID_1":null,"GNIS_NAME_1":null,"GNIS_ID_2":null,"GNIS_NAME_2":null,"GNIS_ID_3":null,"GNIS_NAME_3":null,"BLUE_LINE_KEY":356564296,"WATERSHED_KEY":356564296,"FWA_WATERSHED_CODE":"300-625474-020842-389450-000000-000000-000000-000000-000000-000000-000000-000000-000000-000000-000000-000000-000000-000000-000000-000000-000000","LOCAL_WATERSHED_CODE":null,"WATERSHED_GROUP_CODE":"SLOC","LEFT_RIGHT_TRIBUTARY":"LEFT","WATERBODY_KEY_50K":516,"WATERSHED_GROUP_CODE_50K":"SLOC","WATERBODY_KEY_GROUP_CODE_50K":"00516SLOC","WATERSHED_CODE_50K":"340047200390000000000000000000000000000000000","FEATURE_CODE":"GB15300140","OBJECTID":9059843,"GEOMETRY.AREA":0,"GEOMETRY.LEN":0,"FEATURE_AREA_SQM":6172.9678000000004,"FEATURE_LENGTH_M":288.79610000000002}},{"type":"Feature","id":9060438,"geometry":{"type":"Polygon","coordinates":[[[1610978.1380000003,548130.5390000008],[1610986.3870000001,548128.66100000031],[1610994.2770000007,548129.6099999994],[1611001.3920000009,548129.50799999945],[1611006.7510000002,548127.12299999967],[1611006.9199999999,548133.20299999975],[1611010.2599999998,548138.70800000057],[1611014.2359999996,548147.31900000013],[1611017.3880000003,548154.71499999985],[1611022.4790000003,548169.51999999955],[1611023.7530000005,548175.73299999908],[1611024.6809999999,548183.81799999997],[1611027.227,548196.24400000088],[1611029.1520000007,548204.60799999908],[1611031.0620000008,548213.92799999937],[1611034.5700000003,548225.51300000027],[1611034.7379999999,548231.59300000034],[1611037.2850000001,548244.01899999939],[1611040.6050000004,548257.49499999918],[1611044.2359999996,548267.97800000012],[1611045.3859999999,548275.2929999996],[1611047.4340000004,548282.55599999987],[1611050.5850000009,548289.95099999942],[1611050.3210000005,548300.12600000016],[1611049.3699999992,548307.02800000086],[1611042.7039999999,548312.12700000033],[1611035.7609999999,548311.29199999943],[1611025.1840000004,548306.99000000022],[1611022.0179999992,548300.54900000058],[1611020.8670000006,548293.2349999994],[1611020.8709999993,548286.21800000034],[1611019.4250000007,548280.94099999964],[1611019.2569999993,548274.86099999957],[1611018.9299999997,548268.7620000001],[1611018.0020000003,548260.67699999921],[1611016.0930000003,548251.35799999908],[1611013.8729999997,548245.03099999949],[1611009.1229999997,548235.36999999918],[1611006.0940000005,548226.87199999951],[1610995.9529999997,548211.46000000089],[1610989.1520000007,548201.55199999921],[1610984.8660000004,548195.93400000036],[1610983.1280000005,548185.67799999937],[1610980.9079999998,548179.35199999996],[1610979.9149999991,548172.05599999987],[1610976.1270000003,548161.55399999954],[1610977.0920000002,548153.69600000046],[1610976.9240000006,548147.61600000039],[1610978.0120000001,548138.65699999966],[1610977.6699999999,548133.51300000027],[1610978.1380000003,548130.5390000008]]]},"properties":{"WATERBODY_POLY_ID":705029526,"WATERSHED_GROUP_ID":186,"WATERBODY_TYPE":"L","WATERBODY_KEY":329523422,"AREA_HA":0.58761892845246499,"GNIS_ID_1":null,"GNIS_NAME_1":null,"GNIS_ID_2":null,"GNIS_NAME_2":null,"GNIS_ID_3":null,"GNIS_NAME_3":null,"BLUE_LINE_KEY":356493592,"WATERSHED_KEY":356493592,"FWA_WATERSHED_CODE":"300-625474-020842-367151-612568-173267-000000-000000-000000-000000-000000-000000-000000-000000-000000-000000-000000-000000-000000-000000-000000","LOCAL_WATERSHED_CODE":null,"WATERSHED_GROUP_CODE":"SLOC","LEFT_RIGHT_TRIBUTARY":"RIGHT","WATERBODY_KEY_50K":514,"WATERSHED_GROUP_CODE_50K":"SLOC","WATERBODY_KEY_GROUP_CODE_50K":"00514SLOC","WATERSHED_CODE_50K":"340047200367000000000000000000000000000000000","FEATURE_CODE":"GB15300000","OBJECTID":9060438,"GEOMETRY.AREA":0,"GEOMETRY.LEN":0,"FEATURE_AREA_SQM":5876.1893,"FEATURE_LENGTH_M":430.89370000000002}},{"type":"Feature","id":9060448,"geometry":{"type":"Polygon","coordinates":[[[1611367.5610000007,535883.44299999997],[1611388.6129999999,535885.17300000042],[1611404.5649999995,535886.13099999912],[1611423.5130000003,535879.47699999996],[1611431.4539999999,535880.58999999985],[1611434.9269999992,535884.99300000072],[1611436.6899999995,535895.24899999984],[1611442.4639999997,535913.16200000048],[1611452.9330000002,535926.53600000031],[1611453.1170000006,535932.61700000055],[1611449.3440000005,535939.1799999997],[1611435.0629999992,535955.64200000092],[1611427.3059999999,535960.6099999994],[1611412.6429999992,535965.86500000022],[1611398.875,535963.09600000083],[1611387.4739999995,535956.625],[1611371.8640000001,535929.40100000054],[1611359.6190000009,535906.72499999963],[1611362.6830000002,535889.87299999967],[1611367.5610000007,535883.44299999997]]]},"properties":{"WATERBODY_POLY_ID":705029541,"WATERSHED_GROUP_ID":186,"WATERBODY_TYPE":"L","WATERBODY_KEY":329523435,"AREA_HA":0.56070710134942903,"GNIS_ID_1":null,"GNIS_NAME_1":null,"GNIS_ID_2":null,"GNIS_NAME_2":null,"GNIS_ID_3":null,"GNIS_NAME_3":null,"BLUE_LINE_KEY":356500919,"WATERSHED_KEY":356500919,"FWA_WATERSHED_CODE":"300-625474-020842-095994-000000-000000-000000-000000-000000-000000-000000-000000-000000-000000-000000-000000-000000-000000-000000-000000-000000","LOCAL_WATERSHED_CODE":null,"WATERSHED_GROUP_CODE":"SLOC","LEFT_RIGHT_TRIBUTARY":"LEFT","WATERBODY_KEY_50K":null,"WATERSHED_GROUP_CODE_50K":null,"WATERBODY_KEY_GROUP_CODE_50K":null,"WATERSHED_CODE_50K":null,"FEATURE_CODE":"GB15300000","OBJECTID":9060448,"GEOMETRY.AREA":0,"GEOMETRY.LEN":0,"FEATURE_AREA_SQM":5607.0709999999999,"FEATURE_LENGTH_M":286.7638}},{"type":"Feature","id":9061082,"geometry":{"type":"Polygon","coordinates":[[[1610133.3760000002,537778.34600000083],[1610129.7949999999,537750.6520000007],[1610125.5099999998,537744.08000000007],[1610122.8039999995,537733.7109999992],[1610124.7949999999,537718.80199999921],[1610126.7980000004,537710.91100000031],[1610131.5580000002,537705.5820000004],[1610143.0429999996,537693.88399999961],[1610149.5140000004,537690.67300000042],[1610159.6270000003,537690.92899999954],[1610163.9250000007,537696.54600000009],[1610167.9189999998,537705.15599999949],[1610176.5140000004,537724.36199999973],[1610176.5610000007,537740.47199999914],[1610165.0879999995,537759.18600000069],[1610158.1559999995,537765.37099999934],[1610151.6720000003,537769.53700000048],[1610142.2149999999,537771.43300000019],[1610133.3760000002,537778.34600000083]]]},"properties":{"WATERBODY_POLY_ID":705029657,"WATERSHED_GROUP_ID":186,"WATERBODY_TYPE":"L","WATERBODY_KEY":329523529,"AREA_HA":0.32283991370352,"GNIS_ID_1":null,"GNIS_NAME_1":null,"GNIS_ID_2":null,"GNIS_NAME_2":null,"GNIS_ID_3":null,"GNIS_NAME_3":null,"BLUE_LINE_KEY":356483673,"WATERSHED_KEY":356483673,"FWA_WATERSHED_CODE":"300-625474-020842-139092-818374-000000-000000-000000-000000-000000-000000-000000-000000-000000-000000-000000-000000-000000-000000-000000-000000","LOCAL_WATERSHED_CODE":null,"WATERSHED_GROUP_CODE":"SLOC","LEFT_RIGHT_TRIBUTARY":"LEFT","WATERBODY_KEY_50K":null,"WATERSHED_GROUP_CODE_50K":null,"WATERBODY_KEY_GROUP_CODE_50K":null,"WATERSHED_CODE_50K":null,"FEATURE_CODE":"GB15300140","OBJECTID":9061082,"GEOMETRY.AREA":0,"GEOMETRY.LEN":0,"FEATURE_AREA_SQM":3228.3991000000001,"FEATURE_LENGTH_M":224.07810000000001}},{"type":"Feature","id":9061697,"geometry":{"type":"Polygon","coordinates":[[[1607459.7400000002,544954.94099999964],[1607461.4619999994,544949.08699999936],[1607472.0189999994,544937.27400000021],[1607490.0510000009,544922.52600000054],[1607505.8670000006,544925.53199999966],[1607510.1569999997,544931.14699999988],[1607512.0730000008,544940.46499999985],[1607514.8000000007,544958.96800000034],[1607521.4869999997,544976.9879999999],[1607521.6449999996,544984.02300000004],[1607517.9949999992,544988.52899999917],[1607511.5179999992,544991.74200000055],[1607505.5209999997,544991.02500000037],[1607498.5270000007,544983.01400000043],[1607483.7919999994,544964.03299999982],[1607479.2080000006,544960.45600000024],[1607465.4289999995,544965.66599999927],[1607459.8990000002,544961.97499999963],[1607459.7400000002,544954.94099999964]]]},"properties":{"WATERBODY_POLY_ID":705029736,"WATERSHED_GROUP_ID":186,"WATERBODY_TYPE":"L","WATERBODY_KEY":329523601,"AREA_HA":0.23975230205123199,"GNIS_ID_1":null,"GNIS_NAME_1":null,"GNIS_ID_2":null,"GNIS_NAME_2":null,"GNIS_ID_3":null,"GNIS_NAME_3":null,"BLUE_LINE_KEY":356521527,"WATERSHED_KEY":356521527,"FWA_WATERSHED_CODE":"300-625474-020842-319524-000000-000000-000000-000000-000000-000000-000000-000000-000000-000000-000000-000000-000000-000000-000000-000000-000000","LOCAL_WATERSHED_CODE":null,"WATERSHED_GROUP_CODE":"SLOC","LEFT_RIGHT_TRIBUTARY":"LEFT","WATERBODY_KEY_50K":null,"WATERSHED_GROUP_CODE_50K":null,"WATERBODY_KEY_GROUP_CODE_50K":null,"WATERSHED_CODE_50K":null,"FEATURE_CODE":"GB15300000","OBJECTID":9061697,"GEOMETRY.AREA":0,"GEOMETRY.LEN":0,"FEATURE_AREA_SQM":2397.5230000000001,"FEATURE_LENGTH_M":210.8409}},{"type":"Feature","id":9061711,"geometry":{"type":"Polygon","coordinates":[[[1615407.4489999991,547147.5],[1615407.2819999997,547141.51600000076],[1615408.0580000002,547135.54900000058],[1615409.7809999995,547129.69800000079],[1615413.7420000006,547122.20299999975],[1615419.409,547116.82899999991],[1615425.2489999998,547110.51899999939],[1615428.2479999997,547103.86500000022],[1615434.8619999997,547098.60600000061],[1615443.4049999993,547094.69600000046],[1615456.3440000005,547089.24599999934],[1615468.3660000004,547081.77099999972],[1615475.3249999993,547074.63900000043],[1615478.9260000009,547069.97199999914],[1615479.2689999994,547075.11700000055],[1615476.4269999992,547081.78999999911],[1615476.5979999993,547087.87099999934],[1615475.8220000006,547093.83699999936],[1615473.9260000009,547100.625],[1615471.2569999993,547106.36199999973],[1615464.5930000003,547111.45600000024],[1615458.1160000004,547114.65899999999],[1615449.1559999995,547121.7070000004],[1615445.2100000009,547128.24699999951],[1615440.3169999998,547134.67100000009],[1615435.7039999999,547140.01400000043],[1615430.8609999996,547146.60400000028],[1615421.5089999996,547148.34200000018],[1615412.9800000004,547151.29600000009],[1615407.4519999996,547147.59699999914],[1615407.4489999991,547147.5]]]},"properties":{"WATERBODY_POLY_ID":705029762,"WATERSHED_GROUP_ID":186,"WATERBODY_TYPE":"L","WATERBODY_KEY":329523621,"AREA_HA":0.218791830450867,"GNIS_ID_1":null,"GNIS_NAME_1":null,"GNIS_ID_2":null,"GNIS_NAME_2":null,"GNIS_ID_3":null,"GNIS_NAME_3":null,"BLUE_LINE_KEY":356501067,"WATERSHED_KEY":356501067,"FWA_WATERSHED_CODE":"999-999999-999999-999999-999999-999999-999999-999999-999999-999999-999999-999999-999999-999999-999999-999999-999999-999999-999999-999999-999999","LOCAL_WATERSHED_CODE":null,"WATERSHED_GROUP_CODE":"SLOC","LEFT_RIGHT_TRIBUTARY":"UNKNOWN","WATERBODY_KEY_50K":null,"WATERSHED_GROUP_CODE_50K":null,"WATERBODY_KEY_GROUP_CODE_50K":null,"WATERSHED_CODE_50K":null,"FEATURE_CODE":"GB15300000","OBJECTID":9061711,"GEOMETRY.AREA":0,"GEOMETRY.LEN":0,"FEATURE_AREA_SQM":2187.9183000000003,"FEATURE_LENGTH_M":233.32250000000002}},{"type":"Feature","id":9062317,"geometry":{"type":"Polygon","coordinates":[[[1603605.557,532500.78199999966],[1603589.602,532499.84899999946],[1603575.409,532475.85099999979],[1603574.273,532469.65899999999],[1603578.4440000001,532451.98100000061],[1603581.1469999999,532446.40300000086],[1603597.2599999998,532447.35500000045],[1603605.9800000004,532449.50300000049],[1603610.7420000006,532452.1400000006],[1603621.6909999996,532461.56599999964],[1603623.932,532467.88900000043],[1603623.8310000002,532476.00699999928],[1603621.9629999995,532490.76899999939],[1603619.1520000007,532496.49400000088],[1603612.841,532499.73200000077],[1603605.557,532500.78199999966]]]},"properties":{"WATERBODY_POLY_ID":705029770,"WATERSHED_GROUP_ID":186,"WATERBODY_TYPE":"L","WATERBODY_KEY":329523628,"AREA_HA":0.213187713147304,"GNIS_ID_1":null,"GNIS_NAME_1":null,"GNIS_ID_2":null,"GNIS_NAME_2":null,"GNIS_ID_3":null,"GNIS_NAME_3":null,"BLUE_LINE_KEY":356494438,"WATERSHED_KEY":356494438,"FWA_WATERSHED_CODE":"300-625474-020842-168868-826456-000000-000000-000000-000000-000000-000000-000000-000000-000000-000000-000000-000000-000000-000000-000000-000000","LOCAL_WATERSHED_CODE":null,"WATERSHED_GROUP_CODE":"SLOC","LEFT_RIGHT_TRIBUTARY":"LEFT","WATERBODY_KEY_50K":546,"WATERSHED_GROUP_CODE_50K":"SLOC","WATERBODY_KEY_GROUP_CODE_50K":"00546SLOC","WATERSHED_CODE_50K":"999999999999999999999999999999999999999999999","FEATURE_CODE":"GB15300000","OBJECTID":9062317,"GEOMETRY.AREA":0,"GEOMETRY.LEN":0,"FEATURE_AREA_SQM":2131.8771000000002,"FEATURE_LENGTH_M":170.06999999999999}},{"type":"Feature","id":9062322,"geometry":{"type":"Polygon","coordinates":[[[1606481.8540000003,540272.60899999924],[1606486.852,540258.05800000019],[1606492.5189999994,540244.70299999975],[1606496.4570000004,540238.15699999966],[1606510.6620000005,540220.87700000033],[1606513.7870000005,540212.16200000048],[1606521.8029999994,540189.0429999996],[1606528.7479999997,540189.86999999918],[1606539.3900000006,540201.34200000018],[1606535.7880000006,540213.98699999973],[1606525.7129999995,540229.84600000083],[1606519.3990000002,540248.06599999964],[1606515.5050000008,540262.74799999967],[1606510.1569999997,540272.15499999933],[1606504.6170000006,540276.43799999915],[1606496.4340000004,540277.53500000015],[1606489.4389999993,540276.54199999943],[1606481.8540000003,540272.60899999924]]]},"properties":{"WATERBODY_POLY_ID":705029775,"WATERSHED_GROUP_ID":186,"WATERBODY_TYPE":"L","WATERBODY_KEY":329523633,"AREA_HA":0.20803745715083999,"GNIS_ID_1":null,"GNIS_NAME_1":null,"GNIS_ID_2":null,"GNIS_NAME_2":null,"GNIS_ID_3":null,"GNIS_NAME_3":null,"BLUE_LINE_KEY":356536682,"WATERSHED_KEY":356536682,"FWA_WATERSHED_CODE":"300-625474-020842-143840-000000-000000-000000-000000-000000-000000-000000-000000-000000-000000-000000-000000-000000-000000-000000-000000-000000","LOCAL_WATERSHED_CODE":null,"WATERSHED_GROUP_CODE":"SLOC","LEFT_RIGHT_TRIBUTARY":"LEFT","WATERBODY_KEY_50K":null,"WATERSHED_GROUP_CODE_50K":null,"WATERBODY_KEY_GROUP_CODE_50K":null,"WATERSHED_CODE_50K":null,"FEATURE_CODE":"GB15300000","OBJECTID":9062322,"GEOMETRY.AREA":0,"GEOMETRY.LEN":0,"FEATURE_AREA_SQM":2080.3746000000001,"FEATURE_LENGTH_M":224.36930000000001}},{"type":"Feature","id":9062327,"geometry":{"type":"Polygon","coordinates":[[[1604098.5059999991,530355.41200000048],[1604101.0160000008,530343.75400000066],[1604108.1089999992,530336.62399999984],[1604115.1840000004,530335.3900000006],[1604124.7109999992,530340.66300000064],[1604130.1549999993,530352.46700000018],[1604132.4600000009,530366.92600000091],[1604130.7780000009,530379.79800000042],[1604124.4910000004,530390.05199999921],[1604113.1530000009,530399.7070000004],[1604091.1500000004,530397.89699999988],[1604091.9920000006,530375.83999999985],[1604095.568,530363.19299999997],[1604098.5059999991,530355.41200000048]]]},"properties":{"WATERBODY_POLY_ID":705029787,"WATERSHED_GROUP_ID":186,"WATERBODY_TYPE":"L","WATERBODY_KEY":329523644,"AREA_HA":0.19933953199919502,"GNIS_ID_1":null,"GNIS_NAME_1":null,"GNIS_ID_2":null,"GNIS_NAME_2":null,"GNIS_ID_3":null,"GNIS_NAME_3":null,"BLUE_LINE_KEY":356555390,"WATERSHED_KEY":356555390,"FWA_WATERSHED_CODE":"300-625474-020842-045408-245208-652914-559578-000000-000000-000000-000000-000000-000000-000000-000000-000000-000000-000000-000000-000000-000000","LOCAL_WATERSHED_CODE":null,"WATERSHED_GROUP_CODE":"SLOC","LEFT_RIGHT_TRIBUTARY":"RIGHT","WATERBODY_KEY_50K":null,"WATERSHED_GROUP_CODE_50K":null,"WATERBODY_KEY_GROUP_CODE_50K":null,"WATERSHED_CODE_50K":null,"FEATURE_CODE":"GB15300000","OBJECTID":9062327,"GEOMETRY.AREA":0,"GEOMETRY.LEN":0,"FEATURE_AREA_SQM":1993.3953000000001,"FEATURE_LENGTH_M":173.20530000000002}},{"type":"Feature","id":9062341,"geometry":{"type":"Polygon","coordinates":[[[1606655.1079999991,540521.41200000048],[1606649.1109999996,540520.69800000079],[1606643.3550000004,540502.79199999943],[1606648.9199999999,540459.13199999928],[1606652.5219999999,540446.4879999999],[1606654.5360000003,540430.625],[1606660.0759999994,540426.34300000034],[1606665.5969999991,540430.98699999973],[1606669.7210000008,540437.53700000048],[1606673.284,540450.23900000006],[1606671.2640000004,540474.07300000079],[1606665.9590000007,540491.61600000039],[1606663.0059999991,540514.38199999928],[1606655.1079999991,540521.41200000048]]]},"properties":{"WATERBODY_POLY_ID":705029809,"WATERSHED_GROUP_ID":186,"WATERBODY_TYPE":"L","WATERBODY_KEY":328989134,"AREA_HA":0.18373646025109699,"GNIS_ID_1":null,"GNIS_NAME_1":null,"GNIS_ID_2":null,"GNIS_NAME_2":null,"GNIS_ID_3":null,"GNIS_NAME_3":null,"BLUE_LINE_KEY":356436331,"WATERSHED_KEY":356436331,"FWA_WATERSHED_CODE":"300-625474-020842-295927-567227-000000-000000-000000-000000-000000-000000-000000-000000-000000-000000-000000-000000-000000-000000-000000-000000","LOCAL_WATERSHED_CODE":null,"WATERSHED_GROUP_CODE":"SLOC","LEFT_RIGHT_TRIBUTARY":"RIGHT","WATERBODY_KEY_50K":null,"WATERSHED_GROUP_CODE_50K":null,"WATERBODY_KEY_GROUP_CODE_50K":null,"WATERSHED_CODE_50K":null,"FEATURE_CODE":"GB15300000","OBJECTID":9062341,"GEOMETRY.AREA":0,"GEOMETRY.LEN":0,"FEATURE_AREA_SQM":1837.3646000000001,"FEATURE_LENGTH_M":208.92440000000002}},{"type":"Feature","id":9062934,"geometry":{"type":"Polygon","coordinates":[[[1603876.7019999996,531100.16699999943],[1603880.3509999998,531094.70199999958],[1603887.7660000008,531091.59500000067],[1603897.2200000007,531089.68600000069],[1603904.9940000009,531091.7229999993],[1603910.2469999995,531097.44600000046],[1603901.6270000003,531117.46600000001],[1603892.7589999996,531140.64499999955],[1603878.7369999997,531123.68099999987],[1603874.4309999999,531118.0700000003],[1603875.4879999999,531109.10899999924],[1603876.7019999996,531100.16699999943]]]},"properties":{"WATERBODY_POLY_ID":705001394,"WATERSHED_GROUP_ID":186,"WATERBODY_TYPE":"L","WATERBODY_KEY":329523757,"AREA_HA":0.109218068300253,"GNIS_ID_1":null,"GNIS_NAME_1":null,"GNIS_ID_2":null,"GNIS_NAME_2":null,"GNIS_ID_3":null,"GNIS_NAME_3":null,"BLUE_LINE_KEY":356556765,"WATERSHED_KEY":356556765,"FWA_WATERSHED_CODE":"300-625474-020842-045408-245208-736445-000000-000000-000000-000000-000000-000000-000000-000000-000000-000000-000000-000000-000000-000000-000000","LOCAL_WATERSHED_CODE":null,"WATERSHED_GROUP_CODE":"SLOC","LEFT_RIGHT_TRIBUTARY":"LEFT","WATERBODY_KEY_50K":null,"WATERSHED_GROUP_CODE_50K":null,"WATERBODY_KEY_GROUP_CODE_50K":null,"WATERSHED_CODE_50K":null,"FEATURE_CODE":"GB15300000","OBJECTID":9062934,"GEOMETRY.AREA":0,"GEOMETRY.LEN":0,"FEATURE_AREA_SQM":1092.1807000000001,"FEATURE_LENGTH_M":133.8038}},{"type":"Feature","id":9062991,"geometry":{"type":"Polygon","coordinates":[[[1603948.3709999993,530409.99499999918],[1603938.8330000006,530405.67699999921],[1603933.8780000005,530396.9609999992],[1603923.9590000007,530371.55700000003],[1603927.0449999999,530355.82300000079],[1603933.9910000004,530347.71900000051],[1603943.1579999998,530347.8479999993],[1603955.3570000008,530354.39399999939],[1603954.3010000009,530363.35500000045],[1603951.9470000006,530397.34699999914],[1603948.3709999993,530409.99499999918]]]},"properties":{"WATERBODY_POLY_ID":705029871,"WATERSHED_GROUP_ID":186,"WATERBODY_TYPE":"L","WATERBODY_KEY":328989136,"AREA_HA":0.13705805264930998,"GNIS_ID_1":null,"GNIS_NAME_1":null,"GNIS_ID_2":null,"GNIS_NAME_2":null,"GNIS_ID_3":null,"GNIS_NAME_3":null,"BLUE_LINE_KEY":356568024,"WATERSHED_KEY":356568024,"FWA_WATERSHED_CODE":"300-625474-020842-045408-245208-652914-398643-000000-000000-000000-000000-000000-000000-000000-000000-000000-000000-000000-000000-000000-000000","LOCAL_WATERSHED_CODE":null,"WATERSHED_GROUP_CODE":"SLOC","LEFT_RIGHT_TRIBUTARY":"RIGHT","WATERBODY_KEY_50K":null,"WATERSHED_GROUP_CODE_50K":null,"WATERBODY_KEY_GROUP_CODE_50K":null,"WATERSHED_CODE_50K":null,"FEATURE_CODE":"GB15300000","OBJECTID":9062991,"GEOMETRY.AREA":0,"GEOMETRY.LEN":0,"FEATURE_AREA_SQM":1370.5805,"FEATURE_LENGTH_M":153.72730000000001}},{"type":"Feature","id":9063004,"geometry":{"type":"Polygon","coordinates":[[[1610004.8440000005,543303.44600000046],[1610005.909,543295.44099999964],[1610007.6420000009,543288.63299999945],[1610013.3420000002,543284.37399999984],[1610019.6459999997,543282.09999999963],[1610033.4110000003,543284.86700000055],[1610040.0470000003,543288.69299999997],[1610043.8739999998,543297.28399999999],[1610043.102,543303.25100000016],[1610033.9499999993,543320.17200000025],[1610026.6999999993,543322.3320000004],[1610020.7039999999,543321.61199999973],[1610013.8819999993,543319.67799999937],[1610007.2459999993,543315.85199999996],[1610003.9010000005,543310.34899999946],[1610004.8440000005,543303.44600000046]]]},"properties":{"WATERBODY_POLY_ID":705029889,"WATERSHED_GROUP_ID":186,"WATERBODY_TYPE":"L","WATERBODY_KEY":329523738,"AREA_HA":0.122816393648585,"GNIS_ID_1":null,"GNIS_NAME_1":null,"GNIS_ID_2":null,"GNIS_NAME_2":null,"GNIS_ID_3":null,"GNIS_NAME_3":null,"BLUE_LINE_KEY":356539005,"WATERSHED_KEY":356539005,"FWA_WATERSHED_CODE":"300-625474-020842-349237-283020-000000-000000-000000-000000-000000-000000-000000-000000-000000-000000-000000-000000-000000-000000-000000-000000","LOCAL_WATERSHED_CODE":null,"WATERSHED_GROUP_CODE":"SLOC","LEFT_RIGHT_TRIBUTARY":"LEFT","WATERBODY_KEY_50K":null,"WATERSHED_GROUP_CODE_50K":null,"WATERBODY_KEY_GROUP_CODE_50K":null,"WATERSHED_CODE_50K":null,"FEATURE_CODE":"GB15300000","OBJECTID":9063004,"GEOMETRY.AREA":0,"GEOMETRY.LEN":0,"FEATURE_AREA_SQM":1228.1639,"FEATURE_LENGTH_M":127.03880000000001}},{"type":"Feature","id":9080430,"geometry":{"type":"Polygon","coordinates":[[[1610318.7400000002,537938.95800000057],[1610321.5700000003,537932.28199999966],[1610326.1600000001,537927.88900000043],[1610333.5779999997,537924.79199999943],[1610355.3340000007,537913.36999999918],[1610377.3460000008,537914.25500000082],[1610387.1659999993,537924.51999999955],[1610370.9220000003,537933.57399999909],[1610364.4629999995,537935.82899999991],[1610342.6329999994,537941.02500000037],[1610328.5620000008,537941.25200000033],[1610318.7400000002,537938.95800000057]]]},"properties":{"WATERBODY_POLY_ID":705017836,"WATERSHED_GROUP_ID":90,"WATERBODY_TYPE":"L","WATERBODY_KEY":328974347,"AREA_HA":0.116376590000106,"GNIS_ID_1":null,"GNIS_NAME_1":null,"GNIS_ID_2":null,"GNIS_NAME_2":null,"GNIS_ID_3":null,"GNIS_NAME_3":null,"BLUE_LINE_KEY":356552708,"WATERSHED_KEY":356552708,"FWA_WATERSHED_CODE":"300-625474-033788-600246-290600-000000-000000-000000-000000-000000-000000-000000-000000-000000-000000-000000-000000-000000-000000-000000-000000","LOCAL_WATERSHED_CODE":null,"WATERSHED_GROUP_CODE":"KOTL","LEFT_RIGHT_TRIBUTARY":"RIGHT","WATERBODY_KEY_50K":null,"WATERSHED_GROUP_CODE_50K":null,"WATERBODY_KEY_GROUP_CODE_50K":null,"WATERSHED_CODE_50K":null,"FEATURE_CODE":"GB15300000","OBJECTID":9080430,"GEOMETRY.AREA":0,"GEOMETRY.LEN":0,"FEATURE_AREA_SQM":1163.7659000000001,"FEATURE_LENGTH_M":154.48780000000002}},{"type":"Feature","id":9080496,"geometry":{"type":"Polygon","coordinates":[[[1611255.7689999994,539859.35700000077],[1611249.6009999998,539859.57300000079],[1611229.7039999999,539858.1400000006],[1611219.8430000003,539839.7349999994],[1611219.1919999998,539829.61099999957],[1611219.9729999993,539822.68899999931],[1611223.6840000004,539801.92799999937],[1611228.8640000001,539785.48900000006],[1611242.7149999999,539763.07599999942],[1611245.1960000005,539751.25500000082],[1611247.4900000002,539726.33799999952],[1611242.0350000001,539705.43200000003],[1611236.1549999993,539688.62199999951],[1611219.1649999991,539671.27400000021],[1611224.0069999993,539648.7349999994],[1611227.943,539642.19199999981],[1611240.0789999999,539625.63199999928],[1611251.4890000001,539631.14800000004],[1611268.3090000004,539649.43200000003],[1611285.8770000003,539670.67600000091],[1611298.2890000008,539691.46000000089],[1611302.1089999992,539701.00699999928],[1611303.3929999992,539707.22100000083],[1611301.5620000008,539729.16499999911],[1611303.3300000001,539738.46600000001],[1611308.2679999992,539747.19099999964],[1611311.4920000006,539761.76899999939],[1611310.7060000002,539776.66300000064],[1611306.8239999991,539798.3599999994],[1611301.9859999996,539812.92699999921],[1611293.6740000006,539831.06299999915],[1611282.4839999992,539847.73699999973],[1611266.0649999995,539857.72399999946],[1611255.7689999994,539859.35700000077]]]},"properties":{"WATERBODY_POLY_ID":705016871,"WATERSHED_GROUP_ID":90,"WATERBODY_TYPE":"L","WATERBODY_KEY":328974317,"AREA_HA":1.4351913173019899,"GNIS_ID_1":18908,"GNIS_NAME_1":"Johnianne Lake","GNIS_ID_2":null,"GNIS_NAME_2":null,"GNIS_ID_3":null,"GNIS_NAME_3":null,"BLUE_LINE_KEY":356472251,"WATERSHED_KEY":356472251,"FWA_WATERSHED_CODE":"300-625474-033788-600246-466535-436775-000000-000000-000000-000000-000000-000000-000000-000000-000000-000000-000000-000000-000000-000000-000000","LOCAL_WATERSHED_CODE":null,"WATERSHED_GROUP_CODE":"KOTL","LEFT_RIGHT_TRIBUTARY":"LEFT","WATERBODY_KEY_50K":442,"WATERSHED_GROUP_CODE_50K":"KOTL","WATERBODY_KEY_GROUP_CODE_50K":"00442KOTL","WATERSHED_CODE_50K":"340075500634005340000000000000000000000000000","FEATURE_CODE":"GB15300000","OBJECTID":9080496,"GEOMETRY.AREA":0,"GEOMETRY.LEN":0,"FEATURE_AREA_SQM":14351.913199999999,"FEATURE_LENGTH_M":565.14510000000007}},{"type":"Feature","id":9091040,"geometry":{"type":"Polygon","coordinates":[[[1607786.9450000003,529522.90599999949],[1607790.2510000002,529496.99699999951],[1607792.2149999999,529473.15899999999],[1607792.4979999997,529439.87600000016],[1607803.5700000003,529439.28299999982],[1607818.159,529444.21000000089],[1607817.4039999992,529450.17699999921],[1607808.8039999995,529469.2379999999],[1607805.9989999998,529483.88900000043],[1607800.9279999994,529507.5150000006],[1607794.1879999992,529520.74000000022],[1607786.9450000003,529522.90599999949]]]},"properties":{"WATERBODY_POLY_ID":705029882,"WATERSHED_GROUP_ID":186,"WATERBODY_TYPE":"L","WATERBODY_KEY":329523731,"AREA_HA":0.130691317496131,"GNIS_ID_1":null,"GNIS_NAME_1":null,"GNIS_ID_2":null,"GNIS_NAME_2":null,"GNIS_ID_3":null,"GNIS_NAME_3":null,"BLUE_LINE_KEY":356559081,"WATERSHED_KEY":356559081,"FWA_WATERSHED_CODE":"300-625474-020842-045408-214991-000000-000000-000000-000000-000000-000000-000000-000000-000000-000000-000000-000000-000000-000000-000000-000000","LOCAL_WATERSHED_CODE":null,"WATERSHED_GROUP_CODE":"SLOC","LEFT_RIGHT_TRIBUTARY":"LEFT","WATERBODY_KEY_50K":550,"WATERSHED_GROUP_CODE_50K":"SLOC","WATERBODY_KEY_GROUP_CODE_50K":"00550SLOC","WATERSHED_CODE_50K":"340047200045002140000000000000000000000000000","FEATURE_CODE":"GB15300000","OBJECTID":9091040,"GEOMETRY.AREA":0,"GEOMETRY.LEN":0,"FEATURE_AREA_SQM":1306.9132,"FEATURE_LENGTH_M":198.21890000000002}},{"type":"Feature","id":9104935,"geometry":{"type":"Polygon","coordinates":[[[1622810.7300000004,535225.94999999925],[1622826.7379999999,535235.08699999936],[1622840.9780000001,535241.93099999987],[1622854.2719999999,535248.66000000015],[1622880.6889999993,535263.05399999954],[1622902.4130000006,535281.97699999996],[1622904.3599999994,535290.3479999993],[1622895.5289999992,535297.24300000072],[1622886.7219999991,535302.22599999979],[1622876.3110000007,535304.93999999948],[1622857.9600000009,535306.52300000004],[1622848.3100000005,535303.26999999955],[1622835.6579999998,535291.67600000091],[1622829.1370000001,535286.73200000077],[1622809.8190000001,535273.2070000004],[1622787.6359999999,535257.25799999945],[1622775.2860000003,535242.67100000009],[1622745.2129999995,535225.75699999928],[1622725.6879999992,535212.04800000042],[1622708.909,535201.8629999999],[1622693.2589999996,535189.90300000086],[1622690.6659999993,535178.42200000025],[1622691.716,535170.41699999943],[1622696.591,535163.99599999934],[1622703.7149999999,535162.95299999975],[1622718.2440000009,535167.75899999961],[1622734.2459999993,535176.89200000092],[1622748.1850000005,535186.72900000028],[1622756.7190000005,535190.80299999937],[1622764.0289999992,535195.84300000034],[1622786.2009999994,535212.74699999951],[1622793.8000000007,535215.74899999984],[1622801.2679999992,535220.80900000036],[1622810.7300000004,535225.94999999925]]]},"properties":{"WATERBODY_POLY_ID":705017047,"WATERSHED_GROUP_ID":90,"WATERBODY_TYPE":"L","WATERBODY_KEY":329246815,"AREA_HA":0.89430915160346702,"GNIS_ID_1":null,"GNIS_NAME_1":null,"GNIS_ID_2":null,"GNIS_NAME_2":null,"GNIS_ID_3":null,"GNIS_NAME_3":null,"BLUE_LINE_KEY":356545045,"WATERSHED_KEY":356545045,"FWA_WATERSHED_CODE":"300-625474-042847-000000-000000-000000-000000-000000-000000-000000-000000-000000-000000-000000-000000-000000-000000-000000-000000-000000-000000","LOCAL_WATERSHED_CODE":null,"WATERSHED_GROUP_CODE":"KOTL","LEFT_RIGHT_TRIBUTARY":"RIGHT","WATERBODY_KEY_50K":null,"WATERSHED_GROUP_CODE_50K":null,"WATERBODY_KEY_GROUP_CODE_50K":null,"WATERSHED_CODE_50K":null,"FEATURE_CODE":"GB15300000","OBJECTID":9104935,"GEOMETRY.AREA":0,"GEOMETRY.LEN":0,"FEATURE_AREA_SQM":8943.0915000000005,"FEATURE_LENGTH_M":530.42050000000006}},{"type":"Feature","id":9104946,"geometry":{"type":"Polygon","coordinates":[[[1613923.4780000001,540755.64599999972],[1613904.6060000006,540745.07699999958],[1613892.7410000004,540734.55599999987],[1613889.6850000005,540727.0120000001],[1613889.6909999996,540719.0390000008],[1613891.6980000008,540711.14900000021],[1613895.9470000006,540693.64200000092],[1613902.7170000002,540680.42600000091],[1613916.4309999999,540668.04800000042],[1613933.4920000006,540661.17699999921],[1613949.6129999999,540661.20800000057],[1613956.2060000002,540656.90100000054],[1613960.9250000007,540643.43799999915],[1613968.6370000001,540638.30800000019],[1613974.8690000009,540652.29600000009],[1613986.8609999996,540653.74300000072],[1613995.1970000006,540683.13299999945],[1613995.1909999996,540691.10500000045],[1613990.9480000008,540700.63900000043],[1613982.7609999999,540709.69700000063],[1613959.9130000006,540731.01999999955],[1613955.1999999993,540736.50999999978],[1613939.2579999994,540757.55000000075],[1613923.4780000001,540755.64599999972]]]},"properties":{"WATERBODY_POLY_ID":705017120,"WATERSHED_GROUP_ID":90,"WATERBODY_TYPE":"L","WATERBODY_KEY":328974330,"AREA_HA":0.75670983989497997,"GNIS_ID_1":null,"GNIS_NAME_1":null,"GNIS_ID_2":null,"GNIS_NAME_2":null,"GNIS_ID_3":null,"GNIS_NAME_3":null,"BLUE_LINE_KEY":356439848,"WATERSHED_KEY":356439848,"FWA_WATERSHED_CODE":"300-625474-033788-857777-000000-000000-000000-000000-000000-000000-000000-000000-000000-000000-000000-000000-000000-000000-000000-000000-000000","LOCAL_WATERSHED_CODE":null,"WATERSHED_GROUP_CODE":"KOTL","LEFT_RIGHT_TRIBUTARY":"LEFT","WATERBODY_KEY_50K":437,"WATERSHED_GROUP_CODE_50K":"KOTL","WATERBODY_KEY_GROUP_CODE_50K":"00437KOTL","WATERSHED_CODE_50K":"340075500000000000000000000000000000000000000","FEATURE_CODE":"GB15300000","OBJECTID":9104946,"GEOMETRY.AREA":0,"GEOMETRY.LEN":0,"FEATURE_AREA_SQM":7567.0984000000008,"FEATURE_LENGTH_M":348.33570000000003}},{"type":"Feature","id":9115251,"geometry":{"type":"Polygon","coordinates":[[[1607745.4499999993,529951.88299999945],[1607738.5050000008,529951.0549999997],[1607734.2090000007,529944.48599999957],[1607732.0840000007,529937.05900000036],[1607731.1260000002,529928.97399999946],[1607732.7320000008,529908.91999999993],[1607736.6429999992,529894.40100000054],[1607743.8019999992,529877.08100000024],[1607756.3599999994,529857.53500000015],[1607762.8259999994,529854.32100000046],[1607778.148,529877.50799999945],[1607781.3619999997,529890.96299999952],[1607779.7449999992,529911.97199999914],[1607778.7139999997,529927.94999999925],[1607775.8949999996,529934.62800000049],[1607762.6879999992,529951.06799999997],[1607754.3399999999,529953.10199999996],[1607745.4499999993,529951.88299999945]]]},"properties":{"WATERBODY_POLY_ID":705029633,"WATERSHED_GROUP_ID":186,"WATERBODY_TYPE":"L","WATERBODY_KEY":329523509,"AREA_HA":0.35930574184514297,"GNIS_ID_1":16327,"GNIS_NAME_1":"Langill Lake","GNIS_ID_2":null,"GNIS_NAME_2":null,"GNIS_ID_3":null,"GNIS_NAME_3":null,"BLUE_LINE_KEY":356559081,"WATERSHED_KEY":356559081,"FWA_WATERSHED_CODE":"300-625474-020842-045408-214991-000000-000000-000000-000000-000000-000000-000000-000000-000000-000000-000000-000000-000000-000000-000000-000000","LOCAL_WATERSHED_CODE":null,"WATERSHED_GROUP_CODE":"SLOC","LEFT_RIGHT_TRIBUTARY":"LEFT","WATERBODY_KEY_50K":549,"WATERSHED_GROUP_CODE_50K":"SLOC","WATERBODY_KEY_GROUP_CODE_50K":"00549SLOC","WATERSHED_CODE_50K":"340047200094000000000000000000000000000000000","FEATURE_CODE":"GB15300000","OBJECTID":9115251,"GEOMETRY.AREA":0,"GEOMETRY.LEN":0,"FEATURE_AREA_SQM":3593.0574000000001,"FEATURE_LENGTH_M":239.66890000000001}},{"type":"Feature","id":9115300,"geometry":{"type":"Polygon","coordinates":[[[1604077.7390000001,530209.80800000019],[1604089.9159999993,530209.33799999952],[1604100.7970000003,530211.58300000057],[1604105.1030000001,530217.1950000003],[1604110.0800000001,530232.92699999921],[1604115.5749999993,530253.82200000063],[1604113.7750000004,530267.79600000009],[1604108.2440000009,530272.0820000004],[1604088.1239999998,530271.45199999958],[1604080.2430000007,530269.56200000085],[1604074.1720000003,530261.66899999976],[1604072.216,530253.30800000019],[1604071.5580000002,530242.23200000077],[1604072.5789999999,530227.20900000073],[1604073.3469999991,530220.28700000048],[1604077.7390000001,530209.80800000019]]]},"properties":{"WATERBODY_POLY_ID":705029755,"WATERSHED_GROUP_ID":186,"WATERBODY_TYPE":"L","WATERBODY_KEY":329523615,"AREA_HA":0.22629400379991899,"GNIS_ID_1":null,"GNIS_NAME_1":null,"GNIS_ID_2":null,"GNIS_NAME_2":null,"GNIS_ID_3":null,"GNIS_NAME_3":null,"BLUE_LINE_KEY":356555390,"WATERSHED_KEY":356555390,"FWA_WATERSHED_CODE":"300-625474-020842-045408-245208-652914-559578-000000-000000-000000-000000-000000-000000-000000-000000-000000-000000-000000-000000-000000-000000","LOCAL_WATERSHED_CODE":null,"WATERSHED_GROUP_CODE":"SLOC","LEFT_RIGHT_TRIBUTARY":"RIGHT","WATERBODY_KEY_50K":null,"WATERSHED_GROUP_CODE_50K":null,"WATERBODY_KEY_GROUP_CODE_50K":null,"WATERSHED_CODE_50K":null,"FEATURE_CODE":"GB15300000","OBJECTID":9115300,"GEOMETRY.AREA":0,"GEOMETRY.LEN":0,"FEATURE_AREA_SQM":2262.9400000000001,"FEATURE_LENGTH_M":180.8212}},{"type":"Feature","id":9128977,"geometry":{"type":"Polygon","coordinates":[[[1615776.9370000008,540154.19899999909],[1615782.4110000003,540150.71499999985],[1615790.4719999991,540150.73399999924],[1615804.4079999998,540152.58000000007],[1615826.4039999992,540154.44400000013],[1615839.8259999994,540159.0979999993],[1615828.1530000009,540172.67600000091],[1615822.6280000005,540175.99400000088],[1615807.8100000005,540173.24400000088],[1615786.4470000006,540167.46900000051],[1615780.8760000002,540162.64900000021],[1615776.9370000008,540154.19899999909]]]},"properties":{"WATERBODY_POLY_ID":705017874,"WATERSHED_GROUP_ID":90,"WATERBODY_TYPE":"L","WATERBODY_KEY":329247579,"AREA_HA":0.10261438240334901,"GNIS_ID_1":null,"GNIS_NAME_1":null,"GNIS_ID_2":null,"GNIS_NAME_2":null,"GNIS_ID_3":null,"GNIS_NAME_3":null,"BLUE_LINE_KEY":356550630,"WATERSHED_KEY":356550630,"FWA_WATERSHED_CODE":"300-625474-042847-727232-000000-000000-000000-000000-000000-000000-000000-000000-000000-000000-000000-000000-000000-000000-000000-000000-000000","LOCAL_WATERSHED_CODE":null,"WATERSHED_GROUP_CODE":"KOTL","LEFT_RIGHT_TRIBUTARY":"RIGHT","WATERBODY_KEY_50K":null,"WATERSHED_GROUP_CODE_50K":null,"WATERBODY_KEY_GROUP_CODE_50K":null,"WATERSHED_CODE_50K":null,"FEATURE_CODE":"GB15300000","OBJECTID":9128977,"GEOMETRY.AREA":0,"GEOMETRY.LEN":0,"FEATURE_AREA_SQM":1026.1438000000001,"FEATURE_LENGTH_M":143.1294}},{"type":"Feature","id":9129044,"geometry":{"type":"Polygon","coordinates":[[[1616564.4250000007,540095.17899999954],[1616563.2990000006,540088.98299999908],[1616563.9000000004,540075.97900000028],[1616568.9079999998,540060.48000000045],[1616574.0830000006,540052.01700000092],[1616579.7919999994,540046.80800000019],[1616598.6899999995,540025.01799999923],[1616605.2819999997,540020.71399999969],[1616610.8200000003,540016.44099999964],[1616627.0649999995,540007.40599999949],[1616637.3479999993,540006.7379999999],[1616646.9969999995,540009.98000000045],[1616653.3430000003,540015.85199999996],[1616659.352,540015.62399999984],[1616669.1669999994,540025.90300000086],[1616692.7599999998,540038.01099999994],[1616701.6290000007,540048.17500000075],[1616703.568,540056.5429999996],[1616700.5519999992,540065.10799999908],[1616683.0769999996,540083.08400000073],[1616676.7719999999,540093.32300000079],[1616661.6520000007,540108.55399999954],[1616656.0059999991,540112.9729999993],[1616644.7640000004,540114.48200000077],[1616638.7679999992,540113.75500000082],[1616615.3550000004,540107.72900000028],[1616607.2939999998,540107.70900000073],[1616582.1799999997,540106.58000000007],[1616575.3579999991,540104.6370000001],[1616568.7200000007,540100.80299999937],[1616564.4250000007,540095.17899999954]]]},"properties":{"WATERBODY_POLY_ID":705016980,"WATERSHED_GROUP_ID":90,"WATERBODY_TYPE":"L","WATERBODY_KEY":329246759,"AREA_HA":1.0365738191504399,"GNIS_ID_1":null,"GNIS_NAME_1":null,"GNIS_ID_2":null,"GNIS_NAME_2":null,"GNIS_ID_3":null,"GNIS_NAME_3":null,"BLUE_LINE_KEY":356469942,"WATERSHED_KEY":356469942,"FWA_WATERSHED_CODE":"300-625474-039562-499431-000000-000000-000000-000000-000000-000000-000000-000000-000000-000000-000000-000000-000000-000000-000000-000000-000000","LOCAL_WATERSHED_CODE":null,"WATERSHED_GROUP_CODE":"KOTL","LEFT_RIGHT_TRIBUTARY":"LEFT","WATERBODY_KEY_50K":446,"WATERSHED_GROUP_CODE_50K":"KOTL","WATERBODY_KEY_GROUP_CODE_50K":"00446KOTL","WATERSHED_CODE_50K":"340088400544006640000000000000000000000000000","FEATURE_CODE":"GB15300000","OBJECTID":9129044,"GEOMETRY.AREA":0,"GEOMETRY.LEN":0,"FEATURE_AREA_SQM":10365.7382,"FEATURE_LENGTH_M":384.90500000000003}},{"type":"Feature","id":9152938,"geometry":{"type":"Polygon","coordinates":[[[1617138.0830000006,530619.92300000042],[1617162.2379999999,530612.9609999992],[1617184.2459999993,530622.80000000075],[1617192.3169999998,530630.7929999996],[1617196.4529999997,530637.35300000012],[1617211.4330000002,530662.44600000046],[1617210.8690000009,530674.49499999918],[1617206,530680.92200000025],[1617193.0480000004,530680.31000000052],[1617174.3379999995,530667.84100000001],[1617155.125,530653.2379999999],[1617141.3570000008,530641.52600000054],[1617137.2200000007,530634.96600000001],[1617138.0830000006,530619.92300000042]]]},"properties":{"WATERBODY_POLY_ID":705017529,"WATERSHED_GROUP_ID":90,"WATERBODY_TYPE":"L","WATERBODY_KEY":329247266,"AREA_HA":0.29017454299952899,"GNIS_ID_1":null,"GNIS_NAME_1":null,"GNIS_ID_2":null,"GNIS_NAME_2":null,"GNIS_ID_3":null,"GNIS_NAME_3":null,"BLUE_LINE_KEY":356534567,"WATERSHED_KEY":356534567,"FWA_WATERSHED_CODE":"300-625474-031295-000000-000000-000000-000000-000000-000000-000000-000000-000000-000000-000000-000000-000000-000000-000000-000000-000000-000000","LOCAL_WATERSHED_CODE":null,"WATERSHED_GROUP_CODE":"KOTL","LEFT_RIGHT_TRIBUTARY":"LEFT","WATERBODY_KEY_50K":null,"WATERSHED_GROUP_CODE_50K":null,"WATERBODY_KEY_GROUP_CODE_50K":null,"WATERSHED_CODE_50K":null,"FEATURE_CODE":"GB15300000","OBJECTID":9152938,"GEOMETRY.AREA":0,"GEOMETRY.LEN":0,"FEATURE_AREA_SQM":2901.7454000000002,"FEATURE_LENGTH_M":218.19150000000002}},{"type":"Feature","id":9152984,"geometry":{"type":"Polygon","coordinates":[[[1614710.591,539654.375],[1614710.4240000006,539647.33899999969],[1614717.4959999993,539631.13099999912],[1614725.2050000001,539626.00200000033],[1614731.3719999995,539625.78999999911],[1614739.1420000009,539627.84500000067],[1614751.2019999996,539643.49400000088],[1614758.3709999993,539658.55199999921],[1614758.3670000006,539666.52400000021],[1614755.5360000003,539673.19899999909],[1614747.1710000001,539676.17500000075],[1614726.5960000008,539670.50100000016],[1614714.7149999999,539660.93300000019],[1614710.591,539654.375]]]},"properties":{"WATERBODY_POLY_ID":705017711,"WATERSHED_GROUP_ID":90,"WATERBODY_TYPE":"L","WATERBODY_KEY":329247432,"AREA_HA":0.16970363230034399,"GNIS_ID_1":null,"GNIS_NAME_1":null,"GNIS_ID_2":null,"GNIS_NAME_2":null,"GNIS_ID_3":null,"GNIS_NAME_3":null,"BLUE_LINE_KEY":356534009,"WATERSHED_KEY":356534009,"FWA_WATERSHED_CODE":"300-625474-039562-902358-000000-000000-000000-000000-000000-000000-000000-000000-000000-000000-000000-000000-000000-000000-000000-000000-000000","LOCAL_WATERSHED_CODE":null,"WATERSHED_GROUP_CODE":"KOTL","LEFT_RIGHT_TRIBUTARY":"RIGHT","WATERBODY_KEY_50K":null,"WATERSHED_GROUP_CODE_50K":null,"WATERBODY_KEY_GROUP_CODE_50K":null,"WATERSHED_CODE_50K":null,"FEATURE_CODE":"GB15300140","OBJECTID":9152984,"GEOMETRY.AREA":0,"GEOMETRY.LEN":0,"FEATURE_AREA_SQM":1697.0363,"FEATURE_LENGTH_M":153.06890000000001}},{"type":"Feature","id":9153015,"geometry":{"type":"Polygon","coordinates":[[[1651898.9590000007,602826.66499999911],[1651895.8839999996,602835.37299999967],[1651890.1539999992,602856.83500000089],[1651888.4440000001,602869.71299999952],[1651886.6569999997,602875.55199999921],[1651881.2440000009,602894.97900000028],[1651875.0150000006,602919.41200000048],[1651867.659,602930.59899999946],[1651849.4570000004,602953.48000000045],[1651836.193,602970.9299999997],[1651832.3320000004,602977.45900000073],[1651820.2990000006,603000.18099999987],[1651814.3650000002,603007.39900000021],[1651807.2180000003,603016.69600000046],[1651799.5219999999,603028.79800000042],[1651788.9079999998,603049.62700000033],[1651779.7359999996,603081.66699999943],[1651774.9759999998,603102.29700000025],[1651769.4279999994,603122.82499999925],[1651757.8129999992,603149.59500000067],[1651750.0089999996,603171.74699999951],[1651741.2850000001,603192.82200000063],[1651737.2410000004,603200.28500000015],[1651726.6260000002,603221.11400000006],[1651716.4820000008,603244.0820000004],[1651708.2579999994,603262.18600000069],[1651703.2359999996,603276.7109999992],[1651694.3039999995,603299.67600000091],[1651690.4910000004,603306.36999999918],[1651678.273,603330.0270000007],[1651674.4120000005,603336.55599999987],[1651644.2850000001,603367.95500000007],[1651637.716,603379.24499999918],[1651633.1180000007,603383.76099999994],[1651627.7090000007,603387.05299999937],[1651606.3579999991,603395.46800000034],[1651579.9149999991,603405.13900000043],[1651568.9629999995,603412.82499999925],[1651552.9959999993,603418.90300000086],[1651547.5869999994,603422.1950000003],[1651546.4590000007,603423.00799999945],[1651520.1410000008,603439.88499999978],[1651506.7180000003,603457.31499999948],[1651503.4330000002,603467.91200000048],[1651502.5069999993,603482.96900000051],[1651507.0409999993,603502.72699999996],[1651510.3190000001,603508.26400000043],[1651525.1710000001,603534.31200000085],[1651531.1760000009,603550.26700000092],[1651532.1730000004,603558.38399999961],[1651530.8039999995,603568.27099999972],[1651522.0779999997,603589.34600000083],[1651508.3340000007,603610.88800000027],[1651497.6429999992,603622.60199999996],[1651493.7809999995,603629.13099999912],[1651483.9570000004,603636.00400000066],[1651474.5289999992,603645.8049999997],[1651466.9879999999,603657.92799999937],[1651451.1960000005,603679.20500000007],[1651439.7129999995,603704.87399999984],[1651432.3809999991,603715.10700000077],[1651418.9309999999,603733.49200000055],[1651411.1490000002,603754.68899999931],[1651409.5940000005,603767.58799999952],[1651410.1559999995,603794.01999999955],[1651409.2870000005,603800.93600000069],[1651405.3039999995,603847.7070000004],[1651402.2449999992,603871.59300000034],[1651400.7740000002,603875.39599999972],[1651391.5759999994,603884.42899999954],[1651386.5859999992,603891.76899999939],[1651381.4360000007,603901.16599999927],[1651372.5739999991,603923.34200000018],[1651371.8650000002,603928.20199999958],[1651369.148,603949.0979999993],[1651369.8010000009,603960.20500000007],[1651371.9419999998,603982.68899999931],[1651367.7369999997,603992.20800000057],[1651357.2280000001,604002.98699999973],[1651339.1779999994,604025.88900000043],[1651320.3660000004,604047.73299999908],[1651315.7440000009,604051.12800000049],[1651290.6620000005,604067.04800000042],[1651280.9629999995,604079.05000000075],[1651265.3619999997,604091.08699999936],[1651257.6630000006,604103.18899999931],[1651254.7860000003,604126.1400000006],[1651256.7180000003,604150.51300000027],[1651254.8699999992,604164.49200000055],[1651255.4629999995,604183.73900000006],[1651256.9000000004,604197.02500000037],[1651260.0700000003,604210.53600000031],[1651266.1229999997,604234.4849999994],[1651266.6400000006,604246.69299999997],[1651264.9010000005,604260.52600000054],[1651259.3249999993,604279.93300000019],[1651250.8039999995,604299.11700000055],[1651242.4179999996,604317.20099999942],[1651232.2760000005,604333.93899999931],[1651225.2760000005,604357.31399999931],[1651219.8829999994,604375.78600000031],[1651217.148,604381.50200000033],[1651207.6339999996,604400.39800000004],[1651193.1009999998,604419.7620000001],[1651173.6879999992,604436.41699999943],[1651169.0629999992,604441.88800000027],[1651150.4340000004,604460.72199999914],[1651141.9719999991,604471.76700000092],[1651136.2939999998,604485.08899999969],[1651129.8200000003,604504.5390000008],[1651121.568,604521.52199999988],[1651117.9890000001,604533.19999999925],[1651113.3800000008,604553.84999999963],[1651107.727,604566.21700000018],[1651105.9120000005,604573.01099999994],[1651100.3340000007,604592.41699999943],[1651094.5470000003,604605.88599999994],[1651086.1339999996,604624.92500000075],[1651081.5240000002,604645.57499999925],[1651077.6760000009,604667.28199999966],[1651069.8149999995,604681.43999999948],[1651061.6960000005,604689.49400000088],[1651056.1030000001,604693.72199999914],[1651050.693,604697.0150000006],[1651025.4010000005,604704.91999999993],[1651020.5179999992,604704.28800000064],[1651011.4039999992,604704.22499999963],[1651000.8790000007,604699.82599999942],[1650998.9879999999,604699.58100000024],[1650978.9570000004,604697.94400000013],[1650959.3670000006,604701.47699999996],[1650940.7709999997,604705.29800000042],[1650938.5399999991,604705.96800000034],[1650925.2789999992,604707.28500000015],[1650899.6030000001,604703.95900000073],[1650880.5649999995,604702.61099999957],[1650868.25,604704.05100000091],[1650848.0830000006,604703.51600000076],[1650824.0289999992,604710.46399999969],[1650804.7819999997,604711.00699999928],[1650799.5549999997,604713.36500000022],[1650782.5319999997,604727.29499999993],[1650776.068,604730.61199999973],[1650766.7939999998,604740.43300000019],[1650755.6219999995,604756.24000000022],[1650749.943,604769.56299999915],[1650737.2990000006,604789.17200000025],[1650727.6219999995,604810.125],[1650707.2510000002,604842.79199999943],[1650696.3100000005,604865.65799999982],[1650683.7750000004,604885.12199999951],[1650678.648,604893.56399999931],[1650671.1300000008,604904.73200000077],[1650662.3969999999,604925.80700000003],[1650652.8800000008,604944.70299999975],[1650648.8699999992,604968.46600000001],[1650647.0800000001,604974.3049999997],[1650640.5559999999,604993.58899999969],[1650636.2880000006,605011.24899999984],[1650631.6760000009,605031.89900000021],[1650630.2039999999,605035.70199999958],[1650623.5309999995,605040.90799999982],[1650620.0850000009,605051.4849999994],[1650611.9049999993,605067.67899999954],[1650600.6799999997,605085.39599999972],[1650585.7770000007,605106.63099999912],[1650558.5069999993,605123.38800000027],[1650553.8589999992,605127.73900000006],[1650542.9289999995,605134.47100000083],[1650524.8849999998,605141.24100000039],[1650504.0800000001,605154.68200000003],[1650483.0559999999,605176.24300000072],[1650475.6940000001,605187.43099999987],[1650463.7970000003,605192.91999999993],[1650460.4340000004,605196.47800000012],[1650454.8059999999,605207.89100000076],[1650452.9030000009,605223.77899999917],[1650450.5989999995,605248.72199999914],[1650447.0659999996,605268.39399999939],[1650446.7219999991,605271.38499999978],[1650440.8460000008,605293.94800000079],[1650431.9030000009,605316.91300000064],[1650428.7139999997,605333.59400000051],[1650420.9240000006,605354.79099999927],[1650420.2620000001,605359.81699999981],[1650416.2239999995,605384.53600000031],[1650414.4340000004,605390.375],[1650409.7719999999,605410.85899999924],[1650404.9749999996,605432.44400000013],[1650398.2880000006,605453.78399999999],[1650383.8499999996,605479.23200000077],[1650374.4399999995,605490.15499999933],[1650354.3340000007,605512.79399999976],[1650340.2009999994,605521.02899999917],[1650325.0879999995,605536.32599999942],[1650306.1720000003,605550.0120000001],[1650294.6879999992,605561.62600000016],[1650275.9800000004,605573.42200000025],[1650258.9030000009,605589.26400000043],[1650244.3159999996,605600.63499999978],[1650238.9309999999,605602.97399999946],[1650217.9409999996,605617.34999999963],[1650204.0170000009,605623.69600000046],[1650187.7369999997,605625.5820000004],[1650175.7039999999,605632.17300000042],[1650165.8279999997,605638.88199999928],[1650151.659,605654.30199999921],[1650151.6329999994,605655.25699999928],[1650148.3949999996,605663.94400000013],[1650149.0920000002,605675.21700000018],[1650152.2799999993,605697.67500000075],[1650150.7709999997,605708.66300000064],[1650146.8920000009,605731.32499999925],[1650139.9470000006,605746.56100000069],[1650136.2909999993,605751.19999999925],[1650117.4480000008,605771.92600000091],[1650109.557,605787.03999999911],[1650106.6710000001,605809.99100000039],[1650108.0079999994,605815.11600000039],[1650116.727,605841.48599999957],[1650119.7929999996,605848.91200000048],[1650120.2109999992,605852.95900000073],[1650121.398,605875.31900000013],[1650124.3029999994,605884.80100000091],[1650127.9700000007,605895.33999999985],[1650125.0500000007,605901.99100000039],[1650115.6649999991,605911.95900000073],[1650111.1730000004,605916.33100000024],[1650096.4030000009,605928.6370000001],[1650085.5449999999,605942.40899999999],[1650069.2760000005,605959.47399999946],[1650054.7349999994,605978.83899999969],[1650036.6750000007,606001.74300000072],[1650020.7970000003,606023.81100000069],[1650016.7960000001,606031.44099999964],[1650010.2200000007,606042.73200000077],[1650008.5859999992,606048.59100000001],[1649998.5360000003,606071.41300000064],[1649990.6710000001,606085.57200000063],[1649980.068,606105.44700000063],[1649972.8910000008,606113.625],[1649965.1349999998,606127.63800000027],[1649960.8159999996,606137.30299999937],[1649948.875,606159.88099999912],[1649942.8739999998,606175.24000000022],[1649937.1439999994,606180.56900000013],[1649935.2540000007,606180.32499999925],[1649909.9580000006,606188.23399999924],[1649904.8910000008,606188.53700000048],[1649883.0899999999,606193.86400000006],[1649877.7050000001,606196.20299999975],[1649851.1190000009,606206.98100000061],[1649839.4499999993,606219.52999999933],[1649838.3210000005,606220.34300000034],[1649832.1119999997,606229.76300000027],[1649818.3320000004,606250.18700000085],[1649806.8460000008,606261.80100000091],[1649785.9519999996,606282.2620000001],[1649778.7489999998,606291.39499999955],[1649770.9930000007,606297.58000000007],[1649757.8929999992,606296.84400000051],[1649744.375,606292.06000000052],[1649735.5539999995,606290.91899999976],[1649725.1280000005,606292.60600000061],[1649700.5270000007,606311.7890000008],[1649696.034,606316.16000000015],[1649678.3420000002,606335.11900000088],[1649658.5500000007,606355.72399999946],[1649635.5309999995,606370.95800000057],[1649607.5439999998,606392.58000000007],[1649598.8210000005,606397.52199999988],[1649592.0730000008,606395.69099999964],[1649583.3929999992,606383.54499999993],[1649578.7819999997,606372.88499999978],[1649574.6600000001,606373.31000000052],[1649573.7149999999,606373.18799999915],[1649556.9409999996,606393.22399999946],[1649543.591,606403.63900000043],[1649519.1970000006,606428.76099999994],[1649509.4169999994,606441.5549999997],[1649502.6789999995,606454.90100000054],[1649499.0429999996,606468.48900000006],[1649500.0429999996,606491.78299999982],[1649497.7709999997,606501.71399999969],[1649490.3120000008,606504.74300000072],[1649472.5840000007,606509.48000000045],[1649467.4079999998,606509.92799999937],[1649463.2599999998,606511.30900000036],[1649437.8019999992,606521.2770000007],[1649431.5429999996,606530.53199999966],[1649421.6649999991,606537.24300000072],[1649415.6160000004,606544.60799999908],[1649407.7229999993,606559.72199999914],[1649406.0920000002,606563.50500000082],[1649397.0069999993,606587.57200000063],[1649382.8800000008,606610.98599999957],[1649370.9849999994,606633.73100000061],[1649367.4639999997,606637.26899999939],[1649365.0449999999,606640.95099999942],[1649353.8399999999,606657.71399999969],[1649351.1280000005,606662.47499999963],[1649339.0500000007,606686.15499999933],[1649326.4340000004,606698.5820000004],[1649315.3440000005,606705.29499999993],[1649301.1649999991,606730.61999999918],[1649289.9849999994,606746.42899999954],[1649275.2569999993,606766.73000000045],[1649263.7960000001,606777.3900000006],[1649245.8660000004,606799.1950000003],[1649244.7860000003,606800.17300000042],[1649232.2670000009,606818.68400000036],[1649226.6300000008,606832.17300000042],[1649224.9729999993,606836.91200000048],[1649220.1620000005,606843.31900000013],[1649205.6429999992,606861.73100000061],[1649183.0390000008,606881.0150000006],[1649176.3890000004,606885.26700000092],[1649152.7200000007,606897.22499999963],[1649135.2080000006,606915.25],[1649111.8420000002,606933.47699999996],[1649097.9389999993,606946.69700000063],[1649090.9179999996,606954.89499999955],[1649071.9069999997,606977.67899999954],[1649058.3330000006,606996.21399999969],[1649047.3330000006,607018.91499999911],[1649040.7760000005,607031.32699999958],[1649034.5170000009,607040.5820000004],[1649020.4260000009,607056.81299999915],[1649007.9810000006,607074.53500000015],[1648992.0519999992,607088.61199999973],[1648970.1109999996,607102.86999999918],[1648966.4529999997,607107.50999999978],[1648946.841,607127.18099999987],[1648934.3210000005,607145.69199999981],[1648922.5850000009,607166.38099999912],[1648920.0299999993,607171.16300000064],[1648912.1610000003,607185.32300000079],[1648909.7420000006,607189.00400000066],[1648907.3489999995,607191.73000000045],[1648898.2789999992,607199.6640000008],[1648889.5549999997,607204.60700000077],[1648863.5179999992,607218.33699999936],[1648835.8929999992,607238.09200000018],[1648813.1290000007,607257.35600000061],[1648804.659,607268.40300000086],[1648802.5209999997,607277.23299999908],[1648808.5580000002,607301.17699999921],[1648812.7510000002,607307.7890000008],[1648831.4959999993,607335.29199999943],[1648834.2149999999,607345.70800000057],[1648833.3660000004,607351.66899999976],[1648831.4560000002,607367.55700000003],[1648829.4790000003,607374.33100000024],[1648824.5120000001,607397.97100000083],[1648819.7310000006,607418.60099999979],[1648818.6950000003,607427.57300000079],[1648816.4440000001,607444.37600000016],[1648814.8589999992,607473.40599999949],[1648815.5289999992,607483.55700000003],[1648817.6070000008,607523.12399999984],[1648824.7280000001,607538.26300000027],[1648825.1439999994,607542.31000000052],[1648823.2589999996,607557.24300000072],[1648820.3369999994,607563.89499999955],[1648804.1109999996,607604.13299999945],[1648797.5040000007,607616.37900000066],[1648785.0040000007,607636.01099999994],[1648770.8279999997,607651.43300000019],[1648761.2290000003,607663.2929999996],[1648746.6549999993,607683.61600000039],[1648739.7939999998,607689.75799999945],[1648726.0510000009,607718.17600000091],[1648717.8609999996,607734.37199999951],[1648714.5930000003,607744.01400000043],[1648708.4240000006,607761.42899999954],[1648693.9240000006,607803.96700000018],[1648689.7369999997,607812.53199999966],[1648681.1260000002,607832.50699999928],[1648671.6449999996,607851.57100000046],[1648663.909,607864.63000000082],[1648655.6209999993,607874.74200000055],[1648648.2310000006,607884.81000000052],[1648631.7699999996,607902.81299999915],[1648628.3660000004,607913.55599999987],[1648623.7139999997,607935.16100000031],[1648622.5199999996,607944.1129999999],[1648618.6300000008,607966.77400000021],[1648614.9499999993,607987.54600000009],[1648612.534,608006.40499999933],[1648608.9639999997,608027.03099999949],[1648604.9159999993,608049.67200000025],[1648602.9600000009,608057.56699999981],[1648598.6799999997,608075.22599999979],[1648595.3849999998,608085.82300000079],[1648586.3169999998,608108.93500000052],[1648582.1030000001,608118.45500000007],[1648570.0429999996,608141.1799999997],[1648564.0350000001,608156.5390000008],[1648553.1199999992,608187.39900000021],[1648538.4289999995,608215.6950000003],[1648526.5519999992,608237.4849999994],[1648517.8699999992,608250.42200000025],[1648506.1549999993,608270.15599999949],[1648501.5250000004,608275.62900000066],[1648478.1779999994,608315.90699999966],[1648468.2569999993,608329.80199999921],[1648464.7559999991,608334.46199999936],[1648458.8389999997,608340.72699999996],[1648441.6150000002,608357.67300000042],[1648429.6889999993,608379.29700000025],[1648420.0209999997,608399.29600000009],[1648413.0669999998,608414.53299999982],[1648403.3029999994,608428.44800000079],[1648397.8230000008,608439.88199999928],[1648392.7589999996,608455.3629999999],[1648388.6140000001,608471.92100000009],[1648382.6730000004,608494.31900000013],[1648378.5059999991,608504.00500000082],[1648364.716,608524.4299999997],[1648356.7469999995,608532.50599999912],[1648336.0250000004,608552.03600000031],[1648326.1699999999,608557.7929999996],[1648323.1500000004,608558.36199999973],[1648314.0779999997,608566.29600000009],[1648295.3619999997,608578.09699999914],[1648266.1640000008,608593.49799999967],[1648259.1400000006,608601.69700000063],[1648244.7239999995,608619.96399999969],[1648229.6679999996,608642.30299999937],[1648225.7719999999,608649.78800000064],[1648212.7640000004,608672.39100000076],[1648205.7660000008,608679.63499999978],[1648195.034,608692.30700000003],[1648186.2149999999,608706.34500000067],[1648178.6870000008,608717.5150000006],[1648176.6129999999,608718.20500000007],[1648165.4680000003,608742.00799999945],[1648160.7219999991,608755.45299999975],[1648156.6239999998,608772.17699999921],[1648151.3479999993,608789.54900000058],[1648147.2489999998,608806.27300000004],[1648143.6319999993,608818.90599999949],[1648142.4360000007,608827.85700000077],[1648138.8880000003,608847.52800000086],[1648133.727,608856.92600000091],[1648123.1119999997,608876.80299999937],[1648115.0270000007,608892.85300000012],[1648106.648,608909.98299999908],[1648092.6669999994,608933.41999999993],[1648088.4509999994,608942.93999999948],[1648080.9910000004,608961.14699999988],[1648073.6879999992,608979.375],[1648068.023,608991.74300000072],[1648062.7259999998,609002.24200000055],[1648051.9260000009,609023.05399999954],[1648044.1190000009,609044.25200000033],[1648036.8159999996,609062.48000000045],[1648032.7620000001,609069.94400000013],[1648020.6699999999,609093.62399999984],[1648017.5830000006,609102.3320000004],[1648008.8310000002,609123.40799999982],[1648007.0089999996,609130.20199999958],[1647992.8690000009,609168.79499999993],[1647987.6140000001,609187.28700000048],[1647984.091,609206.00200000033],[1647980.3790000007,609227.72900000028],[1647977.2650000006,609252.56799999997],[1647973.7149999999,609272.23900000006],[1647973.2109999992,609275.20900000073],[1647971.6410000008,609288.10700000077],[1647968.9680000003,609300.86099999957],[1647962.2630000003,609322.20199999958],[1647959.7740000002,609334.02199999988],[1647954.9580000006,609355.60600000061],[1647951.8709999993,609364.31399999931],[1647944.3819999993,609383.47599999979],[1647940.5800000001,609397.04399999976],[1647935.5600000005,609412.69099999964],[1647933.8739999998,609418.38399999961],[1647931.7310000006,609427.21299999952],[1647926.9419999998,609447.84200000018],[1647923.8959999997,609464.5429999996],[1647921.4739999995,609483.40100000054],[1647924.8129999992,609495.9729999993],[1647930.1060000006,609502.72699999996],[1647943.0899999999,609526.60899999924],[1647945.4580000006,609540.01400000043],[1647944.2329999991,609549.92100000009],[1647941.0969999991,609573.63900000043],[1647939.6689999998,609577.60799999908],[1647934.5059999991,609602.18300000019],[1647932.0830000006,609621.04099999927],[1647928.852,609638.67600000091],[1647926.1099999994,609659.5700000003],[1647922.2119999994,609682.23100000061],[1647915.1559999995,609721.7379999999],[1647912.3870000001,609743.58699999936],[1647909.182,609760.26700000092],[1647904.8959999997,609777.92600000091],[1647900.8340000007,609802.64299999923],[1647895.6500000004,609810.91999999993],[1647883.7379999999,609833.66499999911],[1647863.6980000008,609864.46700000018],[1647856.6229999997,609872.5],[1647845.5010000002,609880.17100000009],[1647840.1129999999,609882.51099999994],[1647832.1009999998,609882.59500000067],[1647830.9710000008,609883.40799999982],[1647821.9639999997,609898.38099999912],[1647820.1410000008,609905.17500000075],[1647820.0720000006,609913.31299999915],[1647821.2679999992,609919.53800000064],[1647824.6469999999,609940.10300000012],[1647827.1300000008,609945.53600000031],[1647837.8540000003,609971.0429999996],[1647857.5099999998,609991.79199999943],[1647877.4920000006,610008.4299999997],[1647891.6730000004,610023.36099999957],[1647905.4120000005,610035.19899999909],[1647917.6809999999,610048.76400000043],[1647929.3990000002,610059.38299999945],[1647950.1370000001,610079.15399999917],[1647955.4560000002,610084.95299999975],[1647974.5590000004,610108.50699999928],[1647976.2870000005,610110.80700000003],[1647987.1270000003,610128.34100000001],[1648006,610146.9140000008],[1648015.2970000003,610161.21399999969],[1648014.5519999992,610182.20600000024],[1648012.9130000006,610188.06499999948],[1648005.034,610202.22399999946],[1648004.8499999996,610203.15899999999],[1647996.3029999994,610222.34500000067],[1647992.4049999993,610229.82899999991],[1647980.8389999997,610249.58400000073],[1647971.2990000006,610268.48100000061],[1647968.2100000009,610277.18899999931],[1647959.6150000002,610296.20800000057],[1647950.6950000003,610319.33999999985],[1647947.4210000001,610328.98200000077],[1647940.7379999999,610349.36600000039],[1647929.7420000006,610373.18799999915],[1647926.4680000003,610382.83100000024],[1647920.4519999996,610398.18899999931],[1647915.034,610416.66100000031],[1647911.6909999996,610434.44099999964],[1647908.3200000003,610453.17699999921],[1647907.7890000008,610457.10199999996],[1647906.1490000002,610462.9609999992],[1647901.6760000009,610481.5549999997],[1647901.5789999999,610490.64800000004],[1647894.5,610513.85799999908],[1647886.2459999993,610531.96299999952],[1647877.8340000007,610550.04800000042],[1647858.0390000008,610586.95299999975],[1647854.7919999994,610595.63900000043],[1647839.1099999994,610639.9450000003],[1647831.5069999993,610659.25200000033],[1647821.8019999992,610680.20600000024],[1647819.0989999995,610693.91499999911],[1647815.1960000005,610716.57599999942],[1647809.7369999997,610727.0549999997],[1647800.9509999994,610749.08500000089],[1647790.6750000007,610765.97100000083],[1647777.7660000008,610788.42799999937],[1647768.1579999998,610800.28800000064],[1647757.7180000003,610819.23000000045],[1647749.6260000002,610835.27899999917],[1647746.3790000007,610843.96600000001],[1647737.6180000007,610865.04199999943],[1647733.0510000009,610877.55199999921],[1647720.0050000008,610901.1099999994],[1647716.9140000008,610909.81699999981],[1647707.5559999999,610927.77999999933],[1647688.057,610961.52899999917],[1647681.6919999998,610979.87800000049],[1647673.8760000002,611001.07499999925],[1647663.5720000006,611018.91599999927],[1647652.0030000005,611038.67100000009],[1647636.9079999998,611061.96499999985],[1647624.3719999995,611080.47599999979],[1647611.8829999994,611099.15399999917],[1647604.9199999999,611114.3900000006],[1647599.4069999997,611126.77899999917],[1647594.6809999999,611139.26899999939],[1647588.5969999991,611147.58999999985],[1647585.5059999991,611156.29700000025],[1647574.3489999995,611180.09899999946],[1647556.7660000008,611200.03600000031],[1647535.25,611217.38900000043],[1647524.3100000005,611224.125],[1647520.7579999994,611228.61900000088],[1647504.7170000002,611251.79099999927],[1647491.4460000005,611268.29099999927],[1647480.7929999996,611289.12299999967],[1647457.2550000008,611331.4570000004],[1647452.3279999997,611338.00999999978],[1647439.7630000003,611357.47699999996],[1647432.4130000006,611367.7109999992],[1647418.5179999992,611382.05399999954],[1647405.318,611390.41599999927],[1647397.159,611399.42799999937],[1647391.6989999991,611409.90599999949],[1647386.4609999992,611427.44299999997],[1647375.6500000004,611448.25400000066],[1647363.682,611470.83400000073],[1647356.5539999995,611488.12600000016],[1647348.9199999999,611508.38900000043],[1647319.7349999994,611562.1370000001],[1647312.5590000004,611579.26300000027],[1647303.034,611599.28199999966],[1647293.6999999993,611616.28999999911],[1647281.7320000008,611638.86999999918],[1647272.3709999993,611656.83300000057],[1647264.1119999997,611674.93899999931],[1647258.5519999992,611694.51099999994],[1647256.443,611711.3320000004],[1647250.4489999991,611725.73599999957],[1647243.0370000005,611753.05700000003],[1647241.6500000004,611762.94299999997],[1647229.7880000006,611832.02600000054],[1647226.9820000008,611854.82799999975],[1647223.9810000006,611869.61800000072],[1647219.3110000007,611891.22199999914],[1647214.932,611900.72199999914],[1647206.3239999991,611921.81799999997],[1647198.1549999993,611946.00599999912],[1647191.7860000003,611964.35500000045],[1647184.25,611975.52500000037],[1647172.8120000008,611994.17899999954],[1647161.5859999992,612010.94299999997],[1647152.1600000001,612021.86900000088],[1647142.1999999993,612036.72000000067],[1647138.0050000008,612045.28500000015],[1647128.9900000002,612060.25799999945],[1647117.5250000004,612079.86700000055],[1647103.3699999992,612103.28299999982],[1647100.4890000001,612110.09999999963],[1647089.648,612131.86700000055],[1647079.4120000005,612141.5700000003],[1647064.9719999991,612150.89100000076],[1647045.3359999992,612170.56499999948],[1647036.5059999991,612184.60300000012],[1647035.9460000005,612189.48299999908],[1647031.3289999999,612209.17699999921],[1647029.5390000008,612223.96299999952],[1647027.6659999993,612237.93999999948],[1647023.7190000005,612252.60799999908],[1647019.6329999994,612261.02800000086],[1647009.1870000008,612279.97000000067],[1646992.1960000005,612303.01999999955],[1646980.784,612320.71900000051],[1646967.2970000003,612339.1099999994],[1646955.3729999997,612361.85500000045],[1646941.2170000002,612385.27099999972],[1646938.4450000003,612391.94299999997],[1646931.7520000003,612412.32799999975],[1646923.9020000007,612434.48000000045],[1646922.0749999993,612441.27400000021],[1646917.5940000005,612459.86700000055],[1646906.9989999998,612487.73699999973],[1646900.4910000004,612507.18700000085],[1646892.9890000001,612526.34899999946],[1646890.0600000005,612533.00100000016],[1646877.3530000001,612553.56799999997],[1646871.1659999993,612570.98299999908],[1646864.0130000003,612587.15499999933],[1646851.6549999993,612604.73200000077],[1646848.1119999997,612625.52300000004],[1646844.8959999997,612642.20299999975],[1646841.7919999994,612666.0859999992],[1646842.4869999997,612684.22800000012],[1646845.0580000002,612695.74300000072],[1646853.0539999995,612712.90899999999],[1646859.8249999993,612737.90599999949],[1646859.1899999995,612750.92400000058],[1646852.4690000005,612772.26400000043],[1646854.2310000006,612782.55599999987],[1646863.125,612807.0270000007],[1646865.8049999997,612818.39599999972],[1646873.6420000009,612835.54199999943],[1646875.7530000005,612842.84400000051],[1646881.1669999994,612863.67200000025],[1646887.9849999994,612888.83400000073],[1646889.8100000005,612906.1640000008],[1646888.0720000006,612919.03999999911],[1646887.9710000008,612928.13299999945],[1646886.0419999994,612944.01999999955],[1646886.1319999993,612950.10199999996],[1646886.9370000008,612975.44800000079],[1646887.7180000003,612977.62600000016],[1646890.1380000003,612998.06699999981],[1646893.1549999993,613021.62199999951],[1646893.0529999994,613030.71499999985],[1646891.7479999997,613048.75899999961],[1646890.0449999999,613069.62800000049],[1646882.0510000009,613117.00400000066],[1646878.1630000006,613138.70900000073],[1646877.6380000003,613158.93099999987],[1646878.4340000004,613167.98000000045],[1646881.4700000007,613192.65499999933],[1646881.2109999992,613201.72699999996],[1646882.3359999992,613225.03800000064],[1646879.6520000007,613237.79199999943],[1646876.8670000006,613259.63900000043],[1646872.9509999994,613282.29900000058],[1646869.3849999998,613301.96900000051],[1646867.4199999999,613309.86400000006],[1646862.1750000007,613327.40000000037],[1646859.4289999995,613333.11600000039],[1646849.2050000001,613357.03999999911],[1646840.7899999991,613384.07300000079],[1646839.7699999996,613392.08899999969],[1646836.8110000007,613399.6950000003],[1646830.1140000001,613420.08000000007],[1646825.1559999995,613427.58799999952],[1646821.602,613432.0820000004],[1646804.4470000006,613455.11199999973],[1646787.4489999991,613478.16200000048],[1646783.5730000008,613484.69199999981],[1646767.5199999996,613507.86400000006],[1646755.9670000002,613526.6640000008],[1646753.0089999996,613534.26999999955],[1646749.057,613548.93799999915],[1646745.3249999993,613570.66300000064],[1646742.5380000006,613592.50999999978],[1646738.8059999999,613614.23599999957],[1646730.9979999997,613658.60099999979],[1646727.4499999993,613679.39100000076],[1646724.6630000006,613701.23900000006],[1646720.375,613725.76799999923],[1646716.1970000006,613735.45399999991],[1646711.1630000006,613743.75100000016],[1646705.6359999999,613747.19299999997],[1646691.6510000005,613753.37700000033],[1646667.4399999995,613761.43899999931],[1646659.8110000007,613766.52600000054],[1646651.0779999997,613771.47100000083],[1646644.3939999994,613776.6799999997],[1646638.1199999992,613785.93600000069],[1646635.1610000003,613793.5429999996],[1646630.1879999992,613816.22599999979],[1646628.7699999996,613827.06699999981],[1646625.0370000005,613848.79199999943],[1646622.4330000002,613869.70500000007],[1646618.5140000004,613892.36500000022],[1646614.6229999997,613914.0700000003],[1646610.8619999997,613936.75],[1646612.4030000009,613939.98399999924],[1646620.5590000004,613955.09400000051],[1646618.4690000005,613970.9609999992],[1646598.4140000008,613986.58799999952],[1646571.8670000006,614004.41300000064],[1646563.7029999997,614013.42600000091],[1646556.1610000003,614024.59500000067],[1646542.318,614045.97599999979],[1646524.3719999995,614068.90399999917],[1646518.693,614081.27300000004],[1646515.4600000009,614091.08100000024],[1646508.3340000007,614115.24400000088],[1646503.6390000004,614152.02300000004],[1646506.5130000003,614176.67699999921],[1646510.4690000005,614200.35199999996],[1646510.5020000003,614208.34500000067],[1646512.7809999995,614229.88599999994],[1646510.7709999997,614253.91100000031],[1646506.6380000003,614278.4609999992],[1646506.7459999993,614285.6640000008],[1646508.7909999993,614307.97399999946],[1646501.7349999994,614371.76799999923],[1646496.2789999992,614386.07300000079],[1646495.5199999996,614388.06100000069],[1646485.4649999999,614396.83000000007],[1646461.4780000001,614409.87299999967],[1646439.5590000004,614424.30199999921],[1646437.3469999991,614426.09400000051],[1646431.0109999999,614428.31200000085],[1646414.8729999997,614443.32599999942],[1646406.068,614465.35700000077],[1646403.9159999993,614474.18600000069],[1646400.557,614491.96600000001],[1646392.8220000006,614506.14599999972],[1646380.8389999997,614528.72499999963],[1646369.7679999992,614543.43400000036],[1646357.2109999992,614564.02199999988],[1646346.5700000003,614583.89900000021],[1646332.7520000003,614604.32399999909],[1646316.2829999998,614623.44999999925],[1646298.4989999998,614644.32300000079],[1646282.7899999991,614664.50500000082],[1646271.2039999999,614684.25999999978],[1646261.2359999996,614699.11099999957],[1646249.4370000008,614720.75599999912],[1646236.3990000002,614743.35899999924],[1646223.682,614763.92699999921],[1646209.0549999997,614783.13099999912],[1646198.9989999998,614791.90000000037],[1646196.4639999997,614795.72699999996],[1646184.6919999998,614816.41699999943],[1646173.2430000007,614835.07100000046],[1646158.3129999992,614857.43099999987],[1646143.8709999993,614875.69999999925],[1646130.5590000004,614893.15599999949],[1646111.2880000006,614908.88499999978],[1646087.6740000006,614929.00799999945],[1646072.4989999998,614945.2650000006],[1646063.8249999993,614957.24799999967],[1646060.8920000009,614963.90000000037],[1646059.4920000006,614975.86099999957],[1646059.9010000005,614979.90799999982],[1646060.6960000005,615005.25200000033],[1646061.8120000008,615028.56100000069],[1646062.3609999996,615047.80299999937],[1646060.1300000008,615064.76999999955],[1646056.1779999994,615088.38499999978],[1646054.2699999996,615103.31599999964],[1646046.7850000001,615121.52300000004],[1646037.5950000007,615138.55199999921],[1646028.7550000008,615152.58999999985],[1646014.8790000007,615174.92600000091],[1645994.6620000005,615190.53399999999],[1645987.3809999991,615192.63199999928],[1645971.1209999993,615193.57200000063],[1645959.1490000002,615192.02999999933],[1645939.6720000003,615187.60400000028],[1645932.9059999995,615184.65499999933],[1645927.1060000006,615182.94899999909],[1645905.7180000003,615177.15899999999],[1645886.5710000005,615168.62099999934],[1645870.602,615159.53500000015],[1645864.8010000009,615157.82899999991],[1645849.2139999997,615153.74400000088],[1645841.1799999997,615152.71000000089],[1645820.5730000008,615149.09699999914],[1645799.6219999995,615146.39800000004],[1645788.9379999992,615144.06399999931],[1645779.0419999994,615141.83100000024],[1645773.5639999993,615138.08999999985],[1645762.8010000009,615127.59699999914],[1645751.4419999998,615113.99300000072],[1645735.8509999998,615100.9609999992],[1645720.2039999999,615089.83999999985],[1645699.7300000004,615076.1799999997],[1645688.0800000001,615072.60300000012],[1645670.2799999993,615070.31100000069],[1645651.2400000002,615068.97699999996],[1645620.6879999992,615062.96700000018],[1645602.8880000003,615060.67500000075],[1645582.7479999997,615057.19199999981],[1645581.1779999994,615056.92100000009],[1645556.7970000003,615050.74599999934],[1645548.0309999995,615047.70099999942],[1645546.1679999996,615046.50200000033],[1645524.3220000006,615036.50100000016],[1645516.3369999994,615035.63199999928],[1645480.1209999993,615026.81699999981],[1645470.2449999992,615025.70500000007],[1645447.4039999992,615022.7650000006],[1645422.8100000005,615018.48100000061],[1645403.9550000001,615016.21399999969],[1645382.1970000006,615012.29499999993],[1645339.5549999997,615006.96600000001],[1645317.7970000003,615003.04800000042],[1645312.9140000008,615002.41899999976],[1645296.0590000004,615000.25],[1645273.4030000009,614996.37600000016],[1645253.5549999997,614993.82200000063],[1645242.1779999994,614995.39299999923],[1645233.6290000007,614999.40499999933],[1645211.2180000003,615001.63399999961],[1645188.0260000005,615001.68500000052],[1645139.5360000003,614994.4879999999],[1645116.6950000003,614991.54900000058],[1645091.7469999995,614981.31000000052],[1645085.7609999999,614980.53999999911],[1645041.3460000008,614972.74899999984],[1645014.5669999998,614969.30399999954],[1644996.8139999993,614967.1799999997],[1644987.0270000007,614964.80299999937],[1644959.1449999996,614961.21700000018],[1644949.0840000007,614961.04099999927],[1644948.1390000004,614960.91899999976],[1644937.0250000004,614953.41899999976],[1644932.2469999995,614943.69899999909],[1644926.6740000006,614908.63399999961],[1644909.2510000002,614855.11199999973],[1644915.5869999994,614852.89100000076],[1644917.6349999998,614853.15499999933],[1644942.0140000004,614843.03099999949],[1644957.8920000009,614837.08500000089],[1644977.4360000007,614826.49899999984],[1644997.8770000003,614815.86800000072],[1645009.1160000004,614815.39699999988],[1645051.6060000006,614798.65599999949],[1645069.4240000006,614785.77199999988],[1645073.4670000002,614777.18600000069],[1645076.8279999997,614759.40599999949],[1645078.3530000001,614739.4729999993],[1645076.8399999999,614735.28399999999],[1645067.0209999997,614724.91499999911],[1645060.4399999995,614721.03299999982],[1645039.0519999992,614715.24599999934],[1645032.3330000006,614712.46499999985],[1645027.9370000008,614707.74599999934],[1645014.0429999996,614697.97100000083],[1645004.1960000005,614688.55700000003],[1644995.5069999993,614677.37399999984],[1644988.7280000001,614667.55599999987],[1644984.8949999996,614657.9570000004],[1644982.3289999999,614646.44400000013],[1644982.2809999995,614615.28600000031],[1644984.1889999993,614600.35400000028],[1644986.1239999998,614584.46800000034],[1644987.2709999997,614568.48000000045],[1644987.4360000007,614566.42400000058],[1644986.2449999992,614560.20099999942],[1644979.7890000008,614548.34699999914],[1644973.8800000008,614539.43999999948],[1644960.3619999997,614525.71900000051],[1644958.0419999994,614520.30900000036],[1644960.3190000001,614503.50799999945],[1644962.2540000007,614487.62099999934],[1644964.2210000008,614479.72699999996],[1644968.1429999992,614457.06699999981],[1644967.9140000008,614435.78999999911],[1644961.1309999991,614409.67600000091],[1644954.7019999996,614396.86800000072],[1644946.0120000001,614385.68600000069],[1644931.0969999991,614376.57799999975],[1644909.5979999993,614370.93799999915],[1644892.7430000007,614368.77099999972],[1644882.9560000002,614366.39399999939],[1644873.2440000009,614363.22800000012],[1644862.1009999998,614356.68300000019],[1644850.9539999999,614341.19099999964],[1644848.2770000007,614329.82399999909],[1644836.6109999996,614303.0820000004],[1644828.5930000003,614286.875],[1644818.0130000003,614275.44999999925],[1644791.8719999995,614258.98900000006],[1644773.6079999991,614243.54099999927],[1644759.0889999997,614231.6099999994],[1644738.6449999996,614225.94600000046],[1644709.8169999998,614222.24000000022],[1644696.7349999994,614222.63499999978],[1644678.6730000004,614229.41899999976],[1644665.2210000008,614231.68400000036],[1644658.2620000001,614231.74799999967],[1644644.4000000004,614229.96600000001],[1644631.3729999997,614228.45099999942],[1644624.5789999999,614226.46000000089],[1644614.8670000006,614223.29399999976],[1644598.6830000002,614216.10199999996],[1644575.2129999995,614202.06200000085],[1644556.7559999991,614189.62600000016],[1644535.4710000008,614174.74899999984],[1644521.0409999993,614168.90000000037],[1644511.6510000005,614163.69999999925],[1644495.4949999992,614155.55299999937],[1644474.6400000006,614145.84400000051],[1644455.2180000003,614132.16499999911],[1644436.6030000001,614119.70900000073],[1644419.3640000001,614112.54199999943],[1644400.2909999993,614095.87299999967],[1644377.6779999994,614075.87399999984],[1644355.6870000008,614058.03199999966],[1644351.8859999999,614056.42500000075],[1644330.1740000006,614052.67699999921],[1644292.5240000002,614047.83999999985],[1644284.3530000001,614047.90899999999],[1644270.5240000002,614054.11999999918],[1644246.3110000007,614062.19199999981],[1644226.4189999998,614075.77199999988],[1644218.0079999994,614078.68500000052],[1644205.5010000002,614081.07200000063],[1644199.6720000003,614080.32300000079],[1644193.6860000007,614079.55399999954],[1644181.5160000008,614072.08000000007],[1644180.7809999995,614071.2109999992],[1644171.8320000004,614060.6129999999],[1644169.7239999995,614053.31299999915],[1644170.2310000006,614050.34300000034],[1644170.3350000009,614041.25],[1644169.0059999991,614036.12700000033],[1644159.7479999997,614020.88000000082],[1644152.8929999992,614011.85199999996],[1644134.8890000004,613987.33400000073],[1644129.9719999991,613978.71499999985],[1644127.8149999995,613971.25],[1644123.5089999996,613950.56799999997],[1644123.1679999996,613929.43700000085],[1644124.2599999998,613904.33699999936],[1644123.4600000009,613878.99300000072],[1644121.8579999991,613868.7229999993],[1644120.1750000007,613850.29600000009],[1644120.1410000008,613842.30399999954],[1644118.807,613820.88599999994],[1644117.3699999992,613808.56000000052],[1644114.0079999994,613788],[1644118.7290000003,613750.26600000076],[1644122.5449999999,613736.69800000079],[1644130.7860000003,613719.54499999993],[1644132.9370000008,613710.71499999985],[1644136.1359999999,613692.91499999911],[1644140.4859999996,613675.42100000009],[1644146.4049999993,613652.85799999908],[1644152.3990000002,613629.50599999912],[1644157.3239999991,613614.00300000049],[1644159.0979999993,613609.11900000088],[1644165.3379999995,613591.86900000088],[1644174.8719999995,613571.84699999914],[1644176.7009999994,613565.05199999921],[1644182.9890000001,613540.61999999918],[1644186.0030000005,613523.75400000066],[1644192.1539999992,613500.42100000009],[1644196.8929999992,613485.85400000028],[1644205.0710000005,613461.6640000008],[1644214.6530000009,613441.80700000003],[1644225.8239999991,613418.00200000033],[1644235.3300000001,613398.93400000036],[1644237.159,613392.1400000006],[1644242.3019999992,613383.6950000003],[1644247.0620000008,613370.24799999967],[1644255.3010000009,613353.09500000067],[1644263.7249999996,613335.00699999928],[1644277.2449999992,613315.65699999966],[1644291.0999999996,613301.14200000092],[1644309.0370000005,613280.28199999966],[1644317.8990000002,613265.28600000031],[1644321.6040000003,613244.5150000006],[1644324.8489999995,613226.88000000082],[1644328.841,613196.0820000004],[1644331.3049999997,613176.26999999955],[1644334.2760000005,613153.4879999999],[1644334.0289999992,613147.38599999994],[1644333.7949999999,613126.10899999924],[1644331.7860000003,613109.71600000001],[1644330.7579999994,613101.43700000085],[1644330.943,613100.50200000033],[1644327.3190000001,613089.01400000043],[1644319.0500000007,613066.70500000007],[1644317.4739999995,613055.48000000045],[1644317.1999999993,613050.33300000057],[1644313.8619999997,613028.81699999981],[1644309.3670000006,613009.0700000003],[1644308.9749999996,612987.77300000004],[1644309.159,612986.83799999952],[1644307.2249999996,612962.30800000019],[1644298.2229999993,612937.9879999999],[1644291.8640000001,612917.0429999996],[1644292.5,612904.02500000037],[1644295.4220000003,612881.07699999958],[1644298.5759999994,612857.3599999994],[1644297.4110000003,612850.18099999987],[1644294.4920000006,612841.65899999999],[1644290.2709999997,612827.05900000036],[1644287.3790000007,612817.5820000004],[1644278.6980000008,612791.22699999996],[1644269.9419999998,612773.00899999961],[1644265.693,612759.36400000006],[1644264.6370000001,612752.03999999911],[1644261.0869999994,612732.4140000008],[1644255.0759999994,612708.47900000028],[1644250.7919999994,612686.84200000018],[1644250.2970000003,612674.6370000001],[1644246.8080000002,612662.04900000058],[1644246.0749999993,612660.03700000048],[1644242.2109999992,612651.39399999939],[1644228.4130000006,612632.52899999917],[1644226.091,612627.11900000088],[1644226.0930000003,612602.99699999951],[1644223.523,612591.4849999994],[1644222.1659999993,612587.31699999981],[1644212.977,612563.93200000003],[1644212.1050000004,612555.67300000042],[1644215.2650000006,612529.88000000082],[1644220.1339999996,612492.16599999927],[1644222.8430000003,612478.45600000024],[1644225.8110000007,612455.67400000058],[1644229.3269999996,612435.83699999936],[1644229.9609999992,612422.81900000013],[1644226.5199999996,612410.39599999972],[1644222.977,612399.71800000034],[1644218.4330000002,612387.15300000086],[1644216.1099999994,612381.74300000072],[1644202.3849999998,612354.74000000022],[1644192.6190000009,612329.36400000006],[1644191.4260000009,612323.14100000076],[1644186.1740000006,612300.2620000001],[1644182.0250000004,612277.52400000021],[1644181.4379999992,612259.2379999999],[1644184.2200000007,612237.3900000006],[1644188.159,612213.77400000021],[1644191.125,612190.99200000055],[1644194.8249999993,612170.22000000067],[1644200.6909999996,612154.83899999969],[1644204.5380000006,612149.26300000027],[1644218.9710000008,612130.9879999999],[1644221.8800000008,612123.21399999969],[1644222.2489999998,612121.34500000067],[1644224.8819999993,612108.42400000058],[1644227.5270000007,612087.67699999921],[1644233.1170000006,612067.14800000004],[1644249.4580000006,612018.76700000092],[1644257.4920000006,611995.67600000091],[1644260.6209999993,611970.83799999952],[1644266.2100000009,611950.31000000052],[1644270.6899999995,611931.71499999985],[1644271.7829999998,611922.91000000015],[1644274.9759999998,611905.10899999924],[1644284.0270000007,611874.00200000033],[1644286.8440000005,611860.14699999988],[1644294.4800000004,611815.75899999961],[1644298.2259999998,611795.15399999917],[1644302.0150000006,611780.46399999969],[1644307.7880000006,611759.00100000016],[1644311.3220000006,611740.28500000015],[1644316.5620000008,611722.74699999951],[1644325.9250000007,611704.77999999933],[1644332.7550000008,611690.64100000076],[1644342.2180000003,611663.58100000024],[1644343.2080000006,611656.51899999939],[1644346.1989999991,611632.78199999966],[1644344.534,611613.39900000021],[1644335.2489999998,611583.93099999987],[1644328.2799999993,611575.04900000058],[1644327.6830000002,611571.93700000085],[1644330.1140000001,611553.08000000007],[1644332.8579999991,611547.36199999973],[1644334.9399999995,611531.49499999918],[1644338.7019999996,611517.76099999994],[1644341.3440000005,611497.01300000027],[1644345.2520000003,611474.35199999996],[1644347.8190000001,611454.39399999939],[1644349.4810000006,611449.65499999933],[1644358.2249999996,611427.45500000007],[1644373.1870000008,611405.25500000082],[1644383.3959999997,611396.50200000033],[1644393.2080000006,611390.57399999909],[1644417.1870000008,611377.51899999939],[1644431.7459999993,611373.31799999997],[1644468.9199999999,611367.0700000003],[1644489.7139999997,611369.74100000039],[1644503.0449999999,611375.44600000046],[1644526.1359999999,611384.48299999908],[1644545.0409999993,611386.91100000031],[1644565.0869999994,611371.27500000037],[1644569.3469999991,611369.74499999918],[1644577.4079999998,611369.82200000063],[1644598.2029999997,611372.49400000088],[1644619.9149999991,611376.24100000039],[1644663.5519999992,611381.84699999914],[1644686.3680000007,611385.73699999973],[1644707.1620000005,611388.40899999999],[1644718.3530000001,611387.76999999955],[1644741.7550000008,611385.82499999925],[1644763.5399999991,611381.43500000052],[1644777.6140000001,611381.32699999958],[1644800.7770000007,611382.22599999979],[1644816.2550000008,611379.10300000012],[1644825.2339999992,611380.25699999928],[1644836.3149999995,611379.76400000043],[1644846.5610000007,611379.00400000066],[1644865.9759999998,611376.3870000001],[1644884.3100000005,611374.75],[1644899.0270000007,611370.57100000046],[1644917.8450000007,611364.84200000018],[1644926.5749999993,611359.89399999939],[1644942.8340000007,611358.94800000079],[1644950.1610000003,611357.0150000006],[1644967.6209999993,611347.11800000072],[1644988.9340000004,611329.5700000003],[1645019.0309999995,611292.06399999931],[1645026.9409999996,611276.94600000046],[1645037.7799999993,611255.17600000091],[1645050.8029999994,611232.56799999997],[1645070.784,611209.89599999972],[1645089.932,611194.30599999987],[1645094.8599999994,611187.75100000016],[1645111.9609999992,611171.89800000004],[1645121.9839999992,611164.08100000024],[1645134.8359999992,611158.70399999991],[1645146.9719999991,611158.18799999915],[1645168.2990000006,611156.93600000069],[1645170.5099999998,611155.14399999939],[1645178.5779999997,611140.04600000009],[1645185.6129999999,611116.66899999976],[1645192.5130000003,611094.39299999923],[1645194.6199999992,611077.57100000046],[1645200.3900000006,611056.10799999908],[1645211.3640000001,611033.23699999973],[1645214.8019999992,611021.53800000064],[1645217.0940000005,611003.78099999949],[1645220.9729999993,610982.07499999925],[1645220.8599999994,610974.87199999951],[1645221.6030000001,610969.05700000003],[1645222.2990000006,610963.07599999942],[1645225.3680000007,610940.14699999988],[1645221.4509999994,610914.56299999915],[1645216.6380000003,610905.79700000025],[1645202.4210000001,610882.88299999945],[1645191.9309999999,610862.36400000006],[1645177.3450000007,610841.3200000003],[1645161.5590000004,610816.12700000033],[1645145.6799999997,610797.95099999942],[1645139.4169999994,610792.03399999999],[1645118.8650000002,610771.33999999985],[1645106.7129999995,610755.56100000069],[1645097.6679999996,610747.36900000088],[1645088.9710000008,610736.18700000085],[1645082.0439999998,610720.12099999934],[1645071.5810000002,610698.64800000004],[1645057.1520000007,610677.62399999984],[1645053.5610000007,610674.12700000033],[1645033.0089999996,610653.43400000036],[1645010.9529999997,610637.5],[1645007.4989999998,610632.90300000086],[1644985.4969999995,610615.05900000036],[1644977.1579999998,610609.83400000073],[1644956.352,610598.21399999969],[1644950.0610000007,610593.25200000033],[1644932.3839999996,610580.91699999943],[1644924.7180000003,610578.0150000006],[1644913.5979999993,610570.5150000006],[1644894.1009999998,610549.79900000058],[1644875.7860000003,610526.35899999924],[1644874.4279999994,610522.19099999964],[1644867.3819999993,610514.09699999914],[1644871.0620000008,610484.37800000049],[1644873.1799999997,610476.50300000049],[1644873.2070000004,610475.54800000042],[1644878.8379999995,610455.18500000052],[1644883.3780000005,610443.62800000049],[1644892.2740000002,610421.44800000079],[1644902.7609999999,610402.6679999996],[1644906.5669999998,610389.09999999963],[1644910.0749999993,610369.26300000027],[1644919.1119999997,610353.33100000024],[1644926.9260000009,610332.13099999912],[1644937.5759999994,610311.29499999993],[1644950.7780000009,610287.75100000016],[1644957.9910000004,610278.61400000006],[1644973.682,610258.42600000091],[1644979.9759999998,610248.21199999936],[1644983.3859999999,610237.46900000051],[1644986.159,610215.61999999918],[1644985.1769999992,610192.33100000024],[1644986.4030000009,610182.42500000075],[1644997.557,610158.61800000072],[1645002.4700000007,610143.11600000039],[1645007.7919999994,610133.7349999994],[1645022.977,610116.51799999923],[1645031.3619999997,610099.38399999961],[1645033.466,610082.56200000085],[1645037.0390000008,610069.7620000001],[1645054.9879999999,610047.94700000063],[1645064.875,610026.0549999997],[1645069.8019999992,610019.5],[1645085.7019999996,609997.42200000025],[1645088.4710000008,609990.74899999984],[1645090.3369999994,609976.77099999972],[1645095.5700000003,609959.23299999908],[1645101.9330000002,609940.88099999912],[1645103.6630000006,609928.00500000082],[1645104.0390000008,609908.88399999961],[1645105.8920000009,609885.95900000073],[1645112.7850000001,609863.68200000003],[1645125.7320000008,609849.21199999936],[1645135.5899999999,609843.44999999925],[1645138.9039999992,609841.79900000058],[1645149.1750000007,609840.08400000073],[1645170.6640000008,609836.77600000054],[1645176.0519999992,609834.43300000019],[1645189.7809999995,609822.1400000006],[1645204.6870000008,609799.77500000037],[1645215.8389999997,609775.96900000051],[1645230.2620000001,609757.6950000003],[1645230.9289999995,609752.66899999976],[1645234.9649999999,609728.90599999949],[1645237.7550000008,609723.35500000045],[1645252.4759999998,609701.92400000058],[1645253.6070000008,609685.93500000052],[1645256.4039999992,609663.13199999928],[1645267.0240000002,609643.25100000016],[1645269.216,609634.58699999936],[1645272.3729999997,609617.74000000022],[1645276.2719999999,609595.07899999991],[1645272.7489999998,609583.44400000013],[1645265.4989999998,609569.41300000064],[1645265.2740000002,609562.35500000045],[1645268.5199999996,609553.66699999943],[1645277.023,609541.66100000031],[1645279.3090000004,609523.90300000086],[1645283.9159999993,609504.20800000057],[1645287.7870000005,609497.67699999921],[1645298.1119999997,609478.87600000016],[1645300.2290000003,609471.00200000033],[1645300.9230000004,609465.01999999955],[1645304.1960000005,609440.20199999958],[1645301.5769999996,609420.69600000046],[1645297.3190000001,609407.04900000058],[1645299.4210000001,609390.22699999996],[1645299.102,609377.08699999936],[1645305.8359999992,609324.43799999915],[1645313.6720000003,609302.28199999966],[1645321.7339999992,609287.18500000052],[1645325.8829999994,609270.625],[1645330.8619999997,609246.98399999924],[1645337.8880000003,609238.78199999966],[1645344.8200000003,609224.49799999967],[1645351.8939999994,609201.28600000031],[1645353.2809999995,609189.32300000079],[1645357.1510000005,609167.61600000039],[1645356.5789999999,609163.54900000058],[1645352.5730000008,609156.00599999912],[1645354.1429999992,609143.10799999908],[1645355.9389999993,609137.26899999939],[1645362.0199999996,609113.76999999955],[1645368.6989999991,609093.38199999928],[1645360.6909999996,609076.21900000051],[1645362.6290000007,609061.45199999958],[1645368.0429999996,609042.97900000028],[1645369.4020000007,609031.97100000083],[1645375.4149999991,609016.6099999994],[1645388.6109999996,608993.06699999981],[1645395.5950000007,608976.87199999951],[1645403.8900000006,608928.57799999975],[1645415.4940000009,608916.81100000069],[1645418.3770000003,608902.16599999927],[1645421.5590000004,608884.36400000006],[1645431.1879999992,608856.36900000088],[1645438.7180000003,608845.19700000063],[1645445.5810000002,608839.05000000075],[1645452.5120000001,608839.94099999964],[1645458.8450000007,608837.72000000067],[1645467.3460000008,608825.71399999969],[1645475.1280000005,608820.64499999955],[1645483.9230000004,608807.55800000019],[1645500.898,608784.50100000016],[1645506.5209999997,608764.13800000027],[1645512.5999999996,608740.63900000043],[1645516.1750000007,608720.0120000001],[1645518.7300000004,608700.05299999937],[1645524.6730000004,608677.65399999917],[1645532.4810000006,608671.63000000082],[1645552.7440000009,608663.05299999937],[1645555.1649999991,608659.37099999934],[1645556.6809999999,608648.38399999961],[1645563.9159999993,608638.29199999943],[1645569.5810000002,608625.92100000009],[1645573.6799999997,608609.19600000046],[1645580.5669999998,608586.91899999976],[1645587.2919999994,608566.69700000063],[1645593.9959999993,608545.35500000045],[1645598.2780000009,608527.6950000003],[1645601.3379999995,608519.94099999964],[1645607.5590000004,608502.68999999948],[1645611.8680000007,608484.07499999925],[1645618.7530000005,608446.62199999951],[1645624.8990000002,608430.16000000015],[1645633.3300000001,608411.11700000055],[1645639.8699999992,608391.83000000007],[1645648.9409999996,608368.71499999985],[1645651.6809999999,608362.99799999967],[1645665.6610000003,608339.55599999987],[1645680.7430000007,608316.25599999912],[1645688.0659999996,608299.14699999988],[1645697.2050000001,608283.0700000003],[1645707.5260000005,608264.26899999939],[1645711.3920000009,608242.56200000085],[1645713.6260000002,608224.63900000043],[1645717.5179999992,608201.97699999996],[1645721.2249999996,608197.50100000016],[1645740.0350000001,608176.5979999993],[1645752.5869999994,608157.12600000016],[1645755.6699999999,608133.24100000039],[1645747.5620000008,608109.99499999918],[1645745.148,608088.5979999993],[1645745.7870000005,608084.5270000007],[1645746.1329999994,608081.53600000031],[1645747.3509999998,608056.45399999991],[1645749.8640000001,608043.67799999937],[1645752.2799999993,608024.81900000013],[1645755.1999999993,608002.99100000039],[1645759.5069999993,607984.375],[1645765.1699999999,607972.00500000082],[1645774.5439999998,607953.08300000057],[1645777.284,607947.36500000022],[1645784.557,607930.08999999985],[1645794.409,607909.1520000007],[1645803.9930000007,607888.34100000001],[1645813.9130000006,607874.44099999964],[1645827.5449999999,607853.99000000022],[1645837.7459999993,607845.2379999999],[1645845.0620000008,607835.95600000024],[1645846.8129999992,607822.12299999967],[1645855.7229999993,607816.24100000039],[1645869.9539999999,607798.9020000007],[1645878.3550000004,607780.81399999931],[1645891.1769999992,607759.1400000006],[1645900.7339999992,607739.28399999999],[1645904.3929999992,607734.64200000092],[1645917.2880000006,607712.1799999997],[1645930.8670000006,607693.63900000043],[1645939.0850000009,607676.48599999957],[1645951.2190000005,607652.96700000018],[1645953.5899999999,607649.11900000088],[1645968.3239999991,607628.81000000052],[1645972.3269999996,607598.17500000075],[1645976.3780000005,607573.4570000004],[1645979.091,607568.69400000013],[1645985.9519999996,607562.54800000042],[1645989.7280000001,607547.85799999908],[1645998.7019999996,607533.83699999936],[1646011.7320000008,607510.27400000021],[1646019.7229999993,607503.31499999948],[1646019.6520000007,607496.2770000007],[1646022.5739999991,607472.37199999951],[1646027.057,607437.64499999955],[1646034.7870000005,607409.40699999966],[1646041.8039999995,607386.02899999917],[1646046.9179999996,607368.63599999994],[1646051.0989999995,607344.89299999923],[1646054.5289999992,607333.19400000013],[1646058.3259999994,607319.625],[1646067.8550000004,607300.7229999993],[1646079.4100000001,607280.96399999969],[1646083.3680000007,607265.33899999969],[1646089.1199999992,607243.875],[1646097.2390000001,607220.63900000043],[1646103.6170000006,607201.3320000004],[1646105.5940000005,607194.55800000019],[1646108.6720000003,607170.67300000042],[1646111.1109999996,607150.85899999924],[1646114.6530000009,607131.18700000085],[1646117.3849999998,607110.2929999996],[1646120.9979999997,607097.65899999999],[1646131.6329999994,607076.82300000079],[1646144.1539999992,607058.30700000003],[1646157.1559999995,607035.69899999909],[1646167.0999999996,607020.84400000051],[1646182.4299999997,607003.64800000004],[1646189.1710000001,606990.29800000042],[1646197.5960000008,606971.25400000066],[1646208.4140000008,606949.48399999924],[1646216.9480000008,606930.29499999993],[1646221.9440000001,606922.94999999925],[1646235.1999999993,606906.4450000003],[1646236.8579999991,606901.7070000004],[1646243.3699999992,606881.29900000058],[1646258.6730000004,606865.05700000003],[1646260.5830000006,606849.16899999976],[1646259.2469999995,606844.04499999993],[1646252.7239999995,606832.02400000021],[1646254.727,606824.29499999993],[1646268.5109999999,606803.86400000006],[1646282.1119999997,606784.36900000088],[1646289.0879999995,606768.17400000058],[1646301.1429999992,606745.4450000003],[1646312.0950000007,606722.57300000079],[1646320.6129999999,606711.68899999931],[1646335.3420000002,606691.38000000082],[1646344.2459999993,606668.24499999918],[1646352.9879999999,606647.16599999927],[1646364.9330000002,606624.5820000004],[1646378.3239999991,606606.97699999996],[1646388.2029999997,606600.26099999994],[1646396.5820000004,606598.30399999954],[1646402.1300000008,606593.90599999949],[1646422.5079999994,606592.53500000015],[1646427.7100000009,606591.12800000049],[1646448.6889999993,606592.86999999918],[1646469.4839999992,606595.54600000009],[1646476.7339999992,606594.40300000086],[1646495.6649999991,606595.88099999912],[1646514.4489999991,606591.11099999957],[1646518.8900000006,606588.64699999988],[1646527.9849999994,606579.75400000066],[1646531.8259999994,606574.17799999937],[1646547.1799999997,606556.0270000007],[1646555.8589999992,606543.08699999936],[1646567.3579999991,606525.23900000006],[1646573.3880000003,606508.92200000025],[1646584.1779999994,606488.10700000077],[1646589.0529999994,606473.55900000036],[1646591.4719999991,606469.87700000033],[1646602.6060000006,606446.07100000046],[1646610.1549999993,606433.94400000013],[1646610.6569999997,606430.97399999946],[1646618.6630000006,606407.88299999945],[1646620.3609999996,606393.88499999978],[1646620.5439999998,606392.94999999925],[1646611.9269999992,606372.67100000009],[1646606.1150000002,606355.7890000008],[1646601.7369999997,606350.11400000006],[1646592.5869999994,606335.83699999936],[1646582.2880000006,606313.42600000091],[1646578.1569999997,606298.67699999921],[1646571.7970000003,606276.77199999988],[1646571.1699999999,606274.61500000022],[1646570.0840000007,606258.34100000001],[1646571.9869999997,606244.52899999917],[1646573.4130000006,606240.55900000036],[1646579.3690000009,606217.20500000007],[1646588.1099999994,606196.12600000016],[1646591.9499999993,606190.55000000075],[1646603.5,606170.79099999927],[1646609.9419999998,606160.5979999993],[1646615.0979999993,606151.19800000079],[1646630.1689999998,606127.89900000021],[1646637.2520000003,606111.55900000036],[1646640.9560000002,606107.08400000073],[1646656.0270000007,606083.78500000015],[1646670.2510000002,606066.44700000063],[1646686.8420000002,606047.33699999936],[1646700.3039999995,606028.94299999997],[1646718.1840000004,606006.96399999969],[1646720.943,606002.36700000055],[1646731.5730000008,605981.53199999966],[1646744.2249999996,605961.91499999911],[1646752.4360000007,605944.7620000001],[1646768.2170000002,605916.60199999996],[1646776.4900000002,605891.31000000052],[1646778.5800000001,605874.48699999973],[1646780.3870000001,605852.51600000076],[1646779.8739999998,605840.30900000036],[1646780,605816.20399999991],[1646781.5350000001,605804.2620000001],[1646785.4159999993,605781.59899999946],[1646787.2070000004,605775.75899999961],[1646793.2970000003,605751.30399999954],[1646798.6970000006,605732.83100000024],[1646802.5769999996,605710.1679999996],[1646811.5600000005,605680.0150000006],[1646812.7770000007,605670.10799999908],[1646813.784,605662.09100000001],[1646815.5759999994,605656.25100000016],[1646823.3680000007,605635.05100000091],[1646828.7679999992,605616.57699999958],[1646833.2489999998,605597.0270000007],[1646836.6740000006,605585.32699999958],[1646844.8100000005,605561.13599999994],[1646851.8660000004,605537.92400000058],[1646858.7860000003,605523.63900000043],[1646866.3949999996,605503.37299999967],[1646874.2119999994,605481.21700000018],[1646879.6850000005,605469.78199999966],[1646891.2540000007,605451.14399999939],[1646896.0899999999,605443.77999999933],[1646906.4820000008,605425.7890000008],[1646910.2119999994,605420.35899999924],[1646923.2060000002,605397.75200000033],[1646927.4149999991,605388.23000000045],[1646940.591,605364.68799999915],[1646949.4010000005,605350.64699999988],[1646952.7390000001,605348.04199999943],[1646961.3880000003,605336.05700000003],[1646987.1640000008,605316.21399999969],[1647006.8440000005,605303.57300000079],[1647034.6190000009,605283.82799999975],[1647052.1999999993,605265.00599999912],[1647070.9600000009,605251.28800000064],[1647079.0810000002,605243.22900000028],[1647084.3929999992,605233.84999999963],[1647089.2640000004,605219.30100000091],[1647090.0130000003,605205.18099999987],[1647090.1610000003,605180.12099999934],[1647096.8709999993,605167.72699999996],[1647097.9509999994,605158.91999999993],[1647102.7970000003,605145.32699999958],[1647117.3609999996,605124.99899999984],[1647131.1370000001,605104.5700000003],[1647147.0130000003,605082.49400000088],[1647159.2420000006,605058.83000000007],[1647160.8499999996,605053.92500000075],[1647166.4079999998,605033.39599999972],[1647169.6579999998,605008.57499999925],[1647173.4000000004,604987.01300000027],[1647176.148,604965.16300000064],[1647177.9379999992,604959.32300000079],[1647185.0170000009,604942.98299999908],[1647200.5219999999,604924.85300000012],[1647208.0669999998,604912.72599999979],[1647222.1870000008,604889.30599999987],[1647234.4900000002,604872.6799999997],[1647250.9519999996,604838.53999999911],[1647259.4159999993,604827.49000000022],[1647269.7449999992,604817.63900000043],[1647280.5669999998,604811.04600000009],[1647293.2009999994,604807.56200000085],[1647310.1439999994,604800.63900000043],[1647334.8029999994,604796.78700000048],[1647350.4570000004,604792.73399999924],[1647364.3800000008,604786.38099999912],[1647387.9940000009,604776.32499999925],[1647393.1960000005,604774.91899999976],[1647416.3340000007,604766.87800000049],[1647439.6549999993,604765.73000000045],[1647457.3570000008,604761.93999999948],[1647470.6180000007,604760.61400000006],[1647478.9969999995,604758.65899999999],[1647502.7359999996,604753.73100000061],[1647511.2750000004,604749.72000000067],[1647537.4399999995,604734.88099999912],[1647542.0889999997,604730.52800000086],[1647544.8499999996,604723.85500000045],[1647545.2540000007,604712.72499999963],[1647539.2530000005,604696.7770000007],[1647524.5899999999,604669.80800000019],[1647515.8650000002,604643.44400000013],[1647516.7349999994,604636.52800000086],[1647522.807,604628.20500000007],[1647532.4489999991,604624.3359999992],[1647534.7909999993,604613.61500000022],[1647533.1469999999,604602.22199999914],[1647525.023,604578.97100000083],[1647521.0099999998,604571.42500000075],[1647514.1640000008,604561.43700000085],[1647505.8939999994,604555.41999999993],[1647501.0109999999,604554.78999999911],[1647494.6809999999,604557.00999999978],[1647492.2890000008,604559.73699999973],[1647480.7090000007,604563.19600000046],[1647474.5620000008,604564.48100000061],[1647466.5280000009,604563.44600000046],[1647462.1710000001,604558.89100000076],[1647458.9199999999,604552.4020000007],[1647456.9800000004,604544.16499999911],[1647453.7390000001,604521.5429999996],[1647456.2770000007,604501.58300000057],[1647462.1879999992,604495.31599999964],[1647465.7339999992,604490.82100000046],[1647475.9020000007,604483.02600000054],[1647487.0999999996,604466.25899999961],[1647517.0309999995,604436.73000000045],[1647543.4140000008,604403.86800000072],[1647559.6789999995,604386.79600000009],[1647569.8729999997,604378.04499999993],[1647592.023,604355.66100000031],[1647610.6799999997,604335.86199999973],[1647630.8829999994,604319.29600000009],[1647657.5250000004,604300.36600000039],[1647667.9269999992,604289.72699999996],[1647686.7180000003,604268.82599999942],[1647702.8809999991,604245.67100000009],[1647716.5940000005,604233.38099999912],[1647734.4049999993,604219.5429999996],[1647755.9210000001,604209.05800000019],[1647761.1710000001,604207.81799999997],[1647787.3599999994,604192.02500000037],[1647806.1410000008,604187.25799999945],[1647819.4869999997,604176.83799999952],[1647844.6300000008,604154.83999999985],[1647869.4800000004,604133.92300000042],[1647887.2650000006,604121.03999999911],[1647906.4149999991,604112.32799999975],[1647914.216,604106.3049999997],[1647917.3929999992,604105.75599999912],[1647920.8640000001,604102.05000000075],[1647932.7609999999,604096.5549999997],[1647957.4780000001,604084.56699999981],[1647981.0920000002,604072.43600000069],[1648003.784,604061.3049999997],[1648010.7750000004,604054.06000000052],[1648018.3169999998,604041.93400000036],[1648029.9560000002,604030.3359999992],[1648038.4930000007,604026.32499999925],[1648057.1649999991,604021.70399999991],[1648060.4759999998,604020.0549999997],[1648075.2080000006,604014.92600000091],[1648092.9340000004,604010.18300000019],[1648103.1009999998,604002.38900000043],[1648112.4330000002,603984.42400000058],[1648113.3609999996,603969.36800000072],[1648110.034,603955.83999999985],[1648113.3530000001,603938.05700000003],[1648117.4240000006,603929.6370000001],[1648128.8039999995,603911.93500000052],[1648146.9900000002,603887.92400000058],[1648163.7789999992,603866.92600000091],[1648181.8310000002,603844.01600000076],[1648196.5460000001,603823.70900000073],[1648205.9030000009,603804.7890000008],[1648211.0030000005,603797.30000000075],[1648226.5869999994,603770.07699999958],[1648234.3959999997,603747.92200000025],[1648234.5299999993,603746.82100000046],[1648249.4279999994,603725.58000000007],[1648250.8990000002,603721.77600000054],[1648261.6760000009,603700.96199999936],[1648272.6119999997,603678.09200000018],[1648282.2009999994,603666.23000000045],[1648301.1129999999,603652.53600000031],[1648308.1290000007,603644.3359999992],[1648328.227,603621.68899999931],[1648340.284,603614.13900000043],[1648347.5329999998,603612.99799999967],[1648351.8149999995,603610.5150000006],[1648365.0830000006,603593.05800000019],[1648367.8399999999,603588.46199999936],[1648382.7139999997,603566.09999999963],[1648396.8259999994,603542.68099999987],[1648410.6710000001,603529.29199999943],[1648427.1909999996,603518.32399999909],[1648435.1260000002,603511.20099999942],[1648442.5329999998,603500.17600000091],[1648454.5710000005,603477.44899999909],[1648457.4940000009,603454.66300000064],[1648461.8340000007,603444.04099999927],[1648466.6150000002,603438.58799999952],[1648468.4039999992,603432.74899999984],[1648470.8200000003,603429.06699999981],[1648488.8440000005,603407.11199999973],[1648493.3080000002,603403.69400000013],[1648496.8530000001,603399.19899999909],[1648514.5590000004,603379.27999999933],[1648534.4979999997,603356.61400000006],[1648548.7440000009,603332.09400000051],[1648560.3289999999,603312.50300000049],[1648563.9820000008,603307.8629999999],[1648578.8780000005,603286.62299999967],[1648585.9499999993,603270.28299999982],[1648596.1219999995,603246.35700000077],[1648598.4609999992,603235.63599999994],[1648601.0120000001,603230.85400000028],[1648611.9680000003,603209.10500000045],[1648614.3080000002,603198.38499999978],[1648621.3029999994,603175.00699999928],[1648624.8019999992,603156.2890000008],[1648624.8660000004,603132.01700000092],[1648631.2259999998,603112.71000000089],[1648639.8430000003,603101.68200000003],[1648657.2310000006,603083.79800000042],[1648664.9049999993,603070.57200000063],[1648691.3350000009,603029.57399999909],[1648703.6559999995,603011.99599999934],[1648718.3670000006,602991.68999999948],[1648725.9069999997,602979.56399999931],[1648738.5449999999,602959.94999999925],[1648741.7259999998,602943.26799999923],[1648743.3790000007,602938.52999999933],[1648751.9210000001,602918.38599999994],[1648751.1640000008,602901.19600000046],[1648748.2530000005,602891.71499999985],[1648749.7809999995,602879.77199999988],[1648752.9619999994,602863.08999999985],[1648758.5620000008,602850.5549999997],[1648762.5280000009,602836.05100000091],[1648766.1860000007,602815.2770000007],[1648770.3690000009,602790.57799999975],[1648779.4350000005,602766.50899999961],[1648783.0109999999,602754.83000000007],[1648787.6620000005,602734.34400000051],[1648794.3120000008,602713.9570000004],[1648805.4260000009,602690.15300000086],[1648807.7640000004,602679.43200000003],[1648813.4940000009,602657.96800000034],[1648822.8200000003,602640.00300000049],[1648824.6649999991,602626.02400000021],[1648824.5089999996,602611.94600000046],[1648824.5950000007,602586.71800000034],[1648825.9619999994,602576.83100000024],[1648832.2949999999,602558.48000000045],[1648832.9580000006,602537.3200000003],[1648836.0820000004,602528.7770000007],[1648841.9450000003,602506.21199999936],[1648843.8629999999,602491.44400000013],[1648847.7019999996,602469.7349999994],[1648853.2229999993,602450.16100000031],[1648860.5,602431.93099999987],[1648862.9949999992,602421.23100000061],[1648864.5999999996,602416.32699999958],[1648873.5299999993,602393.35799999908],[1648875.1339999996,602388.45399999991],[1648882.3080000002,602364.14100000076],[1648883.0160000008,602359.27999999933],[1648888.1420000009,602334.70299999975],[1648891.9800000004,602312.99400000088],[1648894.1339999996,602303.20800000057],[1648896.7630000003,602291.40699999966],[1648898.3680000007,602286.50300000049],[1648907.4529999997,602277.61199999973],[1648907.5099999998,602269.4729999993],[1648905.5409999993,602262.18999999948],[1648907.8780000005,602251.46900000051],[1648912.0580000002,602226.76999999955],[1648915.1319999993,602218.06100000069],[1648922.3049999997,602193.74799999967],[1648931.2310000006,602186.9140000008],[1648935.5120000001,602184.43099999987],[1648949.6699999999,602169.00699999928],[1648956.5789999999,602154.7229999993],[1648959.0979999993,602143.06799999997],[1648958.8369999994,602136.96399999969],[1648946.5800000001,602114.13599999994],[1648941.1190000009,602109.43799999915],[1648938.3640000001,602099.97699999996],[1648940.0969999991,602086.14399999939],[1648949.1600000001,602062.07399999909],[1648956.9100000001,602041.82899999991],[1648958.5390000008,602035.97000000067],[1648963.1870000008,602015.48399999924],[1648964.3479999993,601991.35300000012],[1648961.9619999994,601961.81299999915],[1648962.8049999997,601939.71800000034],[1648965.9039999992,601915.99699999951],[1648970.3430000003,601897.40100000054],[1648974.3389999997,601873.63599999994],[1648974.9979999997,601868.6099999994],[1648976.0730000008,601843.66899999976],[1648978.0979999993,601828.75500000082],[1648981.7510000002,601807.98100000061],[1648986.2939999998,601795.46900000051],[1648995.5920000002,601778.45900000073],[1649004.2310000006,601766.47599999979],[1649015.341,601726.53700000048],[1649022.852,601715.36700000055],[1649033.0649999995,601705.66300000064],[1649034.5089999996,601702.81399999931],[1649037.7650000006,601693.17100000009],[1649043.4910000004,601671.70600000024],[1649055.5989999995,601656.01799999923],[1649078.1809999999,601636.72900000028],[1649080.7530000005,601633.06799999997],[1649085.4780000001,601619.62099999934],[1649087.6860000007,601601.6950000003],[1649090.5759999994,601579.86500000022],[1649092.4419999998,601564.9299999997],[1649094.4360000007,601541.06699999981],[1649093.2290000003,601534.84100000001],[1649091.3939999994,601510.32399999909],[1649087.4010000005,601501.82100000046],[1649076.7929999996,601490.38800000027],[1649074.9820000008,601481.04900000058],[1649075.3239999991,601461.92400000058],[1649078.7369999997,601436.1679999996],[1649083.5170000009,601414.58100000024],[1649092.2339999992,601393.50300000049],[1649095.7520000003,601389.96299999952],[1649102.5010000002,601375.65899999999],[1649103.0250000004,601371.73399999924],[1649108.1449999996,601347.15599999949],[1649111.375,601322.33400000073],[1649114.4480000008,601313.625],[1649119.227,601292.0390000008],[1649120.0669999998,601286.07699999958],[1649123.9010000005,601264.36800000072],[1649132.3550000004,601237.18600000069],[1649141.8589999992,601218.28600000031],[1649145.2719999999,601206.5859999992],[1649143.8259999994,601195.37700000033],[1649136.9480000008,601170.20900000073],[1649136.2090000007,601152.06299999915],[1649134.5319999997,601141.62299999967],[1649128.6720000003,601115.78800000064],[1649128.2249999996,601096.56100000069],[1649131.875,601075.78700000048],[1649136.3359999992,601056.23599999957],[1649139.9859999996,601035.46199999936],[1649141.4550000001,601031.65799999982],[1649147.3599999994,601009.25899999961],[1649152.4539999999,600985.63599999994],[1649154.659,600967.71000000089],[1649162.7129999995,600921.46800000034],[1649167.5700000003,600906.91899999976],[1649176.8890000004,600888.95399999991],[1649182.8739999998,600873.59300000034],[1649195.8190000001,600851.94299999997],[1649206.0299999993,600842.23900000006],[1649213.5390000008,600831.06799999997],[1649223.1740000006,600811.06699999981],[1649230.9440000001,600789.86600000039],[1649231.4920000006,600784.9849999994],[1649236.5850000009,600761.3629999999],[1649239.4959999993,600738.57599999942],[1649239.0739999991,600734.52800000086],[1649237.0519999992,600710.94600000046],[1649237.4179999996,600706.99899999984],[1649241.4309999999,600684.35500000045],[1649240.2229999993,600678.12900000066],[1649241.4289999995,600668.22199999914],[1649250.4839999992,600644.1520000007],[1649253.7909999993,600626.36900000088],[1649256.7009999994,600603.58300000057],[1649253.8629999999,600587.08300000057],[1649248.4780000001,600573.2890000008],[1649239.3120000008,600559.00699999928],[1649228.9619999994,600537.54399999976],[1649222.1079999991,600527.55399999954],[1649208.7620000001,600489.5700000003],[1649199.9900000002,600464.15799999982],[1649196.4169999994,600459.70299999975],[1649194.2640000004,600453.35500000045],[1649198.0399999991,600439.78600000031],[1649205.0390000008,600385.25999999978],[1649207.1610000003,600360.29600000009],[1649210.0449999999,600338.46399999969],[1649209.5989999995,600333.29499999993],[1649209.8310000002,600308.08699999936],[1649212.398,600288.29099999927],[1649211.3969999999,600280.17500000075],[1649206.5869999994,600254.31599999964],[1649207.2190000005,600250.24400000088],[1649205.8969999999,600228.02999999933],[1649204.8420000002,600205.68999999948],[1649205.3169999998,600201.5979999993],[1649206.3589999992,600177.6129999999],[1649203.4140000008,600152.95199999958],[1649201.2559999991,600130.47000000067],[1649201.75,600111.36600000039],[1649201.8460000008,600087.25799999945],[1649201.5779999997,600065.01999999955],[1649203.9379999992,600047.11500000022],[1649204.1150000002,600030.04600000009],[1649206.1840000004,600013.22100000083],[1649210.352,599988.52099999972],[1649214.8660000004,599976.96299999952],[1649227.1750000007,599959.38399999961],[1649235.4680000003,599950.39100000076],[1649242.477,599942.19099999964],[1649245.0480000004,599938.52899999917],[1649256.8859999999,599916.73599999957],[1649263.1309999991,599907.47900000028],[1649278.1689999998,599884.18200000003],[1649279.0079999994,599878.22000000067],[1649284.1209999993,599853.64200000092],[1649284.1160000004,599837.50799999945],[1649286.1070000008,599829.77800000086],[1649290.8839999996,599824.32499999925],[1649292.4859999996,599819.41999999993],[1649291.4829999991,599811.30399999954],[1649292.6630000006,599802.35099999979],[1649291.1129999999,599799.11600000039],[1649289.1109999996,599774.57799999975],[1649290.4729999993,599764.68999999948],[1649294.4879999999,599756.10300000012],[1649303.3029999994,599743.18500000052],[1649318.0250000004,599721.92300000042],[1649326.1870000008,599705.72599999979],[1649331.5639999993,599687.25100000016],[1649345.5429999996,599641.61400000006],[1649351.523,599626.25300000049],[1649355.5380000006,599617.66699999943],[1649359.3699999992,599612.09100000001],[1649369.2890000008,599597.23900000006],[1649376.1140000001,599592.05000000075],[1649377.4000000004,599589.18099999987],[1649383.9330000002,599585.07300000079],[1649387.0089999996,599592.49799999967],[1649390.6070000008,599595.99799999967],[1649392.7369999997,599603.30100000091],[1649395.5480000004,599604.62199999951],[1649415.5800000001,599606.25],[1649439.0800000001,599604.17300000042],[1649460.1909999996,599604.82300000079],[1649482.1140000001,599606.6950000003],[1649504.1699999999,599607.46700000018],[1649520.6040000003,599605.59500000067],[1649532.5539999995,599606.01999999955],[1649536.6740000006,599605.59400000051],[1649562.4289999995,599601.89200000092],[1649580.182,599604.02500000037],[1649593.307,599603.80299999937],[1649601.3420000002,599604.84100000001],[1649612.5280000009,599604.20900000073],[1649628.9379999992,599601.21700000018],[1649637.5199999996,599597.37299999967],[1649644.5030000005,599590.12900000066],[1649650.4829999991,599574.76799999923],[1649661.5629999992,599568.05199999921],[1649674.2410000004,599562.66100000031],[1649698.9440000001,599550.67699999921],[1649707.8420000002,599544.79800000042],[1649730.2070000004,599527.40100000054],[1649761.9110000003,599493.15899999999],[1649778.1050000004,599484.22900000028],[1649788.2390000001,599475.31499999948],[1649811.1750000007,599454.15799999982],[1649821.1520000007,599447.30000000075],[1649842.7029999997,599436.98599999957],[1649868.2740000002,599434.22000000067],[1649872.2129999995,599434.72900000028],[1649880.4299999997,599432.75599999912],[1649896.4749999996,599433.7109999992],[1649907.8430000003,599432.14399999939],[1649911.7819999997,599432.65300000086],[1649922.2290000003,599430.00999999978],[1649929.8420000002,599424.92300000042],[1649932.0649999995,599408.11900000088],[1649929.1989999991,599390.49699999951],[1649925.1710000001,599366.81399999931],[1649927.4450000003,599341.86999999918],[1649929.4030000009,599318.9609999992],[1649932.307,599296.17400000058],[1649935.6329999994,599277.43500000052],[1649942.1099999994,599259.10400000028],[1649947.0449999999,599251.59500000067],[1649960.7939999998,599231.1679999996],[1649963.7290000003,599223.56000000052],[1649965.2980000004,599203.47599999979],[1649959.1699999999,599187.66899999976],[1649953.0690000001,599164.67699999921],[1649952.6140000001,599145.44999999925],[1649950.4749999996,599122.0120000001],[1649948.3120000008,599099.52899999917],[1649944.9710000008,599085.99799999967],[1649943.5539999995,599081.66200000048],[1649934.3499999996,599058.42899999954],[1649918.4560000002,599033.05399999954],[1649913.0079999994,599013.34200000018],[1649909.5669999998,599007.78500000015],[1649905.5960000008,598992.09699999914],[1649901.5669999998,598968.41499999911],[1649894.2870000005,598954.37600000016],[1649887.9010000005,598948.59899999946],[1649878.8640000001,598933.21499999985],[1649872.4790000003,598927.43799999915],[1649867.3300000001,598920.70299999975],[1649854.6689999998,598909.00400000066],[1649849.7850000001,598908.37299999967],[1649848.3420000002,598911.22199999914],[1649845.1909999996,598912.89100000076],[1649844.1469999999,598920.74300000072],[1649843.9649999999,598921.67799999937],[1649847.8279999997,598931.28199999966],[1649850.7709999997,598939.80900000036],[1649858.3670000006,598951.81200000085],[1649861.1280000005,598961.27400000021],[1649853.2510000002,598960.25599999912],[1649849.9920000006,598953.7650000006],[1649847.9440000001,598953.50100000016],[1649844.3460000008,598950.00100000016],[1649841.9250000007,598937.54800000042],[1649836.693,598923.77400000021],[1649832.3560000006,598918.2620000001],[1649826.6850000005,598915.45199999958],[1649822.1649999991,598910.875],[1649813.6239999998,598898.75],[1649812.6789999995,598898.62800000049],[1649806.2210000008,598893.64100000076],[1649793.4849999994,598891.03700000048],[1649771.1879999992,598883.20500000007],[1649754.5130000003,598880.09300000034],[1649750.7080000006,598878.48299999908],[1649746.1889999993,598873.90599999949],[1649747.6309999991,598871.05700000003],[1649749.7540000007,598862.22699999996],[1649744.6300000008,598854.53600000031],[1649741.1300000008,598843.06299999915],[1649742.9869999997,598828.12800000049],[1649748.443,598816.69199999981],[1649749.2809999995,598810.73100000061],[1649747.7540000007,598806.53999999911],[1649744.943,598805.21900000051],[1649741.6600000001,598799.68300000019],[1649739.7109999992,598791.44400000013],[1649740.3910000008,598785.46199999936],[1649743.8729999997,598766.74400000088],[1649748.068,598757.22199999914],[1649757.7180000003,598736.2650000006],[1649760.4220000003,598731.50300000049],[1649775.1140000001,598711.19800000079],[1649782.534,598692.9879999999],[1649787.6490000002,598684.54399999976],[1649803.8920000009,598667.4729999993],[1649811.2620000001,598657.40399999917],[1649826.0030000005,598628.95800000057],[1649827.0470000003,598621.10600000061],[1649831.9710000008,598597.46199999936],[1649830.3609999996,598586.23299999908],[1649832.1689999998,598573.20800000057],[1649837.0429999996,598557.70399999991],[1649844.9839999992,598535.56900000013],[1649847.3379999995,598517.66300000064],[1649855.909,598497.68500000052],[1649856.1649999991,598487.65499999933],[1649853.2210000008,598479.12800000049],[1649853.7430000007,598475.20199999958],[1649855.8310000002,598451.19199999981],[1649857.4550000001,598445.3320000004],[1649874.0759999994,598403.07200000063],[1649883.1679999996,598379.1679999996],[1649891.6649999991,598359.98000000045],[1649901.5800000001,598345.12700000033],[1649911.8100000005,598328.23900000006],[1649928.5480000004,598308.19800000079],[1649933.6630000006,598299.75400000066],[1649950.7410000004,598276.72199999914],[1649959.9159999993,598259.85700000077],[1649976.9940000009,598236.82599999942],[1649980.7149999999,598223.08999999985],[1649980.4489999991,598216.98599999957],[1649984.3039999995,598210.45500000007],[1649993.5140000004,598202.53999999911],[1649998.3139999993,598196.13199999928],[1650009.6600000001,598162.29600000009],[1650025.8760000002,598146.18200000003],[1650030.8570000008,598138.83899999969],[1650035.3660000004,598127.28099999949],[1650043.0260000005,598114.0549999997],[1650052.6980000008,598094.21900000051],[1650064.3929999992,598073.5270000007],[1650070.1620000005,598060.05599999987],[1650079.3619999997,598036.00699999928],[1650080.7679999992,598024.20800000057],[1650080.1870000008,598013.91000000015],[1650074.1889999993,597997.00200000033],[1650075.2310000006,597989.15000000037],[1650085.4600000009,597972.2620000001],[1650101.8809999991,597954.25699999928],[1650104.8389999997,597939.46399999969],[1650104.7300000004,597931.30399999954],[1650106.5480000004,597909.49499999918],[1650104.5240000002,597902.04600000009],[1650098.659,597892.34300000034],[1650099.023,597882.16699999943],[1650107.6760000009,597869.22800000012],[1650114.6559999995,597861.98299999908],[1650129.6830000002,597838.68700000085],[1650134.8939999994,597822.26899999939],[1650140.602,597800.80299999937],[1650142.7349999994,597776.95900000073],[1650130.1070000008,597740.98399999924],[1650127.1740000006,597717.44400000013],[1650129.0280000009,597702.50799999945],[1650130.8090000004,597696.66899999976],[1650144.5510000009,597676.24100000039],[1650154.7550000008,597666.53800000064],[1650163.5160000008,597653.45399999991],[1650164.0370000005,597649.52800000086],[1650169.1380000003,597624.94899999909],[1650171.5250000004,597622.22199999914],[1650173.6209999993,597614.34699999914],[1650183.8729999997,597596.50300000049],[1650191.9910000004,597573.43200000003],[1650192.9230000004,597557.41999999993],[1650191.7109999992,597551.19299999997],[1650180.4030000009,597529.60600000061],[1650178.9849999994,597525.26899999939],[1650172.9000000004,597501.32100000046],[1650177.6610000003,597479.73399999924],[1650182.2170000002,597468.34200000018],[1650193.3039999995,597444.53700000048],[1650199.9309999999,597424.14900000021],[1650201.3839999996,597404.21000000089],[1650199.5409999993,597395.82499999925],[1650192.5099999998,597371.75500000082],[1650190,597352.26300000027],[1650190.2770000007,597341.2770000007],[1650193.2809999995,597318.34400000051],[1650190.1640000008,597295.7379999999],[1650185.023,597271.91300000064],[1650186.1119999997,597255.91999999993],[1650189.0050000008,597233.13299999945],[1650184.9670000002,597209.44999999925],[1650186.6620000005,597196.57100000046],[1650191.5930000003,597189.06100000069],[1650195.9670000002,597178.60500000045],[1650204.3880000003,597168.5120000001],[1650204.727,597165.51999999955],[1650194.2050000001,597146.11099999957],[1650194.3619999997,597144.0549999997],[1650201.1229999997,597130.87199999951],[1650206.0539999995,597123.3629999999],[1650221.9979999997,597101.14299999923],[1650224.3000000007,597091.37800000049],[1650221.5350000001,597081.91599999927],[1650222.0559999999,597077.98900000006],[1650238.4729999993,597059.98399999924],[1650239.466,597051.96600000001],[1650236.2149999999,597030.4609999992],[1650236.0649999995,597007.12099999934],[1650231.3479999993,596989.41999999993],[1650231.8929999992,596984.5390000008],[1650234.2799999993,596981.81200000085],[1650238.5329999998,596980.28500000015],[1650254.2390000001,596984.23200000077],[1650257.2559999991,596983.66300000064],[1650261.8489999995,596979.14499999955],[1650271.5160000008,596959.30900000036],[1650274.1549999993,596946.55199999921],[1650279.0470000003,596923.8629999999],[1650283.5769999996,596911.35099999979],[1650284.5930000003,596904.45399999991],[1650285.7520000003,596879.36600000039],[1650286.5720000006,596857.26899999939],[1650288.1079999991,596844.36900000088],[1650290.9759999998,596822.53700000048],[1650291.0710000005,596814.56200000085],[1650292.0480000004,596790.40899999999],[1650291.4409999996,596787.29600000009],[1650289.6060000006,596761.82100000046],[1650282.9260000009,596750.89499999955],[1650280.9729999993,596742.65599999949],[1650282.7530000005,596736.81599999964],[1650295.5460000001,596716.26600000076],[1650310.8589999992,596698.11900000088],[1650312.0319999997,596689.16499999911],[1650309.6679999996,596684.7070000004],[1650307.7860000003,596667.37199999951],[1650308.6209999993,596661.41000000015],[1650312.7709999997,596636.70900000073],[1650317.8670000006,596612.13000000082],[1650320.2379999999,596593.26799999923],[1650323.1530000009,596571.60199999996],[1650323.0170000009,596564.39599999972],[1650324.7809999995,596542.42100000009],[1650329.6730000004,596528.0390000008],[1650330.8460000008,596519.08500000089],[1650330.648,596503.88499999978],[1650330.8129999992,596486.81499999948],[1650331.8120000008,596463.78299999982],[1650335.9619999994,596439.0820000004],[1650339.9059999995,596416.27099999972],[1650333.9729999993,596392.34300000034],[1650332.2709999997,596374.07300000079],[1650337.1380000003,596358.56900000013],[1650338.1050000004,596351.50599999912],[1650339.8680000007,596329.53099999949],[1650338.8599999994,596321.4140000008],[1650337.943,596297.01700000092],[1650337.2569999993,596271.84999999963],[1650339.3330000006,596247.83899999969],[1650338.4159999993,596223.44099999964],[1650335.273,596208.01999999955],[1650334.9169999994,596194.87700000033],[1650335.1270000003,596169.66599999927],[1650333.6199999992,596158.28999999911],[1650328.7180000003,596141.52400000021],[1650327.9609999992,596123.37600000016],[1650330.3929999992,596112.50899999961],[1650335.4859999996,596087.9299999997],[1650340.1950000003,596074.48200000077],[1650343.3279999997,596058.75400000066],[1650347.4749999996,596034.05199999921],[1650348.7589999996,596031.18300000019],[1650351.6649999991,596024.53099999949],[1650360.1070000008,596013.48200000077],[1650387.5490000006,595996.9020000007],[1650395.7860000003,595987.74300000072],[1650401.4399999995,595974.4179999996],[1650407.1150000002,595953.90699999966],[1650413.9169999994,595932.58300000057],[1650416.5089999996,595927.96600000001],[1650419.9550000001,595908.12600000016],[1650419.7559999991,595895.00200000033],[1650419.6490000002,595871.82699999958],[1650416.3450000007,595850.15599999949],[1650409.7809999995,595830.30000000075],[1650413.6339999996,595800.44899999909],[1650413.3969999999,595755.0549999997],[1650414.5920000002,595745.14599999972],[1650418.8949999996,595720.46499999985],[1650421.9379999992,595695.61999999918],[1650421.2430000007,595685.46800000034],[1650422.2390000001,595662.43500000052],[1650419.4949999992,595652.01799999923],[1650411.6630000006,595642.85899999924],[1650392.4739999995,595628.56000000052],[1650392.3159999996,595628.53999999911],[1650373.9020000007,595614.8200000003],[1650356.9810000006,595604.64699999988],[1650336.2530000005,595592.86400000006],[1650328.8949999996,595587.91999999993],[1650321.6940000001,595580.91999999993],[1650317.6909999996,595572.41599999927],[1650316.3880000003,595559.15000000037],[1650314.9489999991,595538.67899999954],[1650314.9979999997,595515.52400000021],[1650314.7090000007,595493.28399999999],[1650316.2679999992,595458.18500000052],[1650318.3640000001,595433.21900000051],[1650320.8230000008,595406.38299999945],[1650327.5580000002,595353.74300000072],[1650333.0539999995,595319.15300000086],[1650340.6180000007,595298.88599999994],[1650352.1439999994,595280.25],[1650360.4519999996,595270.30199999921],[1650373.9130000006,595243.76899999939],[1650377.8310000002,595228.14200000092],[1650387.5999999996,595208.16000000015],[1650395.5449999999,595200.0820000004],[1650403.3100000005,595195.01600000076],[1650408.2860000003,595187.67200000025],[1650410.5350000001,595177.74000000022],[1650412.5620000008,595161.86900000088],[1650423.0289999992,595134.94999999925],[1650435.6610000003,595099.36500000022],[1650437.7530000005,595091.48900000006],[1650443.0869999994,595073.96900000051],[1650449.8870000001,595035.55399999954],[1650458.1500000004,595010.42600000091],[1650469.7420000006,594982.69299999997],[1650475.1649999991,594972.21299999952],[1650472.602,594960.86099999957],[1650470.8220000006,594943.38000000082],[1650465.8729999997,594934.75400000066],[1650459.5030000005,594921.79199999943],[1650454.2829999998,594907.06100000069],[1650450.0089999996,594892.45299999975],[1650447.9810000006,594885.00300000049],[1650447.5779999997,594879.99899999984],[1650445.0580000002,594860.50599999912],[1650444.1339999996,594836.10799999908],[1650444.7219999991,594808.07200000063],[1650445.9130000006,594774.84200000018],[1650444.2050000001,594756.57200000063],[1650443.5950000007,594730.13800000027],[1650450.3709999993,594677.66499999911],[1650454.1740000006,594655.95399999991],[1650455.7479999997,594634.91300000064],[1650455.1850000005,594608.64499999955],[1650455.9949999992,594586.54700000025],[1650456.3090000004,594567.42100000009],[1650462.1129999999,594530.79399999976],[1650463.8670000006,594508.81900000013],[1650463.1699999999,594498.66599999927],[1650458.2200000007,594490.03999999911],[1650426.2819999997,594479.84400000051],[1650409.6720000003,594467.63499999978],[1650398.4409999996,594453.08699999936],[1650391.4849999994,594436.05599999987],[1650380.591,594418.51600000076],[1650370.9130000006,594407.20299999975],[1650362.5419999994,594394.14200000092],[1650354.0329999998,594373.87600000016],[1650351.3059999999,594356.27300000004],[1650352.4989999998,594346.36400000006],[1650363.0950000007,594303.32899999991],[1650375.2449999992,594263.52899999917],[1650379.5639999993,594237.89200000092],[1650387.2799999993,594200.55399999954],[1650394.0739999991,594179.23000000045],[1650399.6520000007,594151.67799999937],[1650404.8259999994,594119.12399999984],[1650409.3910000008,594083.45500000007],[1650413.5280000009,594058.75300000049],[1650416.2259999998,594036.89900000021],[1650420.068,593992.03299999982],[1650417.273,593966.43600000069],[1650410.3579999991,593941.26400000043],[1650403.2449999992,593926.2890000008],[1650393.3359999992,593900.73100000061],[1650386.6500000004,593874.78999999911],[1650379.8249999993,593856.65899999999],[1650374.4470000006,593843.98399999924],[1650370.3920000009,593835.31499999948],[1650361.0260000005,593821.96600000001],[1650361.7670000009,593808.96399999969],[1650368.5409999993,593794.82499999925],[1650378.5989999995,593779.99100000039],[1650394.7990000006,593763.875],[1650411.6309999991,593749.91699999943],[1650424.4110000003,593744.38000000082],[1650445.5199999996,593730.01600000076],[1650465.9539999999,593719.55800000019],[1650485.2379999999,593710.86800000072],[1650506.5940000005,593701.4879999999],[1650525.8780000005,593692.79800000042],[1650549.9140000008,593685.83999999985],[1650561.4340000004,593682.21800000034],[1650581.1950000003,593677.74300000072],[1650595.0999999996,593671.39299999923],[1650601.2420000006,593655.09600000083],[1650607.4250000007,593630.65799999982],[1650613.6989999991,593613.25999999978],[1650617.1840000004,593593.58500000089],[1650619.7650000006,593565.64699999988],[1650614.1549999993,593538.72699999996],[1650609.8530000001,593525.07300000079],[1650603.3890000004,593505.07100000046],[1650594.3819999993,593487.77500000037],[1650584.2740000002,593472.41300000064],[1650562.9340000004,593457.51700000092],[1650547.6280000005,593443.56000000052],[1650530.5399999991,593427.1370000001],[1650517.2829999998,593413.4450000003],[1650505.5539999995,593401.86800000072],[1650499.1809999999,593388.90499999933],[1650495.8239999991,593375.37399999984],[1650496.5629999992,593362.37199999951],[1650497.8859999999,593351.36199999973],[1650501.4859999996,593339.8479999993],[1650506.3839999996,593316.20199999958],[1650510.3619999997,593293.55599999987],[1650514.4039999992,593261.81399999931],[1650515.8560000006,593234.68799999915],[1650511.6840000004,593204.91999999993],[1650505.3969999999,593181.90599999949],[1650502.7379999999,593163.51400000043],[1650504.8880000003,593131.5270000007],[1650508.9079999998,593115.75400000066],[1650518.6500000004,593102.9570000004],[1650531.9179999996,593077.35799999908],[1650541.6329999994,593048.42500000075],[1650545.9729999993,593038.92300000042],[1650556.9739999995,593024.2109999992],[1650571.8640000001,593009.84300000034],[1650584.0830000006,593001.35899999924],[1650601.7019999996,592989.57899999991],[1650620.5309999995,592975.72000000067],[1650634.7970000003,592967.5],[1650651.4710000008,592955.5979999993],[1650657.8350000009,592945.24000000022],[1650660.8000000007,592929.49100000039],[1650659.3090000004,592917.15899999999],[1650652.5059999991,592900.14800000004],[1650650.2970000003,592884.8479999993],[1650654.341,592870.19700000063],[1650661.3139999993,592862.95199999958],[1650667.2550000008,592854.77500000037],[1650673.7070000004,592836.44099999964],[1650675.4299999997,592815.42100000009],[1650673.6260000002,592805.125],[1650665.4240000006,592782.82200000063],[1650659.8090000004,592755.9020000007],[1650653.4340000004,592742.93899999931],[1650649.943,592730.50899999961],[1650649.8619999997,592699.19199999981],[1650655.7670000009,592668.64900000021],[1650665.0270000007,592636.62299999967],[1650676.3090000004,592603.74000000022],[1650683.1889999993,592589.45500000007],[1650693.875,592576.77899999917],[1650704.7559999991,592553.90699999966],[1650710.6199999992,592531.50500000082],[1650721.2929999996,592495.50799999945],[1650736.4499999993,592472.23000000045],[1650751.5429999996,592455.97199999914],[1650770.9749999996,592430.2109999992],[1650784.2650000006,592405.73299999908],[1650791.1439999994,592391.44800000079],[1650787.784,592377.91699999943],[1650785.6199999992,592371.56799999997],[1650788.7239999995,592363.02400000021],[1650793.8279999997,592354.58000000007],[1650799.4489999991,592342.20800000057],[1650805.8110000007,592331.84999999963],[1650816.3550000004,592311.96900000051],[1650827.5329999998,592296.32300000079],[1650830.716,592271.49799999967],[1650829.7009999994,592263.38000000082],[1650823.841,592246.49100000039],[1650823.3269999996,592211.12600000016],[1650821.4450000003,592186.60500000045],[1650821.75,592167.47699999996],[1650820.9309999999,592151.23900000006],[1650822.4940000009,592130.19800000079],[1650826.3729999997,592100.51099999994],[1650832.8450000007,592081.22199999914],[1650841.9260000009,592065.14599999972],[1650854.3839999996,592046.63000000082],[1650874.9399999995,592020.05700000003],[1650888.2109999992,592011.54900000058],[1650898.1980000008,592003.73599999957],[1650915.4470000006,591978.81200000085],[1650928.2890000008,591966.25599999912],[1650953.3920000009,591943.3049999997],[1650984.6370000001,591919.07200000063],[1651012.9590000007,591902.44700000063],[1651044.2300000004,591879.33500000089],[1651064.7679999992,591868.73299999908],[1651078.2650000006,591857.38000000082],[1651078.0219999999,591828.11900000088],[1651078.5390000008,591824.19299999997],[1651081.5930000003,591815.48299999908],[1651089.6899999995,591807.42500000075],[1651098.3729999997,591803.43700000085],[1651108.6339999996,591801.72800000012],[1651135.6980000008,591787.01799999923],[1651143.4820000008,591780.99599999934],[1651148.7650000006,591771.61600000039],[1651153.8450000007,591764.12700000033],[1651157.7129999995,591756.64100000076],[1651163.7379999999,591749.27400000021],[1651170.7569999993,591742.1950000003],[1651174.3990000002,591737.55399999954],[1651187.341,591738.26899999939],[1651185.1199999992,591716.73900000006],[1651180.5390000008,591696.98000000045],[1651176.1620000005,591675.33000000007],[1651170.9470000006,591653.41300000064],[1651165.6239999998,591631.64200000092],[1651156.807,591606.22399999946],[1651144.6449999996,591590.59600000083],[1651133.5299999993,591559.9299999997],[1651127.8220000006,591540.98399999924],[1651127.2430000007,591514.71399999969],[1651126.7239999995,591479.34899999946],[1651124.3929999992,591457.96399999969],[1651125.8359999992,591430.83799999952],[1651130.3239999991,591379.98699999973],[1651133.2609999999,591365.19299999997],[1651137.4069999997,591339.53399999999],[1651144.7750000004,591322.27800000086],[1651162.6309999991,591300.46800000034],[1651170.2479999997,591288.19600000046],[1651179.0020000003,591283.41699999943],[1651188.9649999999,591276.55900000036],[1651200.5439999998,591263.84100000001],[1651212.6410000008,591249.27199999988],[1651218.3190000001,591227.8049999997],[1651223.2320000008,591205.27999999933],[1651225.7620000001,591185.48200000077],[1651232.2440000009,591159.00699999928],[1651237.4920000006,591133.49100000039],[1651242.4409999996,591102.82499999925],[1651246.5629999992,591078.12199999951],[1651251.4399999995,591039.4609999992],[1651260.1750000007,590987.08300000057],[1651268.9680000003,590949.88599999994],[1651274.9460000005,590935.64499999955],[1651286.6089999992,590914.95099999942],[1651297.0289999992,590888.9849999994],[1651304.1060000006,590872.81000000052],[1651312.057,590857.54600000009],[1651319.0969999991,590849.5120000001],[1651330.4979999997,590839.8049999997],[1651340.8440000005,590830.12199999951],[1651354.7449999992,590823.77300000004],[1651370.8969999999,590815.79900000058],[1651381.8420000002,590800.92200000025],[1651385.2550000008,590790.34200000018],[1651386.9560000002,590776.50699999928],[1651388.7420000006,590763.48100000061],[1651385.2459999993,590751.04900000058],[1651383.727,590739.67200000025],[1651386.8880000003,590722.03299999982],[1651393.7019999996,590716.84400000051],[1651401.2809999995,590712.71299999952],[1651404.6319999993,590709.15300000086],[1651397.5820000004,590702.17200000025],[1651397.3059999999,590696.06699999981],[1651399.5940000005,590686.30000000075],[1651406.0700000003,590682.02600000054],[1651412.4179999996,590680.9299999997],[1651411.0170000009,590675.63800000027],[1651401.5109999999,590663.38800000027],[1651397.0930000003,590658.6640000008],[1651387.4069999997,590647.34999999963],[1651379.1449999996,590640.37199999951],[1651371.3039999995,590631.21199999936],[1651364.8499999996,590610.25300000049],[1651360.5179999992,590597.55399999954],[1651353.6109999996,590549.22399999946],[1651350.1730000004,590527.69600000046],[1651344.6420000009,590507.81499999948],[1651338.3460000008,590486.87600000016],[1651333.0899999999,590473.09999999963],[1651330.9820000008,590457.65399999917],[1651330.3120000008,590439.35899999924],[1651330.7899999991,590419.29600000009],[1651330.4550000001,590398.00899999961],[1651329.4979999997,590382.87199999951],[1651327.5710000005,590366.49100000039],[1651325.3670000006,590344.00500000082],[1651321.4269999992,590319.21800000034],[1651317.1160000004,590305.56399999931],[1651310.6030000001,590293.70099999942],[1651307.8249999993,590284.2379999999],[1651302.8680000007,590275.61099999957],[1651292.0539999995,590240.8320000004],[1651294.9509999994,590234.17899999954],[1651295.5020000003,590222.11099999957],[1651291.3350000009,590215.66300000064],[1651288.3770000003,590207.13499999978],[1651294.4000000004,590199.76700000092],[1651305.7860000003,590197.24599999934],[1651312.1079999991,590195.02800000086],[1651315.0280000009,590187.41999999993],[1651303.1510000005,590170.7109999992],[1651295.6079999991,590166.70199999958],[1651290.4700000007,590159.00999999978],[1651288.5419999994,590142.62900000066],[1651290.8859999999,590123.76600000076],[1651292.5399999991,590111.84100000001],[1651294.0580000002,590098.93999999948],[1651299.3149999995,590090.5150000006],[1651306.8809999991,590093.56900000013],[1651307.5649999995,590104.67899999954],[1651304.4169999994,590128.54900000058],[1651304.6089999992,590142.62900000066],[1651304.5730000008,590150.76999999955],[1651308.7880000006,590157.38499999978],[1651315.5179999992,590160.17100000009],[1651320.4859999996,590152.82699999958],[1651321.9820000008,590140.88199999928],[1651323.3230000008,590130.99300000072],[1651327.9900000002,590094.22100000083],[1651328.8159999996,590088.25899999961],[1651327.4629999995,590083.13299999945],[1651323.0449999999,590078.40899999999],[1651319.6429999992,590073.01799999923],[1651320.8039999995,590064.06399999931],[1651329.8200000003,590057.08300000057],[1651335.2190000005,590053.78800000064],[1651332.1290000007,590046.36099999957],[1651329.5059999991,590034.84200000018],[1651329.159,590022.81799999997],[1651330.6769999992,590009.91699999943],[1651332.9409999996,590001.10500000045],[1651342.0020000003,589992.21399999969],[1651348.6699999999,589979.81900000013],[1651349.4230000004,589965.86099999957],[1651349.0270000007,589953.67100000009],[1651348.0079999994,589945.55399999954],[1651346.5840000007,589941.21700000018],[1651343.4940000009,589933.78999999911],[1651337.9859999996,589937.23100000061],[1651335.6999999993,589946.99799999967],[1651335.4619999994,589957.02899999917],[1651332.5299999993,589971.82399999909],[1651324.9279999994,589976.91000000015],[1651318.3300000001,589973.02300000004],[1651315.5749999993,589962.60500000045],[1651317.9930000007,589951.73699999973],[1651322.1469999999,589943.16899999976],[1651323.1760000009,589935.31699999981],[1651318.8650000002,589921.66200000048],[1651316.8509999998,589913.25599999912],[1651319.1380000003,589903.48900000006],[1651326.5850000009,589900.45900000073],[1651332.3690000009,589903.12299999967],[1651339.4199999999,589910.10400000028],[1651342.6290000007,589901.41499999911],[1651342.5549999997,589893.41899999976],[1651336.7609999999,589884.52400000021],[1651329.1439999994,589872.51899999939],[1651323.3719999995,589862.66899999976],[1651319.9829999991,589850.09300000034],[1651318.9979999997,589833.83400000073],[1651320.9340000004,589809.96600000001],[1651320.7530000005,589788.69999999925],[1651322.8420000002,589740.57499999925],[1651330.7229999993,589679.14299999923],[1651334.6349999998,589656.33000000007],[1651339.3249999993,589642.88099999912],[1651347.9670000002,589622.75500000082],[1651358.7620000001,589593.96299999952],[1651369.1750000007,589567.99699999951],[1651374.6909999996,589548.58500000089],[1651383.8690000009,589523.57799999975],[1651396.7599999998,589501.92500000075],[1651411.7100000009,589486.76700000092],[1651423.4419999998,589474.06900000013],[1651434.6099999994,589458.42200000025],[1651448.8300000001,589434.06599999964],[1651454.0189999994,589408.38299999945],[1651453.8019999992,589395.25799999945],[1651453.6649999991,589372.08100000024],[1651454.4499999993,589349.98200000077],[1651454.5669999998,589333.86500000022],[1651456.3949999996,589318.92799999937],[1651467.3190000001,589289.03600000031],[1651479.8640000001,589277.56000000052],[1651493.1999999993,589268.26300000027],[1651513.2249999996,589245.61600000039],[1651527.875,589225.30900000036],[1651541.5559999999,589205.83500000089],[1651555.4140000008,589183.34899999946],[1651573.5480000004,589160.45800000057],[1651588.6539999992,589145.32100000046],[1651604.1089999992,589142.20800000057],[1651619.9250000007,589137.22499999963],[1651632.6980000008,589131.68899999931],[1651637.3530000001,589126.38199999928],[1651646.0669999998,589114.25100000016],[1651654.4179999996,589095.2070000004],[1651653.4079999998,589079.90300000086],[1651648.4489999991,589071.27600000054],[1651648.4829999991,589063.13399999961],[1651651.5920000002,589047.40499999933],[1651659.2109999992,589019.16100000031],[1651667.7180000003,589000.13599999994],[1651678.5590000004,588978.21900000051],[1651691.2180000003,588950.62700000033],[1651701.6160000004,588931.84699999914],[1651706.0040000007,588913.24799999967],[1651715.2540000007,588896.23599999957],[1651727.1860000007,588881.64699999988],[1651740.0409999993,588868.13599999994],[1651743.5480000004,588864.59699999914],[1651756.7359999996,588848.09400000051],[1651767.8760000002,588831.32699999958],[1651777.9729999993,588807.39699999988],[1651782.6390000004,588794.90300000086],[1651787.841,588777.52800000086],[1651802.8159999996,588732.0270000007],[1651806.7650000006,588725.35099999979],[1651804.2850000001,588721.03700000048],[1651803.5979999993,588709.92799999937],[1651805.6789999995,588702.05100000091],[1651814.2139999997,588634.63599999994],[1651815.8629999999,588622.71000000089],[1651818.2019999996,588603.84600000083],[1651824.0800000001,588573.30199999921],[1651838.1960000005,588541.90599999949],[1651849.3129999992,588526.09400000051],[1651860.2980000004,588511.38299999945],[1651868.3890000004,588503.32499999925],[1651877.1950000003,588489.44999999925],[1651883.4489999991,588472.05100000091],[1651891.7750000004,588453.96199999936],[1651900.8690000009,588439.00599999912],[1651908.9920000006,588422.80700000003],[1651918.2620000001,588404.83999999985],[1651923.2280000001,588397.49599999934],[1651929.7929999996,588378.06100000069],[1651937.9869999997,588361.07200000063],[1651950.5610000007,588341.45600000024],[1651963.0150000006,588315.75500000082],[1651969.1370000001,588299.4570000004],[1651973.9330000002,588285.86199999973],[1651979.2640000004,588267.38499999978],[1651986.5659999996,588241.17799999937],[1651997.5830000006,588218.32499999925],[1652008.1349999998,588199.56599999964],[1652013.5419999994,588189.08500000089],[1652016.2789999992,588182.41100000031],[1652021.8660000004,588170.99499999918],[1652026.0390000008,588161.4729999993],[1652030.1899999995,588152.90599999949],[1652031.0360000003,588145.9879999999],[1652034.2960000001,588128.20099999942],[1652035.7139999997,588110.33699999936],[1652035.9480000008,588100.3049999997],[1652031.1180000007,588090.57599999942],[1652028.3589999992,588080.15699999966],[1652026.8330000006,588068.77899999917],[1652025.8430000003,588052.51999999955],[1652024.6999999993,588038.31699999981],[1652018.3660000004,588016.25500000082],[1652015.3540000003,588000.85199999996],[1652013.5309999995,587968.35300000012],[1652013.4629999995,587953.17100000009],[1652011.2699999996,587929.72800000012],[1652007.5749999993,587912.00100000016],[1652002.8249999993,587894.29700000025],[1651997.2829999998,587874.4140000008],[1651987.8369999994,587829.90899999999],[1651983.7530000005,587806.22199999914],[1651981.5150000006,587784.68999999948],[1651977.6099999994,587760.06799999997],[1651971.1219999995,587740.06299999915],[1651962.4059999995,587720.72800000012],[1651956.2970000003,587713.86900000088],[1651946.9379999992,587699.56100000069],[1651938.8609999996,587684.46199999936],[1651928.7349999994,587669.0979999993],[1651919.5059999991,587653.68899999931],[1651909.8709999993,587635.35400000028],[1651906.909,587626.82499999925],[1651902.7929999996,587611.27999999933],[1651894.2870000005,587582.86800000072],[1651891.7180000003,587548.35700000077],[1651887.4529999997,587525.60500000045],[1651883.3920000009,587519.00999999978],[1651874.1309999991,587511.74400000088],[1651867.2789999992,587502.87199999951],[1651866.0759999994,587495.68899999931],[1651861.7349999994,587482.98900000006],[1651858.4619999994,587476.49699999951],[1651855.0659999996,587463.91999999993],[1651854.0209999997,587456.75699999928],[1651854.6649999991,587451.72900000028],[1651853.8210000005,587442.67600000091],[1651853.5409999993,587436.57100000046],[1651854.0069999993,587416.50699999928],[1651852.8129999992,587402.13800000027],[1651850.6219999995,587380.77199999988],[1651845.6429999992,587347.86600000039],[1651844.3489999995,587326.45600000024],[1651842.3100000005,587303.03399999999],[1651840.4030000009,587278.51099999994],[1651834.9379999992,587250.6520000007],[1651830.0059999991,587233.88399999961],[1651824.5620000008,587221.04099999927],[1651819.2970000003,587207.26400000043],[1651811.1710000001,587176.02800000086],[1651809.8230000008,587163.71499999985],[1651809.875,587154.61800000072],[1651806.7589999996,587148.14599999972],[1651801.5170000009,587133.41300000064],[1651798.5319999997,587109.86900000088],[1651792.4039999992,587078.73100000061],[1651783.7349999994,587059.56200000085],[1651777.6549999993,587044.56200000085],[1651770.3640000001,587029.56499999948],[1651761.6720000003,587011.35199999996],[1651752.4979999997,586988.92400000058],[1651733.8839999996,586944.19400000013],[1651729.4110000003,586932.59500000067],[1651715.1860000007,586916.70199999958],[1651703.4780000001,586899.05700000003],[1651688.4100000001,586890.08300000057],[1651677.6689999998,586887.57599999942],[1651672.1940000001,586882.87600000016],[1651665.2119999994,586865.84300000034],[1651660.5600000005,586855.17899999954],[1651660.4590000007,586848.13900000043],[1651647.0050000008,586835.38000000082],[1651630.5089999996,586822.06799999997],[1651607.3599999994,586797.99499999918],[1651577.3570000008,586781.02099999972],[1651566.5079999994,586778.66100000031],[1651541.5120000001,586768.40399999917],[1651530.0280000009,586763.88499999978],[1651521.8690000009,586756.7620000001],[1651511.8420000002,586748.43899999931],[1651500.409,586734.82399999909],[1651500.9210000001,586730.89699999988],[1651503.3809999991,586720.1950000003],[1651507.3790000007,586704.42100000009],[1651514.2890000008,586690.30000000075],[1651519.5620000008,586680.91999999993],[1651528.2210000008,586652.65100000054],[1651528.5030000005,586633.52199999988],[1651529.2239999995,586620.51899999939],[1651526.9020000007,586590.99200000055],[1651523.0419999994,586582.50699999928],[1651522.148,586573.28800000064],[1651528.4309999999,586524.58899999969],[1651532.0659999996,586503.97699999996],[1651538.9489999991,586488.7349999994],[1651548.5,586469.68600000069],[1651550.9590000007,586458.98299999908],[1651555.0270000007,586442.41999999993],[1651554.6520000007,586422.08799999952],[1651560.0830000006,586387.49300000072],[1651560.6459999997,586374.46900000051],[1651557.5289999992,586367.99799999967],[1651553.4879999999,586360.44800000079],[1651549.2899999991,586352.87800000049],[1651538.9299999997,586347.54700000025],[1651537.9849999994,586347.42500000075],[1651529.0040000007,586346.2650000006],[1651520.0010000002,586346.06000000052],[1651505.6459999997,586347.24000000022],[1651493.2090000007,586349.78600000031],[1651488.3239999991,586349.15499999933],[1651485.9729999993,586343.74000000022],[1651487.3279999997,586332.89499999955],[1651487.1779999994,586325.68899999931],[1651482.4949999992,586323.16699999943],[1651474.4370000008,586323.08400000073],[1651465.9389999993,586326.13900000043],[1651459.0859999992,586333.23900000006],[1651452.148,586355.50100000016],[1651446.6160000004,586383.0549999997],[1651442.7200000007,586405.86999999918],[1651439.2870000005,586424.59200000018],[1651433.4800000004,586438.85500000045],[1651422.4000000004,586446.5270000007],[1651410.2719999999,586447.03700000048],[1651396.25,586445.22499999963],[1651380.2129999995,586437.08500000089],[1651371.1079999991,586429.83999999985],[1651352.6109999996,586416.4299999997],[1651335.5490000006,586400.17200000025],[1651334.2510000002,586378.76300000027],[1651331.9210000001,586372.39299999923],[1651318.3650000002,586352.59500000067],[1651304.7080000006,586341.72699999996],[1651297.3640000001,586335.82799999975],[1651291.0730000008,586329.90399999917],[1651282.6040000003,586324.81799999997],[1651270.7070000004,586315.29600000009],[1651252.932,586304.85500000045],[1651237.2200000007,586300.91000000015],[1651220.3599999994,586298.73200000077],[1651205.341,586305.89599999972],[1651194.5419999994,586319.67400000058],[1651184.5160000008,586327.32399999909],[1651170.4419999998,586334.6099999994],[1651150.5600000005,586340.18799999915],[1651133.7229999993,586337.0549999997],[1651120.0659999996,586326.18899999931],[1651111.4949999992,586314.06200000085],[1651103.6679999996,586303.94800000079],[1651097.1449999996,586292.0859999992],[1651092.5199999996,586273.28199999966],[1651090.5789999999,586256.90000000037],[1651089.2510000002,586243.63299999945],[1651087.7430000007,586231.30000000075],[1651087.0280000009,586221.14599999972],[1651087.9269999992,586207.20800000057],[1651091.0789999999,586182.38000000082],[1651092.6659999993,586177.47499999963],[1651108.8389999997,586161.35600000061],[1651126.3159999996,586143.48900000006],[1651143.716,586133.59699999914],[1651157.6099999994,586127.24599999934],[1651174.0859999992,586116.2770000007],[1651194.0739999991,586094.5820000004],[1651215.5179999992,586069.08300000057],[1651229.2019999996,586055.83699999936],[1651247.5240000002,586047.02300000004],[1651263.591,586047.02199999988],[1651279.6840000004,586048.14200000092],[1651296.5429999996,586050.31900000013],[1651311.6349999998,586058.33699999936],[1651321.9729999993,586064.62299999967],[1651342.7719999999,586067.30900000036],[1651349.5250000004,586069.1400000006],[1651363.3680000007,586071.88599999994],[1651378.9719999991,586075.97699999996],[1651401.0030000005,586077.70500000007],[1651413.3100000005,586076.25999999978],[1651425.4590000007,586074.79499999993],[1651451.1750000007,586072.04800000042],[1651459.3629999999,586071.02899999917],[1651464.4489999991,586069.76999999955],[1651472.0020000003,586066.59300000034],[1651486.6889999993,586062.42100000009],[1651490.9600000009,586059.93799999915],[1651510.2770000007,586051.4140000008],[1651533.4829999991,586043.23200000077],[1651564.6459999997,586028.09200000018],[1651592.4049999993,586023.53399999999],[1651613.7699999996,586015.27400000021],[1651628.9409999996,586006.05399999954],[1651646.4169999994,585988.18899999931],[1651675.227,585967.63499999978],[1651702.9399999995,585949.01600000076],[1651731.8739999998,585934.54800000042],[1651755.5700000003,585923.39599999972],[1651783.8399999999,585914.91100000031],[1651811.034,585907.40599999949],[1651836.6209999993,585896.49799999967],[1651856.2469999995,585885.93899999931],[1651889.5319999997,585876.9849999994],[1651912.4550000001,585871.96199999936],[1651926.5280000009,585864.67799999937],[1651941.2420000006,585852.36500000022],[1651964.3460000008,585837.14499999955],[1651977.8269999996,585825.79099999927],[1651993.0250000004,585817.69400000013],[1652016.023,585818.59100000001],[1652022.4230000004,585824.36900000088],[1652024.8990000002,585835.86900000088],[1652013.7980000004,585844.49599999934],[1651999.3929999992,585854.77199999988],[1651978.1799999997,585870.23699999973],[1651960.1679999996,585877.0120000001],[1651947.8399999999,585879.41100000031],[1651939.3420000002,585882.46499999985],[1651935.5059999991,585888.99599999934],[1651954.9989999998,585893.43300000019],[1651972.8809999991,585887.75899999961],[1651989.0020000003,585880.73900000006],[1652003.6879999992,585876.56900000013],[1652021.75,585860.69700000063],[1652045.1640000008,585843.43999999948],[1652061.818,585831.5390000008],[1652075.6899999995,585826.14499999955],[1652086.0250000004,585816.4609999992],[1652096.3880000003,585798.63599999994],[1652113.7109999992,585773.56499999948],[1652121.2050000001,585761.43700000085],[1652145.6129999999,585744.46900000051],[1652170.3029999994,585724.34400000051],[1652176.4169999994,585708.04499999993],[1652178.7219999991,585690.13599999994],[1652183.1740000006,585663.56000000052],[1652190.2890000008,585631.09999999963],[1652193.5659999996,585614.43500000052],[1652193.4379999992,585583.11500000022],[1652187.5549999997,585566.2229999993],[1652173.8159999996,585547.35700000077],[1652163.5050000008,585532.92799999937],[1652162.8159999996,585514.63099999912],[1652169.3650000002,585479.2229999993],[1652162.7650000006,585452.17699999921],[1652149.2320000008,585424.2349999994],[1652131.2489999998,585399.71000000089],[1652109.0399999991,585375.75599999912],[1652074.2249999996,585340.91000000015],[1652053.0419999994,585325.07499999925],[1652042.1919999998,585299.55599999987],[1652036.6889999993,585270.57599999942],[1652024.0510000009,585251.85300000012],[1652006.0130000003,585234.34899999946],[1651993.6799999997,585220.7770000007],[1651980.7870000005,585210.96499999985],[1651975.3110000007,585206.26400000043],[1651969.4000000004,585197.5150000006],[1651948.6769999992,585154.42899999954],[1651946.9560000002,585151.64699999988],[1651934.5020000003,585131.5150000006],[1651918.2559999991,585109.29199999943],[1651912.8279999997,585095.49400000088],[1651901.8579999991,585079.86199999973],[1651883.6620000005,585071.60199999996],[1651857.1050000004,585058.10799999908],[1651831.9810000006,585041.7650000006],[1651803.8640000001,585025.03600000031],[1651780.148,585013.98599999957],[1651757.5299999993,585001.00100000016],[1651728.6190000009,584982.09300000034],[1651714.2149999999,584969.21299999952],[1651702.5219999999,584950.6129999999],[1651696.5610000007,584941.69800000079],[1651701.2379999999,584928.24799999967],[1651710.6530000009,584910.29900000058],[1651716.5899999999,584887.74799999967],[1651714.7689999994,584877.45099999942],[1651712.5950000007,584871.10199999996],[1651714.5399999991,584864.32599999942],[1651719.4440000001,584840.84300000034],[1651722.0559999999,584820.89800000004],[1651725.4829999991,584802.17500000075],[1651727.3499999996,584780.21700000018],[1651726.5500000007,584762.06699999981],[1651728.5419999994,584746.19299999997],[1651734.7349999994,584737.8900000006],[1651745.0189999994,584728.0390000008],[1651756.4279999994,584717.375],[1651767.8900000006,584699.69099999964],[1651778.4499999993,584679.97399999946],[1651785.4839999992,584664.75200000033],[1651786.1459999997,584658.76899999939],[1651789.8809999991,584638.00999999978],[1651803.9710000008,584606.61099999957],[1651806.1970000006,584596.67799999937],[1651810.2379999999,584581.06900000013],[1651815.6290000007,584554.61500000022],[1651817.1109999996,584542.66899999976],[1651819.2599999998,584526.81599999964],[1651822.1750000007,584512.01999999955],[1651831.0999999996,584497.0429999996],[1651833.9890000001,584490.38900000043],[1651837.1050000004,584473.70299999975],[1651844.0639999993,584466.4570000004],[1651856.6219999995,584446.83799999952],[1651870.0490000006,584421.42300000042],[1651881.4820000008,584402.61700000055],[1651887.5130000003,584371.13499999978],[1651889.4739999995,584340.24599999934],[1651890.2149999999,584319.09999999963],[1651891.8959999997,584305.26300000027],[1651899.3900000006,584285.94899999909],[1651908.9810000006,584267.06499999948],[1651910.5089999996,584246.02099999972],[1651908.6140000001,584222.61800000072],[1651903.3619999997,584207.88499999978],[1651903.2090000007,584200.67899999954],[1651906.3190000001,584160.83400000073],[1651907.648,584150.94400000013],[1651908.9489999991,584139.93300000019],[1651910.8929999992,584133.15699999966],[1651911.4030000009,584129.23000000045],[1651920.0940000005,584101.12700000033],[1651920.7339999992,584096.09899999946],[1651922.5199999996,584089.30199999921],[1651923.3389999997,584083.33899999969],[1651925.1040000003,584077.49799999967],[1651927.1769999992,584069.62099999934],[1651928.5270000007,584058.77600000054],[1651930.1129999999,584053.86999999918],[1651933.0010000002,584047.21600000001],[1651935.7109999992,584041.49699999951],[1651944.6119999997,584027.47499999963],[1651947.7019999996,584018.93099999987],[1651950.7210000008,584011.17600000091],[1651954.3760000002,584005.57899999991],[1651962.3310000002,583991.43500000052],[1651967.8000000007,583980.1640000008],[1651971.9890000001,583962.49799999967],[1651980.8900000006,583948.47599999979],[1651988.2060000002,583939.3599999994],[1652006.1559999995,583916.44600000046],[1652012.1689999998,583909.07799999975],[1652015.9810000006,583903.50200000033],[1652022.8090000004,583897.35700000077],[1652028.5329999998,583891.0700000003],[1652045.1860000007,583871.98100000061],[1652052.9590000007,583865.95800000057],[1652062.2949999999,583855.9849999994],[1652075.5179999992,583832.46000000089],[1652085.8739999998,583814.63399999961],[1652091.8019999992,583799.26899999939],[1652095.8609999996,583782.70500000007],[1652097.6030000001,583777.8200000003],[1652098.2640000004,583771.8359999992],[1652099.2620000001,583764.93799999915],[1652098.0319999997,583758.71000000089],[1652113.0399999991,583728.38900000043],[1652130.2219999991,583704.4179999996],[1652144.3369999994,583688.03500000015],[1652165.2579999994,583666.46399999969],[1652192.7709999997,583632.80800000019],[1652208.1919999998,583607.49100000039],[1652217.9529999997,583585.59600000083],[1652229.5620000008,583565.85500000045],[1652245.6190000009,583542.69700000063],[1652258.9670000002,583525.25699999928],[1652286.7139999997,583497.54199999943],[1652312.0610000007,583473.50799999945],[1652328.2449999992,583456.43600000069],[1652344.2799999993,583434.23299999908],[1652360.9519999996,583414.18899999931],[1652370.6669999994,583401.39100000076],[1652384.9839999992,583375.93200000003],[1652396.4609999992,583357.2929999996],[1652407.1449999996,583336.47499999963],[1652415.25,583320.27400000021],[1652428.0549999997,583291.74499999918],[1652432.091,583276.13599999994],[1652441.1530000009,583235.94400000013],[1652450.5390000008,583218.95099999942],[1652458.2050000001,583205.88800000027],[1652464.7699999996,583185.49499999918],[1652466.8420000002,583177.61800000072],[1652470.1319999993,583159.99699999951],[1652483.0869999994,583129.41100000031],[1652486.307,583112.57899999991],[1652494.7280000001,583077.4140000008],[1652498.3269999996,583057.75599999912],[1652504.5610000007,583040.35600000061],[1652508.3959999997,583026.63800000027],[1652516.3080000002,582995.40000000037],[1652519.5759999994,582978.73399999924],[1652521.5629999992,582962.8599999994],[1652518.273,582933.20800000057],[1652516.6500000004,582913.83400000073],[1652522.9580000006,582881.27099999972],[1652526.6830000002,582867.69800000079],[1652530.8690000009,582850.03299999982],[1652534.443,582838.51700000092],[1652538.9370000008,582818.81499999948],[1652541.7170000002,582805.11999999918],[1652545.1359999999,582786.39800000004],[1652546.4619999994,582776.50799999945],[1652547.0380000006,582755.34100000001],[1652548.6940000001,582742.45900000073],[1652548.2799999993,582730.26799999923],[1652545.4879999999,582720.80399999954],[1652526.4379999992,582696.30100000091],[1652520.3890000004,582672.20199999958],[1652519.2510000002,582657.04199999943],[1652522.9550000001,582644.42500000075],[1652522.5620000008,582631.27800000086],[1652504.1649999991,582617.72000000067],[1652488.1219999995,582609.57699999958],[1652454.0319999997,582591.11500000022],[1652439.9079999998,582584.33899999969],[1652424.5030000005,582578.35400000028],[1652391.8450000007,582557.04399999976],[1652368.2750000004,582543.93600000069],[1652357.9110000003,582538.60300000012],[1652343.7819999997,582522.56299999915],[1652336.6119999997,582515.72699999996],[1652332.3660000004,582510.06799999997],[1652327.7039999999,582499.40399999917],[1652329.0730000008,582480.41599999927],[1652333.1060000006,582464.80700000003],[1652337.7990000006,582443.21499999985],[1652341.8320000004,582427.60600000061],[1652349.1669999994,582410.3479999993],[1652356.0140000004,582403.24699999951],[1652360.7489999998,582398.74899999984],[1652361.8949999996,582389.79399999976],[1652359.9399999995,582373.41100000031],[1652363.3570000008,582354.68799999915],[1652365.1199999992,582348.84699999914],[1652367.2109999992,582340.01400000043],[1652370.9360000007,582326.44099999964],[1652381.7949999999,582297.50100000016],[1652388.8420000002,582281.32399999909],[1652394.4360000007,582268.95099999942],[1652402.5,582237.73299999908],[1652412.3489999995,582192.53199999966],[1652415.4780000001,582174.8900000006],[1652417.6410000008,582150.89399999939],[1652419.2310000006,582121.87399999984],[1652420.3550000004,582113.87399999984],[1652423.1559999995,582092.03700000048],[1652416.6439999994,582079.21700000018],[1652411.0360000003,582068.43099999987],[1652403.9460000005,582060.32799999975],[1652390.9179999996,582051.61700000055],[1652350.7369999997,582027.41899999976],[1652332.3579999991,582012.90599999949],[1652316.5370000005,581994.73100000061],[1652311.6950000003,581985.00200000033],[1652307.1889999993,581981.54499999993],[1652288.3019999992,581970.95900000073],[1652276.0690000001,581964.42699999921],[1652266.3640000001,581945.92500000075],[1652260.6679999996,581927.14200000092],[1652258.6040000003,581903.71900000051],[1652258.2310000006,581882.4299999997],[1652259.1390000004,581860.3479999993],[1652257.3330000006,581841.90899999999],[1652258.2410000004,581827.01400000043],[1652256.3340000007,581803.61099999957],[1652253.2740000002,581779.89900000021],[1652251.6260000002,581768.66599999927],[1652247.3129999992,581746.86800000072],[1652242.8489999995,581727.12700000033],[1652238.693,581712.53600000031],[1652234.7960000001,581702.92899999954],[1652230.1319999993,581692.2650000006],[1652219.9680000003,581677.85600000061],[1652209.0289999992,581660.31299999915],[1652199.2149999999,581641.9570000004],[1652187.1799999997,581626.3479999993],[1652175.6050000004,581606.64599999972],[1652173.3389999997,581592.30000000075],[1652175.8080000002,581573.45399999991],[1652178.2060000002,581562.58500000089],[1652182.6950000003,581550.06900000013],[1652186.7039999999,581542.60199999996],[1652193.5500000007,581528.31499999948],[1652202.3350000009,581507.25100000016],[1652211.557,581490.23699999973],[1652222.4110000003,581468.48200000077],[1652246.8949999996,581404.09200000018],[1652251.2540000007,581385.49100000039],[1652253.3230000008,581377.6129999999],[1652254.2890000008,581369.59300000034],[1652265.7410000004,581327.79399999976],[1652267.8300000001,581318.9609999992],[1652266.0510000009,581301.64299999923],[1652262.1530000009,581292.03600000031],[1652255.9269999992,581278.13599999994],[1652253.1319999993,581268.67200000025],[1652252.6659999993,581263.50100000016],[1652257.8190000001,581247.07899999991],[1652274.4600000009,581227.98900000006],[1652284.6070000008,581219.2379999999],[1652304.6999999993,581203.62900000066],[1652312.6270000003,581197.62600000016],[1652324.0270000007,581186.96199999936],[1652333.5360000003,581176.05299999937],[1652342.7579999994,581166.22599999979],[1652355.5690000001,581153.6679999996],[1652364.1539999992,581141.68200000003],[1652368.7990000006,581129.18600000069],[1652373.3350000009,581109.65000000037],[1652389.3800000008,581086.49100000039],[1652391.2699999996,581079.54800000042],[1652397.4370000008,581055.27199999988],[1652403.4849999994,581038.80599999987],[1652409.7119999994,581021.40499999933],[1652422.1950000003,580987.7229999993],[1652425.9149999991,580974.15100000054],[1652430.0930000003,580956.48399999924],[1652435.4440000001,580930.9849999994],[1652438.5260000005,580915.25300000049],[1652445.6579999998,580882.9570000004],[1652450.5620000008,580875.44600000046],[1652454.5690000001,580860.79199999943],[1652456.6579999998,580851.95900000073],[1652457.2339999992,580840.05599999987],[1652451.9039999992,580833.29800000042],[1652443.0800000001,580832.15799999982],[1652436.784,580833.42100000009],[1652433.0840000007,580838.85099999979],[1652434.318,580845.07899999991],[1652435.7300000004,580850.37199999951],[1652432.8660000004,580856.07100000046],[1652425.2760000005,580861.15899999999],[1652413.9169999994,580862.72499999963],[1652404.9360000007,580861.56399999931],[1652396.6190000009,580856.49699999951],[1652397.5840000007,580848.47699999996],[1652402.3589999992,580842.06699999981],[1652405.0439999998,580837.30399999954],[1652406.6750000007,580832.56399999931],[1652408.1270000003,580821.57200000063],[1652407.7090000007,580816.56799999997],[1652405.352,580811.15300000086],[1652401.9199999999,580806.71600000001],[1652402.6459999997,580792.75699999928],[1652403.7679999992,580784.75699999928],[1652404.7329999991,580776.73699999973],[1652407.0010000002,580766.96900000051],[1652408.9389999993,580760.19199999981],[1652414.3509999998,580748.75400000066],[1652417.9199999999,580737.2379999999],[1652422.4049999993,580717.53500000015],[1652426.125,580703.96199999936],[1652436.6659999993,580677.05800000019],[1652440.5150000006,580662.38299999945],[1652443.2679999992,580649.64399999939],[1652451.5629999992,580631.55100000091],[1652459.4609999992,580624.42699999921],[1652468.5109999999,580617.61199999973],[1652479.6009999998,580608.98399999924],[1652489.1089999992,580598.07499999925],[1652500.9250000007,580592.41599999927],[1652515.784,580587.31000000052],[1652530.1569999997,580585.17500000075],[1652542.7890000008,580580.73900000006],[1652549.7420000006,580573.49300000072],[1652553.2620000001,580561.81000000052],[1652555.7070000004,580551.10700000077],[1652555.3080000002,580537.96000000089],[1652552.0050000008,580532.42200000025],[1652548.5730000008,580527.98599999957],[1652541.9680000003,580524.0979999993],[1652533.1649999991,580522.00200000033],[1652524.034,580522.89800000004],[1652516.4360000007,580525.90899999999],[1652502.7909999993,580538.19899999909],[1652493.4409999996,580549.12800000049],[1652472.8839999996,580566.75300000049],[1652464.1699999999,580572.65399999917],[1652458.7990000006,580574.99400000088],[1652450.9419999998,580573.02099999972],[1652447.3499999996,580561.37700000033],[1652445.3699999992,580553.13599999994],[1652443.8269999996,580541.75799999945],[1652446.4509999994,580530.11900000088],[1652450.2990000006,580515.4450000003],[1652454.943,580502.94999999925],[1652470.5140000004,580443.31699999981],[1652475.3540000003,580421.74499999918],[1652478.5659999996,580412.09899999946],[1652485.4759999998,580389.83500000089],[1652489.6809999999,580373.28999999911],[1652496.5409999993,580350.86099999957],[1652504.5749999993,580327.78399999999],[1652511.8120000008,580302.52800000086],[1652515.9680000003,580285.81799999997],[1652521.7530000005,580264.36700000055],[1652529.1009999998,580246.15300000086],[1652537.7019999996,580226.02400000021],[1652546.352,580206.06100000069],[1652555.1510000005,580184.04199999943],[1652563.6410000008,580156.87199999951],[1652569.0299999993,580146.3900000006],[1652579.2400000002,580122.47699999996],[1652583.9030000009,580109.02600000054],[1652594.4409999996,580082.12099999934],[1652600.0289999992,580069.74799999967],[1652610.3489999995,580052.87600000016],[1652620.7109999992,580034.09300000034],[1652634.8589999992,580010.68899999931],[1652649.3359999992,579984.2929999996],[1652659.477,579968.35600000061],[1652669.3790000007,579946.47900000028],[1652678.1950000003,579916.31799999997],[1652687.5899999999,579898.36800000072],[1652696.6779999994,579882.45500000007],[1652707.3460000008,579861.63599999994],[1652719.7520000003,579835.93099999987],[1652730.3090000004,579808.0700000003],[1652736.1830000002,579794.61600000039],[1652744.0350000001,579772.47499999963],[1652752.5050000008,579753.44700000063],[1652760.2899999991,579739.28199999966],[1652769.8619999997,579720.39699999988],[1652778.7679999992,579698.23200000077],[1652784.6830000002,579682.86700000055],[1652789.2129999995,579663.33100000024],[1652794.4890000001,579645.80700000003],[1652800.9940000009,579610.39599999972],[1652805.7369999997,579573.63900000043],[1652806.9450000003,579556.70800000057],[1652813.3340000007,579507.06799999997],[1652813.8780000005,579494.0429999996],[1652814.4859999996,579465.85500000045],[1652817.5840000007,579449.1679999996],[1652822.7100000009,579433.70099999942],[1652827.3680000007,579413.06299999915],[1652827.1439999994,579398.98000000045],[1652824.9810000006,579384.48699999973],[1652823.6339999996,579371.21800000034],[1652823.2980000004,579350.09400000051],[1652826.8320000004,579330.26899999939],[1652828.4790000003,579317.3870000001],[1652833.6420000009,579292.82200000063],[1652838.8090000004,579275.44299999997],[1652842.9600000009,579258.73299999908],[1652848.591,579239.33899999969],[1652852.4560000002,579223.70900000073],[1652854.9149999991,579204.86199999973],[1652857.4859999996,579193.05800000019],[1652867.8900000006,579167.25400000066],[1652877.1239999998,579149.28399999999],[1652884.1190000009,579135.01700000092],[1652892.5370000005,579115.82300000079],[1652901.9949999992,579089.89699999988],[1652908.7410000004,579067.6129999999],[1652914.2100000009,579041.01099999994],[1652918.2310000006,579025.4020000007],[1652923.0859999992,579002.87299999967],[1652926.7960000001,578982.1129999999],[1652930.9959999993,578965.56799999997],[1652933.2589999996,578955.79900000058],[1652933.8939999994,578950.77099999972],[1652937.2970000003,578932.04700000025],[1652939.0920000002,578917.10799999908],[1652940.9159999993,578903.28999999911],[1652942.4480000008,578883.36600000039],[1652943.6699999999,578858.29199999943],[1652943.7520000003,578842.17300000042],[1652945.3010000009,578814.10600000061],[1652945.5319999997,578795.93099999987],[1652946.8660000004,578777.89699999988],[1652949.1940000001,578760.15300000086],[1652949.6030000001,578741.04199999943],[1652945.9600000009,578714.38000000082],[1652939.568,578700.45800000057],[1652932.8289999999,578690.48399999924],[1652922.9179999996,578681.05900000036],[1652913.2349999994,578670.86400000006],[1652905.898,578656.8200000003],[1652903.1339999996,578638.25699999928],[1652899.5869999994,578626.77899999917],[1652895.3369999994,578621.11999999918],[1652885.1190000009,578613.73000000045],[1652877.4389999993,578610.82100000046],[1652865.8509999998,578591.11800000072],[1652859.4389999993,578578.1520000007],[1652856.6119999997,578552.71399999969],[1652856.0700000003,578526.29399999976],[1652858.2190000005,578509.48399999924],[1652861.1160000004,578494.68700000085],[1652865.2210000008,578470.14499999955],[1652867.3049999997,578461.31200000085],[1652868.3110000007,578446.26999999955],[1652868.5399999991,578428.09500000067],[1652869.6789999995,578419.13900000043],[1652873.0319999997,578385.39699999988],[1652874.0730000008,578361.25799999945],[1652873.7290000003,578332.94700000063],[1652872.9039999992,578314.79499999993],[1652873.1980000008,578288.64200000092],[1652871.9069999997,578260.20900000073],[1652871.6960000005,578237.98399999924],[1652870.3609999996,578216.57200000063],[1652869.1879999992,578202.36700000055],[1652868.6699999999,578182.17799999937],[1652871.1400000006,578155.18899999931],[1652874.5399999991,578136.46499999985],[1652878.9299999997,578110.84200000018],[1652883.5820000004,578090.20399999991],[1652887.4869999997,578067.55199999921],[1652894.0940000005,578039.18200000003],[1652900.0470000003,578016.79499999993],[1652911.3399999999,577990.94700000063],[1652923.8200000003,577956.30900000036],[1652932.0989999995,577931.02899999917],[1652941.3719999995,577906.03800000064],[1652949.9629999995,577885.90899999999],[1652958.4049999993,577867.8359999992],[1652965.3019999992,577845.57200000063],[1652983.5920000002,577812.64299999923],[1652986.9269999992,577801.89599999972],[1652992.5519999992,577782.50100000016],[1652999.5840000007,577766.32300000079],[1653008.2880000006,577753.2349999994],[1653016.7139999997,577743.3049999997],[1653024.9140000008,577734.14399999939],[1653040.0960000008,577726.04600000009],[1653060.4890000001,577715.58799999952],[1653071.227,577710.90699999966],[1653085.7899999991,577699.6950000003],[1653092.6229999997,577685.40699999966],[1653095.8729999997,577668.74000000022],[1653092.8929999992,577660.21000000089],[1653088.5480000004,577646.55299999937],[1653084.3800000008,577631.9609999992],[1653083.1420000009,577625.73299999908],[1653086.3420000002,577608.89900000021],[1653091.3880000003,577584.47900000028],[1653095.534,577567.76799999923],[1653103.3550000004,577546.58100000024],[1653112.3200000003,577523.62600000016],[1653129.0419999994,577487.4609999992],[1653140.8029999994,577466.78399999999],[1653151.1270000003,577441.76899999939],[1653157.716,577421.54099999927],[1653172.3650000002,577353.80800000019],[1653175.7420000006,577336.0390000008],[1653179.1390000004,577317.31499999948],[1653184.2919999994,577292.74899999984],[1653186.8790000007,577279.9879999999],[1653190.2750000004,577261.26400000043],[1653194.9240000006,577240.625],[1653202.8269999996,577210.50699999928],[1653209.0390000008,577193.10500000045],[1653217.4780000001,577175.03199999966],[1653226.2630000003,577153.0120000001],[1653235.5120000001,577128.97599999979],[1653247.6730000004,577089.18700000085],[1653256.7009999994,577073.10799999908],[1653265.9570000004,577056.25899999961],[1653270.3929999992,577045.65399999917],[1653276.477,577029.35300000012],[1653278.5580000002,577020.51999999955],[1653284.1309999991,577000.95900000073],[1653293.0930000003,576978.00400000066],[1653294.8479999993,576972.16200000048],[1653300.102,576962.78099999949],[1653303.4350000005,576952.03299999982],[1653305.8719999995,576941.32899999991],[1653307.6270000003,576935.4879999999],[1653309.6889999993,576927.6099999994],[1653312.4519999996,576913.9140000008],[1653316.9700000007,576894.37700000033],[1653319.6840000004,576880.5150000006],[1653325.148,576861.09999999963],[1653326.9030000009,576855.25799999945],[1653329.2899999991,576844.38800000027],[1653332.2310000006,576829.75699999928],[1653333.9989999998,576815.77300000004],[1653336.9389999993,576801.14200000092],[1653338.8849999998,576786.22199999914],[1653343.6469999999,576772.625],[1653349.4240000006,576758.36099999957],[1653357.3570000008,576744.21600000001],[1653361.6349999998,576733.58999999985],[1653367.875,576717.31000000052],[1653371.8469999991,576708.72100000083],[1653380.6099999994,576687.65699999966],[1653384.7400000002,576679.08799999952],[1653390.9989999998,576661.85199999996],[1653397.5160000008,576642.41300000064],[1653401.5099999998,576627.75899999961],[1653409.3469999991,576605.61700000055],[1653416.4480000008,576573.31799999997],[1653422.0270000007,576560.9450000003],[1653426.1559999995,576552.37600000016],[1653431.5370000005,576541.89399999939],[1653437.7960000001,576524.65699999966],[1653446.3809999991,576504.52800000086],[1653455.8900000006,576485.47699999996],[1653464.0199999996,576469.44099999964],[1653471.8369999994,576448.25400000066],[1653476.1630000006,576437.79499999993],[1653484.2440000009,576421.59300000034],[1653488.7400000002,576403.01099999994],[1653491.8279999997,576386.32300000079],[1653494.7050000001,576379.66899999976],[1653498.6370000001,576372.99100000039],[1653500.3920000009,576367.14900000021],[1653502.5529999994,576349.38399999961],[1653504.1720000003,576337.45600000024],[1653505.4959999993,576319.42200000025],[1653508.2899999991,576296.62800000049],[1653511.0309999995,576283.8870000001],[1653511.2200000007,576274.80900000036],[1653508.6129999999,576263.45299999975],[1653505.8289999999,576253.03199999966],[1653498.1390000004,576242.93500000052],[1653488.2119999994,576241.65100000054],[1653479.8499999996,576243.60400000028],[1653469.6170000006,576244.35700000077],[1653456.6960000005,576242.68600000069],[1653451.1919999998,576238.93999999948],[1653445.7070000004,576234.2379999999],[1653435.6630000006,576225.91300000064],[1653424.8029999994,576216.36400000006],[1653413.8139999993,576207.91699999943],[1653408.6349999998,576201.17799999937],[1653401.5850000009,576193.24000000022],[1653386.3509999998,576186.3200000003],[1653374.0810000002,576178.66499999911],[1653363.7119999994,576173.3320000004],[1653356.6009999998,576173.37099999934],[1653348.4159999993,576174.38800000027],[1653340.8430000003,576171.33300000057],[1653332.1870000008,576167.1799999997],[1653324.0030000005,576168.19800000079],[1653321.125,576174.85199999996],[1653318.4250000007,576180.57200000063],[1653316.6710000001,576186.41300000064],[1653313.7939999998,576193.06799999997],[1653311.8619999997,576199.84400000051],[1653307.9100000001,576207.47800000012],[1653305.2100000009,576213.19700000063],[1653302.9719999991,576222.00999999978],[1653295.7129999995,576224.10600000061],[1653290.2290000003,576219.40399999917],[1653284.8729999997,576213.60199999996],[1653281.6140000001,576208.23000000045],[1653278.3259999994,576201.73699999973],[1653278.5150000006,576192.65899999999],[1653279.8279999997,576182.76799999923],[1653279.3969999999,576170.57499999925],[1653280.3550000004,576162.5549999997],[1653282.1089999992,576156.71299999952],[1653287.0549999997,576149.36800000072],[1653288.9869999997,576142.59100000001],[1653291.3729999997,576131.72100000083],[1653292.3790000007,576123.86600000039],[1653295.5820000004,576114.22000000067],[1653296.7170000002,576105.26400000043],[1653298.7770000007,576097.38599999994],[1653302.5350000001,576068.64800000004],[1653306.2420000006,576055.07399999909],[1653311.0010000002,576041.47699999996],[1653319.4560000002,576022.44899999909],[1653324.8350000009,576011.96600000001],[1653335.0120000001,575996.19400000013],[1653340.0859999992,575987.74799999967],[1653344.4120000005,575977.28800000064],[1653354.3300000001,575971.38399999961],[1653366.3369999994,575963.83400000073],[1653374.4049999993,575955.77500000037],[1653380.602,575946.51600000076],[1653392.9749999996,575928.95199999958],[1653401.8509999998,575914.92899999954],[1653407.625,575900.6640000008],[1653425.3770000003,575872.61800000072],[1653433.8310000002,575853.58999999985],[1653437.5160000008,575840.97199999914],[1653440.4049999993,575826.17400000058],[1653443.9240000006,575806.3479999993],[1653446.6640000008,575793.60799999908],[1653450.7050000001,575768.89900000021],[1653454.0649999995,575759.27300000004],[1653456.8249999993,575745.57699999958],[1653467.1490000002,575727.74799999967],[1653474.0930000003,575720.50200000033],[1653481.2149999999,575712.32100000046],[1653483.0289999992,575698.50200000033],[1653485.1799999997,575673.54900000058],[1653486.5020000003,575655.5150000006],[1653482.2100000009,575633.88000000082],[1653473.7420000006,575620.64900000021],[1653469.9910000004,575611.06100000069],[1653466.5739999991,575605.66899999976],[1653461.2170000002,575599.86600000039],[1653450.4049999993,575590.48299999908],[1653438.4399999995,575580.79199999943],[1653427.7640000004,575577.49499999918],[1653414.8230000008,575576.77999999933],[1653405.0730000008,575574.56100000069],[1653396.2880000006,575571.50899999961],[1653391.7200000007,575560.69800000079],[1653389.4260000009,575554.49300000072],[1653384.7599999998,575535.68500000052],[1653384.4649999999,575529.57899999991],[1653385.7860000003,575511.54499999993],[1653385.1089999992,575493.41200000048],[1653385.4849999994,575475.25500000082],[1653386.7080000006,575449.22399999946],[1653379.9959999993,575391.82599999942],[1653380.0559999999,575383.84899999946],[1653378.4030000009,575364.47199999914],[1653378.4130000006,575356.32899999991],[1653378.6500000004,575347.41699999943],[1653378.5429999996,575332.23200000077],[1653377.3129999992,575317.86099999957],[1653375.5109999999,575300.54099999927],[1653373.0299999993,575288.08400000073],[1653366.4619999994,575277.17400000058],[1653356.7420000006,575265.85700000077],[1653349.9959999993,575255.88199999928],[1653341.8420000002,575247.80199999921],[1653341.4580000006,575235.77500000037],[1653345.102,575230.17799999937],[1653348.0869999994,575223.37800000049],[1653348.9140000008,575216.45800000057],[1653347.0529999994,575207.11500000022],[1653341.1940000001,575182.24499999918],[1653339.1850000005,575174.95900000073],[1653332.5289999992,575147.90899999999],[1653328.3039999995,575133.15000000037],[1653318.7119999994,575097.73599999957],[1653316.7129999995,575082.30700000003],[1653317.1070000008,575063.1950000003],[1653318.2990000006,575046.26300000027],[1653320.1799999997,575039.3200000003],[1653321.8739999998,575018.46000000089],[1653319.8949999996,575002.07499999925],[1653308.8149999995,574977.4879999999],[1653301.9499999993,574960.47199999914],[1653298.4039999992,574940.84999999963],[1653291.8739999998,574912.69899999909],[1653287.8650000002,574889.98399999924],[1653288.8990000002,574873.03099999949],[1653288.6620000005,574858.94800000079],[1653289.0260000005,574848.93400000036],[1653288.7300000004,574842.82799999975],[1653287.4890000001,574836.59899999946],[1653283.9140000008,574826.07699999958],[1653269.9580000006,574808.14399999939],[1653256.5830000006,574795.23699999973],[1653249.7280000001,574785.40899999999],[1653240.193,574765.01400000043],[1653235.6429999992,574753.24699999951],[1653231.1610000003,574740.69099999964],[1653229.1610000003,574725.2620000001],[1653228.2829999998,574709.01999999955],[1653227.8690000009,574695.87199999951],[1653229.5030000005,574682.98900000006],[1653231.1459999997,574661.96199999936],[1653231.3910000008,574644.90699999966],[1653231.2809999995,574629.7229999993],[1653232.3530000001,574605.74799999967],[1653238.3660000004,574559.0979999993],[1653243.1410000008,574544.54399999976],[1653248.0739999991,574530.01099999994],[1653253.5280000009,574510.59500000067],[1653256.5700000003,574495.81799999997],[1653260.7239999995,574478.15000000037],[1653268.2070000004,574459.95500000007],[1653278.5260000005,574442.12600000016],[1653287.4749999996,574419.16899999976],[1653298.898,574401.48299999908],[1653319.3300000001,574375.85799999908],[1653327.2760000005,574360.75699999928],[1653331.5480000004,574350.13099999912],[1653337.9279999994,574331.7929999996],[1653343.3609999996,574313.3320000004],[1653352.5960000008,574289.29499999993],[1653359.4379999992,574274.05100000091],[1653363.0610000007,574269.40899999999],[1653368.1899999995,574252.9849999994],[1653377.7400000002,574234.09899999946],[1653383.6170000006,574219.68799999915],[1653389.8190000001,574202.28500000015],[1653401.5449999999,574182.56200000085],[1653412.5610000007,574158.91499999911],[1653419.8849999998,574140.69899999909],[1653427.5140000004,574120.44700000063],[1653438.3139999993,574099.64599999972],[1653449.7620000001,574072.86099999957],[1653460.2569999993,574054.09699999914],[1653468.5059999991,574036.95800000057],[1653475.5050000008,574021.7349999994],[1653491.2550000008,573985.4450000003],[1653501.5720000006,573967.61600000039],[1653513.6410000008,573943.94600000046],[1653522.6889999993,573928.98699999973],[1653541.6989999991,573898.06900000013],[1653554.5460000001,573877.53399999999],[1653563.1109999996,573865.54600000009],[1653576.2249999996,573849.99499999918],[1653589.5360000003,573832.55399999954],[1653606.9710000008,573806.5429999996],[1653618.7259999998,573793.05199999921],[1653634.3900000006,573773.83899999969],[1653641.8330000006,573762.6640000008],[1653648.1520000007,573752.30299999937],[1653657.8200000003,573740.45900000073],[1653669.5260000005,573726.80199999921],[1653680.4940000009,573713.20900000073],[1653688.6850000005,573704.04800000042],[1653700.2630000003,573691.49300000072],[1653708.9849999994,573679.52600000054],[1653716.4269999992,573668.35199999996],[1653722.5999999996,573660.04800000042],[1653728.1710000001,573647.67400000058],[1653735.1879999992,573631.49499999918],[1653736.2980000004,573623.49400000088],[1653739.6730000004,573612.91200000048],[1653741.7290000003,573605.03399999999],[1653744.1280000005,573593.20800000057],[1653747.1789999995,573585.61800000072],[1653750.1809999999,573577.86199999973],[1653753.3780000005,573568.21499999985],[1653762.6280000005,573543.22199999914],[1653767.0559999999,573532.61600000039],[1653774.1740000006,573524.43500000052],[1653785.1040000003,573517.86400000006],[1653798.9580000006,573512.46900000051],[1653807.3379999995,573509.56100000069],[1653815.8460000008,573505.55100000091],[1653829.75,573500.32300000079],[1653843.3200000003,573496.00899999961],[1653852.0040000007,573491.06399999931],[1653860.8660000004,573485.18400000036],[1653870.0319999997,573477.26700000092],[1653876.9719999991,573470.02099999972],[1653885.2320000008,573460.07100000046],[1653890.2819999997,573452.58000000007],[1653898.5219999999,573443.58500000089],[1653912.7569999993,573427.22100000083],[1653921.1439999994,573416.16999999993],[1653924.9619999994,573409.6370000001],[1653932.5610000007,573398.48399999924],[1653943.9419999998,573387.8200000003],[1653955.3719999995,573377.32100000046],[1653961.3670000006,573369.95299999975],[1653969.4299999997,573361.89299999923],[1653986.5309999995,573347.01899999939],[1654005.9560000002,573329.25100000016],[1654012.9450000003,573322.16999999993],[1654019.8859999999,573314.92400000058],[1654027.7709999997,573307.80000000075],[1654035.8640000001,573300.86199999973],[1654047.2449999992,573290.19800000079],[1654053.2390000001,573282.83000000007],[1654059.1070000008,573276.56200000085],[1654063.8709999993,573270.1520000007],[1654068.9199999999,573262.66100000031],[1654078.1050000004,573253.7890000008],[1654088.3929999992,573245.06000000052],[1654100.8959999997,573233.58300000057],[1654106.7139999997,573227.14900000021],[1654111.6359999999,573220.75999999978],[1654120.1989999991,573208.77300000004],[1654128.4379999992,573199.77899999917],[1654145.6659999993,573183.80299999937],[1654155.9240000006,573173.95199999958],[1654162.5960000008,573161.72100000083],[1654163.5979999993,573153.86600000039],[1654167.0989999995,573142.18200000003],[1654170.9240000006,573127.50699999928],[1654172.852,573120.73000000045],[1654182.9879999999,573103.83699999936],[1654189.3369999994,573094.5979999993],[1654195.5270000007,573085.33799999952],[1654200.5960000008,573076.89200000092],[1654213.7559999991,573061.50799999945],[1654226.2090000007,573049.86500000022],[1654237.4419999998,573041.25799999945],[1654245.6809999999,573032.26400000043],[1654254.8660000004,573023.39200000092],[1654267.4759999998,573011.76899999939],[1654275.5879999995,573003.87600000016],[1654286.0219999999,572993.08999999985],[1654295.5299999993,572981.22599999979],[1654301.5050000008,572974.81299999915],[1654308.818,572964.74100000039],[1654311.818,572956.9849999994],[1654313.7640000004,572949.25300000049],[1654320.2589999996,572937.9570000004],[1654327.6799999997,572927.73900000006],[1654330.5529999994,572921.08400000073],[1654334.6750000007,572912.5150000006],[1654341.1889999993,572900.26400000043],[1654344.3660000004,572891.57300000079],[1654348.6649999991,572882.06900000013],[1654352.0380000006,572871.48699999973],[1654355.0449999999,572855.58699999936],[1654357.1740000006,572838.77600000054],[1654362.7229999993,572827.35799999908],[1654369.2369999997,572815.10600000061],[1654372.5899999999,572805.48000000045],[1654375.5899999999,572797.72399999946],[1654383.7259999998,572780.73200000077],[1654390.5250000004,572767.40000000037],[1654396.0739999991,572755.98100000061],[1654399.8920000009,572749.44899999909],[1654405.3129999992,572739.13199999928],[1654408.3129999992,572731.37600000016],[1654412.4600000009,572713.70900000073],[1654415.8330000006,572703.12700000033],[1654418.5639999993,572690.38599999994],[1654420.8139999993,572680.61600000039],[1654424.0099999998,572670.97000000067],[1654427.8149999995,572657.25],[1654430.3690000009,572645.44400000013],[1654437.3829999994,572629.2650000006],[1654440.5399999991,572621.52899999917],[1654445.3640000001,572598.99899999984],[1654448.2359999996,572592.34400000051],[1654450.3090000004,572583.50999999978],[1654455.7410000004,572556.90699999966],[1654457.8450000007,572549.19400000013],[1654458.9719999991,572540.2379999999],[1654460.9179999996,572532.50599999912],[1654463.9179999996,572524.75],[1654466.6679999996,572511.05299999937],[1654469.2219999991,572499.24699999951],[1654471.7949999999,572486.48599999957],[1654473.8300000001,572479.56299999915],[1654479.2699999996,572468.29099999927],[1654484.4639999997,572458.74300000072],[1654489.9450000003,572432.3049999997],[1654492.0179999992,572423.47100000083],[1654493.0179999992,572415.61600000039],[1654495.0720000006,572407.7379999999],[1654496.1999999993,572398.78199999966],[1654498.1260000002,572392.00500000082],[1654499.0769999996,572383.98399999924],[1654501.8269999996,572370.28700000048],[1654505.3859999999,572342.48299999908],[1654505.568,572333.40399999917],[1654506.3910000008,572326.48399999924],[1654509.8029999994,572300.73699999973],[1654510.7540000007,572292.71600000001],[1654511.1119999997,572282.70199999958],[1654511.1370000001,572273.60300000012],[1654512.6170000006,572262.77600000054],[1654514.6899999995,572253.94199999981],[1654515.5730000008,572230.9020000007],[1654515.7540000007,572221.82300000079],[1654517.8619999997,572205.96700000018],[1654517.4220000003,572193.77400000021],[1654515.7550000008,572174.39599999972],[1654515.3640000001,572162.36800000072],[1654513.375,572145.98299999908],[1654512.1349999998,572131.6099999994],[1654509.4989999998,572121.20800000057],[1654503.8880000003,572109.46399999969],[1654497.1950000003,572083.36700000055],[1654496.4309999999,572074.16599999927],[1654496.8080000002,572063.19600000046],[1654495.8870000001,572053.97499999963],[1654494.9460000005,572045.70900000073],[1654491.6879999992,572032.19299999997],[1654488.8939999994,572021.77099999972],[1654485.3129999992,572011.24699999951],[1654483.4649999999,572000.94800000079],[1654482.0779999997,571988.63199999928],[1654473.9539999999,571973.52800000086],[1654464.8300000001,571966.27899999917],[1654451.6089999992,571958.5],[1654439.6679999996,571949.92899999954],[1654427.8729999997,571939.30000000075],[1654422.2430000007,571928.51099999994],[1654413.6370000001,571916.38000000082],[1654405.5820000004,571916.29499999993],[1654396.4179999996,571924.21199999936],[1654391.6559999995,571930.62199999951],[1654363.6970000006,571959.41999999993],[1654337.5950000007,571982.23200000077],[1654331.602,571989.60099999979],[1654324.1689999998,571992.63099999912],[1654307.3080000002,571990.44899999909],[1654299.4480000008,571988.47399999946],[1654283.6899999995,571986.43600000069],[1654275.8300000001,571984.4609999992],[1654268.0979999993,571981.38399999961],[1654259.4690000005,571978.35199999996],[1654240.4169999994,571969.81900000013],[1654233.807,571965.9299999997],[1654223.1300000008,571962.63199999928],[1654209.2819999997,571959.88299999945],[1654201.5299999993,571957.7620000001],[1654188.6079999991,571956.09100000001],[1654180.7479999997,571954.11600000039],[1654168.0030000005,571951.50899999961],[1654160.1429999992,571949.53500000015],[1654150.5199999996,571946.21399999969],[1654142.6600000001,571944.23900000006],[1654134.1390000004,571941.06100000069],[1654123.4810000006,571936.80800000019],[1654116.6750000007,571934.81000000052],[1654105.3560000006,571929.35400000028],[1654097.6720000003,571926.44400000013],[1654084.4509999994,571918.66599999927],[1654072.6370000001,571908.99400000088],[1654062.9100000001,571897.67600000091],[1654054.4619999994,571885.56499999948],[1654051.4729999993,571877.03399999999],[1654048.3560000006,571869.60500000045],[1654046.3420000002,571862.31799999997],[1654045.9199999999,571849.16999999993],[1654051.7290000003,571803.45199999958],[1654053.2090000007,571792.62600000016],[1654052.2870000005,571783.40399999917],[1654050.5960000008,571773.125],[1654049.8310000002,571763.92400000058],[1654044.0429999996,571753.11600000039],[1654038.2359999996,571743.26300000027],[1654036.2219999991,571735.97599999979],[1654036.2750000004,571727.99899999984],[1654038.6510000005,571717.12800000049],[1654036.7829999998,571707.78500000015],[1654029.2760000005,571703.93899999931],[1654020.4210000001,571701.67699999921],[1654009.4210000001,571701.37199999951],[1654000.1160000004,571703.20299999975],[1653990.9379999992,571703.93200000003],[1653979.7799999993,571703.60700000077],[1653971.9010000005,571702.58799999952],[1653963.2229999993,571699.3900000006],[1653955.8430000003,571694.44400000013],[1653948.6099999994,571687.43999999948],[1653942.352,571681.68099999987],[1653934.1730000004,571674.55599999987],[1653926.3129999992,571672.58100000024],[1653917.2780000009,571679.39699999988],[1653906.4000000004,571686.13499999978],[1653894.9000000004,571689.75799999945],[1653884.6190000009,571690.34500000067],[1653874.6919999998,571689.06100000069],[1653864.9409999996,571686.84200000018],[1653857.0620000008,571685.82399999909],[1653844.159,571683.19800000079],[1653837.4020000007,571681.36600000039],[1653828.9000000004,571677.23299999908],[1653820.4169999994,571672.14399999939],[1653812.8609999996,571668.13299999945],[1653805.6089999992,571662.0859999992],[1653796.3760000002,571654.98399999924],[1653787.3790000007,571646.63499999978],[1653780.5179999992,571636.80599999987],[1653772.4619999994,571636.7229999993],[1653754.6549999993,571634.42100000009],[1653746.7949999999,571632.44700000063],[1653739.0620000008,571629.37199999951],[1653730.4330000002,571626.33999999985],[1653718.1380000003,571619.64100000076],[1653702.5749999993,571615.71299999952],[1653692.0250000004,571611.31599999964],[1653683.5419999994,571606.22699999996],[1653665.6119999997,571596.88399999961],[1653657.7369999997,571587.72199999914],[1653649.8770000003,571585.74799999967],[1653640.1449999996,571582.57399999909],[1653632.5879999995,571578.56399999931],[1653623.4639999997,571571.31599999964],[1653618.5830000006,571562.54199999943],[1653609.977,571550.41100000031],[1653603.2229999993,571540.43700000085],[1653596.8430000003,571527.63599999994],[1653593.6760000009,571520.04099999927],[1653590.2890000008,571507.62700000033],[1653585.9069999997,571494.92500000075],[1653581.2210000008,571484.25999999978],[1653576.682,571471.53700000048],[1653571.977,571461.82699999958],[1653567.6140000001,571448.16899999976],[1653565.4419999998,571440.8629999999],[1653562.182,571427.3479999993],[1653557.4959999993,571416.68200000003],[1653550.4389999993,571408.74400000088],[1653544.8080000002,571397.9570000004],[1653540.4260000009,571385.25400000066],[1653535.8670000006,571373.4879999999],[1653531.1999999993,571361.86700000055],[1653527.6359999999,571350.38800000027],[1653525.5720000006,571342.93600000069],[1653521.7050000001,571333.49400000088],[1653515.2740000002,571320.5270000007],[1653509.9460000005,571307.70299999975],[1653505.5830000006,571294.04499999993],[1653505.9580000006,571283.07499999925],[1653508.3670000006,571265.18300000019],[1653507.2670000009,571256.89699999988],[1653511.4210000001,571241.30599999987],[1653512.7420000006,571230.45900000073],[1653512.9220000003,571221.38000000082],[1653512.352,571210.28800000064],[1653508.9149999991,571197.70800000057],[1653503.3019999992,571185.96499999985],[1653497.7970000003,571174.07599999942],[1653492.807,571165.44700000063],[1653493.2909999993,571154.3320000004],[1653495.4140000008,571137.52099999972],[1653494.1870000008,571130.3359999992],[1653489.4820000008,571120.62600000016],[1653484.7949999999,571109.9609999992],[1653485.7440000009,571101.93999999948],[1653486.7229999993,571095.03999999911],[1653488.0439999998,571084.19299999997],[1653490.0960000008,571076.31399999931],[1653491.4159999993,571065.46700000018],[1653493.4680000003,571057.58799999952],[1653494.2899999991,571050.6679999996],[1653496.2139999997,571043.89100000076],[1653498.2660000008,571036.0120000001],[1653501.4590000007,571026.36500000022],[1653507.4499999993,571018.99499999918],[1653519.8010000009,571009.57300000079],[1653526.7379999999,571002.32499999925],[1653532.9059999995,570994.02099999972],[1653537.8440000005,570986.67400000058],[1653543.0850000009,570977.29199999943],[1653547.5260000005,570965.73000000045],[1653551.6449999996,570957.16000000015],[1653556.6909999996,570949.6679999996],[1653561.7559999991,570941.22100000083],[1653564.9790000003,570932.6950000003],[1653571.7909999993,570918.40599999949],[1653578.9039999992,570910.2229999993],[1653585.841,570902.97499999963],[1653589.0639999993,570894.44999999925],[1653591.1339999996,570885.61500000022],[1653593.8640000001,570864.73000000045],[1653596.4330000002,570851.96800000034],[1653597.7339999992,570842.07699999958],[1653599.7850000001,570834.19800000079],[1653600.9289999995,570824.28600000031],[1653603.352,570813.58100000024],[1653606.5250000004,570804.88900000043],[1653612.5350000001,570796.56399999931],[1653620.5749999993,570789.45900000073],[1653630.0749999993,570785.73599999957],[1653632.1260000002,570777.85799999908],[1653631.2320000008,570769.75799999945],[1653624.4989999998,570750.68500000052],[1653617.7449999992,570740.71000000089],[1653610.8629999999,570731.83699999936],[1653608.9930000007,570722.49300000072],[1653611.0629999992,570713.65899999999],[1653610.2970000003,570704.45800000057],[1653603.5580000002,570701.67100000009],[1653595.6789999995,570700.65300000086],[1653585.7699999996,570698.41499999911],[1653577.5899999999,570691.28999999911],[1653577.75,570683.16699999943],[1653578.8739999998,570674.21000000089],[1653578.7679999992,570666.21299999952],[1653574.7039999999,570658.66200000048],[1653567.0040000007,570648.56499999948],[1653559.75,570642.51799999923],[1653551.443,570636.49499999918],[1653541.5170000009,570627.06900000013],[1653529.8959999997,570615.50799999945],[1653520.7890000008,570607.3049999997],[1653510.6099999994,570600.0820000004],[1653500.6840000004,570590.65599999949],[1653496.7960000001,570582.16999999993],[1653492.0590000004,570571.33799999952],[1653488.4930000007,570559.8599999994],[1653482.6840000004,570550.00699999928],[1653477.8499999996,570541.39900000021],[1653472.6830000002,570533.70600000024],[1653458.0510000009,570514.5700000003],[1653450.8650000002,570507.73399999924],[1653443.3080000002,570503.72399999946],[1653430.2609999999,570495.0120000001],[1653413.7750000004,570473.72100000083],[1653403.0989999995,570462.28299999982],[1653391.9059999995,570455.72699999996],[1653384.2210000008,570452.81900000013],[1653372.1199999992,570444.23000000045],[1653360.9260000009,570437.67400000058],[1653350.5700000003,570431.3870000001],[1653339.3770000003,570424.83100000024],[1653328.2019999996,570417.3200000003],[1653319.8939999994,570411.29700000025],[1653311.7139999997,570404.17300000042],[1653302.5879999995,570396.92699999921],[1653295.7050000001,570388.05399999954],[1653294.5850000009,570380.72399999946],[1653293.8369999994,570370.56699999981],[1653292.9619999994,570361.5120000001],[1653293.443,570350.39699999988],[1653293.5889999997,570348.33999999985],[1653293.4969999995,570334.27600000054],[1653292.4450000003,570326.15699999966],[1653292.9450000003,570314.0859999992],[1653292.8200000003,570307.04399999976],[1653293.9250000007,570299.0429999996],[1653295.2440000009,570288.1950000003],[1653296.8469999991,570276.26700000092],[1653297.7949999999,570268.24499999918],[1653300.8420000002,570252.51099999994],[1653302.4450000003,570240.58300000057],[1653304.3880000003,570232.84999999963],[1653307.1329999994,570211.00899999961],[1653309.1840000004,570203.13000000082],[1653311.2850000001,570187.27400000021],[1653312.4269999992,570177.36199999973],[1653313.1040000003,570164.35600000061],[1653314.227,570155.39900000021],[1653315.7029999997,570144.57200000063],[1653317.9499999993,570126.65899999999],[1653317.8249999993,570119.61700000055],[1653321.0500000007,570094.80399999954],[1653319.0519999992,570086.56200000085],[1653316.557,570074.10400000028],[1653314.7190000005,570057.73900000006],[1653312.0480000004,570046.21700000018],[1653311.4560000002,570036.08100000024],[1653311.3499999996,570028.08300000057],[1653312.0069999993,570016.03299999982],[1653312.0270000007,570006.93300000019],[1653314.4499999993,569988.08500000089],[1653314.5010000002,569980.10799999908],[1653315.7510000002,569970.05000000075],[1653318.6530000009,569948.22900000028],[1653320.7709999997,569939.56100000069],[1653321.7170000002,569931.5390000008],[1653323.3200000003,569919.61099999957],[1653324.4619999994,569909.69899999909],[1653325.1190000009,569897.64800000004],[1653325.4910000004,569886.67799999937],[1653323.4749999996,569871.24899999984],[1653324.3460000008,569856.35099999979],[1653324.8450000007,569844.27999999933],[1653325.7919999994,569836.25899999961],[1653325.6659999993,569829.21700000018],[1653326.9460000005,569820.28099999949],[1653327.7660000008,569813.36099999957],[1653328.2650000006,569801.28999999911],[1653328.0140000004,569787.20500000007],[1653328.1720000003,569779.0820000004],[1653330.9159999993,569757.24200000055],[1653330.966,569749.26400000043],[1653331.9130000006,569741.24300000072],[1653335.8279999997,569710.61099999957],[1653335.8289999999,569702.46800000034],[1653336.5040000007,569689.46199999936],[1653336.6630000006,569681.33799999952],[1653336.4110000003,569667.25400000066],[1653336.4800000004,569650.17799999937],[1653337.4580000006,569635.13499999978],[1653337.6539999992,569625.09999999963],[1653338.0069999993,569615.0859999992],[1653335.8139999993,569600.59200000018],[1653333.8159999996,569592.34999999963],[1653332.4230000004,569580.03500000015],[1653331.4969999995,569570.81399999931],[1653330.9230000004,569559.72199999914],[1653330.1730000004,569549.56499999948],[1653329.5309999995,569539.26300000027],[1653329.8839999996,569529.24899999984],[1653330.2559999991,569510.13599999994],[1653332.3239999991,569501.30100000091],[1653335.5950000007,569476.65399999917],[1653337.4869999997,569468.75500000082],[1653338.4629999995,569461.85500000045],[1653339.2829999998,569454.93500000052],[1653341.8289999999,569443.12900000066],[1653343.1280000005,569433.23699999973],[1653345.1769999992,569425.35799999908],[1653346.2990000006,569416.40100000054],[1653345.2459999993,569408.28099999949],[1653342.9069999997,569395.84400000051],[1653341.0350000001,569386.50100000016],[1653334.1510000005,569369.4849999994],[1653331.352,569359.06399999931],[1653328.534,569349.5979999993],[1653321.6500000004,569332.5820000004],[1653314.7850000001,569322.75400000066],[1653309.2569999993,569311.82100000046],[1653303.6400000006,569300.07799999975],[1653298.3249999993,569286.29800000042],[1653295.3809999991,569277.93400000036],[1653291.1380000003,569263.17500000075],[1653288.7990000006,569250.7379999999],[1653286.4979999997,569236.38900000043],[1653284.4800000004,569229.10300000012],[1653282.6070000008,569219.75999999978],[1653281.5350000001,569212.59600000083],[1653280.7660000008,569203.39499999955],[1653280.784,569194.29600000009],[1653285.3019999992,569159.59100000001],[1653286.7449999992,569147.64200000092],[1653289.6429999992,569133.96399999969],[1653290.4619999994,569127.04399999976],[1653292.5109999999,569119.16499999911],[1653300.8589999992,569076.97100000083],[1653304.3509999998,569065.28600000031],[1653310.1940000001,569051.83000000007],[1653316.5710000005,569040.67699999921],[1653323.6620000005,569025.30599999987],[1653328.4199999999,569018.89499999955],[1653334.7609999999,569009.65399999917],[1653338.6999999993,569002.01899999939],[1653342.6889999993,568994.55000000075],[1653346.1620000005,568983.82100000046],[1653349.6720000003,568971.18099999987],[1653351.8959999997,568962.36700000055],[1653354.3149999995,568951.66100000031],[1653353.3880000003,568942.43999999948],[1653351.3880000003,568934.19800000079],[1653348.5690000001,568924.73299999908],[1653341.9869999997,568913.82300000079],[1653335.0529999994,568904.78500000015],[1653328.7919999994,568890.88299999945],[1653327.1129999999,568879.64900000021],[1653327.6099999994,568867.57699999958],[1653330.3310000002,568846.69199999981],[1653332.7489999998,568835.98699999973],[1653336.7369999997,568820.37399999984],[1653341.1549999993,568809.76700000092],[1653343.2709999997,568801.09899999946],[1653345.1429999992,568794.15499999933],[1653347.2589999996,568785.48599999957],[1653348.7009999994,568773.53700000048],[1653349.8039999995,568765.53600000031],[1653349.852,568757.55900000036],[1653350.0280000009,568748.48000000045],[1653350.9729999993,568740.45800000057],[1653351.3239999991,568730.44400000013],[1653351.3420000002,568721.34500000067],[1653352.9900000002,568709.5820000004],[1653353.0079999994,568700.48299999908],[1653353.1830000002,568691.40399999917],[1653356.0979999993,568668.62800000049],[1653357.9700000007,568661.68400000036],[1653361.2359999996,568637.03700000048],[1653363.9260000009,568623.17300000042],[1653364.9199999999,568615.31799999997],[1653366.1980000008,568606.38099999912],[1653368.0879999995,568598.48200000077],[1653373.9780000001,568577.04800000042],[1653376.3650000002,568565.22000000067],[1653379.7290000003,568554.6370000001],[1653380.7050000001,568547.73699999973],[1653381.6490000002,568539.71600000001],[1653387.5390000008,568518.28199999966],[1653389.3019999992,568511.48399999924],[1653391.7200000007,568500.77800000086],[1653394.0700000003,568490.8629999999],[1653399.0510000009,568467.39499999955],[1653401.4859999996,568447.58999999985],[1653403.7090000007,568438.77600000054],[1653404.5270000007,568431.85600000061],[1653406.4279999994,568417.8900000006],[1653408.4940000009,568409.0549999997],[1653411.5830000006,568385.34300000034],[1653413.6309999991,568377.46399999969],[1653415.0720000006,568365.5150000006],[1653417.6649999991,568353.87399999984],[1653419.2329999991,568340.82399999909],[1653421.0250000004,568327.00400000066],[1653421.2180000003,568316.96900000051],[1653422.5140000004,568307.07699999958],[1653422.8650000002,568297.06299999915],[1653425.1050000004,568279.14900000021],[1653427.3279999997,568270.33500000089],[1653430.0639999993,568248.49400000088],[1653430.5600000005,568236.42200000025],[1653432.0500000007,568224.63900000043],[1653433.1510000005,568216.63800000027],[1653433.9690000005,568209.71800000034],[1653434.4639999997,568197.64699999988],[1653433.8870000001,568186.5549999997],[1653435.3090000004,568175.56100000069],[1653435.034,568162.43200000003],[1653437.1469999999,568145.61999999918],[1653439.3880000003,568135.84999999963],[1653439.3870000001,568127.70600000024],[1653437.2390000001,568113.37800000049],[1653435.9869999997,568099.00500000082],[1653435.4100000001,568087.91300000064],[1653436.3829999994,568072.86999999918],[1653436.4309999999,568064.89200000092],[1653435.9800000004,568052.69899999909],[1653436.1720000003,568042.6640000008],[1653437.9149999991,568028.67799999937],[1653438.8890000004,568021.77899999917],[1653437.8139999993,568006.47100000083],[1653437.0419999994,567997.26999999955],[1653435.1850000005,567986.97100000083],[1653435.2329999991,567978.99300000072],[1653435.727,567966.92200000025],[1653434.2039999999,567955.70800000057],[1653431.3839999996,567946.24200000055],[1653428.7390000001,567935.84100000001],[1653429.8770000003,567925.92899999954],[1653432.2259999998,567916.01300000027],[1653434.1640000008,567908.27999999933],[1653435.4409999996,567899.34300000034],[1653436.5789999999,567889.43099999987],[1653449.6359999999,567842.7349999994],[1653449.1380000003,567838.51899999939],[1653446.8129999992,567825.12600000016],[1653442.6160000004,567810.53299999982],[1653437.4729999993,567795.81799999997],[1653435.1490000002,567782.42500000075],[1653432.3100000005,567773.91499999911],[1653430.4529999997,567763.61600000039],[1653425.3100000005,567748.90100000054],[1653417.6009999998,567730.66100000031],[1653408.7919999994,567720.42200000025],[1653403.3469999991,567707.74400000088],[1653396.4100000001,567698.70500000007],[1653392.5170000009,567690.21900000051],[1653390.6420000009,567680.87600000016],[1653389.8699999992,567671.67500000075],[1653390.0429999996,567662.59600000083],[1653391.8049999997,567655.79700000025],[1653394.8460000008,567648.20600000024],[1653396.7170000002,567641.26300000027],[1653400.8790000007,567632.85799999908],[1653405.7440000009,567626.30100000091],[1653413.4940000009,567620.27600000054],[1653423.0999999996,567616.40599999949],[1653430.8320000004,567611.33699999936],[1653447.6119999997,567598.49400000088],[1653452.6530000009,567591.00200000033],[1653454.591,567583.26799999923],[1653453.818,567574.06699999981],[1653453.9910000004,567564.9879999999],[1653454.9340000004,567556.96600000001],[1653454.0350000001,567548.86700000055],[1653451.9839999992,567540.45900000073],[1653454.0759999994,567524.60199999996],[1653459.0079999994,567517.25500000082],[1653461.0539999995,567509.37600000016],[1653462.0470000003,567501.51999999955],[1653462.2190000005,567492.44099999964],[1653460.1679999996,567484.03299999982],[1653454.2259999998,567475.28299999982],[1653450.2829999998,567466.63000000082],[1653446.5659999996,567457.20900000073],[1653442.4470000006,567449.49200000055],[1653436.3300000001,567441.67699999921],[1653432.4360000007,567433.18999999948],[1653426.4450000003,567424.27400000021],[1653420.182,567418.5150000006],[1653412.7990000006,567413.5700000003],[1653406.3110000007,567408.5820000004],[1653398.6229999997,567397.52999999933],[1653394.7290000003,567389.04399999976],[1653391.7320000008,567380.51300000027],[1653388.9100000001,567371.04800000042],[1653388.3310000002,567359.95600000024],[1653390.1209999993,567346.13599999994],[1653389.9710000008,567331.90599999949],[1653390.9600000009,567315.90599999949],[1653392.1640000008,567274.7070000004],[1653394.7520000003,567254.92200000025],[1653396.7970000003,567247.0429999996],[1653405.5179999992,567225.97499999963],[1653408.7029999997,567216.32599999942],[1653413.3110000007,567203.82799999975],[1653424.8780000005,567177.05900000036],[1653433.727,567163.03299999982],[1653439.1549999993,567151.75799999945],[1653450.5490000006,567134.06799999997],[1653458.4529999997,567119.91999999993],[1653463.8310000002,567108.47900000028],[1653469.0460000001,567100.05100000091],[1653473.0319999997,567092.5820000004],[1653477.8959999997,567086.02500000037],[1653490.2530000005,567067.50100000016],[1653497.8550000004,567055.3900000006],[1653503.2149999999,567044.90499999933],[1653509.7229999993,567026.58400000073],[1653518.443,567005.51600000076],[1653524.1710000001,566992.20399999991],[1653529.7060000002,566980.78399999999],[1653532.5710000005,566974.12800000049],[1653536.682,566965.55800000019],[1653542.1060000006,566946.13900000043],[1653547.1870000008,566922.52500000037],[1653551.9700000007,566909.09100000001],[1653558.5759999994,566896.69199999981],[1653564.4800000004,566882.4450000003],[1653570.0329999998,566870.06900000013],[1653576.0629999992,566854.72000000067],[1653586.2050000001,566830.80199999921],[1653592.0769999996,566815.43300000019],[1653596.9859999996,566800.89800000004],[1653600.6889999993,566772.15599999949],[1653603.7249999996,566756.42200000025],[1653605.6390000004,566741.5],[1653607.7019999996,566732.66499999911],[1653608.9759999998,566723.72800000012],[1653611.534,566710.96600000001],[1653618.8340000007,566700.89100000076],[1653627.0380000006,566684.70600000024],[1653633.0859999992,566668.4020000007],[1653636.4230000004,566650.63000000082],[1653638.6559999995,566632.71600000001],[1653642.7090000007,566602.10300000012],[1653645.8839999996,566576.1679999996],[1653647.352,566565.33999999985],[1653648.2929999996,566557.31799999997],[1653650.3870000001,566549.60500000045],[1653651.2019999996,566542.68500000052],[1653651.8509999998,566530.63299999945],[1653653.7369999997,566522.73399999924],[1653656.7760000005,566515.14299999923],[1653661.8149999995,566507.65000000037],[1653666.5700000003,566501.23900000006],[1653672.9049999993,566491.99699999951],[1653678.2630000003,566481.5120000001],[1653683.8149999995,566469.13599999994],[1653691.8920000009,566454.05199999921],[1653697.1239999998,566444.6679999996],[1653700.7850000001,566432.04800000042],[1653703.6439999994,566417.24899999984],[1653705.557,566402.32699999958],[1653709.5370000005,566386.71399999969],[1653711.5989999995,566377.87900000066],[1653714.8129999992,566369.35300000012],[1653718.7479999997,566361.71800000034],[1653723.6610000003,566355.32599999942],[1653733.2829999998,566350.50100000016],[1653742.1349999998,566344.61900000088],[1653745.3000000007,566335.92600000091],[1653744.3489999995,566327.66000000015],[1653737.5859999992,566317.68600000069],[1653734.9560000002,566306.32899999991],[1653745.3570000008,566296.49499999918],[1653760.5350000001,566287.43799999915],[1653767.6390000004,566279.25400000066],[1653768.7379999999,566271.25200000033],[1653769.4030000009,566258.24499999918],[1653771.0140000004,566245.3599999994],[1653771.5040000007,566233.2890000008],[1653772.7960000001,566223.39599999972],[1653773.9519999996,566198.31799999997],[1653777.9360000007,566190.84899999946],[1653781.7219999991,566177.12700000033],[1653784.3100000005,566165.48599999957],[1653785.25,566157.46399999969],[1653788.6300000008,566131.71499999985],[1653788.818,566121.6799999997],[1653788.6640000008,566107.44899999909],[1653783.3399999999,566093.66899999976],[1653775.8420000002,566080.72499999963],[1653768.7770000007,566072.78800000064],[1653760.8920000009,566063.62600000016],[1653758.5439999998,566051.18799999915],[1653756.6659999993,566041.84500000067],[1653758.9470000006,566024.09600000083],[1653760.9900000002,566016.21700000018],[1653763.8709999993,566008.60600000061],[1653772.8489999995,566001.62199999951],[1653781.8320000004,566002.78199999966],[1653805.3479999993,565992.72499999963],[1653794.4920000006,565990.36500000022],[1653787.3819999993,565990.40499999933],[1653779.2009999994,565991.42500000075],[1653778.2939999998,565975.18099999987],[1653778.2699999996,565967.99300000072],[1653780.2060000002,565960.25899999961],[1653782.4419999998,565950.48900000006],[1653783.5399999991,565942.48699999973],[1653784.8489999995,565931.63900000043],[1653785.0189999994,565922.56000000052],[1653787.2379999999,565913.74499999918],[1653790.7210000008,565902.06000000052],[1653791.5350000001,565895.1400000006],[1653792.1999999993,565882.13299999945],[1653791.9189999998,565869.00400000066],[1653792.8589999992,565860.98200000077],[1653796.5179999992,565848.36099999957],[1653806.2970000003,565843.55700000003],[1653810.7259999998,565831.99400000088],[1653801.4849999994,565824.89299999923],[1653801.4619999994,565817.70500000007],[1653802.4509999994,565809.84899999946],[1653804.8129999992,565798.97699999996],[1653807.8509999998,565791.38599999994],[1653816.8660000004,565768.27999999933],[1653819.9039999992,565760.68899999931],[1653822.8929999992,565752.93200000003],[1653825.4299999997,565741.125],[1653826.4199999999,565733.26899999939],[1653828.7819999997,565722.39699999988],[1653830.2660000008,565710.6129999999],[1653830.7369999997,565699.49699999951],[1653833.4609999992,565677.65499999933],[1653834.7339999992,565668.71800000034],[1653835.7170000002,565652.71900000051],[1653835.0020000003,565634.58400000073],[1653835.1720000003,565625.50500000082],[1653836.5879999995,565614.51099999994],[1653836.6309999991,565606.53299999982],[1653837.4450000003,565599.6129999999],[1653838.5419999994,565591.61099999957],[1653843.8650000002,565549.02800000086],[1653846.2080000006,565539.11199999973],[1653850.5109999999,565528.65000000037],[1653858.1089999992,565516.5390000008],[1653872.7919999994,565497.19899999909],[1653889.3660000004,565478.10300000012],[1653900.1520000007,565464.48699999973],[1653910.4179999996,565447.6099999994],[1653917.0380000006,565434.25500000082],[1653921.0219999999,565426.78600000031],[1653924.9869999997,565420.27199999988],[1653930.9869999997,565411.94600000046],[1653937.6390000004,565399.71199999936],[1653946.784,565383.64900000021],[1653955.8039999995,565368.68700000085],[1653963.7200000007,565353.58300000057],[1653969.4260000009,565341.22699999996],[1653975.9199999999,565328.9729999993],[1653981.4509999994,565317.55199999921],[1653987.3010000009,565303.13900000043],[1653990.6390000004,565293.51099999994],[1653995.0669999998,565281.94800000079],[1653999.9710000008,565267.41300000064],[1654002.3809999991,565256.7070000004],[1654003.4959999993,565247.75],[1654006.5329999998,565240.15899999999],[1654010.6410000008,565231.58799999952],[1654016.4910000004,565217.17500000075],[1654021.3939999994,565202.6400000006],[1654025.9969999995,565190.14200000092],[1654030.7750000004,565176.70800000057],[1654034.2569999993,565165.02300000004],[1654038.841,565153.48000000045],[1654045.6359999999,565139.18899999931],[1654051.3589999992,565125.87800000049],[1654054.5219999999,565117.18500000052],[1654058.4550000001,565109.55000000075],[1654067.6669999994,565092.69700000063],[1654073.648,565085.32599999942],[1654079.0529999994,565075.00699999928],[1654090.2640000004,565058.25300000049],[1654096.7219999991,565047.91000000015],[1654103.1970000006,565036.61199999973],[1654109.2459999993,565028.45199999958],[1654115.4030000009,565020.14599999972],[1654124.0710000005,565007.0549999997],[1654138.6370000001,564979.71700000018],[1654144.1659999993,564968.29700000025],[1654153.1850000005,564953.33500000089],[1654161.0989999995,564938.23100000061],[1654169.1720000003,564923.14699999988],[1654177.2620000001,564907.10799999908],[1654182.9169999994,564894.5859999992],[1654186.273,564884.00200000033],[1654195.9100000001,564864.01099999994],[1654203.5059999991,564851.89900000021],[1654211.4379999992,564821.62900000066],[1654215.2440000009,564815.09500000067],[1654229.4480000008,564798.72800000012],[1654239.5449999999,564790.93099999987],[1654255.8230000008,564782.01700000092],[1654262.5739999991,564775.70399999991],[1654273.6659999993,564768.1950000003],[1654278.5260000005,564761.63800000027],[1654283.1270000003,564749.1400000006],[1654294.0779999997,564726.4450000003],[1654297.3650000002,564716.65100000054],[1654299.1300000008,564703.78600000031],[1654300.2430000007,564694.82899999991],[1654296.1699999999,564687.2770000007],[1654286.7349999994,564682.06599999964],[1654283.6070000008,564674.6370000001],[1654280.7799999993,564665.17100000009],[1654277.5020000003,564651.65399999917],[1654277.2170000002,564638.52500000037],[1654277.227,564629.42500000075],[1654278.3719999995,564621.58899999969],[1654280.773,564602.73900000006],[1654281.0659999996,564592.55900000036],[1654282.3550000004,564582.66599999927],[1654283.3599999994,564573.85400000028],[1654287.3489999995,564543.07499999925],[1654288.2870000005,564535.05299999937],[1654289.557,564526.11600000039],[1654290.8629999999,564515.26799999923],[1654292.7530000005,564501.30100000091],[1654294.3770000003,564487.46000000089],[1654295.2129999995,564473.51700000092],[1654295.6799999997,564462.40100000054],[1654295.8650000002,564452.36600000039],[1654299.0419999994,564428.50699999928],[1654299.4199999999,564416.58100000024],[1654300.0800000001,564403.57300000079],[1654301.9700000007,564389.60700000077],[1654301.2090000007,564379.44899999909],[1654302.3210000005,564370.49200000055],[1654303.1569999997,564356.54900000058],[1654302.2200000007,564347.32699999958],[1654299.8690000009,564334.88900000043],[1654299.1079999991,564324.73100000061],[1654297.5759999994,564313.51700000092],[1654296.5059999991,564297.25200000033],[1654297.7760000005,564288.31499999948],[1654299.3819999993,564275.4299999997],[1654302.8609999996,564263.74400000088],[1654303.0280000009,564254.66499999911],[1654302.2670000009,564244.50799999945],[1654301.6630000006,564234.37099999934],[1654299.7809999995,564225.02600000054],[1654292.4269999992,564203.95800000057],[1654290.2440000009,564196.65100000054],[1654287.5419999994,564186.08300000057],[1654281.6180000007,564170.30900000036],[1654279.5610000007,564161.90100000054],[1654277.8530000001,564151.62099999934],[1654275.8460000008,564143.37800000049],[1654274.1209999993,564134.0549999997],[1654270.0789999999,564110.38099999912],[1654269.1429999992,564101.15899999999],[1654269.4839999992,564091.14399999939],[1654268.8479999993,564079.88499999978],[1654268.8890000004,564071.90699999966],[1654267.7829999998,564057.55399999954],[1654267.6659999993,564049.5549999997],[1654267.8320000004,564040.47599999979],[1654268.4920000006,564027.46900000051],[1654268.3310000002,564013.23699999973],[1654269.9360000007,564000.35199999996],[1654271.6989999991,563987.48699999973],[1654271.5649999995,563980.44400000013],[1654273.9810000006,563960.63900000043],[1654274.7569999993,563955.63000000082],[1654275.3929999992,563949.64399999939],[1654278.2670000009,563927.82200000063],[1654278.6260000002,563916.85099999979],[1654280.0380000006,563905.85700000077],[1654280.8629999999,563883.76999999955],[1654286.0280000009,563843.24300000072],[1654286.1940000001,563834.1640000008],[1654287.3049999997,563825.20600000024],[1654288.2740000002,563818.30599999987],[1654288.9330000002,563805.29900000058],[1654288.9230000004,563797.15499999933],[1654287.534,563783.88199999928],[1654284.2520000003,563770.36600000039],[1654279.5500000007,563759.69999999925],[1654275.9590000007,563740.07599999942],[1654275.0040000007,563731.81000000052],[1654273.8120000008,563710.58000000007],[1654274.2960000001,563698.50799999945],[1654272.1349999998,563684.17799999937],[1654271.6899999995,563671.02800000086],[1654271.2109999992,563659.7890000008],[1654269.8110000007,563638.37299999967],[1654266.2520000003,563619.87099999934],[1654263.3059999999,563602.40699999966],[1654261.8800000008,563591.04600000009],[1654261.4360000007,563577.89599999972],[1654262.7219999991,563568.00300000049],[1654263.6980000008,563552.00300000049],[1654264.7909999993,563544.00100000016],[1654264.6559999995,563536.95800000057],[1654266.9100000001,563520.16499999911],[1654268.7919999994,563512.26600000076],[1654268.8320000004,563504.28700000048],[1654267.5989999995,563491.03600000031],[1654263.4739999995,563483.31799999997],[1654256.5969999991,563473.48900000006],[1654248.2449999992,563452.13199999928],[1654247.6390000004,563441.99499999918],[1654247.3690000009,563427.91000000015],[1654243.9519999996,563407.35099999979],[1654239.3739999998,563395.58300000057],[1654237.6649999991,563385.30299999937],[1654236.7599999998,563377.20299999975],[1654237.4069999997,563356.05199999921],[1654237.5720000006,563346.97199999914],[1654238.8579999991,563337.07899999991],[1654239.9859999996,563327.16599999927],[1654240.4509999994,563316.04900000058],[1654243.5150000006,563292.3359999992],[1654243.9969999995,563280.26400000043],[1654244.6380000003,563268.21199999936],[1654245.1199999992,563256.1400000006],[1654244.3570000008,563245.98200000077],[1654243.7679999992,563234.88900000043],[1654242.8129999992,563226.62299999967],[1654242.2239999995,563215.52999999933],[1654242.2530000005,563199.40799999982],[1654241.7899999991,563187.21299999952],[1654241.6549999993,563180.17100000009],[1654239.9279999994,563170.84699999914],[1654239.1640000008,563160.68899999931],[1654238.2090000007,563152.42300000042],[1654237.1270000003,563145.25799999945],[1654235.7359999996,563131.98599999957],[1654236.0930000003,563121.0150000006],[1654233.9130000006,563107.64100000076],[1654233.9199999999,563098.54199999943],[1654235.2060000002,563065.33799999952],[1654234.4639999997,563048.15799999982],[1654235.2640000004,563033.09300000034],[1654237.0700000003,563003.15000000037],[1654238.6940000001,562983.24200000055],[1654239.1649999991,562963.02600000054],[1654237.9480000008,562948.81799999997],[1654236.5380000006,562936.50200000033],[1654237.0199999996,562924.42899999954],[1654236.6050000004,562912.40100000054],[1654239.5999999996,562889.47699999996],[1654240.4489999991,562874.57799999975],[1654240.9299999997,562862.50599999912],[1654242.5150000006,562850.57599999942],[1654242.3680000007,562835.38900000043],[1654243.0240000002,562822.38099999912],[1654244.4839999992,562811.55299999937],[1654245.3210000005,562788.50999999978],[1654246.5879999995,562779.57300000079],[1654247.2449999992,562766.56499999948],[1654248.818,562746.49100000039],[1654248.8460000008,562730.36900000088],[1654248.3809999991,562718.17400000058],[1654248.5620000008,562708.13900000043],[1654248.1469999999,562696.11099999957],[1654247.4910000004,562685.80700000003],[1654246.7259999998,562675.65000000037],[1654246.7650000006,562667.67200000025],[1654245.8080000002,562659.40499999933],[1654247.4100000001,562646.51999999955],[1654247.5730000008,562637.43999999948],[1654247.6119999997,562629.46199999936],[1654247.9179999996,562618.32499999925],[1654247.8029999994,562604.25999999978],[1654248.4759999998,562590.29700000025],[1654248.3110000007,562576.06499999948],[1654248.9489999991,562564.01300000027],[1654248.3589999992,562552.91999999993],[1654247.8939999994,562540.72599999979],[1654246.8289999999,562532.60500000045],[1654248.0639999993,562522.54600000009],[1654249.6970000006,562510.78299999982],[1654250.8059999999,562501.82499999925],[1654250.7949999999,562493.68099999987],[1654250.9869999997,562491.78999999911],[1654250.6410000008,562487.59400000051],[1654245.6720000003,562447.67500000075],[1654249.1469999999,562435.99000000022],[1654252.9600000009,562414.2890000008],[1654259.0309999995,562390.00599999912],[1654263.9409999996,562351.20299999975],[1654270.3059999999,562333.98299999908],[1654274.5889999997,562315.37700000033],[1654277.5549999997,562308.57499999925],[1654289.4220000003,562286.95600000024],[1654291.4759999998,562278.12099999934],[1654293.7259999998,562261.32699999958],[1654300.1940000001,562250.02800000086],[1654305.8719999995,562244.69400000013],[1654317.7119999994,562239.19800000079],[1654334.5639999993,562233.23200000077],[1654343.2180000003,562229.24000000022],[1654359.0160000008,562223.29700000025],[1654384.3969999999,562214.43999999948],[1654410.4210000001,562184.43200000003],[1654411.5409999993,562183.61900000088],[1654424.3359999992,562163.07799999975],[1654436.6559999995,562145.50999999978],[1654439.5140000004,562138.85400000028],[1654447.8939999994,562120.77600000054],[1654450.7390000001,562105.97599999979],[1654455.9700000007,562081.42500000075],[1654467.3499999996,562054.63399999961],[1654465.0089999996,562041.24000000022],[1654455.8800000008,562018.82599999942],[1654452.7740000002,561995.27400000021],[1654453.1109999996,561985.25799999945],[1654449.7050000001,561963.74300000072],[1654449.375,561958.59100000001],[1654449.8670000006,561954.66300000064],[1654453.8029999994,561931.86099999957],[1654461.7400000002,561917.87800000049],[1654479.5449999999,561896.86700000055],[1654489.0360000003,561893.14299999923],[1654509.0559999999,561886.62800000049],[1654511.7390000001,561880.90799999982],[1654513.0209999997,561871.01400000043],[1654517.9140000008,561856.47900000028],[1654525.1860000007,561847.35899999924],[1654526.9220000003,561841.51600000076],[1654527.5629999992,561820.36400000006],[1654528.3540000003,561814.39900000021],[1654533.1099999994,561792.8200000003],[1654534.2379999999,561776.83999999985],[1654537.1119999997,561769.22800000012],[1654541.3959999997,561744.5549999997],[1654541.0830000006,561738.44700000063],[1654540.7780000009,561717.17300000042],[1654538.9240000006,561708.94999999925],[1654535.4989999998,561688.39100000076],[1654529.0600000005,561674.46700000018],[1654523.8450000007,561668.68400000036],[1654516.5810000002,561662.6370000001],[1654495.6400000006,561652.90699999966],[1654490.1600000001,561647.25],[1654480.4120000005,561629.86500000022],[1654473.3269999996,561613.78199999966],[1654470.6689999998,561603.38000000082],[1654470.3570000008,561597.27300000004],[1654474.4780000001,561581.67899999954],[1654475.9149999991,561577.87299999967],[1654487.9399999995,561547.17500000075],[1654489.5079999994,561527.09999999963],[1654492.0889999997,561506.35799999908],[1654490.9920000006,561491.04900000058],[1654497.4959999993,561471.77199999988],[1654496.7119999994,561462.5700000003],[1654489.6449999996,561439.46399999969],[1654487.4820000008,561416.03399999999],[1654482.8990000002,561404.26600000076],[1654480.7320000008,561389.93600000069],[1654479.8460000008,561365.71299999952],[1654472.5810000002,561359.66499999911],[1654464.4020000007,561360.68500000052],[1654463.5749999993,561374.62800000049],[1654454.1009999998,561377.39599999972],[1654429.7229999993,561371.37399999984],[1654424.5419999994,561363.6799999997],[1654420.625,561347.04900000058],[1654422.2060000002,561335.11900000088],[1654424.8870000001,561329.39800000004],[1654430.8629999999,561322.0270000007],[1654456.7689999994,561301.26300000027],[1654460.5539999995,561295.68500000052],[1654468.1270000003,561275.42799999937],[1654473.6840000004,561256.02899999917],[1654474.6520000007,561240.02800000086],[1654473.2249999996,561219.56699999981],[1654472.1410000008,561212.4020000007],[1654467.3129999992,561187.66999999993],[1654463.3959999997,561171.03800000064],[1654460.0879999995,561164.54399999976],[1654445.2960000001,561146.50799999945],[1654442.1459999997,561140.03399999999],[1654435.8499999996,561117.98599999957],[1654426.8880000003,561100.70399999991],[1654429.7990000006,561079.04700000025],[1654427.7420000006,561055.47100000083],[1654427.9189999998,561045.43500000052],[1654428.4149999991,561026.33999999985],[1654429.2219999991,561019.41899999976],[1654431.9079999998,560998.53099999949],[1654431.6280000005,560993.54600000009],[1654425.8210000005,560967.5700000003],[1654425.6830000002,560960.5270000007],[1654430.7379999999,560921.74400000088],[1654431.8800000008,560904.80700000003],[1654434.5830000006,560882.96399999969],[1654436.6889999993,560859.12700000033],[1654435.5899999999,560843.81799999997],[1654428.8509999998,560825.86400000006],[1654429.7819999997,560817.84200000018],[1654432.6380000003,560811.18500000052],[1654434.8330000006,560794.22599999979],[1654427.6030000001,560780.19999999925],[1654413.9110000003,560768.37399999984],[1654401.6359999999,560762.79700000025],[1654398.3279999997,560756.30299999937],[1654406.0869999994,560743.25500000082],[1654406.5470000003,560732.13800000027],[1654399.4900000002,560723.24400000088],[1654390.3499999996,560715.99699999951],[1654383.1209999993,560701.97199999914],[1654374.8230000008,560679.82599999942],[1654374.8120000008,560656.51400000043],[1654372.1689999998,560645.15699999966],[1654369.193,560637.74699999951],[1654357.5490000006,560626.18600000069],[1654343.8609999996,560599.19299999997],[1654333.148,560579.60899999924],[1654321.0490000006,560563.99699999951],[1654313.8190000001,560549.97100000083],[1654314.4859999996,560536.00799999945],[1654310.8300000001,560525.31799999997],[1654303.9340000004,560501.2770000007],[1654302.6740000006,560495.04700000025],[1654303.6549999993,560487.19099999964],[1654296.7400000002,560470.17300000042],[1654295.4810000006,560463.94400000013],[1654292.0510000009,560443.38399999961],[1654293.7890000008,560422.37399999984],[1654294.5789999999,560416.40899999999],[1654298.6980000008,560391.71499999985],[1654301.2569999993,560371.92799999937],[1654303.1860000007,560349.0270000007],[1654303.5050000008,560330.86700000055],[1654304.6290000007,560305.78600000031],[1654306.2070000004,560293.85600000061],[1654308.7829999998,560273.11400000006],[1654312.5859999992,560251.41200000048],[1654313.2200000007,560230.25999999978],[1654315.2880000006,560214.40100000054],[1654313.2909999993,560199.13599999994],[1654310.9110000003,560193.72000000067],[1654305.9030000009,560185.08999999985],[1654299.5830000006,560179.16599999927],[1654295.4859999996,560172.5700000003],[1654295.0470000003,560167.56399999931],[1654296.1539999992,560143.43899999931],[1654296.9619999994,560121.35099999979],[1654290.7100000009,560099.46900000051],[1654290.0649999995,560088.21000000089],[1654290.8540000003,560082.24499999918],[1654293.0800000001,560057.30700000003],[1654291.0500000007,560040.91899999976],[1654289.193,560032.69700000063],[1654283.1879999992,560023.77899999917],[1654275.3269999996,560006.63900000043],[1654270.932,559992.98000000045],[1654269.0749999993,559984.75799999945],[1654264.1919999998,559959.8599999994],[1654259.1669999994,559943.0859999992],[1654258.8699999992,559929.95600000024],[1654253.6879999992,559907.09500000067],[1654250.7290000003,559883.56299999915],[1654247.7679999992,559875.19800000079],[1654243.8300000001,559850.42200000025],[1654238.523,559828.66200000048],[1654234.2679999992,559822.04600000009],[1654226.8269999996,559826.03500000015],[1654221.659,559826.48599999957],[1654216.2679999992,559821.63900000043],[1654202.1170000006,559805.76300000027],[1654186.7070000004,559783.65799999982],[1654183.398,559771.09699999914],[1654183.7310000006,559751.98200000077],[1654180.7699999996,559743.61700000055],[1654168.7770000007,559727.8599999994],[1654157.9519999996,559717.52199999988],[1654154.1699999999,559707.93400000036],[1654154.818,559694.92600000091],[1654158.9000000004,559678.21000000089],[1654162.0700000003,559653.39299999923],[1654166.9900000002,559630.87800000049],[1654176.1659999993,559590.71199999936],[1654175.8509999998,559584.60400000028],[1654179.0209999997,559559.78800000064],[1654180.9289999995,559553.00899999961],[1654189.7890000008,559531.00300000049],[1654186.7949999999,559515.44899999909],[1654178.1769999992,559496.29600000009],[1654175.182,559471.64200000092],[1654169.6830000002,559451.77400000021],[1654159.7699999996,559434.36999999918],[1654147.5270000007,559411.71600000001],[1654147.0700000003,559392.49799999967],[1654143.1140000001,559383.84500000067],[1654130.0820000004,559367.15599999949],[1654120.9240000006,559351.76600000076],[1654117,559335.13399999961],[1654108.6799999997,559329.11199999973],[1654100.7990000006,559328.09500000067],[1654076.7019999996,559327.06100000069],[1654056.0219999999,559323.27600000054],[1654032.8870000001,559306.24200000055],[1654026.7400000002,559299.38199999928],[1654022.6579999998,559291.83100000024],[1654015.5659999996,559284.84899999946],[1654008.1740000006,559270.80399999954],[1654009.9409999996,559256.98200000077],[1654013.7390000001,559235.28099999949],[1654016.3100000005,559199.37099999934],[1654024.2200000007,559137.80700000003],[1654020.9260000009,559124.29099999927],[1654015.7249999996,559117.55299999937],[1654009.9250000007,559099.72199999914],[1654008.0490000006,559074.25500000082],[1654009.3090000004,559065.31699999981],[1654011.6889999993,559046.46600000001],[1654015.4859999996,559024.76400000043],[1654022.909,559006.56299999915],[1654025.9189999998,558990.82599999942],[1654026.5649999995,558977.81799999997],[1654026.2489999998,558971.71000000089],[1654023.4260000009,558946.12099999934],[1654021.0950000007,558940.87099999934],[1654009.7459999993,558927.27400000021],[1654003.1089999992,558924.34200000018],[1653982.0390000008,558915.71700000018],[1653967.6950000003,558901.73399999924],[1653955.2770000007,558895.18300000019],[1653950.9879999999,558890.47900000028],[1653940.6180000007,558884.19199999981],[1653924.5409999993,558876.05199999921],[1653920.1109999996,558870.37099999934],[1653915.1160000004,558854.72000000067],[1653917.9829999991,558831.93999999948],[1653919.3990000002,558813.92300000042],[1653921.6040000003,558796.00599999912],[1653922.7379999999,558779.0700000003],[1653923.523,558757.93799999915],[1653924.6400000006,558732.85700000077],[1653926.8589999992,558707.9179999996],[1653928.2919999994,558688.94400000013],[1653926.4489999991,558679.76600000076],[1653923.7670000009,558661.22000000067],[1653914.7809999995,558644.89399999939],[1653903.1490000002,558632.37800000049],[1653892.2880000006,558614.85300000012],[1653888.3450000007,558599.17799999937],[1653890.7229999993,558580.32599999942],[1653887.6180000007,558564.9179999996],[1653881.6260000002,558548.97900000028],[1653881.307,558527.70399999991],[1653879.4279999994,558502.23699999973],[1653880.2640000004,558496.43799999915],[1653880.8910000008,558475.28500000015],[1653881.9920000006,558466.32699999958],[1653884.2290000003,558449.53299999982],[1653886.7300000004,558429.57899999991],[1653886.7609999999,558421.60099999979],[1653889.1219999995,558403.70500000007],[1653891.182,558378.74599999934],[1653892.4890000001,558360.87399999984],[1653889.7890000008,558343.28399999999],[1653888.2420000006,558322.96800000034],[1653887.1669999994,558299.6799999997],[1653880.8589999992,558286.73299999908],[1653871.4000000004,558273.38000000082],[1653859.3249999993,558249.79099999927],[1653856.3430000003,558233.28199999966],[1653851.2799999993,558218.41999999993],[1653841.9940000009,558204.13199999928],[1653839.1549999993,558194.66599999927],[1653835.875,558180.19400000013],[1653838.5490000006,558159.3049999997],[1653838.4210000001,558145.23900000006],[1653837.6280000005,558126.93700000085],[1653829.3330000006,558097.76899999939],[1653816.7190000005,558077.94299999997],[1653810.5710000005,558071.08300000057],[1653787.4309999999,558054.05100000091],[1653767.9010000005,558041.47499999963],[1653748.3560000006,558035.92200000025],[1653740.9639999997,558030.97800000012],[1653725.5170000009,558025.95299999975],[1653714.6579999998,558023.59600000083],[1653693.8530000001,558020.9140000008],[1653681.4010000005,558016.27500000037],[1653674.9539999999,558011.45299999975],[1653653.8139999993,557994.51999999955],[1653647.557,557987.80599999987],[1653640.3200000003,557973.78199999966],[1653628.9680000003,557960.18600000069],[1653628.8249999993,557953.14299999923],[1653628.9489999991,557952.04099999927],[1653625.5089999996,557931.48200000077],[1653627.5879999995,557923.76799999923],[1653633.5700000003,557900.27199999988],[1653638.4820000008,557877.75599999912],[1653639.5969999991,557861.77500000037],[1653645.4470000006,557815.11400000006],[1653644.0250000004,557802.79700000025],[1653643.1209999993,557778.57399999909],[1653640.2449999992,557761.91899999976],[1653635.7200000007,557749.36199999973],[1653635.5409999993,557735.13000000082],[1653635.5830000006,557711.02899999917],[1653633.1999999993,557705.6129999999],[1653633.0399999991,557699.52600000054],[1653628.2009999994,557689.96199999936],[1653617.0219999999,557675.4299999997],[1653610.3819999993,557663.39900000021],[1653609.7640000004,557653.26099999994],[1653608.6860000007,557629.9729999993],[1653598.7670000009,557612.57100000046],[1653592.4550000001,557590.52400000021],[1653592.3110000007,557583.48100000061],[1653592.1510000005,557577.39399999939],[1653589.0130000003,557569.96499999985],[1653579.0779999997,557553.51799999923],[1653571.3969999999,557534.4879999999],[1653561.9499999993,557514.1129999999],[1653551.523,557492.49400000088],[1653548.5580000002,557484.13000000082],[1653545.8719999995,557465.58400000073],[1653540.3640000001,557445.71600000001],[1653541.477,557429.73599999957],[1653543.2190000005,557407.76899999939],[1653542.3029999994,557399.66899999976],[1653539.0010000002,557377.05199999921],[1653539.9600000009,557370.15100000054],[1653542.9440000001,557346.26999999955],[1653544.2479999997,557328.39699999988],[1653546.4140000008,557312.39299999923],[1653546.1260000002,557298.30700000003],[1653523.9130000006,557282.35300000012],[1653511.0189999994,557272.71000000089],[1653504.8780000005,557249.72800000012],[1653496.8169999998,557234.48000000045],[1653491.3090000004,557214.6129999999],[1653479.0419999994,557198.98399999924],[1653463.5940000005,557193.96000000089],[1653444.2219999991,557187.4729999993],[1653416.8230000008,557204.21800000034],[1653391.9140000008,557226.23399999924],[1653386.7170000002,557234.6640000008],[1653376.4639999997,557252.50100000016],[1653372.0059999991,557263.90000000037],[1653363.5,557274.93700000085],[1653359.8800000008,557286.60400000028],[1653348.3629999999,557298.2109999992],[1653333.534,557303.32599999942],[1653323.4639999997,557304.10400000028],[1653301.2569999993,557303.31900000013],[1653293.6740000006,557300.26700000092],[1653258.2589999996,557292.8320000004],[1653241.0759999994,557284.55199999921],[1653219.3049999997,557273.60600000061],[1653210.4790000003,557272.46900000051],[1653187.6410000008,557268.5700000003],[1653147.9210000001,557263.45500000007],[1653124.4690000005,557258.51899999939],[1653115.9719999991,557253.43400000036],[1653097.5099999998,557239.88199999928],[1653081.6199999992,557229.85400000028],[1653067.4460000005,557214.93799999915],[1653058.6449999996,557196.72199999914],[1653052.3210000005,557190.80000000075],[1653033.1030000001,557175.23399999924],[1653010.5749999993,557162.27600000054],[1653002.2530000005,557156.25599999912],[1652982.8440000005,557142.5820000004],[1652976.0989999995,557139.79800000042],[1652952.75,557125.61700000055],[1652940.6099999994,557117.9879999999],[1652919.2029999997,557104.21700000018],[1652904.8900000006,557097.42500000075],[1652888.8100000005,557089.2890000008],[1652877.3029999994,557084.77400000021],[1652857.125,557076.11099999957],[1652851.6070000008,557072.36700000055],[1652826.4069999997,557039.90899999999],[1652812.6899999995,557029.04399999976],[1652792.0879999995,557017.45199999958],[1652786.5360000003,557012.58699999936],[1652772.2070000004,557006.75200000033],[1652756.1439999994,556997.66000000015],[1652743.8640000001,556992.08899999969],[1652725.1239999998,556988.72000000067],[1652719.432,556985.91200000048],[1652695.4869999997,556975.80599999987],[1652679.7569999993,556971.86700000055],[1652655.6219999995,556963.6520000007],[1652632.4629999995,556947.5820000004],[1652616.2589999996,556940.54800000042],[1652589.1239999998,556922.84899999946],[1652569.2939999998,556912.31499999948],[1652550.3920000009,556902.8599999994],[1652544.8739999998,556899.11600000039],[1652525.4810000006,556884.48900000006],[1652488.1319999993,556860.5270000007],[1652469.3839999996,556841.99200000055],[1652462.477,556833.12099999934],[1652454.9389999993,556821.13599999994],[1652436.9419999998,556795.51400000043],[1652418.5069999993,556773.98599999957],[1652410.3359999992,556758.88599999994],[1652394.8959999997,556737.74400000088],[1652375.057,556712.04399999976],[1652364.9609999992,556695.58000000007],[1652348.4509999994,556675.41699999943],[1652337.2640000004,556651.7890000008],[1652324.818,556631.03099999949],[1652312.9829999991,556605.24400000088],[1652311.7469999995,556591.03700000048],[1652306.534,556569.13399999961],[1652295.5419999994,556552.71399999969],[1652290.1919999998,556538.93600000069],[1652286.0850000009,556523.24200000055],[1652281.6769999992,556503.51799999923],[1652268.9330000002,556484.79800000042],[1652264.5280000009,556471.14100000076],[1652261.1989999991,556465.60500000045],[1652250.5199999996,556446.19199999981],[1652244.3530000001,556440.29099999927],[1652225.591,556428.77899999917],[1652219.4399999995,556421.92200000025],[1652204.0280000009,556424.09100000001],[1652186.0600000005,556421.78099999949],[1652169.1779999994,556420.56900000013],[1652151.3829999994,556417.32300000079],[1652136.5610000007,556406.31799999997],[1652118.7400000002,556388.86199999973],[1652106.4920000006,556381.38000000082],[1652098.5730000008,556373.17899999954],[1652093.5580000002,556364.55199999921],[1652089.3110000007,556350.91599999927],[1652074.4949999992,556323.78800000064],[1652070.3939999994,556317.1950000003],[1652052.2699999996,556292.67600000091],[1652040.7679999992,556272.04099999927],[1652037.8010000009,556263.67699999921],[1652030.2400000002,556243.54900000058],[1652026.1659999993,556228.97699999996],[1652017.1720000003,556212.65499999933],[1652002.3399999999,556186.48399999924],[1651992.2699999996,556162.04199999943],[1651986.9470000006,556140.28600000031],[1651987.0830000006,556132.16200000048],[1651986.2949999999,556106.83799999952],[1651983.1329999994,556091.26600000076],[1651984.6050000004,556072.45800000057],[1651985.2149999999,556067.42799999937],[1651994.0319999997,556053.39599999972],[1651998.2919999994,556060.00999999978],[1651998.6270000003,556065.16100000031],[1652005.7190000005,556088.2620000001],[1652006.4590000007,556091.23100000061],[1652007.2809999995,556092.45399999991],[1652010.2760000005,556092.83899999969],[1652012.7620000001,556089.00799999945],[1652012.9350000005,556088.07200000063],[1652012.6160000004,556081.96499999985],[1652012.1630000006,556061.79199999943],[1652008.8389999997,556040.13299999945],[1652004.2929999996,556028.53399999999],[1652001.3159999996,556005.00400000066],[1651993.8990000002,555991.9179999996],[1651981.1260000002,555981.17699999921],[1651972.7579999994,555984.09300000034],[1651962.5299999993,555984.85400000028],[1651956.7139999997,555983.14900000021],[1651948.0429999996,555979.00100000016],[1651941.875,555973.09999999963],[1651918.5549999997,555957.01300000027],[1651886.8949999996,555913.67400000058],[1651882.0020000003,555903.94600000046],[1651870.818,555889.41899999976],[1651848.9250000007,555863.45900000073],[1651837.4220000003,555842.82399999909],[1651830.3399999999,555834.8900000006],[1651810.6359999999,555807.13599999994],[1651805.4299999997,555800.40100000054],[1651795.1909999996,555785.99599999934],[1651788.1370000001,555770.08400000073],[1651775.5250000004,555743.24100000039],[1651762.432,555726.39299999923],[1651748.4140000008,555717.56900000013],[1651738.4729999993,555701.12600000016],[1651731.1050000004,555688.2070000004],[1651714.0590000004,555655.68700000085],[1651712.7939999998,555649.45800000057],[1651713.2799999993,555645.52999999933],[1651714.7239999995,555634.69999999925],[1651711.057,555624.0120000001],[1651703.9910000004,555615.12299999967],[1651690.9079999998,555591.25300000049],[1651689.8000000007,555585.04499999993],[1651691.6799999997,555570.12099999934],[1651693.4519999996,555555.34300000034],[1651693.7760000005,555545.32699999958],[1651694.0779999997,555527.1679999996],[1651692.0399999991,555519.88199999928],[1651685.0810000002,555510.84699999914],[1651684.4480000008,555507.73200000077],[1651680.8320000004,555497.2109999992],[1651674.3599999994,555484.24699999951],[1651673.4409999996,555476.14699999988],[1651674.2400000002,555469.22599999979],[1651675.4940000009,555460.28800000064],[1651676.2540000007,555446.17799999937],[1651675.1620000005,555439.01400000043],[1651673.4130000006,555420.59100000001],[1651673.7369999997,555410.57599999942],[1651674.2229999993,555406.64699999988],[1651674.8369999994,555385.49400000088],[1651675.8200000003,555370.61500000022],[1651675.5109999999,555357.4849999994],[1651675.3149999995,555350.27600000054],[1651675.9739999995,555345.41300000064],[1651677.2359999996,555335.99599999934],[1651678.3399999999,555326.56000000052],[1651680.2190000005,555311.63599999994],[1651685.4159999993,555287.08100000024],[1651688.1280000005,555266.35799999908],[1651692.0329999998,555243.55299999937],[1651708.1060000006,555220.39499999955],[1651722.0040000007,555214.19800000079],[1651738.9959999993,555199.1400000006],[1651746.1190000009,555175.94999999925],[1651749.8729999997,555162.22499999963],[1651757.6180000007,555149.17200000025],[1651762.1950000003,555136.66999999993],[1651763.7609999999,555124.73900000006],[1651776.6649999991,555102.13199999928],[1651794.0040000007,555085.20299999975],[1651806.1490000002,555076.70600000024],[1651829.1549999993,555070.56200000085],[1651851.2300000004,555063.34100000001],[1651859.4079999998,555062.31599999964],[1651878.8090000004,555060.81799999997],[1651895.8090000004,555054.86099999957],[1651907.9539999999,555046.36400000006],[1651948.9470000006,555025.44999999925],[1651953.6699999999,555019.99100000039],[1651965.8149999995,555011.49499999918],[1651979.0399999991,554994.99499999918],[1651985.8120000008,554989.79900000058],[1651993.7200000007,554982.83400000073],[1651998.5659999996,554976.27300000004],[1652017.6329999994,554953.5],[1652022.3819999993,554940.06299999915],[1652023.7850000001,554922.04499999993],[1652029.7760000005,554906.69099999964],[1652038.466,554893.75999999978],[1652049.4780000001,554870.91000000015],[1652052.3509999998,554856.27400000021],[1652055.0250000004,554850.55199999921],[1652070.6109999996,554831.32300000079],[1652078.3289999999,554826.24799999967],[1652082.2789999992,554819.73200000077],[1652096.1119999997,554798.20299999975],[1652106.5539999995,554787.57200000063],[1652123.3819999993,554766.42799999937],[1652133.477,554757.6679999996],[1652146.5510000009,554750.24899999984],[1652151.2740000002,554744.78999999911],[1652158.0460000001,554739.59400000051],[1652184.0470000003,554717.71399999969],[1652189.0930000003,554702.23900000006],[1652197.1630000006,554701.36099999957],[1652207.8760000002,554696.67100000009],[1652229.6380000003,554692.44400000013],[1652239.4049999993,554687.63399999961],[1652261.2899999991,554682.3049999997],[1652278.0079999994,554677.4299999997],[1652286.7949999999,554671.37600000016],[1652295.3200000003,554668.48100000061],[1652319.6070000008,554667.61199999973],[1652335.1899999995,554664.50699999928],[1652344.1909999996,554664.70600000024],[1652347.1860000007,554665.09100000001],[1652364.1750000007,554666.15799999982],[1652383.4020000007,554665.59600000083],[1652408.159,554661.75500000082],[1652417.159,554661.95399999991],[1652426.5800000001,554659.0150000006],[1652436.2229999993,554655.30599999987],[1652451.5109999999,554638.11500000022],[1652473.7339999992,554621.81599999964],[1652488.5099999998,554616.53299999982],[1652496.5749999993,554609.58799999952],[1652520.1879999992,554598.41599999927],[1652529.807,554586.56299999915],[1652545.5539999995,554573.42300000042],[1652551.5690000001,554566.21399999969],[1652554.4159999993,554559.55599999987],[1652570,554540.32899999991],[1652572.6740000006,554534.60600000061],[1652586.5549999997,554513.24400000088],[1652589.9949999992,554502.5120000001],[1652591.1290000007,554500.74200000055],[1652594.5950000007,554482.03099999949],[1652600.0739999991,554478.5859999992],[1652605.9159999993,554472.31299999915],[1652607.4700000007,554467.40399999917],[1652615.2379999999,554446.37399999984],[1652622.4800000004,554422.0820000004],[1652623.4260000009,554406.08100000024],[1652624.3310000002,554382.8900000006],[1652621.9790000003,554362.47399999946],[1652618.8200000003,554356.00100000016],[1652618.8450000007,554348.02300000004],[1652623.4199999999,554335.52099999972],[1652626.3640000001,554319.61700000055],[1652626.2249999996,554305.55100000091],[1652629.3680000007,554280.73299999908],[1652627.3440000005,554272.49100000039],[1652627.8129999992,554253.39499999955],[1652619.4220000003,554248.16499999911],[1652601.3379999995,554239.93300000019],[1652598.6549999993,554236.5549999997],[1652596.2530000005,554232.09600000083],[1652590.7740000002,554219.4179999996],[1652584.307,554199.43099999987],[1652584.7520000003,554188.31299999915],[1652589.0289999992,554177.8479999993],[1652594.0480000004,554170.35199999996],[1652597.3640000001,554160.72199999914],[1652603.5010000002,554136.2890000008],[1652608.4120000005,554128.93799999915],[1652620.0779999997,554117.3479999993],[1652625.8690000009,554094.78600000031],[1652628.0899999999,554077.99100000039],[1652628.534,554066.87399999984],[1652629.6520000007,554049.93600000069],[1652628.5580000002,554042.77199999988],[1652624.2949999999,554036.15699999966],[1652603.8249999993,554022.50999999978],[1652582.5409999993,554000.61800000072],[1652564.8509999998,553981.10199999996],[1652553.5299999993,553974.69800000079],[1652546.4460000005,553966.76300000027],[1652539.3200000003,553951.6400000006],[1652544.2149999999,553945.24499999918],[1652551.9480000008,553939.21499999985],[1652552.2679999992,553929.19999999925],[1652543.2670000009,553912.87700000033],[1652531.1219999995,553905.25],[1652509.8450000007,553889.42400000058],[1652503.0820000004,553887.59699999914],[1652493.9590000007,553888.49899999984],[1652490.9639999997,553888.11400000006],[1652478.1860000007,553877.37199999951],[1652468.6989999991,553864.97800000012],[1652464.6099999994,553857.42899999954],[1652451.0490000006,553836.52899999917],[1652448.3739999998,553826.12800000049],[1652448.5470000003,553825.19299999997],[1652445.5510000009,553808.68500000052],[1652437.034,553788.43400000036],[1652425.0370000005,553771.72599999979],[1652421.7119999994,553759.16699999943],[1652411.6329999994,553750.84699999914],[1652406.7620000001,553749.26400000043],[1652385.0250000004,553745.5120000001],[1652377.2819999997,553742.44099999964],[1652363.8959999997,553736.73000000045],[1652355.0840000007,553734.63900000043],[1652347.0140000004,553735.51799999923],[1652324.0270000007,553740.70500000007],[1652306.3880000003,553737.48000000045],[1652293.2890000008,553736.75400000066],[1652278.341,553742.97399999946],[1652256.1030000001,553744.10700000077],[1652239.2290000003,553748.96299999952],[1652208.8129999992,553751.11999999918],[1652203.4580000006,553753.46499999985],[1652195.2799999993,553754.49000000022],[1652182.3460000008,553759.85099999979],[1652157.7630000003,553762.75899999961],[1652139.0209999997,553759.39299999923],[1652121.2090000007,553757.10400000028],[1652109.091,553757.62199999951],[1652098.8139999993,553758.21800000034],[1652080.0969999991,553762.99599999934],[1652076.3210000005,553768.57699999958],[1652066.8359999992,553772.30700000003],[1652058.6740000006,553772.37600000016],[1652038.8129999992,553769.82399999909],[1652032.5109999999,553772.04800000042],[1652018.3279999997,553773.25899999961],[1652001.5850000009,553769.99100000039],[1651992.477,553769.93799999915],[1651986.3139999993,553770.10400000028],[1651974.4829999991,553775.60799999908],[1651968.6669999994,553773.90300000086],[1651946.5920000002,553765.00200000033],[1651931.625,553756.0549999997],[1651919.8029999994,553754.53700000048],[1651893.9759999998,553743.2379999999],[1651884.0040000007,553734.77400000021],[1651856.6129999999,553719.28399999999],[1651837.0720000006,553706.71700000018],[1651823.6439999994,553693.81799999997],[1651812.1490000002,553688.35099999979],[1651811.2029999997,553688.23000000045],[1651803.1720000003,553680.17500000075],[1651791.6769999992,553674.70800000057],[1651768.4680000003,553667.57699999958],[1651743.4389999993,553665.48100000061],[1651737.4489999991,553664.71199999936],[1651724.5240000002,553663.05199999921],[1651716.9379999992,553660.00300000049],[1651704.7939999998,553652.37700000033],[1651687.1439999994,553640.05399999954],[1651672.8120000008,553634.2229999993],[1651654.216,553621.77899999917],[1651637.6620000005,553616.62099999934],[1651612.9140000008,553613.44400000013],[1651602.3489999995,553609.05399999954],[1651600.4729999993,553607.85600000061],[1651581.3929999992,553599.33999999985],[1651568.0059999991,553593.63099999912],[1651557.4409999996,553589.24200000055],[1651550.8169999998,553585.35899999924],[1651547.2229999993,553582.98200000077],[1651546.1190000009,553582.83999999985],[1651528.307,553580.55399999954],[1651507.1769999992,553571.77500000037],[1651494.4250000007,553569.18099999987],[1651485.0859999992,553563.8320000004],[1651476.4130000006,553559.68600000069],[1651458.9210000001,553547.38399999961],[1651438.9100000001,553537.79199999943],[1651415.1309999991,553526.75899999961],[1651402.0559999999,553518.05700000003],[1651392.9059999995,553510.81699999981],[1651384.6870000008,553504.65399999917],[1651371.1270000003,553499.88099999912],[1651352.2349999994,553489.47499999963],[1651334.0850000009,553482.03800000064],[1651314.3849999998,553469.45299999975],[1651301.9289999995,553464.82200000063],[1651282.0669999998,553462.27300000004],[1651262.0820000004,553460.82599999942],[1651254.5120000001,553456.82200000063],[1651233.1940000001,553449.93700000085],[1651219.807,553444.22800000012],[1651204.2320000008,553440.31499999948],[1651187.0429999996,553432.04399999976],[1651181.2259999998,553430.33899999969],[1651159.6119999997,553425.49100000039],[1651140.5309999995,553416.97800000012],[1651128.0739999991,553412.34699999914],[1651125.2520000003,553411.0270000007],[1651105.0519999992,553403.32799999975],[1651082.2349999994,553391.46199999936],[1651060.159,553382.56399999931],[1651047.4059999995,553379.97100000083],[1651032.2660000008,553371.96299999952],[1651014.7650000006,553366.68600000069],[1650993.7919999994,553357.9299999997],[1650954.5500000007,553332.78399999999],[1650942.2170000002,553327.05199999921],[1650926.1459999997,553317.96800000034],[1650907.0889999997,553301.47699999996],[1650901.8790000007,553294.74300000072],[1650885.159,553283.5],[1650867.0240000002,553275.10899999924],[1650849.7190000005,553260.9179999996],[1650831.4179999996,553246.43999999948],[1650812.5020000003,553244.0150000006],[1650790.5759999994,553242.16100000031],[1650768.5260000005,553241.40899999999],[1650745.6689999998,553238.47900000028],[1650722.6390000004,553236.48399999924],[1650702.6390000004,553235.99599999934],[1650683.2379999999,553237.49899999984],[1650665.9020000007,553238.31000000052],[1650646.5510000009,553239.98000000045],[1650639.6160000004,553239.09100000001],[1650617.6889999993,553237.2379999999],[1650595.7780000009,553234.4299999997],[1650570.7329999991,553233.29499999993],[1650547.5639999993,553233.35799999908],[1650530.5240000002,553232.13199999928],[1650517.7709999997,553229.53999999911],[1650493.4839999992,553230.4179999996],[1650486.0789999999,553232.50200000033],[1650471.0879999995,553231.5390000008],[1650453.3169999998,553236.4450000003],[1650438.1539999992,553236.41699999943],[1650420.3829999994,553241.32300000079],[1650396.1109999996,553241.24599999934],[1650375.2870000005,553239.53600000031],[1650338.5580000002,553234.83000000007],[1650318.8350000009,553230.22800000012],[1650296.0010000002,553219.32100000046],[1650296.443,553208.20399999991],[1650299.3200000003,553186.54499999993],[1650296.125,553178.95199999958],[1650289.6579999998,553175.09100000001],[1650270.4690000005,553166.72699999996],[1650248.3770000003,553158.7890000008],[1650236.2469999995,553150.2109999992],[1650216.3609999996,553155.64499999955],[1650194.9460000005,553158.00999999978],[1650185.0150000006,553156.7379999999],[1650170.6809999999,553150.91100000031],[1650149.6999999993,553149.18200000003],[1650134.2640000004,553143.21399999969],[1650129.5150000006,553140.53099999949],[1650107.4460000005,553124.61500000022],[1650099.7530000005,553121.71499999985],[1650082.6860000007,553112.34600000083],[1650058.9059999995,553101.31900000013],[1650052.5769999996,553095.40100000054],[1650030.9700000007,553083.53500000015],[1650019.4739999995,553078.07300000079],[1650004.6710000001,553075.21900000051],[1649999.6109999996,553075.52899999917],[1650006.8859999999,553081.56900000013],[1650022.0270000007,553089.57300000079],[1650038.8709999993,553099.7109999992],[1650042.9609999992,553107.25899999961],[1650045.0380000006,553115.66499999911],[1650040.9690000005,553139.40699999966],[1650030.5730000008,553157.23000000045],[1650024.7320000008,553163.50599999912],[1650005.6539999992,553171.11900000088],[1649982.0309999995,553173.20199999958],[1649968.6050000004,553176.43099999987],[1649945.9360000007,553171.6129999999],[1649891.3939999994,553164.63000000082],[1649875.7449999992,553168.53199999966],[1649868.6860000007,553168.74599999934],[1649854.8059999999,553173.99200000055],[1649848.0429999996,553172.16899999976],[1649840.9340000004,553172.21700000018],[1649827.3809999991,553160.42500000075],[1649806.3969999999,553142.57499999925],[1649803.2359999996,553136.10500000045],[1649803.8670000006,553123.09600000083],[1649810.7809999995,553092.6950000003],[1649815.6750000007,553086.29900000058],[1649831.9039999992,553069.22199999914],[1649852.3819999993,553059.71199999936],[1649856.9959999993,553054.39599999972],[1649871.6060000006,553043.01799999923],[1649881.2489999998,553039.30399999954],[1649887.8619999997,553034.08500000089],[1649896.5089999996,553030.08400000073],[1649906.7510000002,553028.3629999999],[1649931.8200000003,553021.51600000076],[1649948.7100000009,553015.69800000079],[1649957.5299999993,553010.76099999994],[1649960.375,553004.10199999996],[1649950.2510000002,552988.59999999963],[1649941.2890000008,552979.47100000083],[1649940.4619999994,552962.12600000016],[1649937.4900000002,552953.76400000043],[1649933.5219999999,552945.11600000039],[1649927.3660000004,552938.2620000001],[1649916.023,552916.69700000063],[1649892.0700000003,552906.60700000077],[1649878.0319999997,552898.74400000088],[1649859.4120000005,552894.28500000015],[1649844.9049999993,552889.39599999972],[1649841.9250000007,552888.05599999987],[1649822.9930000007,552886.59100000001],[1649806.4869999997,552881.60500000045],[1649786.5820000004,552871.87399999984],[1649779.6459999997,552870.98599999957],[1649758.557,552869.40399999917],[1649747.8029999994,552866.91000000015],[1649739.9210000001,552865.90100000054],[1649717.8870000001,552864.19800000079],[1649698.0240000002,552861.65599999949],[1649683.9790000003,552860.81599999964],[1649677.0429999996,552859.92899999954],[1649663.4670000002,552856.11600000039],[1649620.4499999993,552852.68600000069],[1649609.5730000008,552851.29399999976],[1649585.7850000001,552847.2929999996],[1649573.7890000008,552846.71499999985],[1649562.2780000009,552842.21000000089],[1649531.5380000006,552838.27600000054],[1649520.8489999995,552834.99300000072],[1649508.7029999997,552827.37399999984],[1649502.7129999995,552826.60700000077],[1649483.8029999994,552817.16499999911],[1649473.9900000002,552798.66999999993],[1649460.7329999991,552784.84300000034],[1649452.2540000007,552771.78700000048],[1649446.8560000006,552766.94600000046],[1649435.3589999992,552761.4849999994],[1649413.7510000002,552749.62199999951],[1649392.7919999994,552739.9179999996],[1649374.1860000007,552734.50500000082],[1649367.8849999998,552736.73100000061],[1649362.0669999998,552735.02999999933],[1649343.1300000008,552717.44299999997],[1649336.1940000001,552716.55599999987],[1649327.193,552716.3629999999],[1649316.0350000001,552716.05299999937],[1649302.4590000007,552712.24100000039],[1649280.5690000001,552701.4609999992],[1649268.8920000009,552690.86900000088],[1649265.5730000008,552684.37900000066],[1649261.4670000002,552677.78800000064],[1649261.3159999996,552670.74599999934],[1649249.7990000006,552650.11900000088],[1649249.4829999991,552636.98900000006],[1649243.1539999992,552631.07200000063],[1649232.7609999999,552625.75200000033],[1649221.8839999996,552624.36099999957],[1649215.409,552627.52400000021],[1649211.3379999995,552635.14399999939],[1649209.8849999998,552646.9299999997],[1649204.2390000001,552667.43700000085],[1649190.6620000005,552663.625],[1649173.466,552639.24000000022],[1649170.4780000001,552631.83400000073],[1649178.0439999998,552619.71299999952],[1649172.5219999999,552615.97399999946],[1649166.7200000007,552613.31699999981],[1649155.0429999996,552602.72499999963],[1649138.4810000006,552581.45299999975],[1649127.8790000007,552562.85899999924],[1649125.0439999998,552552.43999999948],[1649120.6420000009,552547.8870000001],[1649109.3019999992,552542.44700000063],[1649099.5160000008,552532.09699999914],[1649086.1280000005,552526.39499999955],[1649077.9149999991,552526.30299999937],[1649054.7459999993,552526.37299999967],[1649033.4529999997,552527.64200000092],[1649008.2349999994,552527.44999999925],[1649002.2440000009,552526.68400000036],[1648981.2630000003,552524.96000000089],[1648976.7369999997,552521.50799999945],[1648945.9969999995,552517.57899999991],[1648924.8420000002,552516.78999999911],[1648923.1380000003,552514.65699999966],[1648913.4749999996,552503.20600000024],[1648893.4609999992,552493.625],[1648876.1319999993,552487.41999999993],[1648854.2259999998,552477.59699999914],[1648846.4829999991,552474.53199999966],[1648840.9759999998,552469.83799999952],[1648829.6370000001,552464.39800000004],[1648822.7009999994,552463.5120000001],[1648818.125,552459.89399999939],[1648794.4590000007,552454.79499999993],[1648782.932,552451.24599999934],[1648766.5629999992,552444.2070000004],[1648759.2880000006,552438.16899999976],[1648751.7009999994,552435.125],[1648731.0810000002,552430.57399999909],[1648712.1640000008,552428.15699999966],[1648687.5519999992,552422.93700000085],[1648671.7870000005,552420.92300000042],[1648663.4360000007,552422.88900000043],[1648655.7200000007,552427.96800000034],[1648634.1040000003,552423.13099999912],[1648614.1180000007,552421.6950000003],[1648607.3469999991,552426.89599999972],[1648586.5160000008,552432.21499999985],[1648580.2300000004,552433.48699999973],[1648533.3790000007,552429.41699999943],[1648510.5209999997,552426.49699999951],[1648503.4609999992,552426.71299999952],[1648496.8210000005,552423.78999999911],[1648479.9529999997,552421.63499999978],[1648463.7200000007,552422.59400000051],[1648441.4890000001,552429.81100000069],[1648436.1329999994,552432.15899999999],[1648428.9010000005,552433.31000000052],[1648402.2300000004,552444.90799999982],[1648380.9800000004,552453.36700000055],[1648365.2090000007,552458.37600000016],[1648339.6559999995,552469.15899999999],[1648329.1329999994,552471.96499999985],[1648310.6899999995,552482.69800000079],[1648309.8880000003,552496.64200000092],[1648296.8100000005,552487.94899999909],[1648287.8369999994,552495.90100000054],[1648277.898,552501.65499999933],[1648254.7129999995,552502.68400000036],[1648241.1510000005,552497.91999999993],[1648222.5519999992,552485.49000000022],[1648211.5240000002,552477.05800000019],[1648187.8650000002,552464.93999999948],[1648166.5810000002,552449.13399999961],[1648154.4570000004,552433.53999999911],[1648136.5999999996,552424.07699999958],[1648123.2109999992,552418.37800000049],[1648105.9979999997,552394.95199999958],[1648092.1420000009,552369.08100000024],[1648079.5260000005,552364.43799999915],[1648060.1309999991,552358.9299999997],[1648053.2100000009,552357.08799999952],[1648043.7249999996,552360.82599999942],[1648032.5519999992,552361.47399999946],[1648027.5069999993,552360.83100000024],[1648014.2410000004,552354.02999999933],[1648006.0629999992,552355.06100000069],[1647998.159,552362.03299999982],[1647992.023,552370.34699999914],[1647973.9189999998,552386.23299999908],[1647957.3670000006,552397.20800000057],[1647932.7609999999,552408.11400000006],[1647913.6830000002,552415.7349999994],[1647895.7540000007,552420.62900000066],[1647877.1449999996,552425.27800000086],[1647868.7660000008,552419.10099999979],[1647845.1339999996,552415.12700000033],[1647831.7449999992,552409.42799999937],[1647824.1740000006,552405.4299999997],[1647806.9389999993,552389.98299999908],[1647786.6140000001,552383.39900000021],[1647765.6689999998,552372.74599999934],[1647725.5879999995,552363.48200000077],[1647703.3640000001,552363.67899999954],[1647657.6459999997,552357.84699999914],[1647637.9550000001,552354.37700000033],[1647631.7919999994,552354.54900000058],[1647626.2699999996,552350.81200000085],[1647607.8210000005,552345.42600000091],[1647571.0889999997,552340.74000000022],[1647546.0150000006,552331.47699999996],[1647540.4930000007,552327.74000000022],[1647518.7679999992,552323.05399999954],[1647498.0810000002,552319.29800000042],[1647476.9550000001,552303.51600000076],[1647465.7530000005,552296.02199999988],[1647455.1870000008,552291.64200000092],[1647436.2540000007,552290.18500000052],[1647429.9670000002,552291.45800000057],[1647407.4039999992,552286.50599999912],[1647399.2479999997,552279.56000000052],[1647382.3359999992,552270.22100000083],[1647361.9820000008,552255.49499999918],[1647356.8220000006,552248.93200000003],[1647333.7679999992,552231.78700000048],[1647326.4930000007,552225.75200000033],[1647309.4890000001,552215.60300000012],[1647302.0899999999,552210.66999999993],[1647283.7860000003,552196.20600000024],[1647266.7660000008,552187.01300000027],[1647259.318,552181.91300000064],[1647242.6160000004,552162.70600000024],[1647235.0289999992,552159.6640000008],[1647219.273,552163.72000000067],[1647196.7090000007,552158.76899999939],[1647185.6799999997,552150.33999999985],[1647162.193,552137.29099999927],[1647153.6909999996,552132.21700000018],[1647130.9609999992,552121.1799999997],[1647120.3939999994,552116.80000000075],[1647100.9859999996,552102.19600000046],[1647089.4949999992,552089.71900000051],[1647076.5519999992,552089.0270000007],[1647054.4940000009,552095.31299999915],[1647042.375,552095.84400000051],[1647022.4609999992,552093.14599999972],[1647001.3619999997,552085.50999999978],[1646994.5629999992,552082.56799999997],[1646982.7609999999,552073.08400000073],[1646969.3220000006,552067.22199999914],[1646963.9879999999,552061.59400000051],[1646953.8680000007,552062.22000000067],[1646932.1270000003,552058.49200000055],[1646922.1950000003,552057.22599999979],[1646917.9149999991,552051.57399999909],[1646904.0850000009,552056.99400000088],[1646890.7960000001,552058.17400000058],[1646866.0600000005,552054.06399999931],[1646858.0050000008,552053.99599999934],[1646843.4969999995,552049.11500000022],[1646821.7559999991,552045.3870000001],[1646802.3609999996,552039.88399999961],[1646789.1089999992,552032.13099999912],[1646770.6600000001,552026.74799999967],[1646763.8959999997,552024.92899999954],[1646755.2210000008,552020.79099999927],[1646750.182,552013.12600000016],[1646742.2559999991,552004.93400000036],[1646701.4240000006,551999.73299999908],[1646684.7290000003,551996.64900000021],[1646673.2310000006,551991.1950000003],[1646665.3479999993,551990.19099999964],[1646636.6420000009,551977.43700000085],[1646618.784,551967.98000000045],[1646606.3619999997,551954.42799999937],[1646597.9670000002,551949.20900000073],[1646584.1089999992,551946.48599999957],[1646559.0470000003,551946.32699999958],[1646533.9649999999,551944.09100000001],[1646525.1510000005,551942.01099999994],[1646502.1040000003,551940.99200000055],[1646481.6040000003,551935.34899999946],[1646460.0209999997,551931.64299999923],[1646446.7540000007,551924.84699999914],[1646441.7090000007,551924.20399999991],[1646429.4379999992,551917.69400000013],[1646428.4930000007,551917.57399999909],[1646410.1659999993,551911.09100000001],[1646402.9049999993,551904.10099999979],[1646383.0620000008,551893.59500000067],[1646371.8440000005,551887.05900000036],[1646353.3949999996,551881.67799999937],[1646327.6909999996,551885.42899999954],[1646315.398,551886.89599999972],[1646309.4230000004,551885.17799999937],[1646287.4940000009,551883.34400000051],[1646276.443,551882.89499999955],[1646254.9969999995,551877.13299999945],[1646249.0059999991,551876.37099999934],[1646243.6720000003,551870.74400000088],[1646225.0559999999,551859.2770000007],[1646216.5089999996,551847.01700000092],[1646202.9680000003,551834.28099999949],[1646191.9309999999,551809.73299999908],[1646178.6420000009,551787.77199999988],[1646161.7939999998,551777.64800000004],[1646146.1669999994,551773.58400000073],[1646136.4069999997,551771.38499999978],[1646122.5280000009,551776.64100000076],[1646097.9269999992,551780.53299999982],[1646084.6539999992,551780.75899999961],[1646067.8139999993,551786.75599999912],[1646054.5749999993,551788.10500000045],[1646052.5260000005,551787.84400000051],[1646046.0510000009,551791.00999999978],[1646027.4719999991,551793.75300000049],[1646002.7200000007,551790.60400000028],[1645980.9140000008,551787.66999999993],[1645960.9260000009,551786.24499999918],[1645951.9399999995,551785.10099999979],[1645936.6370000001,551787.14499999955],[1645931.2809999995,551789.49599999934],[1645914.8739999998,551791.39900000021],[1645908.8829999994,551790.6370000001],[1645883.0069999993,551795.32499999925],[1645876.8780000005,551796.61999999918],[1645868.375,551791.54900000058],[1645864.5559999999,551789.94600000046],[1645847.8599999994,551786.86400000006],[1645836.5120000001,551765.31100000069],[1645831.6119999997,551755.58999999985],[1645829.3949999996,551749.24300000072],[1645827.4959999993,551732.88199999928],[1645824.4719999991,551724.35700000077],[1645812.8129999992,551705.79700000025],[1645811.7090000007,551705.65599999949],[1645804.1370000001,551701.66100000031],[1645791.5270000007,551690.00200000033],[1645771.307,551683.27999999933],[1645761.5189999994,551672.93799999915],[1645763.0920000002,551660.05100000091],[1645766.7149999999,551647.42400000058],[1645769.2200000007,551635.6129999999],[1645772.0629999992,551628.95199999958],[1645778.0749999993,551621.73599999957],[1645778.068,551605.61500000022],[1645761.6439999994,551585.3320000004],[1645740.6809999999,551575.64299999923],[1645727.8969999999,551564.91999999993],[1645722.2019999996,551562.12099999934],[1645706.2559999991,551544.93099999987],[1645693.4710000008,551534.20800000057],[1645691.1469999999,551528.00699999928],[1645695.1879999992,551512.24100000039],[1645692.0759999994,551505.93999999948],[1645680.0940000005,551504.41699999943],[1645674.3990000002,551501.61800000072],[1645660.1999999993,551493.74699999951],[1645641.2870000005,551484.3200000003],[1645621.5449999999,551480.69199999981],[1645597.1040000003,551474.55199999921],[1645573.1459999997,551464.48399999924],[1645552.6510000005,551451.82300000079],[1645537.3190000001,551445.72499999963],[1645516.4940000009,551433.98000000045],[1645494.7369999997,551431.21399999969],[1645480.1050000004,551427.43899999931],[1645456.9199999999,551418.42699999921],[1645440.9529999997,551409.21499999985],[1645436.8589999992,551401.67200000025],[1645423.3019999992,551389.89399999939],[1645417.1229999997,551391.02400000021],[1645409.284,551397.21000000089],[1645400.4409999996,551386.9879999999],[1645396.3479999993,551379.44600000046],[1645376.2860000003,551362.69099999964],[1645363.6980000008,551366.19899999909],[1645344.1370000001,551377.75799999945],[1645335.6429999992,551388.80800000019],[1645328.8729999997,551394.0120000001],[1645328.8579999991,551394.96800000034],[1645326.1520000007,551399.57200000063],[1645325.25,551406.63900000043],[1645321.6339999996,551412.24499999918],[1645317.3469999991,551413.61500000022],[1645310.1140000001,551414.77099999972],[1645301.5960000008,551410.65599999949],[1645297.3300000001,551404.04900000058],[1645295.5610000007,551402.7070000004],[1645291.9800000004,551399.37900000066],[1645277.1099999994,551397.33000000007],[1645242.2970000003,551401.04499999993],[1645217.3719999995,551398.8359999992],[1645203.2019999996,551399.1099999994],[1645197.5219999999,551395.35600000061],[1645195.3049999997,551389.00999999978],[1645187.3780000005,551380.8200000003],[1645181.5749999993,551378.1679999996],[1645173.5189999994,551378.10199999996],[1645168.6260000002,551384.50300000049],[1645148.6380000003,551383.08000000007],[1645141.3460000008,551378.00400000066],[1645130.9220000003,551364.55000000075],[1645121.7679999992,551357.32200000063],[1645116.7229999993,551356.68099999987],[1645104.9140000008,551354.22399999946],[1645094.0350000001,551352.84200000018],[1645078.5950000007,551346.8900000006],[1645060.75,551336.48399999924],[1645053.8129999992,551335.60199999996],[1645034.568,551337.14800000004],[1645011.3920000009,551344.25799999945],[1644992.1620000005,551344.8479999993],[1644983.9829999991,551345.88399999961],[1644966.3350000009,551349.7070000004],[1644947.6909999996,551353.24499999918],[1644930.2300000004,551355.17600000091],[1644913.5120000001,551360.07599999942],[1644899.6180000007,551366.29099999927],[1644886.2349999994,551376.72100000083],[1644878.4989999998,551389.78299999982],[1644863.7170000002,551402.1099999994],[1644854.0879999995,551414.93200000003],[1644826.9930000007,551436.70800000057],[1644817.1919999998,551450.46600000001],[1644789.4959999993,551470.25],[1644778.4240000006,551477.78199999966],[1644762.3560000006,551484.83899999969],[1644751.0380000006,551494.57399999909],[1644738.0889999997,551500.91000000015],[1644732.4230000004,551506.25500000082],[1644715.7280000001,551526.31900000013],[1644702.9670000002,551530.76400000043],[1644677.5649999995,551548.60600000061],[1644665.1290000007,551559.15699999966],[1644657.5350000001,551563.1400000006],[1644617.8049999997,551558.09600000083],[1644609.1140000001,551554.9179999996],[1644585.1840000004,551552.99699999951],[1644582.1889999993,551552.61700000055],[1644571.4480000008,551549.17899999954],[1644558.9879999999,551544.56499999948],[1644552.8300000001,551537.71900000051],[1644543.0700000003,551535.52199999988],[1644529.3340000007,551531.70399999991],[1644523.6390000004,551528.90599999949],[1644487.8499999996,551524.3629999999],[1644477.9020000007,551524.05800000019],[1644455.2080000006,551527.24300000072],[1644449.7139999997,551531.65300000086],[1644448.6109999996,551531.51300000027],[1644439.0020000003,551536.35799999908],[1644418.4580000006,551523.53600000031],[1644392.6300000008,551528.39800000004],[1644377.6520000007,551526.49699999951],[1644365.6549999993,551525.93200000003],[1644343.5810000002,551533.18600000069],[1644317.5810000002,551538.98399999924],[1644304.1689999998,551541.27199999988],[1644284.5989999995,551536.71399999969],[1644276.5429999996,551536.64900000021],[1644268.9710000008,551532.65599999949],[1644244.5289999992,551526.52300000004],[1644228.6050000004,551524.50200000033],[1644210.8039999995,551521.28600000031],[1644189.3650000002,551531.65300000086],[1644184.2990000006,551538.99100000039],[1644162.7369999997,551550.45900000073],[1644156.5730000008,551550.63499999978],[1644141.1180000007,551545.64200000092],[1644137.0040000007,551546.07799999975],[1644134.0079999994,551545.69800000079],[1644126.5869999994,551548.74599999934],[1644112.2290000003,551550.91499999911],[1644093.0140000004,551550.55199999921],[1644071.0840000007,551548.72800000012],[1644061.1359999999,551548.42400000058],[1644045.2280000001,551545.44800000079],[1644028.3579999991,551543.30900000036],[1644000.4570000004,551532.74799999967],[1643976.3110000007,551524.57799999975],[1643962.7320000008,551520.78099999949],[1643951.2329999991,551515.33300000057],[1643950.2870000005,551515.21299999952],[1643935.6050000004,551511.27600000054],[1643919.5140000004,551503.17100000009],[1643898.6740000006,551492.38900000043],[1643892.2200000007,551487.58100000024],[1643887.9389999993,551481.93099999987],[1643884.7970000003,551467.4879999999],[1643884.7890000008,551451.36800000072],[1643877.8440000005,551434.36800000072],[1643874.682,551427.9020000007],[1643859.6799999997,551410.83799999952],[1643846.1009999998,551407.04199999943],[1643826.1129999999,551405.625],[1643802.4289999995,551401.50500000082],[1643795.6290000007,551398.56799999997],[1643772.4489999991,551382.54199999943],[1643765.9959999993,551377.73399999924],[1643741.5319999997,551379.58000000007],[1643717.2410000004,551380.49100000039],[1643695.0150000006,551380.70500000007],[1643677.8350000009,551381.56000000052],[1643650.2530000005,551384.12800000049],[1643640.1469999999,551383.8049999997],[1643636.2210000008,551382.34999999963],[1643621.0600000005,551375.32100000046],[1643612.2459999993,551373.24599999934],[1643605.7420000006,551368.27199999988],[1643604.4979999997,551347.04800000042],[1643602.4049999993,551339.60099999979],[1643589.9360000007,551318.86900000088],[1643584.6009999998,551313.24599999934],[1643583.7780000009,551312.02400000021],[1643561.5429999996,551296.11999999918],[1643538.5150000006,551287.1370000001],[1643515.3129999992,551279.08899999969],[1643504.7449999992,551274.71800000034],[1643483.1750000007,551270.06900000013],[1643461.3670000006,551267.14599999972],[1643444.3450000007,551257.96700000018],[1643432.3829999994,551248.47199999914],[1643424.8110000007,551244.48000000045],[1643380.6300000008,551227.71000000089],[1643370.2290000003,551229.42500000075],[1643352.8760000002,551231.21600000001],[1643331.0969999991,551236.43700000085],[1643312.6400000006,551238.08799999952],[1643288.5219999999,551238.06499999948],[1643264.5409999993,551235.9849999994],[1643254.4859999996,551235.82799999975],[1643244.8629999999,551231.57699999958],[1643230.3090000004,551219.51899999939],[1643213.1140000001,551211.2770000007],[1643194.5099999998,551198.86600000039],[1643183.6309999991,551197.4879999999],[1643174.3330000006,551199.34300000034],[1643160.4379999992,551205.56200000085],[1643154.432,551205.75899999961],[1643143.8780000005,551200.43300000019],[1643139.6469999999,551194.94999999925],[1643130.1469999999,551189.59699999914],[1643122.4519999996,551186.7070000004],[1643112.6260000002,551185.30299999937],[1643102.5700000003,551185.14699999988],[1643096.8690000009,551189.37199999951],[1643083.6539999992,551205.89200000092],[1643074.8029999994,551212.75100000016],[1643062.6980000008,551212.33500000089],[1643055.8829999994,551210.35500000045],[1643034.4649999999,551212.75],[1643013.3080000002,551211.98599999957],[1642992.5109999999,551208.39499999955],[1642983.6809999999,551207.2770000007],[1642974.5219999999,551207.07499999925],[1642960.4590000007,551207.20900000073],[1642945.8059999999,551211.4179999996],[1642932.5810000002,551211.81900000013],[1642915.0759999994,551206.5700000003],[1642894.7019999996,551192.81900000013],[1642881.4539999999,551178.05599999987],[1642871.6410000008,551152.5549999997],[1642859.9890000001,551140.06799999997],[1642851.5930000003,551134.85600000061],[1642848.9220000003,551140.58300000057],[1642839.4959999993,551150.56100000069],[1642833.0219999999,551153.73100000061],[1642824.9509999994,551154.62399999984],[1642797.3629999999,551164.21900000051],[1642775.6079999991,551184.60600000061],[1642767.8760000002,551190.64900000021],[1642755.5979999993,551191.16899999976],[1642739.023,551186.99699999951],[1642720.4480000008,551182.73100000061],[1642713.6339999996,551180.75100000016],[1642707.6420000009,551179.99300000072],[1642688.5549999997,551171.51300000027],[1642668.3640000001,551162.89299999923],[1642645.3399999999,551146.89299999923],[1642639.6600000001,551143.14100000076],[1642622.1539999992,551137.89399999939],[1642610.7620000001,551132.30299999937],[1642590.8719999995,551114.625],[1642573.5089999996,551100.29900000058],[1642551.273,551084.39900000021],[1642533.7520000003,551080.10700000077],[1642513.7339999992,551070.55199999921],[1642504.9189999998,551068.48000000045],[1642498.2919999994,551064.60899999924],[1642479.0170000009,551058.02099999972],[1642456.1600000001,551048.10700000077],[1642433.6089999992,551042.22199999914],[1642420.659,551048.56299999915],[1642401.8910000008,551053.2109999992],[1642387.4100000001,551056.48599999957],[1642359.9590000007,551074.08000000007],[1642342.4619999994,551084.95299999975],[1642329.5280000009,551090.33899999969],[1642311.1050000004,551093.11500000022],[1642304.9409999996,551093.2929999996],[1642293.7510000002,551094.91000000015],[1642279.2200000007,551098.01899999939],[1642270.4000000004,551102.96800000034],[1642259.5059999991,551102.54800000042],[1642254.3379999995,551103.01099999994],[1642232.4069999997,551101.1950000003],[1642220.4240000006,551099.6799999997],[1642211.9049999993,551095.5700000003],[1642210.9289999995,551087.30800000019],[1642201.9470000006,551079.15000000037],[1642195.148,551076.21499999985],[1642190.5549999997,551073.56000000052],[1642176.523,551071.78500000015],[1642162.8000000007,551077.07200000063],[1642158.0789999999,551082.5390000008],[1642134.9010000005,551089.66300000064],[1642130.1809999999,551095.13000000082],[1642110.0270000007,551110.77500000037],[1642092.4859999996,551114.46199999936],[1642078.3090000004,551121.76600000076],[1642055.1370000001,551121.86800000072],[1642045.1879999992,551121.56799999997],[1642025.784,551123.10400000028],[1642010.5160000008,551116.22699999996],[1641986.6779999994,551105.07399999909],[1641962.0620000008,551099.8870000001],[1641944.8509999998,551092.60500000045],[1641923.5749999993,551085.92600000091],[1641911.4250000007,551078.32499999925],[1641892.0209999997,551079.86199999973],[1641873.2229999993,551076.36900000088],[1641864.3939999994,551075.25300000049],[1641851.0020000003,551069.57100000046],[1641843.2559999991,551066.51700000092],[1641833.466,551056.18300000019],[1641828.4470000006,551040.54800000042],[1641823.3570000008,551032.7229999993],[1641819.0950000007,551019.0979999993],[1641816.1109999996,550994.62299999967],[1641812.0020000003,550988.03999999911],[1641799.9890000001,550978.38199999928],[1641791.9379999992,550971.30100000091],[1641788.307,550967.81000000052],[1641777.5659999996,550964.37700000033],[1641774.2589999996,550966.99200000055],[1641757.4130000006,550980.02300000004],[1641752.057,550982.37900000066],[1641726.9409999996,550982.07799999975],[1641703.443,550976.07599999942],[1641693.5099999998,550974.82100000046],[1641685.3310000002,550975.86199999973],[1641681.2009999994,550977.25500000082],[1641670.6769999992,550980.07499999925],[1641647.8000000007,550978.14200000092],[1641635.8169999998,550976.62800000049],[1641618.1429999992,550965.29800000042],[1641613.6879999992,550960.5859999992],[1641606.5979999993,550952.6679999996],[1641590.4969999995,550928.45199999958],[1641581.1889999993,550914.18999999948],[1641563.4710000008,550895.67300000042],[1641556.8640000001,550883.82699999958],[1641555.2819999997,550880.59500000067],[1641549.1229999997,550873.75300000049],[1641531.4639999997,550861.46800000034],[1641521.0179999992,550855.99899999984],[1641489.3249999993,550851.99599999934],[1641476.0710000005,550844.25699999928],[1641467.6950000003,550831.07100000046],[1641453.9869999997,550835.40399999917],[1641452.0950000007,550835.16499999911],[1641440.8699999992,550835.66200000048],[1641419.2990000006,550831.02199999988],[1641407.6109999996,550827.47199999914],[1641390.2320000008,550814.10600000061],[1641376.6970000006,550817.50300000049],[1641374.4749999996,550818.1799999997],[1641368.9810000006,550822.59300000034],[1641366.9309999999,550822.33400000073],[1641333.7589999996,550821.97499999963],[1641316.8880000003,550819.84400000051],[1641293.8530000001,550817.89299999923],[1641291.8029999994,550817.63399999961],[1641280.4609999992,550812.21199999936],[1641274.1290000007,550806.30599999987],[1641256.9619999994,550806.21299999952],[1641251.6060000006,550808.56799999997],[1641245.5999999996,550808.76799999923],[1641228.2699999996,550825.73000000045],[1641211.8910000008,550835.78999999911],[1641195.9460000005,550841.75599999912],[1641188.693,550850.89399999939],[1641180.4930000007,550859.91300000064],[1641155.7630000003,550871.95099999942],[1641148.9780000001,550878.11600000039],[1641136.9739999995,550884.58000000007],[1641120.0879999995,550883.40499999933],[1641111.0999999996,550882.27099999972],[1641104.3499999996,550879.50400000066],[1641100.7039999999,550876.96900000051],[1641089.0160000008,550873.41899999976],[1641073.091,550871.40799999982],[1641061.7430000007,550873.00799999945],[1641046.7489999998,550872.07300000079],[1641041.0529999994,550869.27899999917],[1641021.0390000008,550852.70900000073],[1641015.6380000003,550847.87800000049],[1640998.6140000001,550838.70800000057],[1640991.2129999995,550833.78399999999],[1640985.8279999997,550827.99799999967],[1640969.2719999999,550815.85400000028],[1640964.3489999995,550814.11600000039],[1640962.4719999991,550812.92200000025],[1640943.5360000003,550811.48900000006],[1640936.5979999993,550810.61400000006],[1640914.0309999995,550805.69099999964],[1640896.3709999993,550793.40799999982],[1640891.7939999998,550789.79900000058],[1640887.6840000004,550783.21600000001],[1640880.2489999998,550777.17100000009],[1640867.1420000009,550753.33500000089],[1640862.3969999999,550743.6400000006],[1640857.1840000004,550736.9179999996],[1640850.0690000001,550713.83799999952],[1640849.2799999993,550703.68500000052],[1640845.9940000009,550698.32300000079],[1640834.9120000005,550689.74300000072],[1640823.1060000006,550680.27400000021],[1640816.7740000002,550674.36900000088],[1640804.5930000003,550658.62900000066],[1640801.307,550653.26700000092],[1640797.8479999993,550648.84100000001],[1640787.3760000002,550628.21000000089],[1640776.9690000005,550606.78999999911],[1640774.8939999994,550591.36800000072],[1640773.7699999996,550569.04399999976],[1640774.2679999992,550564.16000000015],[1640770.2709999997,550540.35600000061],[1640769.1569999997,550534.1520000007],[1640767.7520000003,550512.90899999999],[1640768.9829999991,550494.87199999951],[1640770.0460000001,550470.75],[1640770.0399999991,550447.6099999994],[1640766.5500000007,550435.04099999927],[1640767.0529999994,550423.13599999994],[1640766.5749999993,550420.04399999976],[1640763.3949999996,550404.48200000077],[1640762.4379999992,550388.24400000088],[1640764.6040000003,550364.25999999978],[1640764.2530000005,550342.99200000055],[1640765.3800000008,550318.07899999991],[1640764.6980000008,550307.77999999933],[1640767.6870000008,550285.01799999923],[1640769.5730000008,550262.11600000039],[1640770.6490000002,550237.03800000064],[1640771.5690000001,550221.99400000088],[1640773.9480000008,550211.28299999982],[1640769.8379999995,550204.69999999925],[1640767.6199999992,550198.35700000077],[1640763.3369999994,550192.71000000089],[1640753.0960000008,550177.375],[1640746.7640000004,550171.46900000051],[1640737.75,550155.17200000025],[1640734.432,550141.66699999943],[1640729.2029999997,550135.90100000054],[1640723.2300000004,550127.16899999976],[1640721.0120000001,550120.82499999925],[1640721.4489999991,550109.70900000073],[1640720.8320000004,550098.61999999918],[1640721.1420000009,550095.62700000033],[1640723.9580000006,550073.80100000091],[1640718.7170000002,550051.91499999911],[1640717.9580000006,550049.90499999933],[1640716.6860000007,550043.6799999997],[1640717.2909999993,550038.65000000037],[1640713.9920000006,550017.16899999976],[1640713.3560000006,550014.05700000003],[1640712.8770000003,550010.96399999969],[1640702.5899999999,549988.44199999981],[1640700.6669999994,549980.06100000069],[1640685.6789999995,549955.03099999949],[1640680.7750000004,549945.31699999981],[1640670.9820000008,549934.9849999994],[1640662.9450000003,549926.94999999925],[1640648.4059999995,549906.92400000058],[1640630.5749999993,549888.55800000019],[1640618.7329999991,549877.96800000034],[1640613.5040000007,549872.20199999958],[1640605.9480000008,549860.2379999999],[1640607.659,549838.27199999988],[1640598.7699999996,549813.85199999996],[1640593.7280000001,549806.1950000003],[1640589.1180000007,549794.44299999997],[1640591.0329999998,549779.68400000036],[1640586.8870000001,549771.98000000045],[1640567.1789999995,549752.41999999993],[1640559.2489999998,549744.2379999999],[1640548.9879999999,549736.88000000082],[1640543.9460000005,549729.2229999993],[1640537.8039999995,549714.40599999949],[1640521.0449999999,549688.03600000031],[1640509.3430000003,549668.36900000088],[1640497.8450000007,549655.90799999982],[1640487.8650000002,549647.46800000034],[1640481.8450000007,549631.54900000058],[1640468.4199999999,549617.72900000028],[1640457.2170000002,549603.23000000045],[1640447.9199999999,549588.0150000006],[1640433.8289999999,549572.99400000088],[1640423.7410000004,549564.69999999925],[1640400.3809999991,549549.62700000033],[1640390.1060000006,549543.22599999979],[1640380.9489999991,549536.00699999928],[1640377.4890000001,549531.5820000004],[1640363.7540000007,549520.75400000066],[1640343.3900000006,549506.05900000036],[1640313.0930000003,549490.11199999973],[1640289.2679999992,549488.06599999964],[1640277.1119999997,549487.49200000055],[1640257.2290000003,549485.94299999997],[1640248.4140000008,549483.87399999984],[1640231.8369999994,549479.7109999992],[1640217.1520000007,549475.78500000015],[1640204.0500000007,549475.09100000001],[1640188.6229999997,549478.25400000066],[1640165.1050000004,549480.23699999973],[1640142.8780000005,549480.46800000034],[1640139.8609999996,549464.44899999909],[1640136.8430000003,549448.4299999997],[1640137.466,549435.42300000042],[1640127.0209999997,549422.93700000085],[1640115.9869999997,549414.52500000037],[1640100.5429999996,549408.58899999969],[1640089.0120000001,549405.06200000085],[1640068.7990000006,549404.4299999997],[1640060.3100000005,549408.46700000018],[1640034.2740000002,549430.24000000022],[1640012.8340000007,549447.64499999955],[1639987.0020000003,549476.625],[1639969.5079999994,549487.50599999912],[1639960.2390000001,549504.52999999933],[1639955.9829999991,549514.04800000042],[1639952.3650000002,549526.67699999921],[1639947.6459999997,549532.14699999988],[1639940.9989999998,549536.25599999912],[1639938.3300000001,549541.98399999924],[1639957.4810000006,549573.75899999961],[1639959.6999999993,549580.10199999996],[1639961.1229999997,549600.38800000027],[1639961.1199999992,549607.40899999999],[1639958.6190000009,549619.22199999914],[1639961.9419999998,549625.70399999991],[1639969.9949999992,549632.78299999982],[1639977.4140000008,549646.80299999937],[1639966.8430000003,549642.43899999931],[1639956.1190000009,549631.03500000015],[1639951.6809999999,549618.3479999993],[1639951.5270000007,549611.30700000003],[1639947.3839999996,549596.58300000057],[1639942.5109999999,549595.01099999994],[1639938.0869999994,549598.44299999997],[1639934.6089999992,549601.99499999918],[1639928.1809999999,549612.35500000045],[1639924.3929999992,549618.89900000021],[1639908.6030000001,549631.91000000015],[1639895.2190000005,549649.37399999984],[1639889.2589999996,549656.76099999994],[1639867.0439999998,549673.11199999973],[1639851.4409999996,549684.23200000077],[1639837.2520000003,549692.49799999967],[1639813.5769999996,549704.51600000076],[1639807.1030000001,549707.68999999948],[1639786.9220000003,549715.20199999958],[1639761.0749999993,549728.06299999915],[1639755.409,549733.4140000008],[1639727.5130000003,549746.01700000092],[1639714.3949999996,549746.27999999933],[1639703.0329999998,549748.83899999969],[1639682.6789999995,549757.28600000031],[1639668.2109999992,549776.68799999915],[1639659.0820000004,549784.63399999961],[1639643.773,549793.71700000018],[1639623.5950000007,549794.20800000057],[1639615.2440000009,549796.18899999931],[1639591.5710000005,549791.13299999945],[1639580.0360000003,549794.62800000049],[1639573.0830000006,549794.71000000089],[1639551.6750000007,549803.18400000036],[1639542.8259999994,549810.04900000058],[1639538.8800000008,549816.57399999909],[1639532.1420000009,549829.92699999921],[1639524.2390000001,549836.91100000031],[1639493.4910000004,549833.03999999911],[1639485.2620000001,549833.91899999976],[1639466.3399999999,549831.53700000048],[1639451.6899999995,549828.7349999994],[1639438.4149999991,549828.97900000028],[1639419.9419999998,549831.59999999963],[1639410.3489999995,549835.49899999984],[1639387.8110000007,549838.72599999979],[1639366.3570000008,549840.0150000006],[1639348.8149999995,549843.7109999992],[1639326.4460000005,549853.02300000004],[1639309.2290000003,549852.77099999972],[1639303.5820000004,549850.14499999955],[1639295.2149999999,549853.0820000004],[1639276.4279999994,549865.71700000018],[1639256.8819999993,549876.34200000018],[1639249.7709999997,549876.40499999933],[1639244.2929999996,549879.86400000006],[1639243.6229999997,549885.68400000036],[1639239.727,549892.375],[1639225.2229999993,549910.65599999949],[1639221.4499999993,549916.24499999918],[1639202.057,549933.91100000031],[1639195.2880000006,549939.12299999967],[1639183.1280000005,549955.625],[1639165.1950000003,549977.62399999984],[1639161.0930000003,549994.18200000003],[1639153.5299999993,550006.31499999948],[1639144.5350000001,550029.27899999917],[1639142.8110000007,550035.12600000016],[1639132.4210000001,550052.96800000034],[1639119.9810000006,550070.55199999921],[1639114.3149999995,550075.90300000086],[1639107.3890000004,550091.14800000004],[1639094.6079999991,550103.58300000057],[1639090.3509999998,550113.09999999963],[1639083.7390000001,550118.3320000004],[1639067.0470000003,550138.41300000064],[1639062.3269999996,550143.88299999945],[1639054.9210000001,550145.98299999908],[1639052.6830000002,550147.61600000039],[1639040.557,550155.18600000069],[1639024.9570000004,550159.28700000048],[1639000.4920000006,550161.15599999949],[1638992.3120000008,550162.20199999958],[1638968.2949999999,550169.07399999909],[1638926.1940000001,550173.83100000024],[1638907.8929999992,550175.51799999923],[1638868.1569999997,550170.51999999955],[1638846.9969999995,550169.77300000004],[1638824.7689999994,550170.00899999961],[1638809.1180000007,550173.9450000003],[1638797.1699999999,550173.55900000036],[1638777.2510000002,550170.89399999939],[1638762.3059999999,550170.13199999928],[1638739.2689999994,550168.19199999981],[1638725.3430000003,550166.28099999949],[1638707.5250000004,550164.04099999927],[1638686.5380000006,550162.35899999924],[1638666.6689999998,550159.8599999994],[1638646.6129999999,550159.25400000066],[1638627.8640000001,550155.93899999931],[1638618.8760000002,550154.80800000019],[1638599.7660000008,550154.32100000046],[1638575.6449999996,550154.3200000003],[1638555.6040000003,550152.75799999945],[1638535.8579999991,550149.15799999982],[1638522.9130000006,550148.4879999999],[1638504.3010000009,550143.11600000039],[1638488.6699999999,550139.07699999958],[1638479.7170000002,550139.06900000013],[1638457.0059999991,550143.2349999994],[1638451.7719999999,550144.49200000055],[1638430.6630000006,550143.91300000064],[1638417.5600000005,550143.2229999993],[1638395.9169999994,550146.40699999966],[1638389.9600000009,550146.77600000054],[1638375.0879999995,550144.74699999951],[1638359.1610000003,550142.74499999918],[1638338.0519999992,550142.16599999927],[1638318.0099999998,550140.60500000045],[1638296.682,550133.77600000054],[1638243.0189999994,550126.87299999967],[1638223.3230000008,550123.43999999948],[1638204.6809999999,550119.98100000061],[1638180.8849999998,550116.03299999982],[1638165.3760000002,550110.89299999923],[1638156.5460000001,550109.78399999999],[1638142.0480000004,550103.9729999993],[1638133.5280000009,550099.87099999934],[1638108.909,550094.70299999975],[1638095.3200000003,550067.78399999999],[1638090.7300000004,550048.05900000036],[1638092.7379999999,550024.05599999987],[1638093.5160000008,550018.08999999985],[1638094.466,550011.18799999915],[1638072.3489999995,549994.20800000057],[1638051.3609999996,549992.52899999917],[1638044.6099999994,549989.76600000076],[1638038.2890000008,549999.98200000077],[1638034.841,550011.67699999921],[1638027.7300000004,550011.74100000039],[1638016.1830000002,549999.11999999918],[1638015.5510000009,549988.9879999999],[1638017.2939999998,549975.16499999911],[1638004.318,549966.35400000028],[1637995.5020000003,549964.2890000008],[1637983.2080000006,549965.7770000007],[1637966.3350000009,549963.65799999982],[1637951.9600000009,549956.74599999934],[1637944.6999999993,549942.74899999984],[1637933.1520000007,549930.12900000066],[1637917.5059999991,549927.04700000025],[1637909.284,549903.83400000073],[1637902.3640000001,549894.98599999957],[1637904.2300000004,549880.06100000069],[1637903.1150000002,549873.85799999908],[1637890.977,549865.31200000085],[1637872.8169999998,549857.92500000075],[1637859.0820000004,549847.10500000045],[1637845.784,549825.16999999993],[1637827.3159999996,549803.70199999958],[1637815.3049999997,549787.03500000015],[1637800.6190000009,549783.11700000055],[1637795.2630000003,549785.47599999979],[1637787.0840000007,549786.52300000004],[1637781.2139999997,549784.66899999976],[1637761.4719999991,549774.05199999921],[1637754.7210000008,549771.28999999911],[1637749.1960000005,549767.56399999931],[1637744.7550000008,549761.90100000054],[1637726.4269999992,549748.4299999997],[1637706.5260000005,549737.7929999996],[1637689.1899999995,549731.62700000033],[1637682.8560000006,549725.72599999979],[1637665.9749999996,549700.46900000051],[1637653.8090000004,549676.7620000001],[1637643.5059999991,549655.20299999975],[1637632.4590000007,549630.67899999954],[1637628.4719999991,549605.92400000058],[1637621.5370000005,549598.03299999982],[1637601.1730000004,549583.34899999946],[1637581.273,549572.71399999969],[1637558.8289999999,549559.68400000036],[1637551.2689999994,549554.74599999934],[1637535.6549999993,549542.73399999924],[1637516.2070000004,549530.08100000024],[1637501.5399999991,549518.18700000085],[1637481.9629999995,549520.67699999921],[1637469.3579999991,549525.15899999999],[1637448.1980000008,549524.4179999996],[1637442.2060000002,549523.66599999927],[1637435.7349999994,549519.82200000063],[1637418.2259999998,549514.59300000034],[1637410.4780000001,549511.54700000025],[1637396.602,549509.8049999997],[1637382.0879999995,549504.95299999975],[1637379.3870000001,549502.5390000008],[1637369.1109999996,549496.14399999939],[1637355.6889999993,549475.31200000085],[1637346.3450000007,549452.91699999943],[1637329.3220000006,549436.73900000006],[1637326.2789999992,549429.17699999921],[1637325.0390000008,549414.02199999988],[1637303.25,549396.12900000066],[1637287.2760000005,549386.9450000003],[1637271.0219999999,549378.84200000018],[1637268.3210000005,549376.42899999954],[1637255.3939999994,549367.78600000031],[1637245.5999999996,549357.46199999936],[1637242.5749999993,549341.92400000058],[1637243.5079999994,549325.92500000075],[1637232.4590000007,549301.4020000007],[1637229.4159999993,549293.83999999985],[1637224.3589999992,549270.06799999997],[1637222.4350000005,549261.68899999931],[1637215.3599999994,549245.80199999921],[1637206.0329999998,549232.50500000082],[1637204.9000000004,549217.20399999991],[1637205.9580000006,549193.08300000057],[1637206.1160000004,549176.02899999917],[1637195.659,549140.41100000031],[1637197.4000000004,549126.58699999936],[1637193.3929999992,549109.80900000036],[1637185.1840000004,549095.6950000003],[1637177.1449999996,549087.66599999927],[1637174.9399999995,549080.36800000072],[1637175.8420000002,549066.27999999933],[1637173.4680000003,549052.89800000004],[1637172.1950000003,549046.67500000075],[1637168.2229999993,549031.01799999923],[1637156.6909999996,549010.42400000058],[1637152.4389999993,548995.84899999946],[1637150.5140000004,548987.47000000067],[1637148.1420000009,548967.06699999981],[1637149.0590000004,548952.02300000004],[1637147.6160000004,548939.71499999985],[1637142.8819999993,548929.06900000013],[1637135.6160000004,548922.09400000051],[1637125.9759999998,548918.81100000069],[1637105.2829999998,548915.09899999946],[1637093.6429999992,548911.72399999946],[1637079.7329999991,548901.84200000018],[1637073.8509999998,548876.85099999979],[1637070.6989999991,548869.43500000052],[1637059.4609999992,548846.80299999937],[1637043.9710000008,548826.67100000009],[1637027.2219999991,548799.35899999924],[1637013.7789999992,548786.50400000066],[1637007.1500000004,548782.64100000076],[1636986.3010000009,548771.88900000043],[1636976.3690000009,548763.62299999967],[1636971.1679999996,548755.94999999925],[1636967.3650000002,548746.37800000049],[1636961.8090000004,548727.49200000055],[1636952.6510000005,548720.27999999933],[1636928.6809999999,548717.27500000037],[1636910.0380000006,548713.82100000046],[1636887.1720000003,548710.95399999991],[1636874.7080000006,548706.3599999994],[1636864.2589999996,548700.9020000007],[1636858.1109999996,548693.1099999994],[1636848.4879999999,548681.85099999979],[1636833.3059999999,548658.72599999979],[1636826.0260000005,548652.70800000057],[1636817.5040000007,548648.60799999908],[1636809.5859999992,548639.47800000012],[1636802.9570000004,548635.61500000022],[1636784.8100000005,548627.2770000007],[1636764.9250000007,548625.74200000055],[1636746.0020000003,548623.37099999934],[1636737.3080000002,548620.2070000004],[1636722.2960000001,548603.16699999943],[1636698.6060000006,548599.08100000024],[1636682.8509999998,548596.15000000037],[1636675.7400000002,548596.21600000001],[1636654.7369999997,548595.49899999984],[1636644.9900000002,548592.36199999973],[1636632.648,548586.66699999943],[1636621.7809999995,548584.3479999993],[1636614.6559999995,548585.36999999918],[1636603.602,548584.94299999997],[1636589.2599999998,548579.15699999966],[1636575.2249999996,548577.39800000004],[1636561.9519999996,548570.62900000066],[1636553.2430000007,548568.42100000009],[1636528.9499999993,548569.36600000039],[1636522.3200000003,548565.50400000066],[1636513.8129999992,548560.44899999909],[1636506.8739999998,548559.58000000007],[1636481.4450000003,548569.31900000013],[1636461.6089999992,548574.97100000083],[1636445.4940000009,548574.86800000072],[1636422.1439999994,548582.95199999958],[1636385.8509999998,548583.35300000012],[1636364.7229999993,548590.75899999961],[1636345.1789999995,548601.39499999955],[1636331.5940000005,548604.6400000006],[1636309.5199999996,548611.92799999937],[1636286.8090000004,548616.10400000028],[1636272.1549999993,548620.3320000004],[1636258.5700000003,548623.57699999958],[1636241.852,548628.50400000066],[1636233.2050000001,548632.5270000007],[1636217.2630000003,548631.4879999999],[1636200.6510000005,548619.19600000046],[1636192.6109999996,548611.16899999976],[1636158.6449999996,548576.59899999946],[1636131.4629999995,548552.93200000003],[1636122.3039999995,548545.72199999914],[1636108.0989999995,548537.88000000082],[1636095.1199999992,548529.07499999925],[1636080.9149999991,548521.23299999908],[1636062.4749999996,548507.91499999911],[1636045.8629999999,548495.62299999967],[1636025.9619999994,548477.97399999946],[1636008.2949999999,548465.71000000089],[1635995.7829999998,548453.93200000003],[1635976.6889999993,548445.47800000012],[1635966.8910000008,548442.17799999937],[1635960.6060000006,548436.4450000003],[1635917.7899999991,548408.74699999951],[1635900.2459999993,548395.38199999928],[1635883.9780000001,548381.22000000067],[1635865.3660000004,548368.83799999952],[1635843.8790000007,548354.98000000045],[1635824.148,548343.41599999927],[1635806.4159999993,548331.94299999997],[1635785.7390000001,548320.25999999978],[1635776.7520000003,548312.11500000022],[1635759.2070000004,548298.75100000016],[1635736.9299999997,548291.81499999948],[1635729.5260000005,548286.90000000037],[1635721.1410000008,548280.74499999918],[1635699.3609999996,548261.90399999917],[1635677.7369999997,548250.10400000028],[1635670.284,548245.02300000004],[1635659.5559999999,548233.62900000066],[1635653.8570000008,548230.84200000018],[1635634.4199999999,548217.24100000039],[1635615.807,548204.8599999994],[1635607.5940000005,548197.76999999955],[1635591.6199999992,548181.57100000046],[1635570.3190000001,548165.82300000079],[1635549.7630000003,548153.03999999911],[1635532.0820000004,548141.73299999908],[1635498.1290000007,548123.28600000031],[1635482.0309999995,548115.21000000089],[1635466.4140000008,548103.20399999991],[1635446.4609999992,548085.39200000092],[1635425.6610000003,548074.81299999915],[1635404.4680000003,548058.91899999976],[1635395.3080000002,548051.71000000089],[1635377.9499999993,548036.45600000024],[1635360.8560000006,548021.07599999942],[1635351.2320000008,548009.8200000003],[1635342.6750000007,547997.58100000024],[1635339.352,547984.0820000004],[1635338.7310000006,547972.99499999918],[1635334.273,547968.2890000008],[1635329.693,547964.68500000052],[1635312.0099999998,547960.40000000037],[1635305.5370000005,547956.55900000036],[1635286.0989999995,547942.96000000089],[1635271.8929999992,547935.12099999934],[1635266.5539999995,547929.50699999928],[1635265.5739999991,547921.24699999951],[1635259.1009999998,547917.40599999949],[1635239.8340000007,547909.89200000092],[1635234.4440000001,547904.11199999973],[1635222.4279999994,547880.43200000003],[1635205.1919999998,547857.05599999987],[1635189.6970000006,547843.94999999925],[1635182.7390000001,547826.96600000001],[1635175.8159999996,547818.12199999951],[1635173.4240000006,547805.69700000063],[1635172.273,547791.35300000012],[1635174.1809999999,547783.61400000006],[1635175.2320000008,547759.49300000072],[1635174.1290000007,547752.33400000073],[1635167.6219999995,547740.35199999996],[1635152.1420000009,547719.27099999972],[1635138.2640000004,547717.53600000031],[1635132.5659999996,547714.75],[1635127.6569999997,547705.04099999927],[1635125.4360000007,547698.70099999942],[1635126.6919999998,547688.80599999987],[1635130.7890000008,547665.22499999963],[1635121.1129999999,547653.80399999954],[1635118.8920000009,547647.46399999969],[1635117.6329999994,547633.2650000006],[1635116.8090000004,547625.02500000037],[1635115.534,547618.80299999937],[1635115.0830000006,547613.80000000075],[1635109.1799999997,547589.76700000092],[1635099.5539999995,547585.53299999982],[1635085.0380000006,547580.68700000085],[1635077.7559999991,547574.67100000009],[1635072.4159999993,547569.05800000019],[1635069.2479999997,547562.59899999946],[1635067.3210000005,547554.22100000083],[1635062.1190000009,547539.52999999933],[1635051.943,547515.92100000009],[1635041.5219999999,547494.5150000006],[1635042.7440000009,547469.45800000057],[1635044.6030000001,547454.53199999966],[1635047.2709999997,547441.78199999966],[1635057.0150000006,547420.82200000063],[1635059.0800000001,547413.10199999996],[1635061.4189999998,547394.24799999967],[1635053.7929999996,547383.08400000073],[1635030.3029999994,547369.13900000043],[1635021.6089999992,547358.95800000057],[1635013.0360000003,547354.69600000046],[1634990.0120000001,547344.79900000058],[1634980.0270000007,547336.37099999934],[1634968.3499999996,547324.8599999994],[1634948.6170000006,547306.27999999933],[1634930.898,547286.83400000073],[1634925.852,547279.18400000036],[1634913.5030000005,547256.41999999993],[1634894.5289999992,547246.86999999918],[1634874.3139999993,547239.23900000006],[1634861.2109999992,547231.5390000008],[1634844.1789999995,547222.39100000076],[1634824.5879999995,547218.82699999958],[1634815.8929999992,547215.66599999927],[1634796.6390000004,547200.17799999937],[1634790.0079999994,547196.31799999997],[1634768.8120000008,547180.42799999937],[1634760.2750000004,547177.28700000048],[1634748.9419999998,547170.92600000091],[1634727.4509999994,547157.07300000079],[1634719.5659999996,547156.08799999952],[1634714.0040000007,547151.24499999918],[1634707.409,547148.50699999928],[1634697.4230000004,547147.09999999963],[1634674.8499999996,547142.2070000004],[1634664.9000000004,547141.92200000025],[1634646.4409999996,547143.60500000045],[1634634.3330000006,547143.21000000089],[1634623.8670000006,547138.71199999936],[1634621.6459999997,547132.37199999951],[1634618.4920000006,547124.95800000057],[1634604.7860000003,547122.2890000008],[1634592.2699999996,547117.53500000015],[1634587.8760000002,547112.03999999911],[1634578.6999999993,547105.7890000008],[1634561.9480000008,547102.58000000007],[1634552.9580000006,547101.45800000057],[1634534.9649999999,547100.16899999976],[1634514.8000000007,547099.72499999963],[1634507.9829999991,547097.75699999928],[1634488.2339999992,547087.15499999933],[1634480.7939999998,547081.11999999918],[1634476.2129999995,547070.49699999951],[1634461.8479999993,547055.61999999918],[1634454.8739999998,547039.59200000018],[1634450.7740000002,547032.06000000052],[1634434.6380000003,547015.84600000083],[1634420.0859999992,546995.83999999985],[1634407.9289999995,546988.25999999978],[1634386.5950000007,546981.44800000079],[1634366.9969999995,546960.81299999915],[1634362.0720000006,546952.06200000085],[1634358.6099999994,546940.62099999934],[1634355.7139999997,546916.00799999945],[1634350.2019999996,546911.33100000024],[1634329.9509999994,546895.56100000069],[1634320.4810000006,546891.34699999914],[1634308.9759999998,546885.92200000025],[1634287.4700000007,546873.0270000007],[1634267.1329999994,546866.50100000016],[1634257.6280000005,546861.16599999927],[1634241.8210000005,546851.05599999987],[1634217.8350000009,546842],[1634207.5549999997,546835.61199999973],[1634184.0130000003,546821.50599999912],[1634174.2139999997,546811.18899999931],[1634169.3389999997,546802.60300000012],[1634157.5749999993,546775.76700000092],[1634151.5969999991,546767.04399999976],[1634144.3129999992,546754.00899999961],[1634137.5240000002,546743.11099999957],[1634134.3560000006,546736.6520000007],[1634133.3729999997,546728.39299999923],[1634129.0639999993,546706.63499999978],[1634123.2210000008,546688.83400000073],[1634113.3849999998,546663.35600000061],[1634110.5099999998,546654.8599999994],[1634105.1469999999,546633.13099999912],[1634095.0030000005,546610.64499999955],[1634087.0810000002,546601.51999999955],[1634077.9340000004,546593.35899999924],[1634060.7139999997,546586.10500000045],[1634049.7819999997,546577.56100000069],[1634035.2789999992,546571.76400000043],[1634007.0059999991,546564.08899999969],[1633998.4820000008,546559.99400000088],[1633980.3169999998,546552.62299999967],[1633970.0510000009,546545.27899999917],[1633950.1429999992,546527.63900000043],[1633935.2819999997,546517.64900000021],[1633925.1730000004,546510.32499999925],[1633912.3770000003,546499.63499999978],[1633892.1239999998,546483.86700000055],[1633882.4959999993,546472.61400000006],[1633855.1089999992,546433.77999999933],[1633852.1119999997,546426.38599999994],[1633848.784,546412.88800000027],[1633844.8190000001,546396.27899999917],[1633844.0079999994,546387.08400000073],[1633844.9169999994,546372.03999999911],[1633844.9299999997,546364.06499999948],[1633845.1879999992,546353.88599999994],[1633847.0419999994,546331.93999999948],[1633849.3770000003,546313.08500000089],[1633849.9920000006,546300.07899999991],[1633848.8870000001,546292.92200000025],[1633849.5020000003,546279.91499999911],[1633851.6500000004,546255.93200000003],[1633851.4910000004,546248.89200000092],[1633846.2709999997,546235.15899999999],[1633844.9940000009,546228.93700000085],[1633842.7339999992,546214.45500000007],[1633844.625,546200.65100000054],[1633828.1559999995,546178.33500000089],[1633827.0370000005,546172.13199999928],[1633827.9590000007,546156.13299999945],[1633824.7899999991,546149.67500000075],[1633813.2819999997,546137.23200000077],[1633804.0960000008,546113.90899999999],[1633796.1209999993,546090.57899999991],[1633796.4419999998,546079.6099999994],[1633797.5219999999,546063.63000000082],[1633801.5749999993,546038.92799999937],[1633804.0810000002,546019.1370000001],[1633801.8059999999,546005.61099999957],[1633811.8880000003,545982.7770000007],[1633821.5059999991,545969.93600000069],[1633823.5189999994,545962.05000000075],[1633825.3719999995,545940.10500000045],[1633828.2219999991,545925.46299999952],[1633834.8159999996,545921.17899999954],[1633834.1390000004,545902.90699999966],[1633836.1779999994,545879.0700000003],[1633825.8589999992,545864.54099999927],[1633823.9790000003,545856.32899999991],[1633825.0209999997,545832.20800000057],[1633814.2479999997,545805.65699999966],[1633801.7809999995,545801.07100000046],[1633789.4499999993,545794.42799999937],[1633776.8110000007,545790.77800000086],[1633760.0309999995,545764.43500000052],[1633752.6390000004,545758.56799999997],[1633745.0460000001,545755.54700000025],[1633736.1530000009,545737.20800000057],[1633729.2139999997,545736.34300000034],[1633716.5749999993,545732.69299999997],[1633710.2870000005,545726.96299999952],[1633705.0669999998,545720.25],[1633704.2290000003,545694.93700000085],[1633695.6649999991,545675.68200000003],[1633686.2919999994,545661.27099999972],[1633675.1150000002,545654.93200000003],[1633670.6689999998,545649.27199999988],[1633666.3790000007,545636.61199999973],[1633654.8729999997,545631.18899999931],[1633650.4120000005,545626.4849999994],[1633647.2420000006,545620.0270000007],[1633648.8019999992,545607.13900000043],[1633649.8800000008,545591.16000000015],[1633648.6009999998,545577.9179999996],[1633650.0950000007,545533.75],[1633649.2819999997,545524.5549999997],[1633646.4169999994,545508.08400000073],[1633641.6239999998,545490.25599999912],[1633628.9969999995,545478.63099999912],[1633616.4930000007,545472.92400000058],[1633608.7789999992,545471.00599999912],[1633590.8000000007,545468.7650000006],[1633568.6919999998,545467.92400000058],[1633556.0510000009,545457.25500000082],[1633543.7190000005,545450.6129999999],[1633530.148,545445.8900000006],[1633522.5690000001,545441.9140000008],[1633520.6380000003,545433.53700000048],[1633521.5539999995,545403.49699999951],[1633518.5059999991,545395.93799999915],[1633503.1889999993,545380.94700000063],[1633504.2550000008,545372.94299999997],[1633496.5549999997,545370.06900000013],[1633474.5800000001,545360.15100000054],[1633458.6510000005,545358.16699999943],[1633448.1840000004,545353.67100000009],[1633440.6190000009,545348.74000000022],[1633423.7420000006,545339.61800000072],[1633403.8049999997,545337.93099999987],[1633379.8310000002,545327.92500000075],[1633363.091,545323.7650000006],[1633350.4509999994,545320.11600000039],[1633341.4069999997,545304.78999999911],[1633329.4330000002,545295.32200000063],[1633321.9759999998,545290.24499999918],[1633307.3220000006,545287.46199999936],[1633293.5529999994,545292.60700000077],[1633283.1520000007,545294.34300000034],[1633266.1050000004,545293.17600000091],[1633259.1649999991,545292.31200000085],[1633241.9440000001,545285.06200000085],[1633235.4829999991,545280.26799999923],[1633227.2109999992,545258.97599999979],[1633213.3080000002,545248.15100000054],[1633203.5439999998,545245.97699999996],[1633196.4179999996,545247.00400000066],[1633185.8819999993,545250.79700000025],[1633169.1160000004,545255.5700000003],[1633162.1899999995,545253.75],[1633156.5020000003,545242.99000000022],[1633151.2670000009,545237.23299999908],[1633136.2699999996,545236.32300000079],[1633127.4399999995,545242.24300000072],[1633114.9890000001,545243.72399999946],[1633102.8149999995,545237.10199999996],[1633083.0639999993,545233.52600000054],[1633069.9979999997,545240.99300000072],[1633065.75,545250.5150000006],[1633064.9780000001,545256.48100000061],[1633074.4869999997,545268.83300000057],[1633095.3029999994,545264.40599999949],[1633102.2430000007,545265.26999999955],[1633106.5319999997,545270.90899999999],[1633109.8239999991,545276.2650000006],[1633108.9179999996,545291.30900000036],[1633101.8450000007,545299.52199999988],[1633095.3589999992,545303.66000000015],[1633081.4800000004,545301.93099999987],[1633073.9010000005,545297.95600000024],[1633068.3369999994,545293.11600000039],[1633064.2200000007,545286.53999999911],[1633046.5429999996,545267.26799999923],[1633038.3139999993,545268.15799999982],[1633021.9460000005,545285.2650000006],[1633016.4059999995,545289.52099999972],[1632998.2929999996,545296.3599999994],[1632992.9389999993,545298.72399999946],[1632983.1630000006,545304.5270000007],[1632961.0539999995,545303.68899999931],[1632955.3540000003,545300.90499999933],[1632943.3660000004,545292.39299999923],[1632936.7339999992,545288.53600000031],[1632913.7980000004,545279.45800000057],[1632894.5789999999,545279.1400000006],[1632873.2310000006,545280.31100000069],[1632856.8230000008,545282.25699999928],[1632838.5219999999,545283.96800000034],[1632812.8300000001,545286.8320000004],[1632799.2320000008,545291.0429999996],[1632789.1239999998,545290.74200000055],[1632779.1740000006,545290.46000000089],[1632772.8880000003,545291.75200000033],[1632749.5260000005,545293.78999999911],[1632741.4820000008,545292.7890000008],[1632717.4949999992,545290.76099999994],[1632710.8489999995,545287.8599999994],[1632686.3939999994,545281.78500000015],[1632682.1060000006,545276.14599999972],[1632677.057,545268.49799999967],[1632674.9539999999,545261.05700000003],[1632673.2090000007,545250.7890000008],[1632674.3000000007,545233.85400000028],[1632674.8599999994,545213.66200000048],[1632663.1640000008,545203.1129999999],[1632660.818,545197.875],[1632659.023,545187.44099999964],[1632661.0580000002,545163.60400000028],[1632661.6559999995,545151.55399999954],[1632660.6830000002,545135.31900000013],[1632657.6840000004,545127.92600000091],[1632652.0779999997,545107.92400000058],[1632644.9790000003,545100.02099999972],[1632642.7660000008,545085.70600000024],[1632638.4360000007,545064.90599999949],[1632632.2410000004,545041.95900000073],[1632630.1490000002,545026.5429999996],[1632630.1469999999,545019.52300000004],[1632632.0089999996,544996.62099999934],[1632630.0920000002,544987.2890000008],[1632618.3959999997,544976.74000000022],[1632613.5999999996,544958.91300000064],[1632610.4289999995,544952.45600000024],[1632602.8509999998,544948.48200000077],[1632587.2139999997,544944.46199999936],[1632571.8819999993,544930.4299999997],[1632564.5969999991,544924.4179999996],[1632551.4749999996,544899.65300000086],[1632539.7789999992,544889.10400000028],[1632534.2510000002,544885.38499999978],[1632510.0920000002,544884.29399999976],[1632487.9829999991,544883.45800000057],[1632478.3399999999,544880.18400000036],[1632461.2510000002,544863.8599999994],[1632459.1980000008,544856.58400000073],[1632457.7589999996,544843.32300000079],[1632456.5989999995,544828.98000000045],[1632455.4920000006,544821.82300000079],[1632453.8330000006,544780.29600000009],[1632446.8259999994,544755.17500000075],[1632441.4299999997,544742.37900000066],[1632434.5010000002,544733.53999999911],[1632427.0439999998,544728.46499999985],[1632412.5250000004,544723.62700000033],[1632401.4680000003,544716.18999999948],[1632395.1280000005,544710.29600000009],[1632391.7960000001,544696.80000000075],[1632387.3570000008,544676.14599999972],[1632384.4639999997,544650.57899999991],[1632384.4079999998,544636.37299999967],[1632382.3149999995,544620.9570000004],[1632383.2719999999,544613.09899999946],[1632383.7080000006,544594.00899999961],[1632385.0789999999,544583.0120000001],[1632390.8509999998,544537.46399999969],[1632391.8859999999,544513.34300000034],[1632386.193,544495.56499999948],[1632361.6449999996,544474.16499999911],[1632353.5979999993,544466.14399999939],[1632345.3790000007,544459.06000000052],[1632340.4499999993,544450.31100000069],[1632338.0600000005,544429.91200000048],[1632338.1620000005,544404.71800000034],[1632338.5840000007,544386.58300000057],[1632336.9680000003,544367.2379999999],[1632332.0629999992,544349.55700000003],[1632326.0160000008,544341.62600000016],[1632309.5649999995,544328.41300000064],[1632301.9820000008,544317.41899999976],[1632295.9450000003,544301.51300000027],[1632292.4499999993,544280.97699999996],[1632288.9460000005,544268.41599999927],[1632284.8269999996,544261.84200000018],[1632267.9010000005,544259.57699999958],[1632261.6109999996,544253.84999999963],[1632258.2239999995,544233.1679999996],[1632240.6640000008,544212.79700000025],[1632220.1109999996,544199.07399999909],[1632205.1239999998,544190.19099999964],[1632189.3120000008,544180.08899999969],[1632179.1999999993,544172.76999999955],[1632169.5160000008,544161.35600000061],[1632163.8259999994,544150.5979999993],[1632163.0109999999,544141.40300000086],[1632163.1559999995,544131.36999999918],[1632164.0979999993,544124.46800000034],[1632166.2939999998,544114.68999999948],[1632172.8420000002,544095.24300000072],[1632181.852,544080.41000000015],[1632187.6300000008,544066.92899999954],[1632186.5219999999,544059.77199999988],[1632182.5390000008,544051.14100000076],[1632176.3699999992,544044.31100000069],[1632155.9879999999,544029.65300000086],[1632146.5160000008,544025.44400000013],[1632130.4100000001,544017.38000000082],[1632122.1909999996,544010.29600000009],[1632105.3920000009,543991.93500000052],[1632090.1919999998,543975.84699999914],[1632080.3819999993,543958.5150000006],[1632064.3670000006,543933.23200000077],[1632063.602,543924.20299999975],[1632063.0930000003,543912.0150000006],[1632064.6339999996,543900.0820000004],[1632065.4149999991,543886.1400000006],[1632067.5649999995,543861.20099999942],[1632068.466,543846.15799999982],[1632069.8450000007,543827.18500000052],[1632072.1569999997,543809.28500000015],[1632072.9370000008,543795.34300000034],[1632074.9560000002,543779.48100000061],[1632073.6720000003,543766.24000000022],[1632071.5759999994,543750.82399999909],[1632073.5950000007,543734.96199999936],[1632077.8399999999,543725.43899999931],[1632085.3469999991,543705.15399999917],[1632080.5979999993,543687.49300000072],[1632073.0940000005,543667.25699999928],[1632054.7709999997,543644.87900000066],[1632046.5370000005,543638.75],[1632041.3139999993,543632.0390000008],[1632019.1689999998,543608.06900000013],[1632000.9710000008,543591.60899999924],[1631981.8129999992,543575.98699999973],[1631970.5830000006,543569.48599999957],[1631958.1270000003,543563.94999999925],[1631944.5399999991,543560.18799999915],[1631930.0199999996,543555.35300000012],[1631911.3859999999,543550.96299999952],[1631892.5800000001,543547.50999999978],[1631869.9890000001,543543.5859999992],[1631859.1199999992,543541.27899999917],[1631847.5470000003,543536.65000000037],[1631836.0189999994,543525.16699999943],[1631828.8619999997,543510.08000000007],[1631825.7019999996,543502.6679999996],[1631823.6610000003,543494.43799999915],[1631819.9780000001,543475.7929999996],[1631815.6960000005,543462.1799999997],[1631809.0030000005,543444.11900000088],[1631808.5010000002,543423.95600000024],[1631807.1750000007,543402.57300000079],[1631790.5439999998,543383.27800000086],[1631784.5089999996,543374.39200000092],[1631766.6490000002,543349.04099999927],[1631748.5659999996,543324.46000000089],[1631735.8920000009,543304.69999999925],[1631728.6129999999,543290.71399999969],[1631716.7090000007,543264.98599999957],[1631713.2390000001,543253.54800000042],[1631699.284,543227.56599999964],[1631697.3359999992,543220.14499999955],[1631695.7579999994,543208.94099999964],[1631694.7780000009,543192.7070000004],[1631696.6659999993,543185.92200000025],[1631701.6370000001,543162.29099999927],[1631697.9949999992,543151.78800000064],[1631687.1999999993,543133.21800000034],[1631695.1760000009,543101.98299999908],[1631697.6710000001,543082.19199999981],[1631701.432,543069.57799999975],[1631712.2760000005,543047.7929999996],[1631713.1659999993,543040.72399999946],[1631715.5449999999,543029.0549999997],[1631717.0779999997,543010.10199999996],[1631709.4499999993,542990.96800000034],[1631700.8819999993,542978.73599999957],[1631690.2569999993,542959.23000000045],[1631684.0859999992,542952.4020000007],[1631675.8650000002,542945.31900000013],[1631652.9470000006,542927.31699999981],[1631639.0250000004,542917.45199999958],[1631629.3890000004,542906.20500000007],[1631626.8129999992,542894.71800000034],[1631625.1840000004,542883.34899999946],[1631622.1950000003,542875.00100000016],[1631605.0989999995,542858.6799999997],[1631598.6229999997,542854.84500000067],[1631585.6889999993,542853.23900000006],[1631562.6339999996,542852.29099999927],[1631548.7039999999,542850.40100000054],[1631534.6530000009,542849.61400000006],[1631510.6640000008,542847.59300000034],[1631491.4260000009,542841.21600000001],[1631483.9800000004,542835.18700000085],[1631469.8670000006,542820.19299999997],[1631452.3010000009,542799.82599999942],[1631444.7290000003,542787.87900000066],[1631429.3479999993,542765.70900000073],[1631413.4900000002,542747.46900000051],[1631409.8469999991,542736.96600000001],[1631409.2139999997,542725.88000000082],[1631407.5710000005,542715.46600000001],[1631401.8770000003,542704.70900000073],[1631388.0830000006,542685.76799999923],[1631381.4570000004,542673.93799999915],[1631380.8100000005,542663.80700000003],[1631381.3589999992,542643.61500000022],[1631383.8949999996,542631.96499999985],[1631390.9140000008,542608.58799999952],[1631403.8200000003,542586.10199999996],[1631404.4120000005,542574.05100000091],[1631402.9529999997,542561.74599999934],[1631398.034,542552.04199999943],[1631388.6459999997,542530.61700000055],[1631385.4800000004,542516.18500000052],[1631383.3670000006,542501.72499999963],[1631382.2699999996,542493.61199999973],[1631382.6980000008,542474.52199999988],[1631370.0140000004,542447.74200000055],[1631362.6889999993,542425.61600000039],[1631353.4719999991,542403.25500000082],[1631343.9059999995,542375.74499999918],[1631342.1549999993,542365.47800000012],[1631341.5209999997,542354.39200000092],[1631340.5309999995,542346.13299999945],[1631341.7699999996,542329.21700000018],[1631346.2620000001,542309.5150000006],[1631349.8640000001,542281.88499999978],[1631353.4220000003,542261.10899999924],[1631357.6569999997,542244.56499999948],[1631361.0869999994,542232.86700000055],[1631367.6789999995,542213.58500000089],[1631373.3000000007,542192.10799999908],[1631378.1270000003,542178.50899999961],[1631383.9560000002,542157.21800000034],[1631385.9629999995,542149.33100000024],[1631397.8770000003,542118.58500000089],[1631403.0580000002,542102.15899999999],[1631405.5419999994,542090.34300000034],[1631411.2060000002,542077.00799999945],[1631417.7899999991,542065.70099999942],[1631424.3880000003,542053.43899999931],[1631430.0390000008,542041.05900000036],[1631443.875,542019.64499999955],[1631458.4869999997,541999.28399999999],[1631477.2489999998,541979.5979999993],[1631484.0240000002,541973.41999999993],[1631507.7970000003,541953.24000000022],[1631529.0429999996,541936.73399999924],[1631542.5730000008,541918.31299999915],[1631545.5759999994,541910.70900000073],[1631550.7259999998,541885.18600000069],[1631552.7259999998,541870.27899999917],[1631553.1579999998,541858.20900000073],[1631550.9220000003,541844.84999999963],[1631538.2349999994,541818.0700000003],[1631520.159,541792.53500000015],[1631507.1600000001,541776.72399999946],[1631502.1060000006,541769.07699999958],[1631497.6549999993,541763.41999999993],[1631493.2420000006,541758.88399999961],[1631488.9489999991,541753.24599999934],[1631478.4979999997,541739.82499999925],[1631459.1689999998,541717.16599999927],[1631445.5869999994,541705.4299999997],[1631433.5419999994,541696.75599999912],[1631418.2449999992,541690.86999999918],[1631388.0789999999,541689.99699999951],[1631368.2050000001,541687.53099999949],[1631357.2709999997,541686.01400000043],[1631340.5280000009,541681.8629999999],[1631330.8829999994,541678.59200000018],[1631306.4110000003,541673.48100000061],[1631293.9529999997,541667.94800000079],[1631279.5519999992,541662.01300000027],[1631257.4360000007,541654.1640000008],[1631237.9879999999,541647.60300000012],[1631216.3609999996,541634.86999999918],[1631203.3560000006,541627.03500000015],[1631186.1429999992,541618.83699999936],[1631167.2080000006,541609.46900000051],[1631152.6280000005,541597.45099999942],[1631148.3350000009,541591.81299999915],[1631140.8859999999,541570.7890000008],[1631133.8489999995,541546.62600000016],[1631131.4609999992,541525.27199999988],[1631131.4010000005,541503.09100000001],[1631132.7709999997,541484.11800000072],[1631133.1950000003,541465.0270000007],[1631122.3929999992,541446.45900000073],[1631117.2929999996,541430.67100000009],[1631112.9979999997,541410.03800000064],[1631112.7880000006,541394.85700000077],[1631112.9059999995,541378.75999999978],[1631112.6830000002,541364.53500000015],[1631114.5150000006,541342.58799999952],[1631115.7579999994,541332.69199999981],[1631120.7660000008,541317.20199999958],[1631120.6009999998,541310.16200000048],[1631113.7339999992,541285.06299999915],[1631109.7510000002,541268.4570000004],[1631101.7660000008,541244.17600000091],[1631098.1199999992,541233.67300000042],[1631093.5399999991,541222.0979999993],[1631092.1989999991,541208.69099999964],[1631092.3159999996,541192.59400000051],[1631093.6980000008,541172.66499999911],[1631095.6960000005,541157.75799999945],[1631096.4680000003,541143.81599999964],[1631098.1280000005,541122.8049999997],[1631098.2540000007,541113.72800000012],[1631097.5590000004,541095.45600000024],[1631098.7990000006,541070.56499999948],[1631097.4749999996,541048.22699999996],[1631094.7080000006,541023.63599999994],[1631093.0739999991,541012.26700000092],[1631089.4269999992,541001.7650000006],[1631087.3230000008,540986.34899999946],[1631088.3949999996,540977.38900000043],[1631089.5830000006,540952.3320000004],[1631090.8310000002,540934.46000000089],[1631093.1319999993,540916.56000000052],[1631096.2540000007,540907.85400000028],[1631108.3719999995,540892.28800000064],[1631110.2559999991,540885.50300000049],[1631112.432,540876.6799999997],[1631112.8619999997,540864.6099999994],[1631114.3870000001,540845.65599999949],[1631119.6980000008,540827.17200000025],[1631119.9940000009,540817.15899999999],[1631117.2929999996,540806.77400000021],[1631110.7740000002,540786.82300000079],[1631110.0859999992,540775.57100000046],[1631111.3279999997,540765.67500000075],[1631111.6239999998,540755.66200000048],[1631112.682,540747.65699999966],[1631112.9780000001,540737.64399999939],[1631113.2740000002,540727.63099999912],[1631111.0439999998,540721.29199999943],[1631103.0700000003,540696.05599999987],[1631099.8379999995,540674.43799999915],[1631096.3149999995,540654.85899999924],[1631092.2060000002,540647.33000000007],[1631090.5710000005,540635.9609999992],[1631092.5800000001,540620.0979999993],[1631102.466,540598.19400000013],[1631108.4179999996,540582.8200000003],[1631111.4100000001,540568.19600000046],[1631108.3540000003,540560.63800000027],[1631101.8890000004,540555.84899999946],[1631095.0820000004,540552.93099999987],[1631084.1989999991,540551.58100000024],[1631075.4989999998,540548.42799999937],[1631064.8560000006,540521.90399999917],[1631055.4590000007,540500.47900000028],[1631047.8340000007,540480.39100000076],[1631037.3699999992,540459.95099999942],[1631026.0800000001,540438.29199999943],[1631018.9729999993,540430.39100000076],[1631010.2180000003,540412.07699999958],[1631000.8709999993,540390.81900000013],[1630988.0140000004,540371.99599999934],[1630968.6669999994,540350.29499999993],[1630966.1490000002,540338.01899999939],[1630965.5710000005,540318.64499999955],[1630967.2780000009,540297.80000000075],[1630962.5250000004,540287.16100000031],[1630951.2909999993,540280.66300000064],[1630929.6569999997,540275.90699999966],[1630922.6569999997,540267.86099999957],[1630906.7929999996,540241.64699999988],[1630904.7329999991,540234.37299999967],[1630893.7469999995,540209.72100000083],[1630888.6899999995,540202.07499999925],[1630874.1239999998,540181.12700000033],[1630859.3640000001,540155.05000000075],[1630850.4969999995,540144.85799999908],[1630836.6799999997,540126.87399999984],[1630822.4049999993,540103.88900000043],[1630810.8220000006,540084.26799999923],[1630800.1860000007,540064.76400000043],[1630794.182,540057.00100000016],[1630777.2479999997,540039.74799999967],[1630772.3239999991,540030.04499999993],[1630768.4910000004,540021.43400000036],[1630760.6840000004,539995.26300000027],[1630757.9810000006,539984.87800000049],[1630759.1620000005,539967.79600000009],[1630758.0480000004,539960.63900000043],[1630742.5969999991,539923.31100000069],[1630736.6060000006,539914.59300000034],[1630732.4820000008,539908.01999999955],[1630725.0199999996,539902.94700000063],[1630717.4370000008,539898.97699999996],[1630696.0940000005,539892.18400000036],[1630686.8019999992,539886.08799999952],[1630670.1549999993,539874.77300000004],[1630660.9959999993,539866.61900000088],[1630651.3530000001,539855.37399999984],[1630640.8359999992,539834.76899999939],[1630636.2400000002,539824.15000000037],[1630630.3690000009,539814.33000000007],[1630619.4379999992,539804.83999999985],[1630607.3920000009,539788.19299999997],[1630602.3350000009,539780.54800000042],[1630592.4629999995,539755.07799999975],[1630588.352,539747.55000000075],[1630585.2939999998,539739.99300000072],[1630585.8790000007,539727.94199999981],[1630588.7009999994,539706.27800000086],[1630587.2349999994,539693.9729999993],[1630582.9399999995,539688.3359999992],[1630561.9030000009,539670.57499999925],[1630558.7249999996,539664.11999999918],[1630548.6689999998,539640.54199999943],[1630530.2799999993,539610.02899999917],[1630525.6349999998,539591.26799999923],[1630516.7569999993,539574.05700000003],[1630511.5280000009,539567.3479999993],[1630502.1720000003,539562.04099999927],[1630493,539554.84400000051],[1630490.3100000005,539543.50400000066],[1630486.3080000002,539527.85400000028],[1630477.2579999994,539511.57899999991],[1630453.3900000006,539508.46199999936],[1630442.2149999999,539509.1520000007],[1630433.2109999992,539508.99400000088],[1630417.1089999992,539507.95600000024],[1630405.398,539505.38900000043],[1630399.6950000003,539502.60899999924],[1630383.7530000005,539493.61600000039],[1630374.7009999994,539485.31699999981],[1630363.2970000003,539471.78099999949],[1630356.0069999993,539457.79800000042],[1630346.1919999998,539447.49000000022],[1630340.1400000006,539431.5859999992],[1630335.0209999997,539416.75500000082],[1630330.0979999993,539399.07699999958],[1630325.1620000005,539382.35500000045],[1630318.1630000006,539366.33400000073],[1630312.2300000004,539349.32899999991],[1630309.0409999993,539335.85300000012],[1630307.5869999994,539322.59300000034],[1630307.5280000009,539307.43200000003],[1630306.4020000007,539293.25500000082],[1630303.8310000002,539280.81299999915],[1630300.4710000008,539268.27400000021],[1630296.591,539243.54700000025],[1630297.1870000008,539230.53999999911],[1630298.8880000003,539217.67100000009],[1630300.9030000009,539208.82799999975],[1630300.5399999991,539196.66000000015],[1630290.8460000008,539177.27500000037],[1630281.0309999995,539166.96700000018],[1630269.2019999996,539157.52600000054],[1630263.0869999994,539134.43700000085],[1630260.3959999997,539123.09699999914],[1630256.5140000004,539098.36999999918],[1630251.8790000007,539086.63000000082],[1630238.7029999997,539063.78299999982],[1630232.0549999997,539052.91100000031],[1630228.8890000004,539045.5],[1630229.3019999992,539034.38499999978],[1630228.466,539018.16999999993],[1630223.3579999991,539002.38399999961],[1630220.0590000004,538997.03099999949],[1630202.9020000007,538972.57399999909],[1630190.3809999991,538951.88199999928],[1630175.1539999992,538928.78199999966],[1630148.216,538903.11500000022],[1630140.6319999993,538899.14499999955],[1630121.1689999998,538885.5700000003],[1630106.2919999994,538875.59300000034],[1630085.7139999997,538854.86099999957],[1630074.4169999994,538833.20500000007],[1630071.7109999992,538822.82100000046],[1630065.1840000004,538802.87099999934],[1630057.5390000008,538791.71600000001],[1630042.2019999996,538776.73699999973],[1630037.4330000002,538767.0549999997],[1630034.7280000001,538756.67100000009],[1630027.5559999999,538741.5859999992],[1630023.6730000004,538716.8599999994],[1630023.3220000006,538703.73599999957],[1630024.3780000005,538687.75599999912],[1630024.8019999992,538675.68500000052],[1630027.7390000001,538652.91899999976],[1630033.3829999994,538632.56200000085],[1630035.8450000007,538621.70099999942],[1630036.9130000006,538604.7650000006],[1630035.4330000002,538585.43999999948],[1630031.6099999994,538575.875],[1630016.0899999999,538562.78800000064],[1630010.3369999994,538551.86700000055],[1630005.9210000001,538539.35700000077],[1630002.0989999995,538529.79199999943],[1629996.977,538514.9609999992],[1629994.2090000007,538489.41599999927],[1629987.8010000009,538468.36500000022],[1629988.6860000007,538445.34500000067],[1629992.8709999993,538427.67799999937],[1629997.8699999992,538404.2109999992],[1630002.6860000007,538382.63399999961],[1630003.9120000005,538365.71800000034],[1630002.9149999991,538357.46000000089],[1629992.4419999998,538344.99799999967],[1629985.9879999999,538339.25400000066],[1629976.6309999991,538333.94899999909],[1629959.5820000004,538332.79600000009],[1629949.4609999992,538333.45800000057],[1629935.2890000008,538333.77800000086],[1629927.2320000008,538333.7379999999],[1629915.0610000007,538326.17100000009],[1629908.8839999996,538319.34500000067],[1629903.4710000008,538314.52800000086],[1629888.8959999997,538293.58300000057],[1629886.0069999993,538285.08999999985],[1629885.3640000001,538274.00500000082],[1629890.7599999998,538248.35300000012],[1629891.2339999992,538236.44800000079],[1629887.2400000002,538227.81900000013],[1629881.9969999995,538222.06599999964],[1629868.7219999991,538214.36199999973],[1629852.4240000006,538200.2229999993],[1629844.9480000008,538188.13199999928],[1629831.7799999993,538164.33100000024],[1629819.5460000001,538149.57799999975],[1629807.8479999993,538138.08100000024],[1629788.3699999992,538125.46299999952],[1629771.4409999996,538115.23399999924],[1629757.0869999994,538109.47000000067],[1629741.1040000003,538107.33400000073],[1629723.0960000008,538107.02099999972],[1629705.1009999998,538105.75200000033],[1629689.8249999993,538105.93600000069],[1629665.6520000007,538105.81799999997],[1629653.8210000005,538104.35400000028],[1629642.1229999997,538100.83400000073],[1629624.7210000008,538094.53500000015],[1629617.307,538089.63000000082],[1629600.4979999997,538070.32399999909],[1629590.9710000008,538057.98000000045],[1629569.2589999996,538031.05000000075],[1629549.4399999995,538004.35300000012],[1629531.9749999996,537982.89299999923],[1629526.9140000008,537975.24899999984],[1629517.557,537961.96900000051],[1629510.8560000006,537950.93200000003],[1629506.2679999992,537939.35899999924],[1629502.7349999994,537927.75599999912],[1629498.7410000004,537911.1520000007],[1629494.8530000001,537878.44999999925],[1629493.8560000006,537862.21600000001],[1629491.2679999992,537850.73100000061],[1629483.4879999999,537833.65799999982],[1629467.7320000008,537806.3479999993],[1629460.6079999991,537799.40599999949],[1629445.4379999992,537791.46900000051],[1629425.5629999992,537789.0120000001],[1629407.5170000009,537787.57899999991],[1629401.6799999997,537786.85700000077],[1629395.8690000009,537784.22499999963],[1629385.6970000006,537776.74699999951],[1629379.9800000004,537766.94800000079],[1629375.0510000009,537757.24699999951],[1629365.523,537736.92799999937],[1629358.9910000004,537724.95500000007],[1629337.8019999992,537710.21299999952],[1629329.5869999994,537710.15499999933],[1629319.9389999993,537706.88800000027],[1629302.9959999993,537689.64100000076],[1629293.3479999993,537678.39900000021],[1629284.7530000005,537667.12900000066],[1629280.2850000001,537654.45399999991],[1629280.8770000003,537641.44700000063],[1629281.6400000006,537627.50500000082],[1629281.1030000001,537616.27300000004],[1629278.5649999995,537604.95299999975],[1629273.6370000001,537595.25200000033],[1629256.6300000008,537570.81900000013],[1629245.0370000005,537551.20299999975],[1629235.1530000009,537517.75999999978],[1629228.148,537509.71700000018],[1629218.9719999991,537494.54600000009],[1629215.9110000003,537486.99000000022],[1629214.7420000006,537463.71700000018],[1629215.0309999995,537453.70399999991],[1629216.8460000008,537431.75699999928],[1629216.6620000005,537425.67300000042],[1629199.6669999994,537400.28399999999],[1629169.3690000009,537361.13000000082],[1629167.3039999995,537353.85600000061],[1629167.0160000008,537323.5150000006],[1629163.5319999997,537312.07799999975],[1629151.8859999999,537284.3200000003],[1629147.2329999991,537265.56200000085],[1629139.5830000006,537246.43300000019],[1629130.5250000004,537222.18500000052],[1629126.5160000008,537206.53700000048],[1629123.2829999998,537191.94099999964],[1629119.7459999993,537172.3629999999],[1629118.2740000002,537160.05900000036],[1629115.2100000009,537136.55199999921],[1629112.9609999992,537123.1950000003],[1629111.9609999992,537106.9609999992],[1629113.9580000006,537091.09699999914],[1629118.7829999998,537076.53999999911],[1629126.7740000002,537061.4179999996],[1629128.6410000008,537055.58699999936],[1629129.5199999996,537032.56699999981],[1629131.3330000006,537010.61999999918],[1629128.0989999995,536996.02400000021],[1629114.6239999998,536975.21900000051],[1629097.2039999999,536953.92600000091],[1629081.0350000001,536937.73200000077],[1629061.5669999998,536924.16200000048],[1629044.1490000002,536910.84500000067],[1629024.5099999998,536898.2109999992],[1629012.1539999992,536892.53700000048],[1629004.9350000005,536888.77500000037],[1629004.5690000001,536888.5700000003],[1628998.0879999995,536884.73900000006],[1628987.0309999995,536876.35500000045],[1628974.7929999996,536861.60400000028],[1628968.3249999993,536856.81799999997],[1628947.9240000006,536850.15100000054],[1628934.9879999999,536848.55299999937],[1628927.0500000007,536847.41300000064],[1628902.4680000003,536850.43899999931],[1628893.9360000007,536846.35400000028],[1628883.2890000008,536834.83100000024],[1628866.3550000004,536816.63000000082],[1628857.2860000003,536809.2890000008],[1628838.4619999994,536798.83000000007],[1628819.6500000004,536787.41499999911],[1628798.6420000009,536778.75999999978],[1628790.7039999999,536777.62099999934],[1628773.6549999993,536776.4729999993],[1628761.6530000009,536775.94800000079],[1628743.6569999997,536774.68300000019],[1628721.6630000006,536756.81499999948],[1628718.4820000008,536750.3599999994],[1628717.1260000002,536728.97900000028],[1628711.9989999998,536714.15000000037],[1628701.0590000004,536696.68999999948],[1628683.284,536670.25100000016],[1628674.5150000006,536651.94199999981],[1628673.3959999997,536644.78600000031],[1628673.4989999998,536628.68799999915],[1628675.3100000005,536606.74100000039],[1628673.3090000004,536582.25],[1628675.1870000008,536575.46299999952],[1628684.1099999994,536553.43700000085],[1628687.2359999996,536543.77400000021],[1628690.1659999993,536528.98299999908],[1628689.7970000003,536516.81499999948],[1628685.3910000008,536511.32599999942],[1628675.5720000006,536508.99799999967],[1628667.5140000004,536508.96000000089],[1628650.4649999999,536507.81299999915],[1628637.5170000009,536507.17100000009],[1628624.3990000002,536507.46600000001],[1628608.466,536505.49899999984],[1628592.6530000009,536502.43099999987],[1628578.5859999992,536494.63399999961],[1628556.7760000005,536482.84999999963],[1628537.2400000002,536462.09600000083],[1628528.0490000006,536447.88299999945],[1628524.0500000007,536431.27899999917],[1628524.6390000004,536418.27300000004],[1628526.6209999993,536403.36500000022],[1628522.1500000004,536390.69099999964],[1628507.3829999994,536363.66699999943],[1628504.6070000008,536346.0979999993],[1628506.1270000003,536326.18899999931],[1628511.5789999999,536307.72100000083],[1628514.1530000009,536287.78199999966],[1628514.7390000001,536266.80000000075],[1628511.8430000003,536250.33300000057],[1628509.8399999999,536225.84100000001],[1628509.1809999999,536215.7109999992],[1628505.3000000007,536198.00599999912],[1628504.0999999996,536176.64399999939],[1628505.8049999997,536162.81900000013],[1628506.682,536147.77400000021],[1628505.8369999994,536131.56000000052],[1628505.8849999998,536107.32200000063],[1628503.3560000006,536095.04700000025],[1628499.3460000008,536087.375],[1628476.875,536065.46199999936],[1628467.5120000001,536052.18400000036],[1628456.875,536039.7070000004],[1628437.682,536025.05700000003],[1628423.2860000003,536018.17699999921],[1628405.2870000005,536008.93799999915],[1628389.1559999995,536001.84300000034],[1628378.5730000008,535997.50699999928],[1628357.0419999994,535992.61800000072],[1628348.352,535988.5150000006],[1628333.9250000007,535967.59600000083],[1628320.4480000008,535954.76799999923],[1628303.7890000008,535935.48699999973],[1628281.1469999999,535914.51099999994],[1628255.1429999992,535896.94800000079],[1628233.9639999997,535889.23200000077],[1628213.9140000008,535879.74100000039],[1628194.7310000006,535864.13599999994],[1628175.3289999999,535865.73100000061],[1628158.9120000005,535868.65100000054],[1628148.5020000003,535871.35400000028],[1628128.3389999997,535878.91599999927],[1628113.9350000005,535880.96800000034],[1628096.5960000008,535881.8599999994],[1628080.9550000001,535885.83300000057],[1628062.0280000009,535891.47399999946],[1628051.3169999998,535897.17100000009],[1628037.9749999996,535906.69099999964],[1628010.4149999991,535924.34699999914],[1627996.6549999993,535929.50899999961],[1627979.0140000004,535933.39399999939],[1627968.6040000003,535936.0979999993],[1627955.9609999992,535940.44099999964],[1627937.8609999996,535947.30100000091],[1627924.9130000006,535946.66200000048],[1627915.0940000005,535944.33500000089],[1627896.2819999997,535940.89900000021],[1627877.3399999999,535939.52099999972],[1627862.0510000009,535940.66699999943],[1627846.4110000003,535944.6400000006],[1627821.4759999998,535950.49899999984],[1627804.4269999992,535949.35400000028],[1627796.8279999997,535946.34400000051],[1627789.8839999996,535937.51300000027],[1627781.9419999998,535928.40000000037],[1627770.648,535913.76899999939],[1627760.6400000006,535897.38299999945],[1627735.2740000002,535866.98299999908],[1627730.3300000001,535858.23900000006],[1627722.8560000006,535837.22100000083],[1627707.9570000004,535820.23299999908],[1627690.0930000003,535816.91499999911],[1627687.2689999994,535823.58500000089],[1627685.102,535832.40899999999],[1627683.5830000006,535852.31900000013],[1627676.8849999998,535873.66300000064],[1627671.5380000006,535884.00999999978],[1627661.9710000008,535894.95299999975],[1627636.6190000009,535912.88199999928],[1627625.2740000002,535914.5150000006],[1627617.3359999992,535913.37700000033],[1627592.4100000001,535910.30599999987],[1627572.6400000006,535907.71000000089],[1627561.2960000001,535909.34300000034],[1627545.0759999994,535917.39299999923],[1627530.5519999992,535920.54800000042],[1627516.6569999997,535919.7929999996],[1627499.2670000009,535920.52199999988],[1627479.7329999991,535924.17600000091],[1627463.8029999994,535930.18799999915],[1627455.9309999999,535936.23599999957],[1627433.4030000009,535947.49699999951],[1627422.8220000006,535951.13800000027],[1627404.0649999995,535955.84500000067],[1627389.1999999993,535960.87299999967],[1627376.6079999991,535965.38199999928],[1627360.5069999993,535972.33100000024],[1627339.1079999991,535981.81699999981],[1627327.7510000002,535984.40599999949],[1627312.1219999995,535987.42500000075],[1627297.5859999992,535991.53600000031],[1627282.2970000003,535992.68400000036],[1627271.0720000006,535993.21499999985],[1627257.0069999993,535993.39699999988],[1627246.6089999992,535995.14699999988],[1627227.5649999995,536009.86800000072],[1627210.0999999996,536028.76999999955],[1627200.057,536035.6679999996],[1627190.5810000002,536039.4450000003],[1627181.8900000006,536035.34500000067],[1627182.6359999999,536022.35799999908],[1627183.2119999994,536010.30700000003],[1627183.7459999993,535989.16000000015],[1627178.5010000002,535983.41000000015],[1627160.3149999995,535968.09200000018],[1627152.6789999995,535963.96199999936],[1627132.9179999996,535952.43700000085],[1627124.0260000005,535935.23299999908],[1627116.7290000003,535929.23100000061],[1627097.7329999991,535919.71499999985],[1627075.1319999993,535907.84100000001],[1627065.9539999999,535900.65000000037],[1627056.2390000001,535890.20299999975],[1627042.3019999992,535880.35300000012],[1627027.6050000004,535876.47000000067],[1627018.7699999996,535875.38299999945],[1626998.7229999993,535873.87199999951],[1626975.6809999999,535879.96700000018],[1626967.1510000005,535883.86199999973],[1626944.2799999993,535889.02099999972],[1626927.2829999998,535896.01999999955],[1626914.6520000007,535899.41000000015],[1626892.1239999998,535910.67300000042],[1626875.432,535922.65399999917],[1626867.2699999996,535930.74100000039],[1626850.3839999996,535945.56900000013],[1626842.8640000001,535948.78999999911],[1626822.5179999992,535958.24799999967],[1626799.0160000008,535967.31799999997],[1626774.5559999999,535977.22699999996],[1626753.6150000002,535983.74200000055],[1626732.1649999991,535993.06399999931],[1626721.7540000007,535995.77099999972],[1626703.9309999999,536001.55199999921],[1626681.0590000004,536006.71299999952],[1626666.0749999993,536012.84400000051],[1626641.193,536026.8479999993],[1626610.2780000009,536038.99400000088],[1626587.7609999999,536049.30299999937],[1626578.4550000001,536052.14499999955],[1626568.0059999991,536053.73100000061],[1626550.8239999991,536054.64699999988],[1626534.7109999992,536062.55399999954],[1626519.7770000007,536068.85099999979],[1626508.25,536072.37700000033],[1626492.6209999993,536075.39900000021],[1626478.0840000007,536079.5120000001],[1626465.6219999995,536081.96700000018],[1626439.2929999996,536089.73399999924],[1626423.9920000006,536091.83899999969],[1626411.3599999994,536095.23000000045],[1626392.7719999999,536099.00400000066],[1626383.5969999991,536099.78999999911],[1626374.1329999994,536102.6129999999],[1626353.3120000008,536108.0270000007],[1626333.4519999996,536120.57799999975],[1626310.4480000008,536127.79700000025],[1626290.4030000009,536134.26400000043],[1626264.9949999992,536144.05800000019],[1626243.7139999997,536152.44700000063],[1626224.2060000002,536162.16899999976],[1626202.7430000007,536172.44999999925],[1626194.8579999991,536179.45500000007],[1626189.875,536186.01899999939],[1626177.7579999994,536202.55199999921],[1626169.5960000008,536210.6400000006],[1626157.8350000009,536232.32100000046],[1626152.4869999997,536242.6679999996],[1626144.0250000004,536261.72399999946],[1626132.3949999996,536281.34699999914],[1626128.3460000008,536288.98399999924],[1626120.3589999992,536312.08500000089],[1626112.2489999998,536328.31399999931],[1626104.0759999994,536345.3320000004],[1626097.2170000002,536366.65799999982],[1626090.2129999995,536390.99699999951],[1626086.284,536397.53199999966],[1626076.8870000001,536415.51600000076],[1626065.125,536437.19700000063],[1626062.0120000001,536453.88000000082],[1626058.0830000006,536460.4140000008],[1626051.1559999995,536466.58100000024],[1626043.7420000006,536469.65699999966],[1626034.1459999997,536474.53800000064],[1626019.9749999996,536482.84400000051],[1626006.1089999992,536496.13199999928],[1625999.6420000009,536499.32399999909],[1625989.5209999997,536499.99400000088],[1625966.4749999996,536498.11900000088],[1625956.8259999994,536494.85899999924],[1625944.2970000003,536482.15499999933],[1625928.9399999995,536468.14599999972],[1625910.0610000007,536449.55700000003],[1625892.3369999994,536431.26999999955],[1625881.0590000004,536423.6640000008],[1625862.8770000003,536416.32499999925],[1625840.1209999993,536412.41300000064],[1625832.0629999992,536412.37900000066],[1625809.8320000004,536412.67799999937],[1625795.8990000002,536410.80599999987],[1625783.7770000007,536411.3900000006],[1625777.4289999995,536413.48100000061],[1625759.1970000006,536430.38000000082],[1625750.6669999994,536434.27600000054],[1625735.682,536440.41000000015],[1625715.227,536450.01799999923],[1625694.4049999993,536455.43400000036],[1625676.2390000001,536463.09100000001],[1625663.9350000005,536465.56699999981],[1625645.7679999992,536465.24899999984],[1625634.068,536461.7379999999],[1625575.4879999999,536454.38199999928],[1625553.0240000002,536456.40799999982],[1625527.7949999999,536456.33999999985],[1625512.3350000009,536458.42799999937],[1625505.5010000002,536457.42899999954],[1625501.5510000009,536457.42200000025],[1625497.443,536457.39599999972],[1625477.1050000004,536457.92899999954],[1625454.9810000006,536458.08300000057],[1625432.398,536461.21000000089],[1625417.1079999991,536462.3629999999],[1625403.6989999991,536464.70399999991],[1625388.0700000003,536467.72900000028],[1625373.3739999998,536471.82499999925],[1625326.8509999998,536481.10500000045],[1625304.0969999991,536485.16899999976],[1625282.2080000006,536491.57300000079],[1625258.5199999996,536494.56499999948],[1625250.4609999992,536494.53299999982],[1625232.4639999997,536493.27999999933],[1625206.5810000002,536499.03399999999],[1625186.0620000008,536509.43400000036],[1625166.1999999993,536521.9879999999],[1625147.7960000001,536531.84999999963],[1625126.8570000008,536554.3200000003],[1625117.932,536568.37600000016],[1625110.8220000006,536576.43500000052],[1625098.4120000005,536587.03299999982],[1625078.7219999991,536606.62600000016],[1625061.4360000007,536623.64299999923],[1625050.2620000001,536632.31900000013],[1625029.2689999994,536638.67400000058],[1625005.9230000004,536647.77099999972],[1624992.8029999994,536648.07499999925],[1624978.75,536647.30700000003],[1624955.8239999991,536644.33400000073],[1624942.1109999996,536641.69400000013],[1624928.6370000001,536636.85099999979],[1624913.4649999999,536628.92799999937],[1624899.057,536623.01400000043],[1624878.2320000008,536620.45800000057],[1624862.2479999997,536618.33799999952],[1624849.6009999998,536614.71299999952],[1624834.8910000008,536611.79099999927],[1624812.0020000003,536609.93999999948],[1624793.3599999994,536605.58000000007],[1624781.7799999993,536600.96900000051],[1624766.1349999998,536596.97599999979],[1624750.6610000003,536592.04800000042],[1624726.6040000003,536582.87600000016],[1624705.1339999996,536577.21199999936],[1624684.5610000007,536571.49899999984],[1624662.909,536567.72699999996],[1624613.0830000006,536547.26099999994],[1624597.2670000009,536536.23100000061],[1624582.8589999992,536530.31699999981],[1624580.1510000005,536527.91100000031],[1624577.3239999991,536526.60799999908],[1624570.5020000003,536524.65499999933],[1624558.7990000006,536513.17200000025],[1624549.6219999995,536505.98599999957],[1624537.4350000005,536499.3870000001],[1624514.0219999999,536493.32599999942],[1624486.2039999999,536489.75599999912],[1624463.1579999998,536487.8870000001],[1624447.3310000002,536485.78700000048],[1624430.4499999993,536483.71700000018],[1624388.6989999991,536478.27899999917],[1624367.0470000003,536474.50799999945],[1624348.102,536473.14200000092],[1624328.3440000005,536469.60400000028],[1624318.4169999994,536467.4299999997],[1624308.7550000008,536465.12900000066],[1624288.0620000008,536460.51899999939],[1624272.2469999995,536457.46399999969],[1624261.6510000005,536454.09200000018],[1624244.8890000004,536450.92100000009],[1624237.6579999998,536452.10799999908],[1624220.1359999999,536462.87900000066],[1624210.659,536466.66100000031],[1624189.0859999992,536477.09500000067],[1624166.9759999998,536484.27300000004],[1624153.9210000001,536491.76400000043],[1624142.3929999992,536495.29600000009],[1624126.9849999994,536505.52800000086],[1624118.4670000002,536508.47199999914],[1624100.5889999997,536506.12099999934],[1624091.8729999997,536503.93700000085],[1624071.1799999997,536499.32799999975],[1624048.5940000005,536494.48699999973],[1624040.0610000007,536490.41100000031],[1624020.5920000002,536484.83500000089],[1624009.8249999993,536482.40000000037],[1624001.2929999996,536478.32399999909],[1623982.7679999992,536464.8900000006],[1623966.2410000004,536443.56699999981],[1623948.1740000006,536419.18500000052],[1623939.2870000005,536409.96299999952],[1623929.9269999992,536404.66899999976],[1623912.5710000005,536398.55599999987],[1623891.5250000004,536396.77500000037],[1623871.7660000008,536393.2379999999],[1623865.2970000003,536388.45800000057],[1623846.4020000007,536362.85899999924],[1623829.0989999995,536340.4849999994],[1623811.966,536317.17500000075],[1623807.9690000005,536308.55100000091],[1623797.7899999991,536285.13599999994],[1623790.1380000003,536273.99200000055],[1623774.3059999999,536255.9450000003],[1623767.6009999998,536244.91699999943],[1623767.3929999992,536244.73200000077],[1623763.4719999991,536238.34999999963],[1623750.9419999998,536225.6520000007],[1623746.5350000001,536220.1679999996],[1623741.2369999997,536206.28199999966],[1623742.4580000006,536197.34100000001],[1623752.8139999993,536178.51400000043],[1623753.9159999993,536170.67500000075],[1623755.7390000001,536147.77300000004],[1623749.9649999999,536129.84100000001],[1623739.659,536124.43200000003],[1623727.4979999997,536123.90000000037],[1623718.3729999997,536124.85600000061],[1623710.9590000007,536127.93500000052],[1623692.7909999993,536127.62399999984],[1623678.3829999994,536121.71299999952],[1623668.5480000004,536112.375],[1623661.4330000002,536104.48599999957],[1623654.1359999999,536098.48900000006],[1623645.4330000002,536095.34999999963],[1623605.2569999993,536086.125],[1623590.2689999994,536084.28999999911],[1623578.7259999998,536080.80299999937],[1623566.7349999994,536079.33500000089],[1623548.6870000008,536077.92300000042],[1623530.8589999992,536075.74000000022],[1623515.9780000001,536073.75899999961],[1623491.0380000006,536071.66300000064],[1623479.1549999993,536070.04900000058],[1623455.3310000002,536067.13199999928],[1623439.3460000008,536065.01600000076],[1623430.9829999991,536060.00599999912],[1623407.9869999997,536041.88000000082],[1623388.1569999997,536015.21199999936],[1623371.6160000004,535994.84699999914],[1623362.25,535973.60500000045],[1623359.8289999999,535961.18799999915],[1623359.7609999999,535946.02899999917],[1623361.466,535932.20299999975],[1623358.5850000009,535922.75999999978],[1623349.6960000005,535913.5390000008],[1623328.4499999993,535898.65799999982],[1623318.9820000008,535893.51300000027],[1623309.3320000004,535890.25799999945],[1623284.9829999991,535883.13199999928],[1623277.3959999997,535879.17400000058],[1623265.9700000007,535866.61199999973],[1623257.3829999994,535854.39699999988],[1623243.5620000008,535835.48200000077],[1623238.7870000005,535825.80700000003],[1623236.0759999994,535815.42799999937],[1623235.8249999993,535802.16000000015],[1623236.8699999992,535778.20600000024],[1623233.1579999998,535759.57100000046],[1623227.9710000008,535728.63499999978],[1623227.7290000003,535706.43700000085],[1623226.4230000004,535693.19999999925],[1623224.1710000001,535679.84699999914],[1623220.8149999995,535666.35899999924],[1623219.4590000007,535652.95600000024],[1623218.4550000001,535636.72499999963],[1623211.9030000009,535617.74300000072],[1623197.7760000005,535593.84600000083],[1623194.0639999993,535575.2109999992],[1623193.9940000009,535560.05199999921],[1623190.9269999992,535544.52600000054],[1623189.7530000005,535529.23200000077],[1623187.0409999993,535518.85199999996],[1623184.7919999994,535513.47399999946],[1623177.6769999992,535505.5859999992],[1623162.4900000002,535498.625],[1623150.2599999998,535482.93500000052],[1623136.2400000002,535458.89200000092],[1623129.8690000009,535438.01799999923],[1623124.6339999996,535431.31799999997],[1623116.4020000007,535424.25],[1623099.7559999991,535412.00699999928],[1623095.4560000002,535406.37800000049],[1623091.6270000003,535396.81900000013],[1623080.7860000003,535371.25200000033],[1623069.8420000002,535353.80599999987],[1623066.773,535338.27999999933],[1623067.3479999993,535326.23000000045],[1623064.2799999993,535310.70399999991],[1623064.3959999997,535301.62800000049],[1623065.4260000009,535278.62900000066],[1623066.2980000004,535255.61099999957],[1623067.7520000003,535236.49200000055],[1623067.5739999991,535221.47900000028],[1623065.9159999993,535211.06900000013],[1623061.8969999999,535187.45299999975],[1623056.0170000009,535177.64299999923],[1623048.4169999994,535174.64100000076],[1623028.9580000006,535168.11400000006],[1623021.0700000003,535167.15000000037],[1623013.9580000006,535167.23699999973],[1623004.8489999995,535175.21299999952],[1622986.5700000003,535191.95600000024],[1622976.8200000003,535204.79700000025],[1622959.2359999996,535224.81499999948],[1622941.3129999992,535246.70399999991],[1622933.5590000004,535251.65699999966],[1622925.6710000001,535250.69199999981],[1622915.8499999996,535248.375],[1622895.1400000006,535236.75200000033],[1622883.0820000004,535228.10099999979],[1622868.0109999999,535212.06499999948],[1622852.6659999993,535205.08500000089],[1622832.4210000001,535190.49300000072],[1622832.4140000008,535190.4879999999],[1622816.8839999996,535177.42600000091],[1622810.2310000006,535174.5390000008],[1622790.2850000001,535164.92400000058],[1622776.5160000008,535154.15100000054],[1622754.807,535142.24699999951],[1622732.6239999998,535126.29800000042],[1622728.2039999999,535121.77099999972],[1622728.977,535114.8479999993],[1622732.0889999997,535106.13900000043],[1622757.7699999996,535087.26999999955],[1622766.4189999998,535082.26700000092],[1622772.5840000007,535082.06399999931],[1622784.1160000004,535086.50400000066],[1622789.3629999999,535092.24899999984],[1622797.9519999996,535104.46199999936],[1622802.8469999991,535113.03500000015],[1622811.6099999994,535132.28700000048],[1622820.4959999993,535133.53299999982],[1622828.0289999992,535129.34999999963],[1622824.841,535114.92600000091],[1622817.6410000008,535092.83500000089],[1622815.9900000002,535073.49599999934],[1622807.6909999996,535059.24499999918],[1622790.8530000001,535032.9450000003],[1622784.6710000001,535026.12900000066],[1622762.9460000005,535007.2070000004],[1622745.1170000006,535005.0270000007],[1622736.8340000007,534997.79499999993],[1622719.9949999992,534971.49599999934],[1622711.75,534965.38499999978],[1622691.2569999993,534936.56599999964],[1622682.1870000008,534912.33300000057],[1622676.5999999996,534908.46000000089],[1622663.0170000009,534903.76999999955],[1622650.068,534903.14399999939],[1622629.7210000008,534912.61800000072],[1622613.3310000002,534921.61900000088],[1622600.2119999994,534921.92899999954],[1622583.1600000001,534920.80199999921],[1622585.9670000002,534907.11099999957],[1622606.3609999996,534881.37600000016],[1622613.2980000004,534874.25],[1622638.0429999996,534854.31000000052],[1622660.8320000004,534834.92699999921],[1622665.3460000008,534815.38499999978],[1622663.5789999999,534805.12199999951],[1622659.2899999991,534798.53700000048],[1622638.5160000008,534787.70600000024],[1622620.6870000008,534785.5270000007],[1622612.6280000005,534785.49899999984],[1622607.4649999999,534793.95800000057],[1622600.7909999993,534830.30000000075],[1622598.1370000001,534836.03600000031],[1622582.2780000009,534857.22199999914],[1622539.3220000006,534901.09200000018],[1622518.5710000005,534921.6799999997],[1622494.5859999992,534935.65399999917],[1622473.0199999996,534954.0700000003],[1622456.9700000007,534961.19899999909],[1622437.9739999995,534959.67500000075],[1622415.0969999991,534956.88000000082],[1622399.4379999992,534953.85099999979],[1622386.1439999994,534947.12299999967],[1622376.7949999999,534940.87800000049],[1622369.1950000003,534937.87600000016],[1622351.7870000005,534931.60300000012],[1622340.2670000009,534926.20900000073],[1622316.2060000002,534917.05000000075],[1622301.1329999994,534901.0150000006],[1622291.9539999999,534893.83400000073],[1622283.2379999999,534891.65300000086],[1622253.3670000006,534887.84500000067],[1622231.5979999993,534893.16000000015],[1622212.3090000004,534885.69999999925],[1622196.0050000008,534879.56299999915],[1622188.9049999993,534878.69600000046],[1622177.7259999998,534896.30800000019],[1622167.8029999994,534902.1129999999],[1622149.9739999995,534899.93600000069],[1622143.3210000005,534897.05000000075],[1622125.6710000001,534876.5549999997],[1622113.7780000009,534858.99499999918],[1622105.1760000009,534847.7379999999],[1622097.3000000007,534845.8200000003],[1622085.7719999999,534849.35600000061],[1622070.3000000007,534852.41000000015],[1622061.4930000007,534857.39499999955],[1622053.1500000004,534867.38000000082],[1622047.5150000006,534879.76899999939],[1622041.0529999994,534890.94099999964],[1622031.4690000005,534894.87399999984],[1622011.352,534886.19800000079],[1621981.1040000003,534862.25100000016],[1621967.7980000004,534856.48000000045],[1621959.5649999995,534849.41499999911],[1621953.0260000005,534837.45299999975],[1621948.7259999998,534831.82499999925],[1621940.0050000008,534821.67100000009],[1621920.6549999993,534798.0979999993],[1621909.7009999994,534789.58500000089],[1621899.1160000004,534785.2620000001],[1621858.4649999999,534779.98100000061],[1621842.716,534784.11900000088],[1621836.1180000007,534789.37399999984],[1621825.9149999991,534813.16599999927],[1621818.6840000004,534814.35600000061],[1621775.0350000001,534808.71000000089],[1621759.3890000004,534804.72699999996],[1621746.4389999993,534804.10300000012],[1621733.4509999994,534802.35899999924],[1621719.5659999996,534800.6640000008],[1621697.6229999997,534798.94299999997],[1621682.4519999996,534799.00599999912],[1621669.3320000004,534799.31799999997],[1621659.0399999991,534800.93300000019],[1621642.1740000006,534805.89200000092],[1621622.4680000003,534810.50400000066],[1621605.1319999993,534819.39200000092],[1621587.8849999998,534821.11500000022],[1621542.9030000009,534833.4879999999],[1621526.7970000003,534832.48000000045],[1621482.0950000007,534826.86700000055],[1621460.9159999993,534827.15399999917],[1621448.7430000007,534827.58300000057],[1621440.8540000003,534826.61999999918],[1621416.5199999996,534826.52300000004],[1621410.5120000001,534826.74699999951],[1621377.8010000009,534822.59699999914],[1621364.0360000003,534819.80199999921],[1621341.4460000005,534814.97399999946],[1621297.1649999991,534805.26700000092],[1621282.2829999998,534803.2929999996],[1621265.6889999993,534799.19600000046],[1621251.3289999999,534793.45800000057],[1621239.5759999994,534789.79199999943],[1621225.6909999996,534788.09899999946],[1621209.7430000007,534787.11099999957],[1621197.5820000004,534786.58500000089],[1621187.6300000008,534786.32799999975],[1621169.2909999993,534786.96299999952],[1621159.9839999992,534789.81499999948],[1621146.8760000002,534789.17400000058],[1621119.5150000006,534782.64800000004],[1621104.8149999995,534778.78299999982],[1621087.1050000004,534775.50699999928],[1621068.75,534769.12299999967],[1621038.9759999998,534749.22800000012],[1621022.3279999997,534736.99200000055],[1621017.0800000001,534731.24899999984],[1621004.0869999994,534721.53199999966],[1620998.7200000007,534716.89100000076],[1620979.477,534693.17600000091],[1620957.5749999993,534667.22399999946],[1620935.2699999996,534652.38599999994],[1620913.3859999999,534633.45199999958],[1620898.1420000009,534618.35899999924],[1620888.8949999996,534603.99499999918],[1620883.5399999991,534598.39900000021],[1620865.5869999994,534580.9020000007],[1620860.6909999996,534572.3320000004],[1620855.8589999992,534554.51999999955],[1620848.1260000002,534520.24899999984],[1620843.9220000003,534498.5270000007],[1620840.2050000001,534479.89399999939],[1620837.7750000004,534459.50500000082],[1620828.3469999991,534430.13000000082],[1620825.4509999994,534421.64399999939],[1620815.5690000001,534403.21700000018],[1620809.5559999999,534395.46700000018],[1620803.9690000005,534391.59699999914],[1620795.7909999993,534392.67400000058],[1620786.1390000004,534389.42500000075],[1620777.2599999998,534379.25300000049],[1620769.7789999992,534375.1520000007],[1620753.4680000003,534361.04499999993],[1620742.7129999995,534357.66200000048],[1620725.648,534357.49599999934],[1620708.5950000007,534356.375],[1620701.7719999999,534354.42799999937],[1620697.3509999998,534349.9020000007],[1620693.9910000004,534336.41699999943],[1620687.3379999995,534333.53299999982],[1620681.6359999999,534338.73900000006],[1620679.8279999997,534352.7109999992],[1620677.0170000009,534358.42899999954],[1620671.1290000007,534357.55199999921],[1620665.3029999994,534355.88499999978],[1620657.9010000005,534358.01400000043],[1620653.3159999996,534362.39900000021],[1620647.1390000004,534363.56000000052],[1620642.7300000004,534358.07899999991],[1620641.0649999995,534339.69700000063],[1620633.307,534336.67899999954],[1620628.8910000008,534340.12700000033],[1620621.1209999993,534338.06499999948],[1620619.0529999994,534330.79600000009],[1620627.1469999999,534298.61199999973],[1620637.1840000004,534283.72900000028],[1620633.841,534277.2620000001],[1620626.0710000005,534275.19899999909],[1620611.0700000003,534274.32799999975],[1620600.6710000001,534276.09200000018],[1620591.3809999991,534285.96299999952],[1620583.4920000006,534285.00200000033],[1620569.1769999992,534263.00599999912],[1620553.9269999992,534239.93999999948],[1620546.6280000005,534233.94800000079],[1620536.7329999991,534216.47699999996],[1620521.7310000006,534215.60600000061],[1620516.2060000002,534210.94700000063],[1620512.8340000007,534198.41599999927],[1620508.7719999999,534173.68300000019],[1620504.1070000008,534154.93500000052],[1620501.7829999998,534134.40000000037],[1620495.7819999997,534125.6950000003],[1620488.9409999996,534116.72900000028],[1620483.3650000002,534111.90399999917],[1620469.2929999996,534104.13099999912],[1620460.5879999995,534100.99699999951],[1620446.3509999998,534102.13399999961],[1620438.6669999994,534114.27500000037],[1620432.4440000001,534131.69600000046],[1620426.6229999997,534138.00400000066],[1620411.1630000006,534140.10799999908],[1620367.0370000005,534130.4299999997],[1620343.6319999993,534123.43400000036],[1620324.3279999997,534116.93799999915],[1620309.6160000004,534114.02999999933],[1620285.3770000003,534097.84300000034],[1620271.7860000003,534102.08899999969],[1620264.6740000006,534102.1799999997],[1620261.4890000001,534095.73299999908],[1620252.9649999999,534090.70800000057],[1620238.898,534090.91000000015],[1620232.2569999993,534087.07100000046],[1620222.3039999995,534086.81699999981],[1620214.5519999992,534091.77300000004],[1620201.6870000008,534105.35700000077],[1620189.7060000002,534119.84500000067],[1620181.3469999991,534122.81399999931],[1620156.1329999994,534129.79199999943],[1620142.3729999997,534134.97399999946],[1620128.4930000007,534141.25799999945],[1620112.7320000008,534146.35600000061],[1620093.8029999994,534152.02600000054],[1620068.3959999997,534161.85099999979],[1620046.8259999994,534172.30199999921],[1620024.4279999994,534181.53600000031],[1620009.0749999993,534183.49499999918],[1619986.4910000004,534186.64699999988],[1619964.0759999994,534188.8629999999],[1619953.5069999993,534191.56399999931],[1619932.0260000005,534194.84999999963],[1619915.4499999993,534197.7770000007],[1619900.6349999998,534202.99100000039],[1619887.8719999995,534208.45500000007],[1619872.2290000003,534212.45199999958],[1619847.2929999996,534218.3479999993],[1619837.0120000001,534219.01099999994],[1619803.8289999999,534218.80199999921],[1619780.0209999997,534222.92200000025],[1619764.5480000004,534225.98299999908],[1619753.3210000005,534226.53099999949],[1619736.2679999992,534225.4140000008],[1619719.5040000007,534222.25799999945],[1619696.5629999992,534220.2650000006],[1619685.9639999997,534216.90300000086],[1619661.3230000008,534211.83300000057],[1619637.7349999994,534206.73200000077],[1619630.9619999994,534204.95099999942],[1619610.1850000005,534194.13299999945],[1619583.7689999994,534187.73100000061],[1619565.7819999997,534185.54399999976],[1619543.1789999995,534181.67899999954],[1619525.7750000004,534183.3900000006],[1619518.6620000005,534183.48200000077],[1619498.6109999996,534182],[1619490.2630000003,534184.0150000006],[1619470.3809999991,534198.50100000016],[1619462.0319999997,534200.51600000076],[1619439.7479999997,534200.67699999921],[1619407.6989999991,534206.6679999996],[1619401.6909999996,534206.89399999939],[1619377.0539999995,534209.79900000058],[1619366.9440000001,534209.5270000007],[1619359.1740000006,534207.46600000001],[1619339.5810000002,534203.0120000001],[1619330.8760000002,534199.88000000082],[1619313.8059999999,534191.74599999934],[1619305.7469999995,534191.7229999993],[1619282.3460000008,534192.70600000024],[1619269.8829999994,534195.17799999937],[1619254.7670000009,534203.3870000001],[1619235.0659999996,534215.98200000077],[1619221.0170000009,534223.20399999991],[1619207.148,534228.53500000015],[1619186.2750000004,534233.81200000085],[1619170.5130000003,534238.91300000064],[1619147.4690000005,534245.0429999996],[1619128.409,534252.77300000004],[1619118.9440000001,534255.60899999924],[1619095.2420000006,534259.5859999992],[1619081.0170000009,534259.77099999972],[1619056.6699999999,534260.6400000006],[1619044.6659999993,534260.13800000027],[1619024.7719999999,534258.67799999937],[1619000.6060000006,534257.65599999949],[1618992.6659999993,534256.53199999966],[1618967.5539999995,534255.39399999939],[1618951.6050000004,534254.41300000064],[1618936.7219999991,534252.44600000046],[1618916.6530000009,534243.94899999909],[1618897.9519999996,534231.47100000083],[1618886.0669999998,534229.86800000072],[1618876.8910000008,534230.66699999943],[1618866.3599999994,534234.49100000039],[1618854.3560000006,534233.98900000006],[1618836.3049999997,534232.59400000051],[1618813.2440000009,534231.7070000004],[1618791.8939999994,534232.94099999964],[1618776.8920000009,534232.07599999942],[1618764.9000000004,534230.61900000088],[1618743.8340000007,534221.84200000018],[1618723.4260000009,534215.21800000034],[1618704.4059999995,534198.71600000001],[1618697.2929999996,534198.80900000036],[1618672.1799999997,534197.67300000042],[1618658.8729999997,534191.91100000031],[1618651.5730000008,534185.92200000025],[1618635.8690000009,534173.81000000052],[1618617.1500000004,534154.31499999948],[1618597.9600000009,534138.75],[1618576.0600000005,534120.78299999982],[1618557.341,534101.28800000064],[1618543.8579999991,534088.48900000006],[1618524.2029999997,534067.92400000058],[1618506.5879999995,534048.56399999931],[1618500.0649999995,534043.62700000033],[1618487.5170000009,534031.89800000004],[1618482.4499999993,534024.26600000076],[1618462.6079999991,533997.61999999918],[1618459.3489999995,533976.01600000076],[1618455.6359999999,533965.3599999994],[1618449.7540000007,533955.55700000003],[1618428.0240000002,533936.65399999917],[1618410.8959999997,533920.38299999945],[1618398.0700000003,533909.7379999999],[1618377.2929999996,533898.92400000058],[1618364.8239999991,533893.42400000058],[1618351.3460000008,533888.59899999946],[1618333.8159999996,533883.44199999981],[1618329.3330000006,533879.70900000073],[1618314.4379999992,533861.79600000009],[1618295.1899999995,533838.09300000034],[1618292.1740000006,533830.7109999992],[1618292.9340000004,533824.74300000072],[1618285.2880000006,533812.65300000086],[1618280.8670000006,533808.13000000082],[1618261.977,533789.57300000079],[1618245.7829999998,533774.37299999967],[1618234.2379999999,533770.90000000037],[1618214.7750000004,533764.39200000092],[1618200.0620000008,533761.49100000039],[1618182.3499999996,533758.22599999979],[1618176.1779999994,533750.4609999992],[1618158.2219999991,533732.97499999963],[1618142.3859999999,533722.92100000009],[1618130.784,533711.30800000019],[1618122.9059999995,533709.39599999972],[1618111.6669999994,533710.90300000086],[1618099.1030000001,533721.49799999967],[1618091.6779999994,533725.53999999911],[1618081.7369999997,533724.33400000073],[1618059.0950000007,533719.35500000045],[1618035.9759999998,533710.33300000057],[1618026.1370000001,533701.00699999928],[1618006.6559999995,533687.48200000077],[1618003.4700000007,533681.03600000031],[1618004.0360000003,533661.01300000027],[1618003.0439999998,533651.80299999937],[1617999.8460000008,533646.31299999915],[1617982.0150000006,533618.79600000009],[1617980.1150000002,533610.59300000034],[1617977.3310000002,533593.03399999999],[1617958.1390000004,533577.47199999914],[1617942.6030000001,533564.42500000075],[1617934.1799999997,533551.28500000015],[1617921.7430000007,533530.48299999908],[1617916.9749999996,533519.85899999924],[1617915.9719999991,533511.60500000045],[1617912.591,533491.10300000012],[1617908.0940000005,533471.42300000042],[1617902.9700000007,533455.65300000086],[1617897.6449999996,533434.75599999912],[1617891.8550000004,533408.8599999994],[1617886.2029999997,533388.88000000082],[1617883.4869999997,533378.50500000082],[1617881.5289999992,533362.16200000048],[1617871.7939999998,533335.78800000064],[1617869.8430000003,533327.41899999976],[1617866.1109999996,533309.74499999918],[1617861.6260000002,533289.1099999994],[1617857.4279999994,533266.43600000069],[1617852.8800000008,533246.58999999985],[1617850.1630000006,533236.21499999985],[1617845.3839999996,533226.54700000025],[1617826.4719999991,533200.9729999993],[1617810.3890000004,533176.69999999925],[1617792.9010000005,533155.28500000015],[1617788.7679999992,533148.72499999963],[1617775.6950000003,533123.85899999924],[1617768.5629999992,533116.93500000052],[1617749.3699999992,533101.37399999984],[1617738.5360000003,533082.83899999969],[1617728.7070000004,533072.55900000036],[1617713.1510000005,533052.49499999918],[1617708.0130000003,533037.68099999987],[1617699.2990000006,533026.57899999991],[1617689.9350000005,533021.29800000042],[1617672.0529999994,533018.97199999914],[1617647.875,533018.91100000031],[1617640.9440000001,533017.11500000022],[1617617.6359999999,533002.0120000001],[1617598.1530000009,532988.48900000006],[1617593.8379999995,532983.8200000003],[1617585.2440000009,532971.61700000055],[1617551.3629999999,532920.94999999925],[1617546.4140000008,532912.21800000034],[1617535.7489999998,532892.74799999967],[1617517.9629999995,532865.39900000021],[1617510.3039999995,532854.26600000076],[1617490.6129999999,532827.64299999923],[1617470.4250000007,532802.87299999967],[1617468.3430000003,532796.56200000085],[1617461.9230000004,532774.57599999942],[1617456.1180000007,532749.63599999994],[1617456.0519999992,532733.52300000004],[1617457.2929999996,532692.375],[1617458.7899999991,532673.42200000025],[1617459.659,532658.37900000066],[1617456.7520000003,532641.92200000025],[1617451.4629999995,532635.06299999915],[1617438.8039999995,532623.48299999908],[1617434.7890000008,532615.82100000046],[1617432.8289999999,532599.47900000028],[1617432.932,532582.4299999997],[1617423.0189999994,532565.92200000025],[1617412.6009999998,532560.67300000042],[1617408.2970000003,532555.04900000058],[1617401.7530000005,532543.09500000067],[1617392.5109999999,532527.78399999999],[1617381.3550000004,532505.22499999963],[1617372.1050000004,532481.94099999964],[1617362.6610000003,532461.50300000049],[1617354.4159999993,532446.4729999993],[1617346.6769999992,532420.18200000003],[1617332.523,532397.26099999994],[1617320.909,532377.67600000091],[1617312.8809999991,532353.42400000058],[1617311.6980000008,532338.13199999928],[1617312.2579999994,532318.10899999924],[1617312.648,532299.02199999988],[1617313.3259999994,532277.89699999988],[1617315.7679999992,532259.05900000036],[1617310.3389999997,532246.28299999982],[1617309.2139999997,532239.13099999912],[1617309.7819999997,532227.08100000024],[1617314.3149999995,532222.5270000007],[1617315.6989999991,532212.65000000037],[1617315.0439999998,532201.56799999997],[1617314.4869999997,532182.36600000039],[1617314.4279999994,532174.22699999996],[1617315.7520000003,532156.21000000089],[1617315.8340000007,532132.14200000092],[1617313.8920000009,532122.81900000013],[1617308.5620000008,532101.92300000042],[1617304.727,532092.36900000088],[1617291.5179999992,532069.56299999915],[1617289.5649999995,532061.19400000013],[1617314.4120000005,532032.15300000086],[1617291.3200000003,531998.90100000054],[1617314.6459999997,531982.27300000004],[1617337.9729999993,531965.64499999955],[1617476.9389999993,531777.74100000039],[1617645.8550000004,531648.00100000016],[1617655.2090000007,531654.23699999973],[1617669.1569999997,531655.13000000082],[1617674.7829999998,531651.66499999911],[1617678.4299999997,531646.20800000057],[1617681.3680000007,531638.43200000003],[1617685.2109999992,531616.73299999908],[1617692.602,531606.62700000033],[1617696.3570000008,531601.02199999988],[1617712.1870000008,531603.09999999963],[1617728.0179999992,531605.17799999937],[1617721.7530000005,531622.43700000085],[1617719.1119999997,531636.14900000021],[1617717.6199999992,531655.10199999996],[1617711.3080000002,531680.64699999988],[1617706.625,531702.08400000073],[1617699.4639999997,531719.39399999939],[1617694.0260000005,531737.86900000088],[1617693.4600000009,531749.91899999976],[1617696.5480000004,531773.4140000008],[1617692.3239999991,531782.94800000079],[1617685.4619999994,531797.26400000043],[1617680.1329999994,531806.6640000008],[1617670.4010000005,531827.48900000006],[1617668.7569999993,531841.48100000061],[1617667.9110000003,531863.54199999943],[1617667.9920000006,531878.69999999925],[1617667.7219999991,531896.68600000069],[1617667.2149999999,531916.875],[1617665.1720000003,531924.59999999963],[1617664.0380000006,531948.69899999909],[1617661.3969999999,531962.41100000031],[1617654.2660000008,531985.78399999999],[1617650.4989999998,531992.34300000034],[1617636.7410000004,531997.53299999982],[1617629.818,532003.71000000089],[1617629.8770000003,532011.84899999946],[1617630.4350000005,532031.05100000091],[1617626.5789999999,532053.70500000007],[1617625.6140000001,532076.86800000072],[1617625.2239999995,532095.95500000007],[1617624.4869999997,532108.94099999964],[1617622.7919999994,532122.76700000092],[1617624.2760000005,532135.06599999964],[1617627.0659999996,532152.625],[1617636.7980000004,532171.02500000037],[1617640.9419999998,532185.55900000036],[1617647.0879999995,532208.62700000033],[1617647.2750000004,532223.63800000027],[1617642.1940000001,532247.25999999978],[1617639.7410000004,532267.05399999954],[1617640.8660000004,532274.20600000024],[1617645.5289999992,532284.97599999979],[1617653.4979999997,532301.08999999985],[1617657.5020000003,532309.7070000004],[1617664.3540000003,532326.64200000092],[1617673.3090000004,532343.99200000055],[1617682.682,532357.24599999934],[1617683.0490000006,532370.36600000039],[1617679.1830000002,532385.04600000009],[1617675.7239999995,532396.58500000089],[1617671.0409999993,532409.09300000034],[1617665.8809999991,532417.55700000003],[1617659.1359999999,532430.77099999972],[1617651.6319999993,532449.95299999975],[1617650.6530000009,532474.07200000063],[1617650.0930000003,532494.09500000067],[1617648.1089999992,532509.95900000073],[1617649.591,532522.25799999945],[1617656.8019999992,532544.33899999969],[1617664.3509999998,532564.54800000042],[1617674.2009999994,532581.84600000083],[1617685.0370000005,532600.38099999912],[1617691.5810000002,532612.3359999992],[1617704.9570000004,532634.20800000057],[1617709.4379999992,532646.86900000088],[1617718.352,532663.0979999993],[1617719.8350000009,532675.39599999972],[1617719.5539999995,532685.40799999982],[1617718.5040000007,532702.34200000018],[1617717,532713.32200000063],[1617714.8259999994,532723.10400000028],[1617699.1840000004,532727.10799999908],[1617700.6860000007,532746.42400000058],[1617722.6490000002,532772.52600000054],[1617728.3640000001,532783.2650000006],[1617739.2300000004,532807.86199999973],[1617743.1410000008,532832.57399999909],[1617743.9649999999,532842.71900000051],[1617747.9680000003,532851.33699999936],[1617753.8650000002,532860.18400000036],[1617769.2520000003,532881.18400000036],[1617773.0850000009,532890.73699999973],[1617778.2819999997,532913.69099999964],[1617788.7579999994,532927.07899999991],[1617805.6009999998,532945.38599999994],[1617814.9719999991,532958.6400000006],[1617825.8249999993,532984.19400000013],[1617831.9179999996,533007.09699999914],[1617834.9739999995,533015.59899999946],[1617843.0399999991,533023.59300000034],[1617853.3509999998,533028.98900000006],[1617874.7080000006,533035.72399999946],[1617881.3509999998,533039.55900000036],[1617899.3279999997,533064.06299999915],[1617913.5179999992,533088.10700000077],[1617928.0150000006,533117.13199999928],[1617942.5240000002,533145.20199999958],[1617961.1429999992,533181.74300000072],[1617977.2440000009,533213.03600000031],[1617994.1620000005,533246.5],[1618001.4690000005,533260.46199999936],[1618009.6050000004,533275.6400000006],[1618017.898,533290.83799999952],[1618021.7430000007,533299.43600000069],[1618028.5800000001,533317.32799999975],[1618034.9340000004,533323.20099999942],[1618049.0010000002,533322.99400000088],[1618062.9379999992,533324.84300000034],[1618073.0490000006,533325.1129999999],[1618079.3450000007,533322.84699999914],[1618103.693,533321.9729999993],[1618125.6199999992,533316.66000000015],[1618132.2860000003,533318.58500000089],[1618137.6429999992,533324.17799999937],[1618140.6980000008,533332.6799999997],[1618149.0280000009,533361.91499999911],[1618168.3900000006,533376.54199999943],[1618189.2760000005,533387.20800000057],[1618196.5769999996,533393.19600000046],[1618219.8839999996,533408.30199999921],[1618229.0779999997,533414.51999999955],[1618244.9030000009,533425.52899999917],[1618253.4900000002,533429.75999999978],[1618267.2060000002,533432.38099999912],[1618291.3839999996,533432.4450000003],[1618310.5510000009,533433.01600000076],[1618322.8629999999,533438.49599999934],[1618360.1689999998,533471.56699999981],[1618373.3149999995,533486.23699999973],[1618384.6170000006,533500.84400000051],[1618395.5800000001,533517.32300000079],[1618409.8870000001,533540.26700000092],[1618424.7329999991,533566.46700000018],[1618430.1579999998,533579.24400000088],[1618431.7569999993,533590.44099999964],[1618433.5950000007,533607.88499999978],[1618434.4470000006,533624.09400000051],[1618438.1659999993,533642.72399999946],[1618447.9000000004,533669.09999999963],[1618452.2589999996,533682.86400000006],[1618455.6199999992,533696.3479999993],[1618460.7559999991,533711.16300000064],[1618469.3550000004,533731.34200000018],[1618475.3690000009,533739.08799999952],[1618491.4489999991,533763.36500000022],[1618512.6919999998,533779.17799999937],[1618524.2249999996,533783.60799999908],[1618530.7599999998,533787.59100000001],[1618553.25,533800.52600000054],[1618567.4930000007,533807.35799999908],[1618590.3110000007,533819.37700000033],[1618605.5,533826.32399999909],[1618618.966,533832.10400000028],[1618631.4470000006,533836.64900000021],[1618645.8589999992,533842.54499999993],[1618663.7579999994,533851.89399999939],[1618677.8699999992,533860.78299999982],[1618691.2850000001,533866.39900000021],[1618705.0639999993,533868.23100000061],[1618743.1659999993,533871.10400000028],[1618757.341,533870.75200000033],[1618776.3499999996,533871.30599999987],[1618784.409,533871.32799999975],[1618802.6980000008,533870.51999999955],[1618828.2809999995,533867.72699999996],[1618848.0380000006,533863.26899999939],[1618859.0950000007,533863.65499999933],[1618874.7379999999,533859.65499999933],[1618892.0739999991,533850.75799999945],[1618912.4260000009,533849.24300000072],[1618931.7119999994,533848.71600000001],[1618953.8389999997,533848.53299999982],[1618961.5969999991,533851.54900000058],[1618979.9550000001,533857.92400000058],[1618995.2569999993,533855.79700000025],[1619002.8399999999,533851.77500000037],[1619022.5280000009,533840.13399999961],[1619038.8169999998,533839.24200000055],[1619059.9839999992,533839.90100000054],[1619076.9810000006,533832.87600000016],[1619089.625,533828.5120000001],[1619105.0979999993,533825.44899999909],[1619110.4480000008,533823.06900000013],[1619123.0920000002,533818.70500000007],[1619143.9020000007,533814.21800000034],[1619150.3680000007,533811.01700000092],[1619161.6070000008,533809.5120000001],[1619184.4810000006,533804.31799999997],[1619209.1170000006,533801.41200000048],[1619244.6339999996,533791.85500000045],[1619261.2109999992,533788.92600000091],[1619278.8660000004,533784.0549999997],[1619290.2620000001,533782.5700000003],[1619310.9149999991,533778.06399999931],[1619329.5549999997,533774.42899999954],[1619341.7280000001,533773.99499999918],[1619355.9529999997,533773.81100000069],[1619379.9609999992,533774.81499999948],[1619399.2469999995,533774.2890000008],[1619419.7679999992,533771.84100000001],[1619458.7599999998,533766.69400000013],[1619496.9930000007,533767.5150000006],[1619508.0500000007,533767.9020000007],[1619529.5749999993,533773.70900000073],[1619539.8849999998,533779.10799999908],[1619550.3019999992,533784.36199999973],[1619558.7060000002,533790.48599999957],[1619567.5989999995,533799.69999999925],[1619584.7949999999,533823.15899999999],[1619598.8570000008,533831.88599999994],[1619614.8739999998,533840.05299999937],[1619625.7609999999,533841.37700000033],[1619642.0490000006,533840.48699999973],[1619659.102,533841.60400000028],[1619666.8719999995,533843.66499999911],[1619679.0519999992,533851.20600000024],[1619689.9959999993,533860.66999999993],[1619701.7170000002,533871.18500000052],[1619721.4340000004,533890.96399999969],[1619733.1549999993,533901.47900000028],[1619756.3739999998,533902.3900000006],[1619773.0820000004,533897.40599999949],[1619779.7180000003,533893.26899999939],[1619786.4849999994,533887.07599999942],[1619801.1060000006,533867.8049999997],[1619810.5130000003,533856.83000000007],[1619820.4360000007,533851.02099999972],[1619827.5600000005,533849.97399999946],[1619835.3310000002,533852.03500000015],[1619852.0830000006,533856.14599999972],[1619874.6730000004,533860.96700000018],[1619888.7400000002,533860.7650000006],[1619900.9079999998,533852.35799999908],[1619921.1730000004,533836.64499999955],[1619937.7609999999,533832.76300000027],[1619958.9399999995,533832.46900000051],[1619973.466,533829.2929999996],[1619997.7379999999,533813.26999999955],[1620020.4230000004,533801.99699999951],[1620040.5989999995,533793.44899999909],[1620059.227,533790.77199999988],[1620083.6870000008,533780.8320000004],[1620095.5140000004,533774.29800000042],[1620110.7870000005,533766.11099999957],[1620124.8469999991,533757.93500000052],[1620137.5920000002,533745.45299999975],[1620148.2919999994,533740.6950000003],[1620176.5830000006,533740.31100000069],[1620197.75,533740.97399999946],[1620209.7540000007,533741.47800000012],[1620232.5260000005,533744.41000000015],[1620246.2799999993,533748.15699999966],[1620258.1140000001,533749.59699999914],[1620275.2170000002,533750.88199999928],[1620292.1119999997,533751.98200000077],[1620312.3330000006,533752.52999999933],[1620326.2300000004,533753.2650000006],[1620343.4519999996,533753.44800000079],[1620364.6199999992,533754.11099999957],[1620380.6180000007,533755.2620000001],[1620399.7339999992,533755.67600000091],[1620426.7390000001,533757.05000000075],[1620453.9140000008,533757.48900000006],[1620483.1400000006,533758.17699999921],[1620511.7379999999,533762.77600000054],[1620535.3259999994,533767.88099999912],[1620557.1390000004,533771.65300000086],[1620567.7369999997,533775.01700000092],[1620594.6300000008,533785.46800000034],[1620612.9749999996,533792.80599999987],[1620622.9839999992,533801.20099999942],[1620637.0559999999,533808.97499999963],[1620659.4149999991,533823.97699999996],[1620681.2459999993,533834.76899999939],[1620698.1970000006,533844.00999999978],[1620709.4419999998,533850.48299999908],[1620720.3859999999,533859.94899999909],[1620728.1620000005,533869.98599999957],[1620736.7719999999,533889.21399999969],[1620742.7229999993,533906.20500000007],[1620747.2060000002,533926.84500000067],[1620750.7550000008,533946.41300000064],[1620755.1309999991,533967.19899999909],[1620759.7960000001,533985.94700000063],[1620766.2229999993,534006.98200000077],[1620772.6559999995,534035.99200000055],[1620776.0170000009,534049.47800000012],[1620788.3440000005,534087.33899999969],[1620798.352,534095.73399999924],[1620805.2949999999,534096.58000000007],[1620823.5950000007,534094.82300000079],[1620850.7699999996,534095.26400000043],[1620878.4030000009,534092.73100000061],[1620888.5250000004,534092.05100000091],[1620910.6380000003,534092.8320000004],[1620932.4629999995,534095.65100000054],[1620945.2699999996,534099.28500000015],[1620960.0010000002,534109.21299999952],[1620973.7719999999,534119.98100000061],[1620988.3589999992,534132.92200000025],[1620996.3159999996,534141.06799999997],[1621011.5610000007,534156.16200000048],[1621015.8509999998,534162.74499999918],[1621015.091,534168.71199999936],[1621009.5720000006,534172.02600000054],[1620989.9120000005,534160.38099999912],[1620976.1410000008,534149.61199999973],[1620959.6779999994,534143.46000000089],[1620947.9629999995,534140.91599999927],[1620936.9059999995,534140.52500000037],[1620919.6720000003,534141.29499999993],[1620914.0329999998,534145.7109999992],[1620909.1600000001,534152.13399999961],[1620906.2229999993,534167.88199999928],[1620905.6569999997,534187.90699999966],[1620908.8420000002,534194.35500000045],[1620927.102,534216.83300000057],[1620941.4000000004,534231.81100000069],[1620955.341,534241.64299999923],[1620967.2310000006,534251.22499999963],[1620988.2960000001,534260.0120000001],[1621002.0669999998,534270.77999999933],[1621008.7259999998,534281.63900000043],[1621022.2640000004,534302.58500000089],[1621039.5769999996,534324.94800000079],[1621058.7829999998,534347.54199999943],[1621079.0759999994,534363.25100000016],[1621092.2009999994,534370.91100000031],[1621103.7850000001,534375.51300000027],[1621123.0869999994,534382.0120000001],[1621141.7320000008,534386.35899999924],[1621163.8629999999,534394.16000000015],[1621175.7469999995,534395.76799999923],[1621202.9100000001,534397.16599999927],[1621225.9700000007,534398.06399999931],[1621237.2080000006,534396.56399999931],[1621246.7919999994,534392.63000000082],[1621261.4700000007,534381.50200000033],[1621283.9810000006,534363.19700000063],[1621301.159,534354.28800000064],[1621306.7980000004,534349.87299999967],[1621307.7390000001,534342.01400000043],[1621307.1779999994,534323.76600000076],[1621310.9470000006,534317.20800000057],[1621327.0480000004,534310.24200000055],[1621333.9900000002,534311.08799999952],[1621355.9340000004,534312.80700000003],[1621369.6989999991,534315.60300000012],[1621375.4059999995,534318.37199999951],[1621382.5360000003,534325.30100000091],[1621403.9509999994,534348.16599999927],[1621408.7280000001,534357.83799999952],[1621418.9279999994,534380.29199999943],[1621421.9820000008,534388.79800000042],[1621429.6600000001,534414.93099999987],[1621433.1899999995,534427.48200000077],[1621437.7339999992,534447.3320000004],[1621444.9360000007,534469.41999999993],[1621452.8859999999,534486.49699999951],[1621469.8969999999,534511.85500000045],[1621481.1449999996,534526.30399999954],[1621494.8090000004,534537.22000000067],[1621509.7980000004,534539.04800000042],[1621516.0940000005,534536.78700000048],[1621528.3650000002,534520.26300000027],[1621544.8800000008,534501.22699999996],[1621549.466,534496.84300000034],[1621571.9820000008,534486.51300000027],[1621587.6239999998,534482.52099999972],[1621597.5759999994,534482.77899999917],[1621614.7980000004,534482.96600000001],[1621631.8499999996,534484.08999999985],[1621639.6199999992,534486.15399999917],[1621659.3249999993,534481.54199999943],[1621701.8450000007,534488.96299999952],[1621715.9120000005,534488.76600000076],[1621739.8890000004,534483.71800000034],[1621756.2909999993,534473.75899999961],[1621763.8729999997,534469.74100000039],[1621787.3359999992,534459.5270000007],[1621804.4010000005,534459.69600000046],[1621814.6799999997,534459.03700000048],[1621836.6180000007,534452.78399999999],[1621858.2559999991,534449.52500000037],[1621870.1909999996,534442.8479999993],[1621876.6569999997,534439.65100000054],[1621903.0109999999,534429.94999999925],[1621921.1740000006,534422.27999999933],[1621939.4570000004,534413.50799999945],[1621955.2170000002,534408.41499999911],[1621963.7349999994,534405.46800000034],[1621988.3139999993,534394.43500000052],[1622002.0620000008,534390.21299999952],[1622024.2890000008,534381.92200000025],[1622045.5859999992,534380.53600000031],[1622051.9330000002,534378.43999999948],[1622060.5700000003,534374.39200000092],[1622084.3839999996,534361.35199999996],[1622106.9499999993,534351.18999999948],[1622129.0749999993,534351.02099999972],[1622136.9519999996,534352.93899999931],[1622146.2459999993,534351.04399999976],[1622159.0600000005,534345.75200000033],[1622179.7109999992,534341.25599999912],[1622198.6270000003,534336.55000000075],[1622216.977,534334.96299999952],[1622239.0899999999,534335.75],[1622255.9849999994,534336.85700000077],[1622280.1490000002,534337.89399999939],[1622299.5649999995,534335.32200000063],[1622320.9130000006,534334.10199999996],[1622328.7899999991,534336.02099999972],[1622338.7970000003,534344.41999999993],[1622346.3859999999,534348.37700000033],[1622357.6290000007,534354.85300000012],[1622364.2699999996,534358.6950000003],[1622380.6309999991,534372.9729999993],[1622387.5899999999,534380.83999999985],[1622398.8719999995,534388.43799999915],[1622404.7100000009,534389.15100000054],[1622414.6500000004,534390.36500000022],[1622429.0439999998,534389.25300000049],[1622436.2870000005,534387.10799999908],[1622458.5020000003,534379.77500000037],[1622481.0850000009,534376.63299999945],[1622499.9110000003,534379.09300000034],[1622517.7960000001,534389.41200000048],[1622531.3910000008,534393.14599999972],[1622548.9700000007,534398.48299999908],[1622559.6870000008,534400.75],[1622566.7990000006,534400.66200000048],[1622586.7410000004,534402.30100000091],[1622592.5549999997,534404.92600000091],[1622608.9330000002,534426.22399999946],[1622621.8289999999,534452.03999999911],[1622627.7229999993,534460.89399999939],[1622635.0219999999,534466.88900000043],[1622644.6730000004,534470.14200000092],[1622652.7200000007,534471.125],[1622664.8920000009,534470.69899999909],[1622679.9049999993,534470.61999999918],[1622700.2379999999,534462.10099999979],[1622716.9340000004,534458.0820000004],[1622723.8880000003,534457.97499999963],[1622742.0439999998,534459.23699999973],[1622761.9979999997,534459.92200000025],[1622772.3969999999,534458.16300000064],[1622788.6280000005,534449.14299999923],[1622799.6109999996,534434.37900000066],[1622817.4169999994,534421.56399999931],[1622838.9810000006,534403.14900000021],[1622854.2090000007,534385.87399999984],[1622867.6119999997,534375.55100000091],[1622874.0659999996,534373.31100000069],[1622896.6490000002,534370.17100000009],[1622910.7149999999,534369.97699999996],[1622919.5390000008,534372.0120000001],[1622930.2939999998,534375.40100000054],[1622935.2579999994,534391.15799999982],[1622939.6209999993,534412.9020000007],[1622939.5189999994,534421.02300000004],[1622938.5779999997,534428.88199999928],[1622938.8210000005,534443.10500000045],[1622935.8279999997,534450.71299999952],[1622920.1410000008,534470.96199999936],[1622902.9979999997,534493.90399999917],[1622891.3570000008,534506.5150000006],[1622873.6060000006,534527.46900000051],[1622859.1659999993,534544.84100000001],[1622841.3650000002,534565.63000000082],[1622828.3129999992,534573.12399999984],[1622806.7320000008,534584.51999999955],[1622789.9739999995,534589.32899999991],[1622785.2699999996,534594.81399999931],[1622784.5270000007,534607.80000000075],[1622782.8770000003,534621.79199999943],[1622781.8499999996,534644.79099999927],[1622783.4969999995,534656.15599999949],[1622799.1439999994,534660.14200000092],[1622806.2559999991,534660.05399999954],[1622829.7860000003,534657.02999999933],[1622837.3059999999,534653.80299999937],[1622857.8330000006,534642.43799999915],[1622861.7609999999,534635.90100000054],[1622862.9409999996,534625.83899999969],[1622866.0360000003,534610.1099999994],[1622874.5600000005,534598.23399999924],[1622884.9030000009,534588.3359999992],[1622891.3699999992,534585.13900000043],[1622909.7200000007,534583.5549999997],[1622934.4729999993,534579.56499999948],[1622949.3550000004,534581.54399999976],[1622958.8239999991,534586.68899999931],[1622954.1199999992,534592.17400000058],[1622940.0710000005,534599.3870000001],[1622930.6070000008,534602.21600000001],[1622913.7300000004,534608.12700000033],[1622907.9210000001,534613.47699999996],[1622904.5079999994,534625.1799999997],[1622904.5130000003,534633.15399999917],[1622927.4529999997,534635.16200000048],[1622945.2819999997,534637.34200000018],[1622978.9890000001,534641.78199999966],[1623002.0360000003,534643.64399999939],[1623040.4529999997,534650.57399999909],[1623057.9629999995,534648.72900000028],[1623053.5040000007,534643.08000000007],[1623032.3039999995,534628.36700000055],[1623025.7780000009,534615.44899999909],[1623026.3509999998,534603.39800000004],[1623030.9350000005,534599.0150000006],[1623039.2829999998,534597.00599999912],[1623052.2210000008,534598.58799999952],[1623059.0429999996,534600.5390000008],[1623063.6329999994,534604.13000000082],[1623089.9499999993,534626.64599999972],[1623093.1339999996,534633.09600000083],[1623110.4450000003,534655.46700000018],[1623113.7880000006,534661.93600000069],[1623118.7559999991,534685.6679999996],[1623135.5189999994,534688.83400000073],[1623157.3420000002,534691.66300000064],[1623170.1769999992,534701.36700000055],[1623184.9370000008,534721.35300000012],[1623194.1850000005,534735.72100000083],[1623200.3839999996,534749.55599999987],[1623202.9780000001,534761.03700000048],[1623203.7980000004,534771.18500000052],[1623203.8029999994,534779.15899999999],[1623203.2459999993,534798.22900000028],[1623201.6710000001,534835.35400000028],[1623208.2219999991,534846.36199999973],[1623209.3310000002,534854.47199999914],[1623214.7689999994,534874.27500000037],[1623217.8220000006,534882.78199999966],[1623228.9670000002,534905.35600000061],[1623243.2670000009,534928.31599999964],[1623258.5260000005,534950.43700000085],[1623270.0099999998,534971.13900000043],[1623274.5869999994,534975.68600000069],[1623285.0150000006,534979.99200000055],[1623297.5439999998,534984.71499999985],[1623315.2449999992,534996.92799999937],[1623321.1380000003,535005.78199999966],[1623324.9670000002,535015.34100000001],[1623324.2620000001,535029.44899999909],[1623323.0419999994,535038.3900000006],[1623318.9920000006,535062.93300000019],[1623314.2990000006,535067.46199999936],[1623306.716,535071.47800000012],[1623285.5500000007,535070.80199999921],[1623278.307,535072.94600000046],[1623272.6170000006,535077.19400000013],[1623264.8000000007,535091.38800000027],[1623259.6400000006,535107.82100000046],[1623256.7009999994,535123.56900000013],[1623251.1960000005,535167.23100000061],[1623249.0460000001,535183.07599999942],[1623246.7640000004,535200.97699999996],[1623245.7190000005,535216.9570000004],[1623241.9039999992,535247.74899999984],[1623241.1469999999,535261.68999999948],[1623240.932,535286.86199999973],[1623245.5380000006,535297.4729999993],[1623255.8880000003,535311.97599999979],[1623271.909,535336.10400000028],[1623284.7819999997,535346.92899999954],[1623296.4989999998,535357.45299999975],[1623306.3230000008,535367.74599999934],[1623318.8560000006,535380.44299999997],[1623336.4489999991,535392.80299999937],[1623352.9250000007,535405.98299999908],[1623388.2310000006,535429.60099999979],[1623402.9460000005,535440.49200000055],[1623428.9409999996,535458.98399999924],[1623447.1410000008,535473.3320000004],[1623457.3049999997,535481.75200000033],[1623472.2050000001,535498.72699999996],[1623477.1500000004,535507.46600000001],[1623486.6879999992,535527.77099999972],[1623494.8159999996,535542.96000000089],[1623504.8259999994,535559.3359999992],[1623520.5950000007,535586.62399999984],[1623528.6730000004,535601.64800000004],[1623533.9729999993,535615.53399999999],[1623533.8450000007,535625.56499999948],[1623532.4419999998,535636.39800000004],[1623532.0370000005,535647.5120000001],[1623532.6940000001,535649.66599999927],[1623533.3389999997,535652.77500000037],[1623540.0480000004,535671.7770000007],[1623541.2880000006,535677.83000000007],[1623543.4739999995,535700.42500000075],[1623550.7870000005,535713.44099999964],[1623564.2559999991,535735.18500000052],[1623580.3379999995,535758.52500000037],[1623596.0529999994,535777.67300000042],[1623607.2819999997,535785.10799999908],[1623639.1129999999,535804.31599999964],[1623660.6500000004,535817.15899999999],[1623677.4149999991,535828.30299999937],[1623698.0050000008,535841.03099999949],[1623717.0030000005,535850.53399999999],[1623734.0690000001,535858.68500000052],[1623751.1740000006,535867.95600000024],[1623765.8880000003,535878.84899999946],[1623794.1300000008,535902.72100000083],[1623805.6640000008,535915.13800000027],[1623820.2579999994,535927.13299999945],[1623834.9719999991,535938.02600000054],[1623847.6730000004,535949.78800000064],[1623865.2650000006,535962.15000000037],[1623884.3819999993,535970.55199999921],[1623907.7960000001,535976.6099999994],[1623928.6870000008,535986.34600000083],[1623949.2109999992,535991.8900000006],[1623967.2740000002,536000.32300000079],[1623980.8560000006,536005.01700000092],[1623992.7420000006,536014.60700000077],[1624004.8129999992,536030.27999999933],[1624022.75,536056.72000000067],[1624032.2960000001,536068.09600000083],[1624043.3540000003,536076.46900000051],[1624064.8900000006,536089.31499999948],[1624077.4179999996,536094.0390000008],[1624093.9969999995,536099.10099999979],[1624129.2970000003,536114.75],[1624149.5299999993,536122.33300000057],[1624165.6500000004,536130.36900000088],[1624184.0030000005,536136.7650000006],[1624203.1699999999,536145.33400000073],[1624226.7039999999,536150.29199999943],[1624248.2239999995,536156.11900000088],[1624295.159,536168.09200000018],[1624317.7449999992,536172.93400000036],[1624344.4580000006,536176.36800000072],[1624371.0399999991,536181.85899999924],[1624428.0960000008,536193.16100000031],[1624460.3200000003,536202.21499999985],[1624484.3900000006,536210.42899999954],[1624502.375,536212.63499999978],[1624546.9670000002,536218.42200000025],[1624593.5460000001,536225.25],[1624608.5460000001,536226.13299999945],[1624621.3629999999,536228.82100000046],[1624628.6600000001,536234.8200000003],[1624633.6030000001,536243.56000000052],[1624643.0710000005,536248.70800000057],[1624663.1190000009,536250.21000000089],[1624669.2970000003,536249.05399999954],[1624674.8300000001,536244.78800000064],[1624684.9910000004,536228.81000000052],[1624707.8770000003,536222.68600000069],[1624733.9299999997,536215.99300000072],[1624750.3239999991,536214.97399999946],[1624771.2119999994,536216.73900000006],[1624786.3819999993,536216.68600000069],[1624825.3719999995,536211.58100000024],[1624843.0150000006,536207.68500000052],[1624854.7129999995,536203.21900000051],[1624875.6520000007,536188.7229999993],[1624891.0969999991,536179.6129999999],[1624905.2799999993,536170.3479999993],[1624921.2109999992,536164.32799999975],[1624936.3279999997,536156.13599999994],[1624950.3809999991,536156.90300000086],[1624998.0769999996,536162.91499999911],[1625041.7210000008,536168.58999999985],[1625061.8859999999,536161.01700000092],[1625074.9900000002,536153.69400000013],[1625087.5720000006,536150.13399999961],[1625098.8100000005,536148.64299999923],[1625118.6889999993,536151.08300000057],[1625133.5690000001,536153.06900000013],[1625147.6219999995,536153.83699999936],[1625168.4440000001,536148.4179999996],[1625184.8509999998,536146.4450000003],[1625207.909,536147.36099999957],[1625216.7819999997,536149.56699999981],[1625238.8959999997,536158.34200000018],[1625248.7149999999,536160.6640000008],[1625269.8249999993,536145.23299999908],[1625284.9409999996,536137.04099999927],[1625301.0449999999,536138.06100000069],[1625317.1620000005,536138.12600000016],[1625339.5749999993,536135.93400000036],[1625354.4560000002,536137.91999999993],[1625366.9199999999,536143.43799999915],[1625379.5669999998,536147.06399999931],[1625393.5010000002,536148.93500000052],[1625400.9149999991,536145.85799999908],[1625405.7899999991,536139.43899999931],[1625418.0140000004,536122.75799999945],[1625431.4199999999,536112.44199999981],[1625451.5850000009,536104.87099999934],[1625469.8690000009,536096.11099999957],[1625482.0529999994,536094.73699999973],[1625499.2740000002,536094.93799999915],[1625514.5759999994,536092.83000000007],[1625528.1040000003,536089.3870000001],[1625541.3800000008,536089.10400000028],[1625566.7909999993,536087.28099999949],[1625596.9580000006,536080.14100000076],[1625616.0059999991,536073.3900000006],[1625631.4780000001,536070.34600000083],[1625646.477,536071.23100000061],[1625662.4739999995,536072.39900000021],[1625683.6390000004,536073.08500000089],[1625698.4680000003,536074.90699999966],[1625710.3389999997,536077.48200000077],[1625723.1050000004,536080.00699999928],[1625739.5649999995,536086.17600000091],[1625766.4619999994,536095.70099999942],[1625787.6300000008,536104.36199999973],[1625800.1569999997,536109.09100000001],[1625813.8699999992,536111.73299999908],[1625828.9199999999,536112.78500000015],[1625860.7880000006,536116.70099999942],[1625878.0209999997,536115.94800000079],[1625891.1400000006,536115.64599999972],[1625908.4800000004,536114.74699999951],[1625922.1899999995,536109.4140000008],[1625939.2379999999,536102.57699999958],[1625958.7579999994,536091.89800000004],[1625976.7520000003,536085.17799999937],[1625998.2029999997,536075.85199999996],[1626023.9000000004,536064.01899999939],[1626039.6610000003,536058.93799999915],[1626053.5409999993,536052.66999999993],[1626066.1730000004,536049.27800000086],[1626074.9920000006,536043.34400000051],[1626088.807,536029.89100000076],[1626096.3900000006,536025.87900000066],[1626122.5590000004,536010.11600000039],[1626138.3039999995,535998.01600000076],[1626152.9450000003,535985.78099999949],[1626169.0079999994,535977.7070000004],[1626183.9920000006,535971.57499999925],[1626206.682,535968.30399999954],[1626230.6860000007,535969.34100000001],[1626246.6830000002,535970.51099999994],[1626258.1980000008,535967.93899999931],[1626271.9079999998,535962.60700000077],[1626286.8920000009,535956.47499999963],[1626309.8959999997,535949.25500000082],[1626324.8800000008,535943.12299999967],[1626351.693,535930.47100000083],[1626370.7369999997,535915.74699999951],[1626378.1380000003,535913.62700000033],[1626390.1400000006,535914.14599999972],[1626415.1290000007,535916.42200000025],[1626440.068,535918.53199999966],[1626454.2520000003,535917.24699999951],[1626474.1270000003,535911.71600000001],[1626479.6469999999,535908.40799999982],[1626486.4149999991,535902.2229999993],[1626494.9330000002,535899.28299999982],[1626513.8609999996,535893.6370000001],[1626529.6209999993,535888.55700000003],[1626541.148,535885.03099999949],[1626577.7139999997,535867.51899999939],[1626591.4079999998,535855.1679999996],[1626612.6319999993,535830.66499999911],[1626625.5639999993,535824.28099999949],[1626631.3859999999,535817.98000000045],[1626634.4869999997,535810.22699999996],[1626636.1789999995,535797.35700000077],[1626639.5940000005,535785.65499999933],[1626646.1769999992,535773.3870000001],[1626659.2259999998,535757.92600000091],[1626674.3100000005,535735.69800000079],[1626688.3010000009,535712.37900000066],[1626703.6899999995,535695.13299999945],[1626721.0380000006,535685.30599999987],[1626738.2039999999,535677.36999999918],[1626751.4260000009,535668.94899999909],[1626753.6050000004,535659.16899999976],[1626761.5930000003,535644.0429999996],[1626773.6950000003,535628.46600000001],[1626782.9729999993,535619.55900000036],[1626795.2599999998,535610.06599999964],[1626807.0759999994,535604.50200000033],[1626815.9069999997,535597.61400000006],[1626833.3460000008,535580.62099999934],[1626847.5270000007,535571.36099999957],[1626869.9069999997,535555.13599999994],[1626879.9739999995,535546.32599999942],[1626899.7809999995,535533.61199999973],[1626920.2799999993,535516.19800000079],[1626931.1109999996,535509.39699999988],[1626942.6380000003,535505.87099999934],[1626959.5020000003,535500.92899999954],[1626974.0260000005,535497.77199999988],[1626998.6710000001,535493.94800000079],[1627010.8300000001,535494.4879999999],[1627038.7780000009,535496.01400000043],[1627054.7119999994,535497.97499999963],[1627071.1160000004,535496.00699999928],[1627096.3900000006,535488.27300000004],[1627111.3900000006,535489.16300000064],[1627185.0669999998,535481.32799999975],[1627214.1190000009,535482.99100000039],[1627231.0620000008,535484.27999999933],[1627245.2339999992,535483.95099999942],[1627260.4149999991,535482.94999999925],[1627276.9900000002,535480.04700000025],[1627293.9849999994,535473.04800000042],[1627309.9149999991,535467.03500000015],[1627324.4389999993,535463.87900000066],[1627341.6579999998,535464.0859999992],[1627357.1290000007,535461.04700000025],[1627378.0519999992,535447.5150000006],[1627392.8609999996,535434.34600000083],[1627404.0309999995,535425.67400000058],[1627418.7899999991,535412.33999999985],[1627430.6009999998,535398.80199999921],[1627439.0629999992,535387.72199999914],[1627456.9849999994,535365.84600000083],[1627469.9000000004,535352.44400000013],[1627484.3570000008,535342.10300000012],[1627508.3399999999,535328.15100000054],[1627527.6870000008,535318.41300000064],[1627538.9120000005,535317.88199999928],[1627559.0749999993,535310.31699999981],[1627577.5539999995,535306.69299999997],[1627594.4179999996,535301.75200000033],[1627604.6579999998,535299.98399999924],[1627629.0010000002,535299.15499999933],[1627644.9299999997,535293.14299999923],[1627661.148,535285.09300000034],[1627671.7280000001,535281.45199999958],[1627696.7809999995,535274.49100000039],[1627706.5329999998,535269.63199999928],[1627757.8049999997,535255.05599999987],[1627762.2080000006,535252.56799999997],[1627788.3729999997,535236.81200000085],[1627812.4780000001,535229.7349999994],[1627832.0500000007,535227.20299999975],[1627847.6899999995,535223.22900000028],[1627861.2280000001,535218.83699999936],[1627866.7479999997,535215.52899999917],[1627879.8660000004,535215.23200000077],[1627885.2699999996,535221.00200000033],[1627891.0950000007,535222.67699999921],[1627902.6050000004,535212.13399999961],[1627911.1809999999,535191.97800000012],[1627917.6469999999,535188.78700000048],[1627925.8739999998,535187.8870000001],[1627932.8149999995,535188.74300000072],[1627955.8760000002,535197.64699999988],[1627974.2410000004,535203.10099999979],[1627995.2899999991,535212.87299999967],[1628019.773,535225.93999999948],[1628039.2459999993,535239.50500000082],[1628052.0629999992,535242.20199999958],[1628069.9399999995,535244.56599999964],[1628086.1740000006,535243.53700000048],[1628105.7459999993,535241.00599999912],[1628123.9240000006,535240.37600000016],[1628138.9230000004,535241.26799999923],[1628147.0879999995,535241.15899999999],[1628167.9619999994,535243.89200000092],[1628179.0170000009,535244.29900000058],[1628197.9600000009,535245.67799999937],[1628217.3609999996,535244.08300000057],[1628233.7780000009,535241.16300000064],[1628251.2860000003,535239.33500000089],[1628268.3479999993,535239.52500000037],[1628277.2329999991,535240.77999999933],[1628296.1640000008,535243.11500000022],[1628307.8640000001,535246.63199999928],[1628332.0409999993,535254.71800000034],[1628366.3269999996,535263.09400000051],[1628384.6789999995,535269.50500000082],[1628393.2119999994,535273.58799999952],[1628414.9179999996,535285.51700000092],[1628438.1600000001,535292.53099999949],[1628452.6879999992,535297.35400000028],[1628465.2039999999,535303.04499999993],[1628471.8049999997,535305.77300000004],[1628493.6300000008,535316.59999999963],[1628512.5079999994,535327.22399999946],[1628526.5649999995,535335.97599999979],[1628548.4609999992,535361.96499999985],[1628552.6620000005,535383.69700000063],[1628553.9529999997,535389.91699999943],[1628557.9719999991,535413.54099999927],[1628558.1579999998,535419.625],[1628550.057,535443.82599999942],[1628551.5920000002,535472.24699999951],[1628556.4379999992,535497.08899999969],[1628561.6879999992,535510.81599999964],[1628571.7520000003,535535.34500000067],[1628582.5419999994,535560.76099999994],[1628585.1339999996,535572.24599999934],[1628586.9670000002,535589.69800000079],[1628587.1559999995,535603.75699999928],[1628587.2890000008,535643.01099999994],[1628587.2559999991,535666.29399999976],[1628587.7850000001,535678.48100000061],[1628589.091,535691.72199999914],[1628590.0999999996,535715.93099999987],[1628593.1669999994,535731.46199999936],[1628600.1329999994,535771.71800000034],[1628603.7909999993,535782.21800000034],[1628610.9719999991,535797.30000000075],[1628618.2719999999,535811.27999999933],[1628626.5690000001,535825.5429999996],[1628628.8059999999,535831.88000000082],[1628630.4130000006,535842.12700000033],[1628629.1679999996,535852.97900000028],[1628630.4739999995,535866.21900000051],[1628628.6659999993,535888.16699999943],[1628632.0350000001,535900.70500000007],[1628641.8570000008,535911.00799999945],[1628663.4450000003,535932.01600000076],[1628706.5170000009,535965.7229999993],[1628719.3369999994,535976.39800000004],[1628732.8129999992,535989.22599999979],[1628754.0610000007,536012.10600000061],[1628762.9370000008,536022.2929999996],[1628771.9979999997,536038.56499999948],[1628782.7819999997,536056.00599999912],[1628790.4340000004,536067.15899999999],[1628807.3849999998,536092.37900000066],[1628827.3809999991,536110.16000000015],[1628847.1569999997,536128.71199999936],[1628867.0989999995,536138.35199999996],[1628878.4969999995,536144.8629999999],[1628893.3790000007,536154.8359999992],[1628911.5629999992,536170.16000000015],[1628920.3340000007,536188.47000000067],[1628930.2369999997,536212.98000000045],[1628945.0529999994,536215.76700000092],[1628962.9140000008,536211.11400000006],[1628975.9820000008,536210.65399999917],[1628986.6180000007,536223.13299999945],[1629004.5120000001,536240.49599999934],[1629021.932,536253.81200000085],[1629040.1659999993,536269.30299999937],[1629053.6300000008,536283.08799999952],[1629068.9859999996,536297.10799999908],[1629083.1070000008,536313.04800000042],[1629100.5260000005,536326.36500000022],[1629122.2440000009,536345.31699999981],[1629144.5289999992,536361.14900000021],[1629159.4759999998,536378.30800000019],[1629170.2440000009,536388.73000000045],[1629189.8990000002,536408.38499999978],[1629203.8369999994,536426.21700000018],[1629217.3120000008,536439.04700000025],[1629236.6119999997,536453.55399999954],[1629267.8340000007,536478.78500000015],[1629281.7310000006,536487.52099999972],[1629294.7190000005,536497.25999999978],[1629302.0270000007,536502.31000000052],[1629313.2550000008,536509.75899999961],[1629333.3690000009,536526.44099999964],[1629356.0199999996,536546.46600000001],[1629378.7909999993,536565.39100000076],[1629382.6180000007,536574.95500000007],[1629383.9069999997,536581.17600000091],[1629382.7379999999,536598.25799999945],[1629380.2180000003,536609.90899999999],[1629375.4069999997,536623.51099999994],[1629374.4629999995,536631.36999999918],[1629376.5810000002,536646.78399999999],[1629391.1199999992,536650.65499999933],[1629397.5859999992,536647.46600000001],[1629425.1610000003,536628.8629999999],[1629439.1980000008,536622.62199999951],[1629446.2709999997,536621.42300000042],[1629452.7400000002,536626.21000000089],[1629470.3279999997,536638.59200000018],[1629486.3129999992,536648.70299999975],[1629505.7970000003,536669.29499999993],[1629513.4480000008,536680.44899999909],[1629527.5690000001,536704.36600000039],[1629537.7440000009,536719.8200000003],[1629548.9859999996,536734.28999999911],[1629568.8110000007,536760.98599999957],[1629589.9360000007,536784.97100000083],[1629603.2280000001,536799.69400000013],[1629616.4000000004,536815.51899999939],[1629654.4069999997,536857.5429999996],[1629669.1699999999,536876.59500000067],[1629707.4240000006,536923.9140000008],[1629724.7109999992,536947.26600000076],[1629745.7719999999,536972.04199999943],[1629755.6040000003,536981.39299999923],[1629755.8629999999,536981.74400000088],[1629762.7170000002,536989.29099999927],[1629772.2449999992,536993.66000000015],[1629794.3690000009,537001.5],[1629806.5419999994,537009.06699999981],[1629823.6569999997,537025.38000000082],[1629831.4120000005,537028.41300000064],[1629847.8310000002,537033.47399999946],[1629862.409,537046.44299999997],[1629885.2420000006,537072.55599999987],[1629894.7080000006,537077.71399999969],[1629903.1060000006,537075.88199999928],[1629926.3990000002,537066.64100000076],[1629938.216,537061.08400000073],[1629963.1490000002,537047.26099999994],[1629975.4269999992,537046.70600000024],[1629994.0810000002,537058.10600000061],[1630008.659,537071.07499999925],[1630025.3139999993,537090.3629999999],[1630034.3699999992,537098.66100000031],[1630051.6040000003,537113.87299999967],[1630059.1889999993,537117.84200000018],[1630066.0240000002,537126.82300000079],[1630076.9619999994,537144.28700000048],[1630085.4389999993,537164.6370000001],[1630085.5069999993,537187.77400000021],[1630084.4560000002,537203.75400000066],[1630084.9829999991,537223.9179999996],[1630087.2170000002,537230.25599999912],[1630099.4149999991,537276.26899999939],[1630117.0700000003,537319.76600000076],[1630125.1799999997,537335.92400000058],[1630126.2980000004,537343.08000000007],[1630126.1789999995,537352.15799999982],[1630123.6009999998,537372.09699999914],[1630116.6750000007,537386.23399999924],[1630106.4360000007,537395.9729999993],[1630096.0250000004,537398.67200000025],[1630082.8010000009,537407.08500000089],[1630069.2750000004,537418.49100000039],[1630066.1710000001,537426.24200000055],[1630066.1720000003,537434.21800000034],[1630064.068,537458.20299999975],[1630064.8829999994,537468.35300000012],[1630066.8269999996,537476.72900000028],[1630074.0040000007,537499.7890000008],[1630079.4189999998,537512.5820000004],[1630087.068,537531.71199999936],[1630102.9460000005,537557.92300000042],[1630111.4900000002,537569.02899999917],[1630126.068,537589.97499999963],[1630144.1909999996,537613.59200000018],[1630150.8420000002,537624.46499999985],[1630160.7119999994,537642.91300000064],[1630160.6060000006,537659.01099999994],[1630157.8440000005,537680.84100000001],[1630156.4890000001,537699.81499999948],[1630155.4370000008,537723.77099999972],[1630154.0940000005,537741.7890000008],[1630154.4989999998,537763.05399999954],[1630155.8000000007,537784.27099999972],[1630156.5069999993,537802.5429999996],[1630155.8080000002,537823.67100000009],[1630157.4619999994,537850.03600000031],[1630160.8259999994,537862.57499999925],[1630169.1040000003,537877.79600000009],[1630176.8719999995,537887.84999999963],[1630189.3969999999,537908.54199999943],[1630207.1659999993,537934.98699999973],[1630214.3399999999,537958.04700000025],[1630216.807,537978.61099999957],[1630217.4639999997,537988.74100000039],[1630215.2929999996,538005.53999999911],[1630216.4609999992,538012.8629999999],[1630224.8210000005,538017.88599999994],[1630233.6919999998,538020.09999999963],[1630255.4609999992,538022.79499999993],[1630273.3359999992,538033.14299999923],[1630288.8579999991,538046.23100000061],[1630292.9719999991,538053.75899999961],[1630296.9780000001,538061.43300000019],[1630312.8530000001,538087.64399999939],[1630327.9140000008,538111.68099999987],[1630338.5580000002,538131.18300000019],[1630352.9749999996,538152.1099999994],[1630366.3259999994,538166.04600000009],[1630383.1919999998,538169.09100000001],[1630398.8460000008,538172.14599999972],[1630417.6549999993,538175.59200000018],[1630429.3530000001,538179.11400000006],[1630451.9350000005,538183.98399999924],[1630471.8100000005,538186.4450000003],[1630496.6390000004,538188.72199999914],[1630514.9120000005,538188.91200000048],[1630526.9130000006,538189.44099999964],[1630533.5629999992,538192.33799999952],[1630556.9710000008,538198.42799999937],[1630572.1400000006,538206.36800000072],[1630579.2630000003,538213.31200000085],[1630585.6099999994,538219.20199999958],[1630604.2990000006,538239.70199999958],[1630618.2550000008,538255.62700000033],[1630651.6500000004,538287.04099999927],[1630662.8870000001,538293.53800000064],[1630681.9859999996,538302.92200000025],[1630697.3499999996,538308.01600000076],[1630709.1679999996,538310.43700000085],[1630723.5720000006,538316.36900000088],[1630732.9159999993,538322.63099999912],[1630738.9100000001,538331.34999999963],[1630742.4550000001,538341.99799999967],[1630749.5659999996,538349.89800000004],[1630765.8509999998,538357.01999999955],[1630784.7919999994,538358.40899999999],[1630804.1940000001,538356.82599999942],[1630819.8359999992,538352.86199999973],[1630831.1809999999,538351.23699999973],[1630849.4790000003,538349.51600000076],[1630864.6469999999,538349.48200000077],[1630874.7550000008,538349.7770000007],[1630890.5669999998,538352.85300000012],[1630897.9930000007,538356.80399999954],[1630906.6809999999,538360.91200000048],[1630924.3849999998,538372.19800000079],[1630931.9810000006,538375.21299999952],[1630940.9729999993,538376.32799999975],[1630954.4309999999,538382.14299999923],[1630965.7870000005,538387.5390000008],[1630974.659,538389.75500000082],[1630983.6620000005,538389.9140000008],[1631028.6429999992,538393.57499999925],[1631031.6530000009,538392.99100000039],[1631053.5789999999,538395.70800000057],[1631075.5669999998,538397.6370000001],[1631089.1070000008,538401.22900000028],[1631097.8080000002,538404.38199999928],[1631119.7960000001,538414.28600000031],[1631142.2579999994,538420.26099999994],[1631155.0219999999,538422.80000000075],[1631185.8310000002,538426.77999999933],[1631199.8819999993,538435.53999999911],[1631217.7559999991,538445.89200000092],[1631226.8719999995,538469.35500000045],[1631235.1099999994,538491.43300000019],[1631240.8760000002,538509.375],[1631242.648,538518.68799999915],[1631240.5250000004,538551.60400000028],[1631239.9299999997,538564.61099999957],[1631238.875,538580.59100000001],[1631238.4639999997,538591.70600000024],[1631239.4600000009,538599.96499999985],[1631242.4680000003,538615.33300000057],[1631248.2200000007,538634.23100000061],[1631251.2909999993,538648.80900000036],[1631255.2829999998,538665.41499999911],[1631257.6970000006,538685.81399999931],[1631262.5150000006,538703.6400000006],[1631265.693,538718.07100000046],[1631270.341,538736.83300000057],[1631272.6229999997,538751.31299999915],[1631277.9140000008,538773.18500000052],[1631282.8629999999,538796.92899999954],[1631296.9140000008,538797.71399999969],[1631304.3159999996,538795.60099999979],[1631324.2050000001,538789.13499999978],[1631340.6099999994,538787.18099999987],[1631343.9580000006,538800.67699999921],[1631346.1909999996,538807.01600000076],[1631354.4780000001,538829.25999999978],[1631359.7679999992,538851.13199999928],[1631367.8849999998,538874.31200000085],[1631371.0629999992,538888.74400000088],[1631370.3460000008,538910.82799999975],[1631369.8249999993,538930.06499999948],[1631371.1099999994,538944.2620000001],[1631370.0529999994,538960.24200000055],[1631372.2970000003,538973.60099999979],[1631382.818,538994.20800000057],[1631388.9920000006,539009.0120000001],[1631398.6860000007,539028.39900000021],[1631405.6860000007,539044.42200000025],[1631415.0409999993,539057.70600000024],[1631434.8550000004,539076.43500000052],[1631446.3819999993,539080.89499999955],[1631456.659,539088.23200000077],[1631471.0720000006,539109.16300000064],[1631474.773,539119.83100000024],[1631479.0539999995,539134.40000000037],[1631481.4680000003,539146.82300000079],[1631493.0549999997,539166.44600000046],[1631498.2949999999,539180.17600000091],[1631501.8129999992,539192.73599999957],[1631505.6830000002,539210.4450000003],[1631510.4499999993,539220.12900000066],[1631516.1649999991,539229.9299999997],[1631518.3839999996,539237.22499999963],[1631515.2650000006,539245.9299999997],[1631499.7390000001,539288.19099999964],[1631493.7919999994,539303.56499999948],[1631485.6740000006,539319.78600000031],[1631476.6909999996,539333.66599999927],[1631470.7919999994,539357.18200000003],[1631470.8010000009,539372.17799999937],[1631478.3100000005,539393.36800000072],[1631478.4910000004,539399.45299999975],[1631478.0759999994,539418.54399999976],[1631479.5419999994,539430.84899999946],[1631484.9499999993,539451.61999999918],[1631491.1840000004,539473.60899999924],[1631494.3619999997,539480.06599999964],[1631506.2379999999,539497.65100000054],[1631508.1659999993,539506.98299999908],[1631516.7569999993,539518.25799999945],[1631525.9159999993,539526.41300000064],[1631538.3880000003,539530.99200000055],[1631549.9629999995,539543.59400000051],[1631565.3200000003,539564.64299999923],[1631576.1309999991,539575.23599999957],[1631587.4739999995,539581.58899999969],[1631607.0580000002,539586.09300000034],[1631618.4639999997,539591.65599999949],[1631632.0529999994,539595.41599999927],[1631652.6309999991,539608.17899999954],[1631675.9749999996,539615.06499999948],[1631688.8010000009,539616.81599999964],[1631712.6060000006,539620.72800000012],[1631724.1830000002,539625.35500000045],[1631738.7060000002,539630.18899999931],[1631749.4670000002,539640.61700000055],[1631768.8169999998,539662.32100000046],[1631792.3420000002,539675.29099999927],[1631809.2670000009,539685.52800000086],[1631831.7239999995,539699.48200000077],[1631841.5390000008,539709.7929999996],[1631850.7709999997,539724.1799999997],[1631862.9499999993,539738.77300000004],[1631877.6410000008,539750.64699999988],[1631889.6889999993,539759.32100000046],[1631901.5669999998,539768.93099999987],[1631909.1469999999,539780.88000000082],[1631908.0869999994,539796.8599999994],[1631905.148,539811.65000000037],[1631903.6040000003,539824.5390000008],[1631899.3139999993,539857.34699999914],[1631896.7860000003,539868.99699999951],[1631896.068,539883.10600000061],[1631901.1730000004,539898.89399999939],[1631905.2970000003,539905.46800000034],[1631913.693,539911.61500000022],[1631923.1649999991,539923.79800000042],[1631925.5769999996,539936.22199999914],[1631923.9220000003,539957.23299999908],[1631922.6789999995,539975.10500000045],[1631929.3719999995,539994.12199999951],[1631934.1380000003,540003.80599999987],[1631956.7750000004,540023.84600000083],[1631974.8269999996,540040.28500000015],[1631979.1079999991,540046.87800000049],[1631997.1559999995,540071.29399999976],[1632002.7390000001,540075.17699999921],[1632022.6099999994,540085.62099999934],[1632037.6669999994,540093.71299999952],[1632048.4140000008,540105.09699999914],[1632066.8800000008,540110.42200000025],[1632079.2320000008,540116.10400000028],[1632087.2860000003,540124.12299999967],[1632088.4560000002,540146.44199999981],[1632090.5669999998,540153.88299999945],[1632103.0350000001,540166.43899999931],[1632114.3039999995,540182.03600000031],[1632122.2939999998,540206.31900000013],[1632123.1170000006,540215.5150000006],[1632128.5209999997,540236.28600000031],[1632129.0490000006,540255.49499999918],[1632128.9250000007,540264.57200000063],[1632126.2080000006,540301.56299999915],[1632127.1510000005,540309.65699999966],[1632132.0739999991,540319.36099999957],[1632142.5419999994,540331.82799999975],[1632144.773,540338.1679999996],[1632145.5950000007,540347.3629999999],[1632144.8249999993,540361.3049999997],[1632144.102,540383.38900000043],[1632152.0439999998,540399.53099999949],[1632161.7369999997,540410.9450000003],[1632175.0309999995,540424.72000000067],[1632185.1349999998,540432.99400000088],[1632194.352,540448.33699999936],[1632197.5250000004,540462.76999999955],[1632197.9309999999,540483.08000000007],[1632196.9900000002,540497.95900000073],[1632196.3910000008,540510.96499999985],[1632194.9169999994,540530.08500000089],[1632191.9590000007,540553.80599999987],[1632189.1380000003,540567.49400000088],[1632184.9460000005,540585.15899999999],[1632183.8880000003,540593.16300000064],[1632174.9389999993,540608.1640000008],[1632164.5319999997,540625.85400000028],[1632161.7520000003,540632.68799999915],[1632163.8120000008,540639.96299999952],[1632172.9780000001,540655.1400000006],[1632188.8560000006,540672.42699999921],[1632203.0830000006,540687.27600000054],[1632210.5399999991,540700.32599999942],[1632226.9969999995,540721.51400000043],[1632233.5069999993,540734.44700000063],[1632236.0969999991,540752.95500000007],[1632238.3819999993,540774.45600000024],[1632241.8910000008,540794.99200000055],[1632241.9460000005,540810.15399999917],[1632240.8829999994,540826.13399999961],[1632241.1089999992,540840.3599999994],[1632244.4509999994,540853.85700000077],[1632259.0280000009,540873.85400000028],[1632262.2039999999,540880.31100000069],[1632266.5390000008,540902.06599999964],[1632268.2890000008,540920.31000000052],[1632268.818,540931.5429999996],[1632268.3839999996,540951.58999999985],[1632264.8540000003,540978.4299999997],[1632261.0050000008,541009.21900000051],[1632259.9419999998,541025.19899999909],[1632268.8149999995,541042.4140000008],[1632291.0979999993,541057.30700000003],[1632296.1539999992,541064.95500000007],[1632298.0789999999,541074.28700000048],[1632298.9000000004,541083.48200000077],[1632302.1300000008,541105.10099999979],[1632304.9959999993,541122.52600000054],[1632307.2789999992,541144.0270000007],[1632307.9739999995,541162.30000000075],[1632307.2609999999,541183.42899999954],[1632306.9959999993,541202.5390000008],[1632310.3939999994,541246.19400000013],[1632312.4979999997,541261.6099999994],[1632316.8310000002,541283.36600000039],[1632318.6370000001,541308.79600000009],[1632319.8029999994,541331.11500000022],[1632321.7349999994,541347.46800000034],[1632324.9499999993,541370.04199999943],[1632329.9379999992,541393.95299999975],[1632339.3249999993,541423.35600000061],[1632349.4879999999,541453.81299999915],[1632357.4719999991,541478.09699999914],[1632361.7530000005,541499.68700000085],[1632370.3780000005,541527.08100000024],[1632385.5189999994,541574.42899999954],[1632392.193,541594.4020000007],[1632399.1850000005,541610.42600000091],[1632406.0059999991,541627.3870000001],[1632410.2799999993,541641.9570000004],[1632411.3230000008,541665.37700000033],[1632411.1899999995,541682.43099999987],[1632408.5370000005,541695.18200000003],[1632404.6459999997,541709.85400000028],[1632401.8210000005,541723.54199999943],[1632404.6919999998,541732.99100000039],[1632413.0920000002,541746.16000000015],[1632423.5439999998,541759.58400000073],[1632441.1129999999,541779.95399999991],[1632445.4499999993,541793.73399999924],[1632450.6830000002,541807.46600000001],[1632456.8489999995,541822.27099999972],[1632460.2390000001,541835.93400000036],[1632461.6490000002,541848.07399999909],[1632463.2880000006,541866.46399999969],[1632464.9199999999,541877.83400000073],[1632467.4920000006,541897.29800000042],[1632481.2819999997,541924.21800000034],[1632488.273,541940.24200000055],[1632501.4230000004,541964.05199999921],[1632509.2390000001,541981.29600000009],[1632514.0010000002,541990.98100000061],[1632525.7410000004,542017.64699999988],[1632540.7689999994,542042.64800000004],[1632546.9849999994,542057.61900000088],[1632552.2170000002,542071.35099999979],[1632558.7310000006,542091.30399999954],[1632567.0030000005,542113.55100000091],[1632566.5840000007,542124.66599999927],[1632568.7919999994,542139.93600000069],[1632572.9570000004,542154.65300000086],[1632578.3670000006,542174.46900000051],[1632595.2530000005,542232.0859999992],[1632602.8839999996,542251.22199999914],[1632612.3939999994,542271.54800000042],[1632616.716,542286.28399999999],[1632621.0150000006,542298.94299999997],[1632625.1150000002,542314.44899999909],[1632629.7489999998,542333.21199999936],[1632635.7919999994,542349.11900000088],[1632645.7650000006,542366.47199999914],[1632656.2719999999,542387.0820000004],[1632661.6740000006,542399.87900000066],[1632670.7070000004,542424.13399999961],[1632681.9749999996,542446.75300000049],[1632683.7259999998,542457.02199999988],[1632685.0140000004,542470.26400000043],[1632681.5899999999,542488.98200000077],[1632677.7029999997,542495.67699999921],[1632664.3289999999,542514.11500000022],[1632649.3739999998,542536.34400000051],[1632635.6699999999,542555.69800000079],[1632628.2960000001,542566.90599999949],[1632625.4639999997,542573.57300000079],[1632611.6260000002,542594.98399999924],[1632605.2119999994,542605.35400000028],[1632599.2109999992,542612.58400000073],[1632589.1380000003,542628.4020000007],[1632581.7780000009,542638.65399999917],[1632572.0109999999,542651.47800000012],[1632561.2980000004,542664.18400000036],[1632552.3369999994,542672.16300000064],[1632531.3880000003,542693.64800000004],[1632516.2679999992,542708.83799999952],[1632499.6040000003,542728.93999999948],[1632493.125,542740.09999999963],[1632486.5260000005,542752.36099999957],[1632482.034,542772.06299999915],[1632479.6760000009,542789.79700000025],[1632479.2410000004,542801.86700000055],[1632478.3430000003,542816.91100000031],[1632478.3839999996,542840.04900000058],[1632480.1339999996,542850.31699999981],[1632485.2430000007,542865.15100000054],[1632487.6420000009,542870.55399999954],[1632488.7510000002,542877.7109999992],[1632488.7569999993,542884.73200000077],[1632489.432,542903.96000000089],[1632486.3540000003,542927.82599999942],[1632484.6359999999,542948.67100000009],[1632485.4959999993,542966.00699999928],[1632489.8210000005,542987.76300000027],[1632498.0390000008,543009.84300000034],[1632500.0160000008,543026.36199999973],[1632503.6510000005,543044.84100000001],[1632505.1079999991,543057.14699999988],[1632504.3809999991,543071.25500000082],[1632500.4690000005,543101.87700000033],[1632502.6960000005,543108.21600000001],[1632524.6830000002,543110.15300000086],[1632546.6199999992,543111.92400000058],[1632556.557,543113.16000000015],[1632569.3190000001,543115.70399999991],[1632588.7789999992,543121.31499999948],[1632606.9360000007,543129.63599999994],[1632614.8640000001,543138.75799999945],[1632617.5649999995,543156.1640000008],[1632624.3699999992,543159.08500000089],[1632636.6630000006,543157.58300000057],[1632649.9100000001,543148.2229999993],[1632657.3279999997,543145.15699999966],[1632673.4419999998,543145.24699999951],[1632697.4299999997,543147.27400000021],[1632706.591,543147.45600000024],[1632727.7170000002,543147.05299999937],[1632739.0629999992,543145.43300000019],[1632748.7149999999,543140.73100000061],[1632765.1229999997,543138.78399999999],[1632781.3450000007,543138.72900000028],[1632792.1070000008,543141.18400000036],[1632806.3340000007,543148.05900000036],[1632816.4419999998,543148.3599999994],[1632847.0350000001,543145.14699999988],[1632868.8499999996,543148.02099999972],[1632872.1789999995,543169.49400000088],[1632881.3450000007,543176.69700000063],[1632891.9169999994,543174.02400000021],[1632899.6950000003,543175.15100000054],[1632918.6559999995,543193.62399999984],[1632925.6089999992,543193.53199999966],[1632943.125,543198.74300000072],[1632947.6950000003,543203.30000000075],[1632951.8149999995,543209.875],[1632955.6280000005,543219.44299999997],[1632961.3629999999,543238.34400000051],[1632967.2400000002,543247.2109999992],[1632973.9210000001,543266.23000000045],[1632978.8019999992,543274.81399999931],[1632990.8770000003,543299.60899999924],[1632990.4470000006,543318.69999999925],[1632996.0179999992,543330.56100000069],[1633005.1760000009,543345.74000000022],[1633024.2039999999,543370.44299999997],[1633028.9419999998,543389.06100000069],[1633030.7599999998,543405.56000000052],[1633030.4450000003,543416.52800000086],[1633030.9460000005,543436.69199999981],[1633033.9979999997,543444.25100000016],[1633038.1040000003,543451.78199999966],[1633050.2719999999,543466.37900000066],[1633068.3530000001,543490.96499999985],[1633075.9240000006,543502.91499999911],[1633087.3719999995,543523.64399999939],[1633092.5859999992,543538.3320000004],[1633094.9890000001,543550.75599999912],[1633096.7789999992,543569.16599999927],[1633098.5419999994,543578.47900000028],[1633102.6469999999,543586.00999999978],[1633114.2019999996,543606.59300000034],[1633121.8279999997,543625.73000000045],[1633131.1699999999,543639.01700000092],[1633138.1549999993,543655.0429999996],[1633143.8880000003,543673.94400000013],[1633152.284,543687.11400000006],[1633160.3870000001,543702.32200000063],[1633170.5309999995,543725.76099999994],[1633175.5830000006,543733.40899999999],[1633183.3340000007,543736.44800000079],[1633204.9680000003,543748.23599999957],[1633226.4269999992,543753.93899999931],[1633243.0519999992,543766.21900000051],[1633257.909,543784.18300000019],[1633272.0050000008,543800.1370000001],[1633286.5549999997,543821.09300000034],[1633303.0490000006,543842.45199999958],[1633312.6879999992,543860.72199999914],[1633330.5820000004,543887.20099999942],[1633333.4480000008,543896.6520000007],[1633332.2129999995,543905.59100000001],[1633334.1329999994,543914.92400000058],[1633345.0600000005,543931.44099999964],[1633358.6740000006,543944.3049999997],[1633372.5979999993,543961.1950000003],[1633390.1579999998,543981.5700000003],[1633407.2400000002,544005.87299999967],[1633428.3159999996,544030.83400000073],[1633444.9340000004,544058.11099999957],[1633453.1429999992,544073.17300000042],[1633463.1239999998,544089.57300000079],[1633472.9690000005,544108.02999999933],[1633481.1919999998,544122.13599999994],[1633497.2060000002,544147.42400000058],[1633524.9179999996,544183.26300000027],[1633534.727,544200.59899999946],[1633543.7609999999,544216.88099999912],[1633550.2620000001,544229.81599999964],[1633565.9330000002,544256.97499999963],[1633579.5490000006,544276.8599999994],[1633589.8220000006,544291.22199999914],[1633607.7280000001,544316.74599999934],[1633617.6940000001,544334.10099999979],[1633630.0840000007,544354.94999999925],[1633634.3599999994,544361.54499999993],[1633642.3969999999,544377.54399999976],[1633644.3300000001,544385.92100000009],[1633645.6520000007,544407.3049999997],[1633651.6889999993,544423.21299999952],[1633658.4570000004,544425.01400000043],[1633672.8000000007,544423.76999999955],[1633683.3900000006,544427.1640000008],[1633691.6079999991,544434.25100000016],[1633712.0419999994,544456.10199999996],[1633720.5539999995,544461.15100000054],[1633735.7650000006,544476.2890000008],[1633754.3910000008,544495.68099999987],[1633772.7740000002,544517.2770000007],[1633787.9220000003,544533.20500000007],[1633801.0690000001,544549.0429999996],[1633833.9989999998,544591.5979999993],[1633848.8540000003,544609.56299999915],[1633898.2229999993,544673.31299999915],[1633911.6630000006,544687.1129999999],[1633929.8739999998,544709.64599999972],[1633948.3629999999,544731.09600000083],[1633965.4529999997,544747.42600000091],[1633984.4210000001,544764.94800000079],[1634007.3849999998,544790.14699999988],[1634024.2890000008,544808.36900000088],[1634037.557,544823.10600000061],[1634054.4739999995,544840.37299999967],[1634069.2060000002,544859.44099999964],[1634086.6410000008,544880.91999999993],[1634106.4230000004,544907.6370000001],[1634121.2620000001,544926.55900000036],[1634134.8890000004,544945.49000000022],[1634156.2530000005,544968.41699999943],[1634171.2780000009,544985.44700000063],[1634181.6840000004,544997.75400000066],[1634196.0690000001,545011.67400000058],[1634216.6209999993,545032.42500000075],[1634231.057,545046.51099999994],[1634243.6850000005,545058.13800000027],[1634254.6060000006,545067.6370000001],[1634264.716,545074.9609999992],[1634277.3440000005,545086.58799999952],[1634290.9680000003,545098.49799999967],[1634304.8350000009,545108.20600000024],[1634317.807,545117.9609999992],[1634340.2489999998,545131.92899999954],[1634356.0470000003,545150.01400000043],[1634358.443,545155.41899999976],[1634357.1919999998,545165.31399999931],[1634350.1610000003,545188.68799999915],[1634337.125,545219.2890000008],[1634323.102,545234.61099999957],[1634313.6219999995,545245.39399999939],[1634309.8530000001,545250.98699999973],[1634306.4159999993,545262.68300000019],[1634304.3949999996,545285.56499999948],[1634305.0730000008,545296.81799999997],[1634308.8839999996,545313.40799999982],[1634310.3220000006,545326.66999999993],[1634319.5270000007,545349.03800000064],[1634327.4389999993,545366.13900000043],[1634336.0020000003,545378.37600000016],[1634352.784,545404.72100000083],[1634366.0620000008,545411.48299999908],[1634378.1950000003,545402.94600000046],[1634387.7850000001,545399.03700000048],[1634405.4829999991,545395.34200000018],[1634418.7229999993,545393.96299999952],[1634428.0460000001,545408.20900000073],[1634438.8330000006,545426.78600000031],[1634448.1319999993,545431.93600000069],[1634468.0539999995,545434.58100000024],[1634480.3469999991,545433.08400000073],[1634498.1280000005,545420.14599999972],[1634507.4749999996,545418.44099999964],[1634540.2789999992,545422.53500000015],[1634564.398,545415.49499999918],[1634570.5769999996,545414.35099999979],[1634581.4590000007,545415.71000000089],[1634596.6270000003,545415.68799999915],[1634613.6740000006,545416.85899999924],[1634631.4949999992,545419.08400000073],[1634648.5439999998,545427.27500000037],[1634660.1030000001,545439.88599999994],[1634671.7960000001,545443.41999999993],[1634691.0280000009,545442.78999999911],[1634702.7349999994,545445.36800000072],[1634722.9399999995,545460.9729999993],[1634739.9869999997,545462.14399999939],[1634756.7139999997,545449.2349999994],[1634763.9440000001,545441.04399999976],[1634790.7400000002,545420.29800000042],[1634805.7369999997,545421.21299999952],[1634821.1999999993,545426.17600000091],[1634827.6610000003,545430.97100000083],[1634848.3829999994,545450.78999999911],[1634864.5240000002,545467.00500000082],[1634880.7860000003,545482.11900000088],[1634887.7780000009,545490.17200000025],[1634900.443,545509.94199999981],[1634911.7919999994,545515.3479999993],[1634932.6089999992,545517.94800000079],[1634945.7650000006,545525.81399999931],[1634968.659,545544.78800000064],[1634974.3990000002,545562.73599999957],[1634980.6870000008,545568.46700000018],[1634999.6260000002,545569.87600000016],[1635004.3790000007,545572.54399999976],[1635012.3029999994,545581.66999999993],[1635014.8599999994,545601.13599999994],[1635018.9619999994,545608.6679999996],[1635037.5940000005,545613.0700000003],[1635044.5710000005,545622.07799999975],[1635054.2029999997,545640.35300000012],[1635068.2390000001,545642.10700000077],[1635090.8269999996,545646.04499999993],[1635099.5089999996,545650.16200000048],[1635108.3790000007,545659.40699999966],[1635123.2290000003,545677.37600000016],[1635144.0850000009,545688.11900000088],[1635150.9020000007,545690.08799999952],[1635159.7210000008,545699.16699999943],[1635173.8110000007,545715.12800000049],[1635195.3049999997,545728.98200000077],[1635198.9399999995,545732.46700000018],[1635208.1030000001,545739.67500000075],[1635216.6270000003,545743.77199999988],[1635240.7719999999,545752.85199999996],[1635255.1549999993,545766.77500000037],[1635264.6630000006,545779.13199999928],[1635274.6380000003,545795.53600000031],[1635288.7149999999,545819.47199999914],[1635301.5270000007,545829.2109999992],[1635321.5950000007,545846.87600000016],[1635340.2660000008,545866.44099999964],[1635354.9560000002,545877.37099999934],[1635373.2809999995,545891.78800000064],[1635381.3259999994,545899.81299999915],[1635405.6809999999,545923.12099999934],[1635410.5950000007,545939.84999999963],[1635422.4989999998,545964.63199999928],[1635437.4829999991,545973.52600000054],[1635450.9309999999,545979.35500000045],[1635466.3939999994,545984.3200000003],[1635485.6640000008,545991.83400000073],[1635498.9409999996,545998.59999999963],[1635509.5150000006,546002.95299999975],[1635523.0999999996,546006.72599999979],[1635541.5460000001,546020.04099999927],[1635553.9140000008,546034.83000000007],[1635556.6180000007,546044.26300000027],[1635556.7650000006,546059.27899999917],[1635555.6850000005,546075.25899999961],[1635554.9489999991,546089.36700000055],[1635559.7029999997,546099.05599999987],[1635570.4360000007,546110.44999999925],[1635578.9600000009,546114.54700000025],[1635587.8149999995,546124.74899999984],[1635595.5649999995,546134.81200000085],[1635602.3699999992,546144.75699999928],[1635617.5629999992,546167.87800000049],[1635626.4309999999,546177.12399999984],[1635638.5759999994,546185.66300000064],[1635655.8090000004,546191.96600000001],[1635666.7280000001,546201.46900000051],[1635670.1909999996,546205.89100000076],[1635671.3200000003,546229.16699999943],[1635681.1199999992,546239.48699999973],[1635699.6160000004,546252.96900000051],[1635712.2410000004,546264.59999999963],[1635724.5859999992,546270.29199999943],[1635737.3969999999,546280.03199999966],[1635748.7310000006,546286.39599999972],[1635764.3650000002,546290.42500000075],[1635776.9890000001,546295.03600000031],[1635781.1050000004,546301.61400000006],[1635787.9600000009,546318.74599999934],[1635796.9360000007,546327.84600000083],[1635811.3169999998,546341.77099999972],[1635815.5899999999,546348.36900000088],[1635818.1439999994,546367.83400000073],[1635823.0840000007,546375.63199999928],[1635828.5969999991,546380.31100000069],[1635847.0930000003,546393.7929999996],[1635856.8929999992,546404.11400000006],[1635864.2980000004,546409.02899999917],[1635874.2329999991,546410.27199999988],[1635879.9330000002,546413.05900000036],[1635890.8509999998,546422.56200000085],[1635897.0160000008,546429.39699999988],[1635898.2929999996,546435.61999999918],[1635896.2520000003,546459.4570000004],[1635895.8230000008,546470.57200000063],[1635893.466,546480.32899999991],[1635890.3210000005,546497.00799999945],[1635881.8200000003,546509.02800000086],[1635875.227,546520.32899999991],[1635861.3350000009,546526.56900000013],[1635856.4829999991,546541.11999999918],[1635856.5059999991,546557.2379999999],[1635853.5559999999,546596.11900000088],[1635854.0730000008,546607.35300000012],[1635859.2780000009,546622.04499999993],[1635872.7630000003,546643.03800000064],[1635884.2689999994,546655.48599999957],[1635900.7139999997,546668.71299999952],[1635916.6919999998,546677.89200000092],[1635925.8540000003,546685.10099999979],[1635943.0580000002,546700.33699999936],[1635958.4210000001,546722.52300000004],[1635964.2780000009,546732.35099999979],[1635966.3279999997,546739.62800000049],[1635968.5370000005,546753.9450000003],[1635981.0749999993,546774.8200000003],[1636002.3800000008,546797.58999999985],[1636016.2939999998,546807.46900000051],[1636029.5700000003,546821.25599999912],[1636053.1329999994,546858.50999999978],[1636066.0639999993,546860.12800000049],[1636081.0739999991,546860.09200000018],[1636096.2280000001,546861.03099999949],[1636117.0449999999,546863.63599999994],[1636137.4460000005,546869.38099999912],[1636166.4629999995,546880.03299999982],[1636171.9900000002,546883.75699999928],[1636193.9460000005,546901.66300000064],[1636204.8780000005,546910.21199999936],[1636227.6439999994,546930.29399999976],[1636239.0270000007,546943.84500000067],[1636246.6040000003,546954.84600000083],[1636255.3210000005,546974.12600000016],[1636265.8800000008,546986.45800000057],[1636268.7540000007,546994.95500000007],[1636280.2949999999,547015.54700000025],[1636288.0789999999,547033.75300000049],[1636292.4879999999,547038.29399999976],[1636302.5800000001,547046.57799999975],[1636320.2789999992,547049.91100000031],[1636340.7870000005,547055.51099999994],[1636352.4920000006,547058.09300000034],[1636372.3629999999,547060.58100000024],[1636377.875,547065.25999999978],[1636387.0710000005,547087.63299999945],[1636400.0380000006,547097.39399999939],[1636411.4350000005,547109.99100000039],[1636423.4560000002,547126.65399999917],[1636432.1359999999,547137.7929999996],[1636450.9590000007,547164.40300000086],[1636465.5099999998,547184.41499999911],[1636473.0720000006,547196.37199999951],[1636484.318,547219.00100000016],[1636499.6429999992,547233.04700000025],[1636511.6630000006,547242.68999999948],[1636525.2320000008,547254.44199999981],[1636535.2019999996,547263.82799999975],[1636542.3129999992,547270.78199999966],[1636560.9780000001,547290.35199999996],[1636577.6999999993,547309.51999999955],[1636596.3499999996,547330.04600000009],[1636604.4059999995,547337.11800000072],[1636622.2970000003,547355.63399999961],[1636629.0989999995,547365.58100000024],[1636642.0350000001,547391.29499999993],[1636646.3359999992,547395.98299999908],[1636656.2559999991,547405.20299999975],[1636665.932,547409.60700000077],[1636680.1030000001,547416.32899999991],[1636686.6119999997,547421.2929999996],[1636694.3599999994,547431.35799999908],[1636709.4969999995,547447.29600000009],[1636728.4849999994,547455.89800000004],[1636736.6989999991,547462.99000000022],[1636746.0010000002,547485.21800000034],[1636750.6160000004,547496.96499999985],[1636757.7609999999,547519.0820000004],[1636762.9780000001,547525.79900000058],[1636777.9739999995,547526.72100000083],[1636784.6040000003,547530.58300000057],[1636789.8220000006,547537.30000000075],[1636794.0769999996,547558.89599999972],[1636789.0850000009,547582.52300000004],[1636790.1879999992,547589.68200000003],[1636797.4900000002,547611.81900000013],[1636798.4210000001,547619.91300000064],[1636798.4560000002,547628.0549999997],[1636794.6840000004,547633.64599999972],[1636789.1569999997,547636.94299999997],[1636786.4900000002,547642.67200000025],[1636786.2149999999,547660.82699999958],[1636786.3859999999,547666.91200000048],[1636783.875,547686.70199999958],[1636778.6909999996,547695.14699999988],[1636772.7019999996,547718.49000000022],[1636771.9120000005,547725.41200000048],[1636771.8230000008,547748.69700000063],[1636771.1899999995,547762.65899999999],[1636773.1009999998,547779.01400000043],[1636775.1850000005,547794.43300000019],[1636775.8059999999,547805.52099999972],[1636777.6099999994,547822.02199999988],[1636782.5030000005,547839.70800000057],[1636786.773,547853.32799999975],[1636793.4360000007,547872.35199999996],[1636807.0030000005,547884.10500000045],[1636826.148,547892.72699999996],[1636843.0050000008,547902.81799999997],[1636861.6689999998,547915.36900000088],[1636867.8320000004,547922.20500000007],[1636871.7589999996,547930.67500000075],[1636871.8080000002,547937.86199999973],[1636868.659,547947.51899999939],[1636854.7640000004,547960.7770000007],[1636848.0150000006,547982.1099999994],[1636844.2770000007,547995.84200000018],[1636849.4780000001,548010.53600000031],[1636862.148,548029.35600000061],[1636865.3000000007,548036.77199999988],[1636871.7899999991,548056.73299999908],[1636876.0940000005,548078.49400000088],[1636874.2180000003,548101.39599999972],[1636871.7349999994,548112.25400000066],[1636868.7400000002,548135.97199999914],[1636867.6539999992,548151.95199999958],[1636870.8399999999,548167.50999999978],[1636890.5869999994,548202.21600000001],[1636907.5260000005,548227.63599999994],[1636918.6119999997,548243.22699999996],[1636924.2789999992,548254.94700000063],[1636934.8809999991,548281.48699999973],[1636944.8809999991,548306.03600000031],[1636954.7990000006,548315.25799999945],[1636973.1170000006,548329.68099999987],[1636982.4820000008,548344.09899999946],[1636985.8190000001,548356.64399999939],[1636986.5950000007,548374.77199999988],[1636988.7100000009,548398.33300000057],[1636992.3249999993,548416.81699999981],[1636996.3149999995,548424.49799999967],[1637013.2390000001,548450.87299999967],[1637017.9739999995,548461.51999999955],[1637025.875,548478.62600000016],[1637044.3629999999,548499.13399999961],[1637061.7679999992,548521.58100000024],[1637073.4719999991,548548.25999999978],[1637080.4250000007,548572.26899999939],[1637086.5869999994,548579.10500000045],[1637107.4670000002,548605.01899999939],[1637127.6950000003,548628.77800000086],[1637143.6520000007,548645.93799999915],[1637157.5460000001,548663.79600000009],[1637179.4790000003,548689.68400000036],[1637185.5189999994,548697.62199999951],[1637197.7039999999,548720.37199999951],[1637208.9120000005,548727.84100000001],[1637230.2249999996,548742.64100000076],[1637248.7139999997,548756.13000000082],[1637260.0449999999,548762.49799999967],[1637273.023,548771.30599999987],[1637289.2750000004,548786.42899999954],[1637297.9670000002,548796.61500000022],[1637308.568,548816.13499999978],[1637321.3589999992,548826.83500000089],[1637342.9670000002,548839.5979999993],[1637364.466,548852.50699999928],[1637391.1349999998,548864.94800000079],[1637410.4000000004,548872.47199999914],[1637430.6109999996,548880.11400000006],[1637441.1830000002,548884.47199999914],[1637457.4519999996,548891.61900000088],[1637471.034,548895.39800000004],[1637481.727,548898.65399999917],[1637500.5280000009,548902.13000000082],[1637513.2870000005,548904.68899999931],[1637527.3359999992,548905.49400000088],[1637539.1630000006,548906.97900000028],[1637547.0969999991,548908.13399999961],[1637564.4379999992,548907.27800000086],[1637587.443,548901.0700000003],[1637596.9279999994,548897.31399999931],[1637611.0989999995,548897.01799999923],[1637619.6679999996,548908.30599999987],[1637624.3870000001,548919.90799999982],[1637633.0960000008,548922.11800000072],[1637640.3289999999,548920.95199999958],[1637644.9250000007,548916.5820000004],[1637659.4389999993,548921.43500000052],[1637678.3760000002,548922.85500000045],[1637686.216,548909.63800000027],[1637706.7540000007,548906.31200000085],[1637716.534,548900.51799999923],[1637738.4230000004,548888.10700000077],[1637746.1530000009,548882.05599999987],[1637767.1099999994,548868.57100000046],[1637773.9260000009,548870.5429999996],[1637791.4330000002,548882.79399999976],[1637809.5800000001,548891.13599999994],[1637829.3269999996,548894.73200000077],[1637843.2029999997,548896.47399999946],[1637862.0040000007,548899.95199999958],[1637874.4680000003,548904.54800000042],[1637886.2799999993,548906.98900000006],[1637897.9690000005,548910.53099999949],[1637911.3640000001,548916.20199999958],[1637932.057,548919.91699999943],[1637955.8690000009,548922.90699999966],[1637967.7310000006,548925.51400000043],[1637986.3560000006,548936.94800000079],[1637994.3959999997,548944.97900000028],[1638005.6329999994,548967.6129999999],[1638012.4350000005,548970.54099999927],[1638035.3149999995,548972.4570000004],[1638052.1730000004,548975.53199999966],[1638063.7050000001,548979.0549999997],[1638086.5700000003,548981.92600000091],[1638095.7310000006,548982.11999999918],[1638135.6549999993,548985.22000000067],[1638161.7039999999,548986.57699999958],[1638186.4780000001,548981.7109999992],[1638208.6919999998,548982.42699999921],[1638218.8129999992,548981.78299999982],[1638243.8829999994,548974.88000000082],[1638267.5390000008,548970.83100000024],[1638279.3540000003,548966.25200000033],[1638297.3619999997,548959.57799999975],[1638308.6750000007,548956.85099999979],[1638320.8310000002,548957.42100000009],[1638337.7190000005,548958.58500000089],[1638350.9940000009,548958.33899999969],[1638363.9389999993,548959.00799999945],[1638383.1710000001,548958.39299999923],[1638403.3350000009,548958.85199999996],[1638415.2119999994,548960.50400000066],[1638433.6699999999,548958.83400000073],[1638453.2109999992,548955.22599999979],[1638461.5629999992,548953.24400000088],[1638473.2200000007,548948.64499999955],[1638491.2280000001,548941.9729999993],[1638513.9409999996,548930.78500000015],[1638536.9600000009,548923.625],[1638551.3039999995,548922.39599999972],[1638563.8920000009,548918.87199999951],[1638590.716,548914.26600000076],[1638605.2469999995,548911.14499999955],[1638628.2510000002,548904.94199999981],[1638653.0260000005,548900.07699999958],[1638671.3259999994,548898.38900000043],[1638688.8530000001,548895.64499999955],[1638709.7919999994,548890.1400000006],[1638728.7320000008,548884.54199999943],[1638754.2829999998,548873.71299999952],[1638775.7190000005,548863.32300000079],[1638798.8949999996,548856.18400000036],[1638813.4260000009,548853.06399999931],[1638821.9140000008,548849.02600000054],[1638842.5759999994,548837.58100000024],[1638854.6999999993,548830.00999999978],[1638872.2430000007,548819.29099999927],[1638894.6109999996,548809.97699999996],[1638919.9879999999,548800.08300000057],[1638932.1449999996,548800.65499999933],[1638994.5600000005,548769.25],[1639014.7400000002,548761.7349999994],[1639035.5739999991,548749.35600000061],[1639050.0710000005,548738.09400000051],[1639064.0869999994,548730.7620000001],[1639087.4330000002,548729.70900000073],[1639107.6610000003,548729.38099999912],[1639130.8350000009,548729.2650000006],[1639149.9120000005,548738.68600000069],[1639160.8399999999,548747.24100000039],[1639171.8780000005,548748.63000000082],[1639186.0639999993,548747.38299999945],[1639199.943,548742.10799999908],[1639216.318,548732.04099999927],[1639234.0160000008,548728.3629999999],[1639244.9110000003,548728.7770000007],[1639265.7109999992,548732.35099999979],[1639285.5800000001,548734.85099999979],[1639300.7469999995,548734.84500000067],[1639309.5769999996,548735.95600000024],[1639321.7310000006,548743.54900000058],[1639326.9470000006,548750.26899999939],[1639331.8690000009,548759.0270000007],[1639338.9619999994,548766.94099999964],[1639344.6600000001,548769.73200000077],[1639363.409,548773.04900000058],[1639381.6950000003,548772.31900000013],[1639401.9059999995,548755.87299999967],[1639420.1919999998,548755.14200000092],[1639429.5059999991,548745.30399999954],[1639447.2770000007,548740.3599999994],[1639454.3870000001,548740.29800000042],[1639484.2400000002,548744.21499999985],[1639508.3599999994,548744.21900000051],[1639524.2860000003,548746.2229999993],[1639545.443,548753.99300000072],[1639555.6710000001,548753.20600000024],[1639578.2579999994,548750.14499999955],[1639582.682,548746.71299999952],[1639587.6940000001,548739.20600000024],[1639595.409,548734.1129999999],[1639604.5840000007,548733.35300000012],[1639629.3420000002,548729.44899999909],[1639647.6449999996,548720.74300000072],[1639657.8729999997,548719.95600000024],[1639673.6420000009,548721.94099999964],[1639687.3809999991,548725.74599999934],[1639699.5500000007,548732.38399999961],[1639711.5170000009,548741.86999999918],[1639733.5140000004,548766.98000000045],[1639748.8340000007,548781.03700000048],[1639760.8010000009,548790.52199999988],[1639773.2970000003,548803.26600000076],[1639790.6809999999,548816.62600000016],[1639801.4079999998,548828.02999999933],[1639819.0889999997,548832.33100000024],[1639826.9729999993,548833.32399999909],[1639844.7939999998,548828.54700000025],[1639862.1150000002,548818.60099999979],[1639871.1170000006,548818.7770000007],[1639888.7809999995,548831.0549999997],[1639897.6449999996,548840.31000000052],[1639906.1510000005,548845.36999999918],[1639920.8359999992,548849.29499999993],[1639929.1850000005,548854.3359999992],[1639930.0250000004,548871.67600000091],[1639940.9049999993,548873.04600000009],[1639965.0600000005,548874.17400000058],[1639991.6779999994,548862.36700000055],[1640009.1559999995,548852.44099999964],[1640026.2180000003,548845.65399999917],[1640051.8890000004,548833.72900000028],[1640058.068,548832.59200000018],[1640076.0439999998,548834.85700000077],[1640103.5020000003,548840.39100000076],[1640119.2550000008,548843.33300000057],[1640130.9450000003,548846.88099999912],[1640145.4580000006,548851.74100000039],[1640165.0160000008,548857.2379999999],[1640181.7660000008,548860.46499999985],[1640191.6999999993,548861.71700000018],[1640206.6950000003,548862.64900000021],[1640225.4590000007,548865.01400000043],[1640234.1520000007,548868.18400000036],[1640253.6940000001,548881.65699999966],[1640266.4839999992,548892.36500000022],[1640277.0700000003,548895.77400000021],[1640300.7579999994,548899.87600000016],[1640317.9719999991,548907.1520000007],[1640333.7109999992,548911.05100000091],[1640347.2919999994,548914.83699999936],[1640366.2139999997,548917.22199999914],[1640379.3139999993,548924.93700000085],[1640402.7070000004,548931.07799999975],[1640414.6730000004,548940.56499999948],[1640425.7229999993,548948.02199999988],[1640443.7459999993,548957.47499999963],[1640452.2530000005,548962.53700000048],[1640472.6319999993,548976.27600000054],[1640485.7170000002,548984.94700000063],[1640500.6940000001,548993.85700000077],[1640521.5559999999,549003.6679999996],[1640537.6510000005,549011.7620000001],[1640562.2699999996,549016.93999999948],[1640585.3059999999,549018.8870000001],[1640608.3399999999,549027.85600000061],[1640621.2699999996,549029.48599999957],[1640637.6740000006,549034.58699999936],[1640650.1219999995,549040.14599999972],[1640661.3440000005,549046.6679999996],[1640666.7320000008,549052.45399999991],[1640675.1129999999,549065.63900000043],[1640679.8469999991,549076.2890000008],[1640684.2530000005,549080.83400000073],[1640695.6329999994,549087.37600000016],[1640739.0160000008,549094.92200000025],[1640747.3640000001,549099.96399999969],[1640756.6940000001,549106.24799999967],[1640773.7530000005,549123.55900000036],[1640786.3709999993,549135.20399999991],[1640794.3019999992,549143.38599999994],[1640811.4839999992,549159.59600000083],[1640819.8320000004,549164.63900000043],[1640844.4509999994,549169.81900000013],[1640854.8990000002,549175.28600000031],[1640870.8220000006,549184.31599999964],[1640879.9790000003,549191.53500000015],[1640899.7390000001,549211.26300000027],[1640913.7670000009,549227.07499999925],[1640935.716,549237.98299999908],[1640947.6970000006,549246.51600000076],[1640962.2569999993,549258.56699999981],[1640980.5710000005,549273.00500000082],[1640997.9389999993,549287.32499999925],[1641017.0120000001,549303.77500000037],[1641023.3460000008,549309.68099999987],[1641038.8190000001,549330.78299999982],[1641057.1329999994,549345.22199999914],[1641072.4360000007,549360.23900000006],[1641090.75,549374.67799999937],[1641112.2149999999,549396.53700000048],[1641125.3430000003,549419.4179999996],[1641134.9959999993,549438.82799999975],[1641138.9700000007,549447.46900000051],[1641148.6199999992,549473.90000000037],[1641164.0769999996,549495.95900000073],[1641174.8159999996,549506.41000000015],[1641191.3780000005,549511.53299999982],[1641214.2559999991,549513.46299999952],[1641226.8910000008,549517.13299999945],[1641239.8200000003,549518.7650000006],[1641255.7609999999,549519.81900000013],[1641272.1679999996,549517.90100000054],[1641285.5649999995,549516.56000000052],[1641299.75,549515.31900000013],[1641312.9739999995,549514.9140000008],[1641330.0329999998,549515.15300000086],[1641343.2569999993,549514.74799999967],[1641358.1290000007,549516.78500000015],[1641371.1809999999,549517.31599999964],[1641381.9379999992,549519.79099999927],[1641388.5659999996,549523.66000000015],[1641398.4820000008,549532.89100000076],[1641408.7709999997,549555.41499999911],[1641413.3489999995,549559.02500000037],[1641427.5810000002,549564.97100000083],[1641437.9780000001,549587.34899999946],[1641438.9560000002,549595.61099999957],[1641442.6160000004,549614.26600000076],[1641448.6180000007,549638.16300000064],[1641452.7139999997,549645.70199999958],[1641441.5500000007,549669.50599999912],[1641431.6260000002,549691.39299999923],[1641440.0089999996,549697.55800000019],[1641455.9210000001,549683.44899999909],[1641463.6359999999,549678.3599999994],[1641468.8690000009,549677.10500000045],[1641490.1309999991,549684.7379999999],[1641511.1129999999,549693.45199999958],[1641513.0409999993,549694.81200000085],[1641522.3200000003,549700.93099999987],[1641536.7050000001,549713.91899999976],[1641550.0989999995,549719.59999999963],[1641558.0329999998,549720.7620000001],[1641566.3690000009,549719.74000000022],[1641578.3350000009,549712.15499999933],[1641595.0380000006,549708.19999999925],[1641605.1439999994,549708.51899999939],[1641619.2060000002,549708.38099999912],[1641626.2670000009,549708.15599999949],[1641647.2520000003,549709.84899999946],[1641664.6060000006,549708.05100000091],[1641671.3739999998,549702.84200000018],[1641675.3200000003,549696.31900000013],[1641680.9849999994,549690.97000000067],[1641699.1150000002,549683.2070000004],[1641721.3920000009,549683.14900000021],[1641732.3939999994,549683.42200000025],[1641739.2090000007,549685.40000000037],[1641762.568,549700.47900000028],[1641768.0920000002,549704.20900000073],[1641775.9759999998,549705.20500000007],[1641808.3080000002,549705.30100000091],[1641832.5840000007,549705.3359999992],[1641847.8880000003,549703.27999999933],[1641856.8440000005,549696.27300000004],[1641862.0769999996,549695.01899999939],[1641873.0820000004,549688.27099999972],[1641893.932,549674.94700000063],[1641905.7109999992,549669.25500000082],[1641924.1860000007,549659.62099999934],[1641942.7799999993,549655.90599999949],[1641959.8379999995,549656.14699999988],[1641969.7719999999,549657.4020000007],[1641993.7530000005,549659.47599999979],[1642008.8550000004,549660.26700000092],[1642033.6280000005,549655.41899999976],[1642051.9120000005,549654.69800000079],[1642062.7919999994,549656.07300000079],[1642086.1370000001,549655.03500000015],[1642105.2449999992,549655.53500000015],[1642128.7589999996,549660.5820000004],[1642171.5299999993,549697.26799999923],[1642192.6840000004,549705.04900000058],[1642199.9020000007,549704.84400000051],[1642210.023,549704.20900000073],[1642229.6889999993,549692.49200000055],[1642232.0659999996,549681.78099999949],[1642234.2750000004,549664.9849999994],[1642241.1809999999,549657.71900000051],[1642249.7039999999,549654.80700000003],[1642271.6359999999,549656.62299999967],[1642290.3990000002,549658.99499999918],[1642305.5319999997,549667.9299999997],[1642322.4309999999,549685.22800000012],[1642339.0390000008,549697.54199999943],[1642350.3680000007,549703.92100000009],[1642364.5840000007,549710.82599999942],[1642373.9130000006,549717.1129999999],[1642388.9039999992,549725.07300000079],[1642415.8469999991,549736.45900000073],[1642432.1280000005,549742.6679999996],[1642479,549762.79900000058],[1642491.7420000006,549766.32599999942],[1642500.4489999991,549768.54499999993],[1642519.3699999992,549770.93799999915],[1642538.1180000007,549774.26700000092],[1642548.0510000009,549775.52300000004],[1642567.9330000002,549777.08100000024],[1642587.7990000006,549779.59400000051],[1642608.9570000004,549780.35600000061],[1642630.2520000003,549779.06000000052],[1642638.6030000001,549777.08400000073],[1642656.0779999997,549774.18899999931],[1642676.1170000006,549775.76700000092],[1642685.4140000008,549773.91100000031],[1642709.4130000006,549768.00999999978],[1642727.2339999992,549763.24300000072],[1642742.5219999999,549762.14599999972],[1642760.9900000002,549766.55700000003],[1642785.3880000003,549765.49499999918],[1642806.5419999994,549773.27899999917],[1642842.0240000002,549780.80199999921],[1642852.5930000003,549785.17100000009],[1642875.5170000009,549794.29700000025],[1642893.9550000001,549800.61999999918],[1642905.2980000004,549806.04499999993],[1642920.6190000009,549813.09100000001],[1642933.2530000005,549816.7650000006],[1642956.7510000002,549822.77199999988],[1642979.4560000002,549825.64599999972],[1642991.6109999996,549826.22699999996],[1643016.9700000007,549824.33000000007],[1643033.3770000003,549822.41699999943],[1643056.8939999994,549820.44700000063],[1643068.8910000008,549821.00899999961],[1643082.7660000008,549822.7650000006],[1643100.273,549828.01400000043],[1643116.6620000005,549834.07899999991],[1643137.8010000009,549842.8200000003],[1643149.6260000002,549844.31699999981],[1643189.2210000008,549851.40499999933],[1643200.6140000001,549856.99699999951],[1643214.0069999993,549862.68300000019],[1643227.1050000004,549870.40599999949],[1643237.1879999992,549885.72699999996],[1643272.7440000009,549915.60400000028],[1643284.8949999996,549923.20800000057],[1643306.034,549931.94899999909],[1643321.3190000001,549937.875],[1643330.6469999999,549944.16300000064],[1643353.3680000007,549956.13800000027],[1643379.0840000007,549968.49200000055],[1643385.3670000006,549974.2349999994],[1643404.6280000005,549981.78199999966],[1643440.9289999995,549997.55199999921],[1643453.3900000006,550002.16200000048],[1643470.8969999999,550007.41200000048],[1643479.5390000008,550010.42200000025],[1643503.5189999994,550012.50300000049],[1643522.9499999993,550026.13599999994],[1643541.375,550016.34100000001],[1643592.1490000002,549998.67699999921],[1643607.7469999995,549994.58899999969],[1643622.9130000006,549994.59500000067],[1643633.9149999991,549994.87199999951],[1643639.6109999996,549997.66899999976],[1643667.5179999992,550001.20500000007],[1643683.148,550005.25999999978],[1643703.182,550013.86400000006],[1643725.5620000008,550020.68999999948],[1643744.2019999996,550024.16999999993],[1643752.2579999994,550024.23299999908],[1643768.6459999997,550030.30000000075],[1643788.2019999996,550035.81100000069],[1643797.0309999995,550036.9299999997],[1643810.2860000003,550044.67500000075],[1643824.1760000009,550045.47800000012],[1643842.1500000004,550047.75599999912],[1643850.9639999997,550049.83100000024],[1643864.5749999993,550061.76999999955],[1643878.7410000004,550068.51300000027],[1643892.3059999999,550073.2650000006],[1643914.2359999996,550075.08799999952],[1643930.3330000006,550076.17100000009],[1643946.2569999993,550078.18999999948],[1643963.9010000005,550081.38399999961],[1643977.6530000009,550084.24499999918],[1644001.0099999998,550099.33500000089],[1644011.5789999999,550103.70800000057],[1644027.1579999998,550107.5979999993],[1644048.7780000009,550112.41499999911],[1644058.5889999997,550114.77600000054],[1644081.7420000006,550122.65899999999],[1644099.8839999996,550131.02400000021],[1644115.341,550136.01700000092],[1644140.2670000009,550138.22000000067],[1644147.2039999999,550139.09999999963],[1644168.8239999991,550143.91699999943],[1644188.3800000008,550149.42899999954],[1644210.9619999994,550153.41000000015],[1644216.9379999992,550155.12600000016],[1644233.8080000002,550157.26600000076],[1644246.7510000002,550157.94999999925],[1644268.4940000009,550161.66599999927],[1644282.5409999993,550162.49000000022],[1644290.4250000007,550163.49000000022],[1644306.8120000008,550169.55900000036],[1644325.2650000006,550174.93200000003],[1644338.7070000004,550180.78600000031],[1644360.6180000007,550190.58799999952],[1644384.7510000002,550199.71499999985],[1644390.4480000008,550202.5120000001],[1644402.1309999991,550213.09100000001],[1644408.5710000005,550218.85600000061],[1644414.0950000007,550222.58899999969],[1644424.5219999999,550236.04099999927],[1644426.909,550248.4729999993],[1644433.8579999991,550265.47399999946],[1644434.2109999992,550286.74499999918],[1644431.2229999993,550309.50699999928],[1644429.9940000009,550327.54499999993],[1644424.4930000007,550345.99899999984],[1644418.9499999993,550350.24300000072],[1644413.1429999992,550364.6679999996],[1644416.6290000007,550384.26099999994],[1644420.8969999999,550390.86700000055],[1644422.9419999998,550398.14900000021],[1644427.3579999991,550418.81799999997],[1644427.8719999995,550423.03299999982],[1644428.6760000009,550432.23200000077],[1644435.1420000009,550453.16200000048],[1644434.0500000007,550469.14200000092],[1644431.2190000005,550491.92400000058],[1644429.9849999994,550516.98399999924],[1644428.1140000001,550538.9299999997],[1644427.0370000005,550564.00999999978],[1644427.5010000002,550568.05900000036],[1644429.25,550577.37800000049],[1644435.5669999998,550584.24400000088],[1644441.0710000005,550595.95399999991],[1644450.2719999999,550610.36800000072],[1644456.1209999993,550620.2070000004],[1644464.1830000002,550643.4140000008],[1644466.5079999994,550649.61400000006],[1644472.0510000009,550645.36999999918],[1644478.0360000003,550622.9879999999],[1644480.6950000003,550601.14200000092],[1644482.591,550594.3599999994],[1644488.4140000008,550589.03500000015],[1644495.4739999995,550588.81299999915],[1644497.0859999992,550600.18999999948],[1644491.4159999993,550612.55700000003],[1644492.2310000006,550637.87700000033],[1644492.5519999992,550651.00400000066],[1644498.3959999997,550667.86500000022],[1644510.3849999998,550692.52800000086],[1644511.3660000004,550693.76999999955],[1644514.6520000007,550699.13399999961],[1644521.9299999997,550705.16499999911],[1644527.1429999992,550711.89100000076],[1644541.8059999999,550723.80700000003],[1644542.7520000003,550723.92699999921],[1644547.8120000008,550723.61099999957],[1644553.6349999998,550718.28600000031],[1644554.5510000009,550710.26300000027],[1644560.9020000007,550708.19600000046],[1644565.943,550715.85799999908],[1644581.5510000009,550727.89399999939],[1644606.1669999994,550733.09300000034],[1644615.7890000008,550737.34699999914],[1644625.0820000004,550742.51600000076],[1644630.7770000007,550745.31399999931],[1644640.523,550748.46600000001],[1644649.0409999993,550752.58000000007],[1644654.5999999996,550757.43500000052],[1644664.9910000004,550769.76600000076],[1644672.5639999993,550773.75899999961],[1644694.3560000006,550777.64299999923],[1644703.1699999999,550779.72000000067],[1644707.4519999996,550785.36999999918],[1644715.0250000004,550789.36400000006],[1644715.9710000008,550789.48399999924],[1644731.727,550785.41999999993],[1644750.9260000009,550776.68500000052],[1644761.0319999997,550777.01099999994],[1644776.9550000001,550779.03199999966],[1644796.5209999997,550790.61400000006],[1644809.9619999994,550796.47000000067],[1644826.659,550799.54700000025],[1644835.1520000007,550788.49599999934],[1644851.2190000005,550781.43899999931],[1644864.5069999993,550780.25400000066],[1644871.2719999999,550782.0700000003],[1644881.1840000004,550791.30900000036],[1644889.8609999996,550795.44299999997],[1644897.7440000009,550796.44400000013],[1644914.3289999999,550816.74499999918],[1644922.3650000002,550824.78700000048],[1644945.2510000002,550842.85600000061],[1644950.6359999999,550848.64699999988],[1644965.7970000003,550855.67899999954],[1644978.7050000001,550865.29900000058],[1644999.0629999992,550880.01400000043],[1645006.966,550873.03800000064],[1645013.5480000004,550869.72399999946],[1645028.5409999993,550870.67100000009],[1645051.4010000005,550873.57399999909],[1645067.523,550889.82599999942],[1645068.4489999991,550897.92400000058],[1645071.6119999997,550904.39100000076],[1645078.2390000001,550908.2650000006],[1645097,550910.64800000004],[1645117.1909999996,550919.27800000086],[1645125.8819999993,550922.45600000024],[1645143.8499999996,550931.76099999994],[1645162.8100000005,550948.37399999984],[1645175.1119999997,550963.02400000021],[1645179.2060000002,550970.56699999981],[1645190.4100000001,550978.0549999997],[1645191.3560000006,550978.17500000075],[1645206.3330000006,550980.07799999975],[1645222.4399999995,550987.23200000077],[1645230.0120000001,550991.22599999979],[1645233.1600000001,550998.64900000021],[1645242.625,551002.88399999961],[1645249.7349999994,551002.82899999991],[1645257.307,551006.82399999909],[1645258.2530000005,551006.94400000013],[1645269.4269999992,551006.2890000008],[1645282.3550000004,551007.93200000003],[1645286.6219999995,551014.5390000008],[1645285.2379999999,551025.53500000015],[1645298.9389999993,551028.23399999924],[1645308.3880000003,551033.42400000058],[1645312.8430000003,551038.1400000006],[1645332.7080000006,551040.66499999911],[1645341.5219999999,551042.74200000055],[1645364.9879999999,551040.61700000055],[1645378.5869999994,551036.43999999948],[1645402.398,551032.44400000013],[1645406.6150000002,551038.88499999978],[1645424.4800000004,551041.31499999948],[1645432.1760000009,551044.20900000073],[1645435.3389999997,551050.67500000075],[1645439.9010000005,551055.24499999918],[1645460.4460000005,551068.07100000046],[1645481.8670000006,551088.82899999991],[1645495.6329999994,551100.7929999996],[1645516.4389999993,551110.46000000089],[1645538.3770000003,551128.41100000031],[1645545.3139999993,551129.2929999996],[1645558.7100000009,551127.96299999952],[1645577.9100000001,551119.23200000077],[1645586.5769999996,551107.24699999951],[1645602.1950000003,551095.18700000085],[1645604.5399999991,551093.41100000031],[1645612.148,551088.4729999993],[1645618.4340000004,551087.19700000063],[1645623.2919999994,551079.67500000075],[1645630.8699999992,551076.64800000004],[1645650.602,551064.15399999917],[1645655.4900000002,551064.77600000054],[1645663.8200000003,551070.78299999982],[1645670.6349999998,551072.76600000076],[1645690.9680000003,551072.31900000013],[1645710.3340000007,551069.67400000058],[1645732.7320000008,551068.53199999966],[1645756.5380000006,551071.56000000052],[1645771.3430000003,551074.40000000037],[1645785.2469999995,551084.30800000019],[1645793.4489999991,551098.43799999915],[1645805.7510000002,551113.08999999985],[1645815.3729999997,551117.34600000083],[1645831.9470000006,551121.52899999917],[1645840.9340000004,551122.67200000025],[1645851.2060000002,551129.08500000089],[1645859.8469999991,551132.09999999963],[1645864.7349999994,551132.72100000083],[1645868.7109999992,551134.34400000051],[1645884.4619999994,551137.3049999997],[1645897.0940000005,551140.98699999973],[1645915.7119999994,551152.45199999958],[1645939.9859999996,551152.50699999928],[1645963.625,551149.44899999909],[1645974.9859999996,551146.90499999933],[1645981.5830000006,551142.63599999994],[1645988.9879999999,551140.54600000009],[1646003.9810000006,551141.49599999934],[1646023.5500000007,551146.06000000052],[1646031.2449999992,551148.95399999991],[1646050.1640000008,551151.36099999957],[1646074.4529999997,551150.4609999992],[1646095.1109999996,551146.06699999981],[1646100.9340000004,551140.74300000072],[1646105.3340000007,551122.15000000037],[1646107.8369999994,551110.33899999969],[1646112.75,551095.9609999992],[1646126.4460000005,551075.51899999939],[1646131.1809999999,551069.09899999946],[1646141.5519999992,551059.24599999934],[1646162.0270000007,551049.72199999914],[1646181.6170000006,551046.30900000036],[1646197.9729999993,551044.24000000022],[1646222.9179999996,551038.47699999996],[1646232.1989999991,551037.58300000057],[1646254.4389999993,551036.42300000042],[1646264.8540000003,551033.75899999961],[1646289.2410000004,551016.59200000018],[1646296.0600000005,551011.5549999997],[1646303.602,551007.40799999982],[1646314.0179999992,551004.74300000072],[1646336.6799999997,550993.42300000042],[1646344.0999999996,550990.37700000033],[1646357.1699999999,550982.94299999997],[1646363.0079999994,550976.66300000064],[1646368.5360000003,550973.37700000033],[1646379.0739999991,550969.61099999957],[1646396.4460000005,550959.85199999996],[1646424.0160000008,550941.17600000091],[1646440.5639999993,550930.1950000003],[1646460.8660000004,550921.60700000077],[1646478.3609999996,550910.74699999951],[1646499.8320000004,550901.50999999978],[1646506.2559999991,550898.17799999937],[1646520.6170000006,550888.99300000072],[1646547.3780000005,550868.1400000006],[1646553.0779999997,550863.9179999996],[1646557.8120000008,550857.49799999967],[1646565.5120000001,550853.37099999934],[1646578.1140000001,550848.91100000031],[1646585.2239999995,550848.85799999908],[1646590.0960000008,550850.43600000069],[1646597.6840000004,550853.47699999996],[1646617.4059999995,550865.0859999992],[1646620.7219999991,550878.59600000083],[1646628.9299999997,550885.70600000024],[1646634.5759999994,550888.33999999985],[1646647.3550000004,550875.92200000025],[1646661.2229999993,550854.54499999993],[1646677.1510000005,550839.49599999934],[1646692.8949999996,550819.31499999948],[1646710.5319999997,550799.37600000016],[1646727.8579999991,550782.4299999997],[1646730.6850000005,550776.72499999963],[1646742.4829999991,550763.06499999948],[1646756.8139999993,550745.7379999999],[1646761.8430000003,550737.28099999949],[1646769.4399999995,550726.27800000086],[1646773.3509999998,550718.63599999994],[1646792.7410000004,550700.99499999918],[1646803.2829999998,550690.20800000057],[1646828.1809999999,550677.25899999961],[1646843.3300000001,550668.17500000075],[1646864.9230000004,550657.83799999952],[1646880.9879999999,550650.78700000048],[1646901.4570000004,550648.28700000048],[1646921.6510000005,550639.84600000083],[1646932.0510000009,550638.13900000043],[1646953.034,550639.85400000028],[1646959.9710000008,550640.73699999973],[1646978.7170000002,550644.08300000057],[1646999.2320000008,550648.77199999988],[1647021.9039999992,550653.57499999925],[1647040.0789999999,550653.01799999923],[1647050.1339999996,550653.18200000003],[1647072.6679999996,550649.9879999999],[1647080.5859999992,550652.11400000006],[1647100.5720000006,550653.5429999996],[1647109.5739999991,550653.73200000077],[1647116.0470000003,550650.56699999981],[1647126.4159999993,550640.71600000001],[1647133.7129999995,550638.77300000004],[1647135.5899999999,550639.97000000067],[1647150.2670000009,550650.93700000085],[1647158.5979999993,550656.94700000063],[1647171.0889999997,550669.7109999992],[1647179.5920000002,550674.78500000015],[1647218.2479999997,550687.85099999979],[1647236.0429999996,550698.09899999946],[1647242.375,550704.01300000027],[1647257.3579999991,550729.06599999964],[1647263.6899999995,550734.98000000045],[1647275.2300000004,550754.64599999972],[1647281.6840000004,550759.45900000073],[1647294.9370000008,550767.21299999952],[1647301.8739999998,550768.09699999914],[1647312.4409999996,550772.47699999996],[1647328.9959999993,550784.64200000092],[1647351.2300000004,550800.56399999931],[1647357.6989999991,550804.42100000009],[1647381.8300000001,550813.56299999915],[1647401.3790000007,550826.1099999994],[1647406.9020000007,550829.84699999914],[1647421.2689999994,550843.80800000019],[1647443.0409999993,550855.68099999987],[1647456.2589999996,550862.31399999931],[1647471.2809999995,550871.41200000048],[1647478.6799999997,550876.34600000083],[1647487.1840000004,550881.41999999993],[1647509.2599999998,550897.32300000079],[1647527.5879999995,550903.80900000036],[1647534.5099999998,550905.65000000037],[1647557.3690000009,550908.56399999931],[1647579.2980000004,550910.40300000086],[1647598.0429999996,550913.75100000016],[1647605.9260000009,550914.75599999912],[1647615.0840000007,550914.96700000018],[1647631.9680000003,550916.16200000048],[1647648.4759999998,550921.1400000006],[1647668.3709999993,550931.81799999997],[1647681.9340000004,550936.58000000007],[1647698.5069999993,550940.76899999939],[1647707.4930000007,550941.91499999911],[1647722.6380000003,550949.91100000031],[1647735.0969999991,550954.53299999982],[1647740.7430000007,550957.16899999976],[1647757.6109999996,550959.3200000003],[1647777.3379999995,550963.91100000031],[1647790.0920000002,550966.49599999934],[1647795.7880000006,550969.29700000025],[1647808.7400000002,550986.1129999999],[1647816.3129999992,550990.11099999957],[1647829.0519999992,550993.6520000007],[1647852.7349999994,550997.78999999911],[1647858.568,550998.53399999999],[1647867.2440000009,551002.67400000058],[1647872.7660000008,551006.41100000031],[1647878.7520000003,551014.19700000063],[1647900.3350000009,551027.96399999969],[1647907.6270000003,551033.04399999976],[1647930.3239999991,551053.01799999923],[1647934.9010000005,551056.63499999978],[1647954.7449999992,551067.14699999988],[1647966.1349999998,551072.75100000016],[1647988.5419999994,551087.74000000022],[1648007.9020000007,551102.18099999987],[1648024.6429999992,551112.45800000057],[1648041.8369999994,551120.71700000018],[1648047.9949999992,551127.56799999997],[1648071.1740000006,551143.61400000006],[1648090.4120000005,551159.15799999982],[1648104.1579999998,551169.05199999921],[1648118.6459999997,551181.9140000008],[1648136.4900000002,551192.3320000004],[1648149.3969999999,551201.96000000089],[1648167.3640000001,551211.27600000054],[1648187.0850000009,551222.89100000076],[1648200.352,551229.69199999981],[1648222.7579999994,551244.68300000019],[1648245.9370000008,551260.73000000045],[1648261.3709999993,551273.71299999952],[1648280.7960000001,551287.36600000039],[1648300.1559999995,551301.80900000036],[1648318.8080000002,551314.40499999933],[1648340.0600000005,551329.08999999985],[1648359.7809999995,551340.70500000007],[1648366.4220000003,551343.62800000049],[1648388.1620000005,551347.36199999973],[1648394.7880000006,551351.24100000039],[1648416.5519999992,551370.14100000076],[1648428.4059999995,551379.79399999976],[1648445.4560000002,551397.13499999978],[1648451.5629999992,551403.82100000046],[1648466.5639999993,551420.89900000021],[1648476.8450000007,551443.44099999964],[1648481.7109999992,551452.0429999996],[1648488.9719999991,551459.03600000031],[1648493.8890000004,551467.80399999954],[1648497.3560000006,551488.35799999908],[1648499.2559999991,551504.72100000083],[1648500.0789999999,551505.94400000013],[1648503.2060000002,551521.34699999914],[1648505.1270000003,551529.73200000077],[1648506.5199999996,551534.85799999908],[1648504.9920000006,551554.93400000036],[1648504.0199999996,551569.81399999931],[1648504.9739999995,551586.05599999987],[1648508.0219999999,551609.74899999984],[1648511.943,551618.23100000061],[1648512.4639999997,551638.56799999997],[1648511.3469999991,551662.5270000007],[1648512.9130000006,551666.71800000034],[1648514.4949999992,551669.95199999958],[1648520.3570000008,551678.84100000001],[1648523.6420000009,551684.20900000073],[1648535.0399999991,551705.93600000069],[1648539.1329999994,551713.48100000061],[1648542.6190000009,551726.05700000003],[1648550.682,551742.25100000016],[1648554.1400000006,551746.68300000019],[1648567.4010000005,551760.50699999928],[1648581.8719999995,551774.32699999958],[1648587.5610000007,551784.1520000007],[1648595.9489999991,551806.45199999958],[1648604.4890000001,551825.73900000006],[1648619.0050000008,551846.74699999951],[1648625.6239999998,551857.64800000004],[1648630.9580000006,551863.2770000007],[1648643.7489999998,551890.13099999912],[1648651.6380000003,551907.25999999978],[1648655.6079999991,551915.90699999966],[1648673.5519999992,551933.20299999975],[1648686.6899999995,551948.13000000082],[1648695.9930000007,551962.40699999966],[1648712.6799999997,551982.57599999942],[1648723.2630000003,552009.14699999988],[1648727.2329999991,552017.79499999993],[1648734.7829999998,552029.77300000004],[1648746.8139999993,552054.61400000006],[1648764.4409999996,552081.92600000091],[1648783.3800000008,552099.50899999961],[1648801.8200000003,552121.97699999996],[1648807.3859999999,552132.90399999917],[1648819.3670000006,552157.57899999991],[1648833.557,552172.48100000061],[1648842.0869999994,552185.70199999958],[1648860.6799999997,552205.15799999982],[1648884.4910000004,552224.32200000063],[1648897.4460000005,552234.11800000072],[1648916.2119999994,552252.63800000027],[1648925.4859999996,552258.77199999988],[1648933.2300000004,552261.8359999992],[1648954.6889999993,552266.65399999917],[1648954.8469999991,552266.67400000058],[1648960.6649999991,552268.37600000016],[1648973.9299999997,552275.17899999954],[1648991.0720000006,552283.27600000054],[1649023.2699999996,552291.54199999943],[1649034.2699999996,552291.83100000024],[1649045.7829999998,552296.3359999992],[1649069.7379999999,552306.42100000009],[1649091.3819999993,552319.40399999917],[1649107.4480000008,552335.50500000082],[1649123.875,552348.77800000086],[1649144.0549999997,552364.44700000063],[1649156.3249999993,552370.96399999969],[1649168.7679999992,552376.54499999993],[1649178.7420000006,552385.00400000066],[1649184.8839999996,552392.81200000085],[1649196.2290000003,552414.375],[1649213.1170000006,552431.69800000079],[1649218.3129999992,552439.38599999994],[1649223.8340000007,552443.125],[1649238.0079999994,552458.98399999924],[1649249.8589999992,552468.6400000006],[1649263.2750000004,552482.48599999957],[1649279.8029999994,552502.6370000001],[1649285.2019999996,552507.47800000012],[1649308.6720000003,552521.49300000072],[1649320.1840000004,552525.99799999967],[1649336.7329999991,552538.17100000009],[1649342.2899999991,552543.03199999966],[1649363.8609999996,552563.82799999975],[1649379.4800000004,552574.92400000058],[1649381.3560000006,552576.12199999951],[1649383.2829999998,552577.4849999994],[1649394.9179999996,552580.88900000043],[1649410.5539999995,552583.59899999946],[1649419.5439999998,552585.15699999966],[1649425.6579999998,552584.82100000046],[1649440.8220000006,552584.84600000083],[1649446.9350000005,552584.51099999994],[1649466.3359999992,552583.00200000033],[1649471.6909999996,552580.65399999917],[1649496.102,552578.66999999993],[1649515.2070000004,552579.19800000079],[1649531.2670000009,552579.17799999937],[1649542.3019999992,552580.58999999985],[1649547.6730000004,552577.28700000048],[1649556.6579999998,552578.43600000069],[1649571.4609999992,552581.28800000064],[1649580.1659999993,552583.51899999939],[1649597.7909999993,552587.68999999948],[1649611.8139999993,552596.50799999945],[1649623.2029999997,552602.11500000022],[1649638.4670000002,552609.01700000092],[1649649.3289999999,552611.36400000006],[1649673.7670000009,552617.52400000021],[1649682.284,552621.64699999988],[1649704.8310000002,552627.56499999948],[1649717.5989999995,552629.19999999925],[1649736.2200000007,552633.65799999982],[1649743.1410000008,552635.50100000016],[1649763.3420000002,552643.1950000003],[1649780.9670000002,552647.36600000039],[1649790.8990000002,552648.6370000001],[1649809.8310000002,552650.10300000012],[1649829.693,552652.64499999955],[1649849.3829999994,552656.12299999967],[1649859.4869999997,552656.45900000073],[1649885.0160000008,552653.66100000031],[1649904.4169999994,552652.15499999933],[1649929.4470000006,552654.24200000055],[1649953.25,552657.2890000008],[1649958.9440000001,552660.09300000034],[1649975.6390000004,552663.18799999915],[1649993.3139999993,552667.52600000054],[1649996.4749999996,552673.99699999951],[1650015.0730000008,552686.43400000036],[1650022.8159999996,552689.50100000016],[1650032.5749999993,552691.70800000057],[1650049.2689999994,552694.80299999937],[1650060.7809999995,552699.31000000052],[1650076.2449999992,552713.42200000025],[1650100.3650000002,552729.59999999963],[1650108.0590000004,552732.5],[1650114.5600000005,552737.48299999908],[1650136.1689999998,552749.34899999946],[1650152.0950000007,552767.51099999994],[1650163.1219999995,552775.94600000046],[1650172.3959999997,552782.0820000004],[1650186.4340000004,552789.94600000046],[1650190.2520000003,552791.55199999921],[1650208.0270000007,552802.76799999923],[1650226.352,552809.2650000006],[1650246.6600000001,552816.81499999948],[1650270.6290000007,552825.95099999942],[1650284.1899999995,552830.72100000083],[1650323.9140000008,552835.80900000036],[1650344.8450000007,552837.37299999967],[1650374.3230000008,552828.06100000069],[1650386.4489999991,552820.51600000076],[1650392.6270000003,552819.39200000092],[1650399.3969999999,552814.19400000013],[1650424.2870000005,552792.16200000048],[1650444.7559999991,552789.67699999921],[1650458.1740000006,552780.38199999928],[1650478.5199999996,552778.99799999967],[1650513.6370000001,552756.20199999958],[1650528.7579999994,552749.04199999943],[1650543.4100000001,552744.85300000012],[1650568.1809999999,552740.04700000025],[1650585.8279999997,552736.24300000072],[1650592.8870000001,552736.02999999933],[1650615.1099999994,552735.84500000067],[1650634.9790000003,552731.36800000072],[1650648.8509999998,552733.14599999972],[1650672.9499999993,552734.16000000015],[1650680.7090000007,552736.27099999972],[1650701.8399999999,552745.04600000009],[1650723.5710000005,552755.81200000085],[1650739.9539999999,552761.90300000086],[1650757.6280000005,552766.24400000088],[1650764.8760000002,552764.1400000006],[1650774.034,552764.35600000061],[1650793.3839999996,552762.68700000085],[1650814.0260000005,552759.26700000092],[1650823.6339999996,552754.43300000019],[1650841.6420000009,552747.80299999937],[1650862.1180000007,552738.29700000025],[1650880.8560000006,552725.53500000015],[1650894.5620000008,552721.22599999979],[1650920.8709999993,552712.46800000034],[1650933.3350000009,552710.07599999942],[1650955.2620000001,552711.92899999954],[1650962.0250000004,552713.75400000066],[1650973.8369999994,552732.34899999946],[1650983.9340000004,552739.70900000073],[1650988.8049999997,552741.29199999943],[1651010.398,552754.11700000055],[1651015.2850000001,552754.74400000088],[1651020.9639999997,552758.50500000082],[1651027.9000000004,552759.39499999955],[1651043.3739999998,552756.43099999987],[1651058.3220000006,552750.2070000004],[1651064.9690000005,552746.11099999957],[1651092.0730000008,552730.43200000003],[1651104.6600000001,552726.93799999915],[1651125.0059999991,552725.55700000003],[1651132.4110000003,552723.47399999946],[1651146.5779999997,552723.21600000001],[1651167.3859999999,552725.88499999978],[1651181.7039999999,552732.66999999993],[1651192.6239999998,552741.25400000066],[1651207.9149999991,552756.3049999997],[1651212.7799999993,552764.91000000015],[1651213.5869999994,552767.08899999969],[1651215.1669999994,552770.32499999925],[1651215.3330000006,552776.41200000048],[1651209.8420000002,552820.08400000073],[1651211.8890000004,552843.49200000055],[1651221.3279999997,552855.71700000018],[1651228.8829999994,552860.67699999921],[1651233.8129999992,552868.49300000072],[1651246.5700000003,552887.20900000073],[1651254.7599999998,552895.28399999999],[1651257.9210000001,552901.75500000082],[1651264.0810000002,552924.73299999908],[1651264.693,552935.82599999942],[1651262.1789999995,552954.65899999999],[1651263.3249999993,552961.98900000006],[1651269.4580000006,552976.82300000079],[1651268.8499999996,552981.85300000012],[1651263.3220000006,552985.13499999978],[1651255.4399999995,552984.12399999984],[1651234.3369999994,552983.49100000039],[1651221.8570000008,552986.83899999969],[1651218.4199999999,552997.57200000063],[1651216.3479999993,553005.28700000048],[1651219.6809999999,553010.82300000079],[1651227.375,553013.72499999963],[1651251.6889999993,553020.99499999918],[1651257.3169999998,553024.58999999985],[1651263.1850000005,553026.4609999992],[1651285.2609999999,553035.35899999924],[1651297.5289999992,553041.88099999912],[1651316.9069999997,553048.35799999908],[1651323.8430000003,553049.24799999967],[1651336.3259999994,553062.02400000021],[1651345.6270000003,553076.30700000003],[1651349.4220000003,553085.89200000092],[1651361.8560000006,553098.50200000033],[1651364.5390000008,553101.88000000082],[1651383.6129999999,553117.41699999943],[1651403.9629999995,553132.16000000015],[1651423.3670000006,553146.78199999966],[1651430.1300000008,553148.60700000077],[1651463.7170000002,553162.01600000076],[1651505.9499999993,553171.42799999937],[1651513.5199999996,553175.43200000003],[1651532.0749999993,553180.68700000085],[1651539.9560000002,553181.69899999909],[1651562.3440000005,553187.60500000045],[1651580.9639999997,553192.0700000003],[1651602.2170000002,553199.74699999951],[1651608.2070000004,553200.51600000076],[1651626.8029999994,553212.96000000089],[1651644.7809999995,553221.33400000073],[1651656.6380000003,553223.9729999993],[1651674.8959999997,553231.26600000076],[1651693.0309999995,553239.66000000015],[1651700.7390000001,553241.60700000077],[1651714.9570000004,553241.51700000092],[1651727.5439999998,553238.02500000037],[1651752.9000000004,553236.17300000042],[1651765.8259999994,553237.8320000004],[1651787.2520000003,553244.57399999909],[1651810.2890000008,553252.6400000006],[1651824.1449999996,553255.37800000049],[1651836.1400000006,553255.96000000089],[1651856.9550000001,553251.60899999924],[1651863.3800000008,553248.28399999999],[1651871.4340000004,553248.36099999957],[1651878.977,553244.22100000083],[1651893.8019999992,553239.10099999979],[1651899.9649999999,553238.93500000052],[1651906.3900000006,553235.6099999994],[1651912.3949999996,553235.42300000042],[1651932.2559999991,553237.97399999946],[1651938.5419999994,553236.70600000024],[1651951.4910000004,553230.38800000027],[1651958.1040000003,553225.17100000009],[1651965.5089999996,553223.08899999969],[1651970.2569999993,553225.77400000021],[1651991.2139999997,553235.49000000022],[1652007.5879999995,553248.60799999908],[1652025.6999999993,553264.98200000077],[1652034.3890000004,553268.17300000042],[1652049.8169999998,553281.16899999976],[1652064.0109999999,553289.05900000036],[1652082.9260000009,553291.4879999999],[1652103.2489999998,553298.08999999985],[1652111.4529999997,553305.21000000089],[1652129.2919999994,553315.64299999923],[1652145.0390000008,553318.62399999984],[1652152.625,553321.67400000058],[1652172.7589999996,553330.16699999943],[1652179.3829999994,553334.05100000091],[1652199.8699999992,553346.74000000022],[1652216.9130000006,553364.09500000067],[1652233.7559999991,553374.24100000039],[1652244.3210000005,553378.63099999912],[1652262.9169999994,553391.07799999975],[1652269.852,553391.96900000051],[1652277.2990000006,553397.07599999942],[1652285.9379999992,553400.10199999996],[1652307.0669999998,553408.88399999961],[1652328.5240000002,553413.71600000001],[1652343.4979999997,553415.64100000076],[1652358.4230000004,553417.39900000021],[1652375.9470000006,553414.70299999975],[1652377.8379999995,553414.94600000046],[1652400.9910000004,553415.84600000083],[1652413.932,553416.55199999921],[1652426.3460000008,553413.99699999951],[1652451.5629999992,553414.20500000007],[1652465.591,553416.00899999961],[1652490.5120000001,553418.25400000066],[1652534.1750000007,553423.86700000055],[1652554.8080000002,553427.47800000012],[1652576.8839999996,553436.38199999928],[1652590.9039999992,553445.20800000057],[1652611.0800000001,553460.89200000092],[1652624.3279999997,553468.66200000048],[1652641.4820000008,553475.81599999964],[1652657.8629999999,553481.91300000064],[1652665.7449999992,553482.92699999921],[1652680.1119999997,553489.88199999928],[1652688.4539999999,553494.94600000046],[1652699.6530000009,553502.45199999958],[1652710.3819999993,553512.93099999987],[1652716.3719999995,553513.70099999942],[1652721.8770000003,553518.40000000037],[1652726.9130000006,553526.07100000046],[1652732.4340000004,553529.81399999931],[1652751.3670000006,553547.41499999911],[1652757.1679999996,553550.07599999942],[1652767.898,553560.5549999997],[1652790.7559999991,553579.61800000072],[1652801.9199999999,553586.00300000049],[1652818.5010000002,553599.31000000052],[1652841.3330000006,553610.22800000012],[1652860.8890000004,553621.84300000034],[1652866.2709999997,553627.64299999923],[1652876.8120000008,553640.01400000043],[1652891.1469999999,553661.97199999914],[1652900.3220000006,553677.3599999994],[1652914.1870000008,553702.28999999911],[1652935.4649999999,553718.11800000072],[1652948.3819999993,553726.80299999937],[1652955.8039999995,553739.8900000006],[1652957.1960000005,553745.01799999923],[1652958.4639999997,553751.24699999951],[1652957.5089999996,553758.14800000004],[1652957.1999999993,553777.2650000006],[1652960.3589999992,553783.7379999999],[1652973.9100000001,553795.53800000064],[1652994.2579999994,553810.28800000064],[1653001.5069999993,553824.31100000069],[1653002.5859999992,553832.43200000003],[1653005.7449999992,553838.90399999917],[1653018.0380000006,553853.57599999942],[1653029.2280000001,553868.10600000061],[1653028.0030000005,553885.18899999931],[1653029.9049999993,553894.53299999982],[1653034.1180000007,553900.98100000061],[1653046.3029999994,553915.79900000058],[1653053.8570000008,553920.7620000001],[1653069.9169999994,553936.87700000033],[1653087.4179999996,553958.28500000015],[1653097.4890000001,553973.62900000066],[1653100.6319999993,553981.05700000003],[1653112.8169999998,553995.875],[1653116.0840000007,554002.20199999958],[1653133.8969999999,554020.61800000072],[1653154.3829999994,554033.31100000069],[1653167.9419999998,554038.08899999969],[1653182.9309999999,554039.06100000069],[1653199.1720000003,554031.09400000051],[1653201.0629999992,554031.33699999936],[1653202.3059999999,554029.42200000025],[1653208.4680000003,554029.25699999928],[1653222.3389999997,554031.04199999943],[1653233.0270000007,554034.33400000073],[1653254.4670000002,554040.12600000016],[1653272.8959999997,554046.48900000006],[1653298.4409999996,554058.87700000033],[1653305.3770000003,554059.76999999955],[1653324.1180000007,554063.1400000006],[1653363.8389999997,554068.25400000066],[1653385.1150000002,554067.95900000073],[1653401.4700000007,554065.9140000008],[1653407.9450000003,554062.75699999928],[1653428.5859999992,554059.3479999993],[1653453.4649999999,554054.41000000015],[1653468.1170000006,554050.23000000045],[1653479.9629999995,554043.77400000021],[1653494.6160000004,554039.59400000051],[1653518.5490000006,554034.53399999999],[1653539.6750000007,554027.19700000063],[1653561.8709999993,554018.88099999912],[1653586.1659999993,554010.99400000088],[1653609.1840000004,554003.9020000007],[1653631.9979999997,553999.65599999949],[1653650.9020000007,553992.99100000039],[1653667.4800000004,553990.17799999937],[1653692.3589999992,553985.24000000022],[1653707.307,553979.02400000021],[1653731.4440000001,553971.11800000072],[1653740.7249999996,553970.2379999999],[1653754.4220000003,553972.96000000089],[1653759.4820000008,553972.65399999917],[1653781.0529999994,553970.32399999909],[1653790.523,553967.55299999937],[1653819.9649999999,553957.13800000027],[1653831.4989999998,553953.67500000075],[1653871.5140000004,553940.63099999912],[1653896.7129999995,553925.67899999954],[1653906.9639999997,553916.94199999981],[1653927.2569999993,553899.28299999982],[1653935.0059999991,553879.20900000073],[1653940.9700000007,553871.8359999992],[1653957.4959999993,553852.73299999908],[1653984.2980000004,553833.0390000008],[1653989.0350000001,553826.625],[1654000.8469999991,553805.9570000004],[1654009.0480000004,553796.9570000004],[1654030.9289999995,553775.51099999994],[1654045.9010000005,553761.31699999981],[1654054.5370000005,553748.22199999914],[1654067.3359999992,553734.86500000022],[1654078.4900000002,553719.06100000069],[1654091.4130000006,553704.60300000012],[1654110.1750000007,553683.87299999967],[1654131.4480000008,553667.45800000057],[1654154.1199999992,553649.14800000004],[1654169.5260000005,553630.85899999924],[1654190.0170000009,553620.41000000015],[1654210.8289999999,553599.94400000013],[1654228.6209999993,553587.07200000063],[1654249.432,553566.60700000077],[1654264.9869999997,553555.36099999957],[1654288.0280000009,553540.29199999943],[1654303.148,553533.14200000092],[1654323.443,553531.60700000077],[1654342.0350000001,553527.93799999915],[1654348.4930000007,553525.73699999973],[1654361.7530000005,553516.43200000003],[1654368.9849999994,553515.28800000064],[1654383.0020000003,553507.99599999934],[1654389.0069999993,553507.81200000085],[1654411.523,553505.60700000077],[1654426.0010000002,553502.36500000022],[1654442.4289999995,553492.50999999978],[1654447.4460000005,553485.0150000006],[1654456.4000000004,553461.90499999933],[1654457.3770000003,553447.02400000021],[1654459.0850000009,553426.0120000001],[1654463.0219999999,553410.39599999972],[1654468.5309999995,553391.94999999925],[1654475.4629999995,553376.72000000067],[1654483.6359999999,553359.57499999925],[1654493.3819999993,553339.59899999946],[1654503.1579999998,553317.71199999936],[1654515.9130000006,553297.16699999943],[1654520.6339999996,553291.70900000073],[1654538.2760000005,553271.79399999976],[1654551.8310000002,553260.45099999942],[1654578.9260000009,553238.72199999914],[1654587.5869999994,553233.77300000004],[1654646.1899999995,553217.06499999948],[1654652.4910000004,553214.84500000067],[1654669.0260000005,553204.84400000051],[1654679.4550000001,553201.24100000039],[1654697.5700000003,553194.47699999996],[1654706.2310000006,553189.52800000086],[1654787.7919999994,553159.5],[1654795.0879999995,553157.56699999981],[1654815.2170000002,553149.94700000063],[1654864.0899999999,553139.16999999993],[1654876.6909999996,553134.72900000028],[1654879.8090000004,553134.01400000043],[1654903.4590000007,553130.04099999927],[1654908.6260000002,553129.58999999985],[1654931.9649999999,553128.6099999994],[1654950.8939999994,553130.09500000067],[1654968.0399999991,553131.18999999948],[1654987.4309999999,553136.72499999963],[1655000.6520000007,553136.35600000061],[1655006.9529999997,553134.13499999978],[1655031.5559999999,553123.2620000001],[1655050.2770000007,553111.46900000051],[1655072.8039999995,553092.18600000069],[1655082.568,553087.38000000082],[1655093.1050000004,553083.63099999912],[1655113.1109999996,553077.1129999999],[1655133.1659999993,553070.7620000001],[1655141.3430000003,553069.74200000055],[1655154.2679999992,553071.41000000015],[1655175.5350000001,553078.14599999972],[1655188.5820000004,553078.71199999936],[1655206.5659999996,553080.07599999942],[1655226.2379999999,553084.53099999949],[1655243.2909999993,553084.81599999964],[1655250.0610000007,553079.62399999984],[1655259.4790000003,553076.68899999931],[1655280.9140000008,553066.36500000022],[1655310.0769999996,553060.07200000063],[1655320.1290000007,553060.25200000033],[1655329.909,553054.49100000039],[1655339.5500000007,553050.78600000031],[1655378.9260000009,553034.6370000001],[1655384.2809999995,553032.29600000009],[1655390.3929999992,553031.96700000018],[1655416.0920000002,553028.26099999994],[1655427.5749999993,553024.63499999978],[1655435.2899999991,553019.56499999948],[1655459.1129999999,553014.65899999999],[1655478.9289999995,553010.03399999999],[1655517.5250000004,552999.85099999979],[1655524.1720000003,552995.76099999994],[1655531.4179999996,552993.66300000064],[1655553.0030000005,552990.38399999961],[1655561.4759999998,552987.32799999975],[1655575.8369999994,552978.16699999943],[1655597.568,552965.80700000003],[1655611.5830000006,552958.51799999923],[1655634.1209999993,552948.33799999952],[1655656.2980000004,552940.9849999994],[1655665.5930000003,552939.1520000007],[1655686.2329999991,552935.75200000033],[1655693.9629999995,552929.72599999979],[1655701.1940000001,552928.58500000089],[1655725.3120000008,552921.64200000092],[1655742.6180000007,552912.70299999975],[1655750.3479999993,552906.67699999921],[1655756.1710000001,552901.3629999999],[1655757.7239999995,552896.45500000007],[1655763.5629999992,552890.18500000052],[1655784.5480000004,552884.91300000064],[1655791.1439999994,552880.65699999966],[1655816.5040000007,552871.80000000075],[1655825.1789999995,552865.89699999988],[1655835.8739999998,552862.16999999993],[1655842.0010000002,552860.88599999994],[1655865.9460000005,552854.88000000082],[1655887.8340000007,552842.54199999943],[1655918.5850000009,552822.40799999982],[1655924.5470000003,552815.03700000048],[1655933.6760000009,552807.11700000055],[1655954.2939999998,552788.54800000042],[1655964.0669999998,552766.66300000064],[1655974.943,552744.91999999993],[1655979.1579999998,552728.2229999993],[1655975.5649999995,552715.78500000015],[1655975.3709999993,552701.55199999921],[1655978.5170000009,552685.83400000073],[1655985.1280000005,552680.62199999951],[1655998.2190000005,552665.23200000077],[1656013.4820000008,552649.00400000066],[1656031.409,552634.08000000007],[1656040.4149999991,552627.26099999994],[1656062.4829999991,552620.0549999997],[1656085.6260000002,552604.84699999914],[1656108.625,552598.71900000051],[1656127.3440000005,552586.9299999997],[1656132.0639999993,552581.47399999946],[1656154.3049999997,552573.33300000057],[1656165.4480000008,552564.55599999987],[1656174.2809999995,552558.67300000042],[1656183.8929999992,552546.82499999925],[1656199.9340000004,552524.63199999928],[1656220.2479999997,552491.97699999996],[1656224.7949999999,552487.45600000024],[1656242.6050000004,552466.60899999924],[1656259.1229999997,552447.5120000001],[1656264.1879999992,552440.18400000036],[1656276.6219999995,552429.65899999999],[1656287.4900000002,552414.93999999948],[1656288.8890000004,552413.04499999993],[1656302.5789999999,552399.64900000021],[1656318.0079999994,552389.50999999978],[1656325.5989999995,552385.54199999943],[1656351.5480000004,552372.6129999999],[1656366.8469999991,552370.59999999963],[1656391.5989999995,552366.77600000054],[1656407.6410000008,552367.73299999908],[1656432.682,552368.89499999955],[1656473.3469999991,552374.15300000086],[1656495.3780000005,552375.88399999961],[1656507.0759999994,552378.51400000043],[1656530.8609999996,552382.54800000042],[1656540.6180000007,552384.76799999923],[1656546.7799999993,552384.60700000077],[1656567.2239999995,552390.12399999984],[1656572.6219999995,552394.9729999993],[1656579.5419999994,552396.82599999942],[1656598.6229999997,552405.3599999994],[1656601.2719999999,552407.61900000088],[1656614.2249999996,552417.43600000069],[1656620.9869999997,552419.26799999923],[1656636.9059999995,552421.32699999958],[1656656.8880000003,552422.79399999976],[1656676.2850000001,552421.31200000085],[1656691.2239999995,552422.12700000033],[1656704.3359999992,552421.90699999966],[1656708.557,552421.33500000089],[1656720.6730000004,552420.82699999958],[1656733.4460000005,552415.45500000007],[1656738.0429999996,552411.10099999979],[1656745.7569999993,552406.03199999966],[1656746.9829999991,552405.07300000079],[1656751.5800000001,552400.71900000051],[1656763.5449999999,552393.16699999943],[1656783.3809999991,552380.56699999981],[1656789.0460000001,552375.23299999908],[1656806.8629999999,552370.51300000027],[1656830.6339999996,552365.44700000063],[1656849.8139999993,552357.7109999992],[1656860.2119999994,552356.02300000004],[1656882.3000000007,552340.84100000001],[1656893.6150000002,552331.13000000082],[1656904.4969999995,552325.51300000027],[1656910.1610000003,552320.17899999954],[1656926.852,552300.14800000004],[1656940.9879999999,552291.75999999978],[1656950.3039999995,552281.94999999925],[1656963.0759999994,552276.57799999975],[1656984.6160000004,552266.11500000022],[1657004.3289999999,552254.61700000055],[1657025.9049999993,552235.21800000034],[1657037.5439999998,552231.61600000039],[1657042.898,552229.27500000037],[1657051.5580000002,552224.32899999991],[1657057.8430000003,552223.06699999981],[1657079.7369999997,552216.80100000091],[1657097.568,552211.12600000016],[1657114.8560000006,552203.14599999972],[1657131.3969999999,552199.22100000083],[1657148.2609999999,552201.40300000086],[1657167.3469999991,552202.91599999927],[1657193.2890000008,552197.01400000043],[1657207.6429999992,552194.88099999912],[1657225.2860000003,552191.09899999946],[1657250.159,552186.17600000091],[1657263.3939999994,552184.85600000061],[1657279.7809999995,552183.9450000003],[1657280.727,552184.06699999981],[1657290.3169999998,552180.19999999925],[1657302.2809999995,552172.64900000021],[1657323.4079999998,552158.30199999921],[1657336.8149999995,552156.04600000009],[1657374.7719999999,552142.76099999994],[1657395.0700000003,552134.21399999969],[1657403.2459999993,552133.19700000063],[1657423.2479999997,552126.68700000085],[1657440.7190000005,552123.84100000001],[1657456.4700000007,552119.81399999931],[1657470.6510000005,552118.61700000055],[1657484.693,552119.47699999996],[1657558.534,552110.68099999987],[1657573.8389999997,552101.64699999988],[1657600.2640000004,552091.81900000013],[1657617.7540000007,552080.99300000072],[1657633.6940000001,552075.07499999925],[1657648.6380000003,552068.86900000088],[1657654.0069999993,552065.57300000079],[1657680.8990000002,552052.77199999988],[1657709.9059999995,552039.44700000063],[1657734.75,552026.38099999912],[1657759.1750000007,552016.45399999991],[1657764.7019999996,552013.17899999954],[1657776.4829999991,552000.49699999951],[1657803.1160000004,551980.79800000042],[1657824.3650000002,551965.35099999979],[1657847.5189999994,551949.19299999997],[1657866.8509999998,551948.50500000082],[1657878.3809999991,551945.05000000075],[1657886.0950000007,551939.98299999908],[1657911.4499999993,551931.13499999978],[1657938.3420000002,551918.33500000089],[1657960.7190000005,551908.14399999939],[1657975.5390000008,551903.03999999911],[1657988.4340000004,551896.56799999997],[1658008.1009999998,551877.88399999961],[1658012.0610000007,551870.41499999911],[1658015.8039999995,551856.69099999964],[1658018.4790000003,551843.94600000046],[1658020.3760000002,551837.16699999943],[1658022.4149999991,551821.30700000003],[1658023.8340000007,551801.375],[1658046.8049999997,551780.0859999992],[1658052.1290000007,551769.59999999963],[1658063.9499999993,551740.95800000057],[1658080.0010000002,551717.81399999931],[1658105.7939999998,551697.8479999993],[1658126.2689999994,551671.28600000031],[1658142.9550000001,551651.25799999945],[1658163.2410000004,551626.58699999936],[1658180.568,551602.65000000037],[1658200.5580000002,551580.01700000092],[1658224.159,551568.86800000072],[1658249.8239999991,551557.02800000086],[1658272.4989999998,551537.77600000054],[1658292.9379999992,551520.15000000037],[1658310.4309999999,551502.30199999921],[1658317.9719999991,551498.17100000009],[1658337.0160000008,551475.41599999927],[1658340.4930000007,551471.875],[1658355.5969999991,551448.60899999924],[1658361.8900000006,551423.24200000055],[1658366.0879999995,551390.41999999993],[1658371.9179999996,551361.00200000033],[1658382.4600000009,551333.15300000086],[1658387.7559999991,551307.49699999951],[1658390.8809999991,551282.67799999937],[1658394.7029999997,551277.26600000076],[1658400.8039999995,551260.81499999948],[1658417.1469999999,551235.63399999961],[1658422.6730000004,551232.35899999924],[1658427.3910000008,551226.90399999917],[1658428.1679999996,551220.93799999915],[1658432.8929999992,551191.37700000033],[1658444.6600000001,551162.5700000003],[1658461.1909999996,551135.49699999951],[1658462.9140000008,551129.65399999917],[1658467.3129999992,551104.04199999943],[1658470.2689999994,551073.13399999961],[1658462.7170000002,551061.13900000043],[1658448.9759999998,551034.13299999945],[1658447.4010000005,551006.78800000064],[1658447.1740000006,550977.38299999945],[1658439.3139999993,550951.29900000058],[1658446.4949999992,550895.71499999985],[1658452.443,550865.1950000003],[1658456.3430000003,550834.40899999999],[1658461.2229999993,550804.86900000088],[1658463.8959999997,550775.04199999943],[1658463.8550000004,550743.74499999918],[1658467.6160000004,550715.01700000092],[1658465.9749999996,550688.46199999936],[1658466.5840000007,550659.32599999942],[1658468.3279999997,550638.47800000012],[1658473.8210000005,550627.05700000003],[1658475.6689999998,550613.08799999952],[1658480.2180000003,550584.46199999936],[1658480.8619999997,550556.44800000079],[1658475.9299999997,550531.54199999943],[1658470.2390000001,550504.62199999951],[1658473.9989999998,550475.89399999939],[1658476.2029999997,550466.12199999951],[1658480.1140000001,550451.46199999936],[1658493.1640000008,550427.9299999997],[1658504.7890000008,550401.1799999997],[1658509.8149999995,550392.73100000061],[1658511.7100000009,550385.95199999958],[1658518.2909999993,550358.54800000042],[1658522.9930000007,550336.96700000018],[1658525.0099999998,550329.0859999992],[1658530.7070000004,550324.87600000016],[1658556.1960000005,550313.97199999914],[1658580.7890000008,550303.11199999973],[1658613.4959999993,550285.00300000049],[1658637.5749999993,550269.92500000075],[1658668.2789999992,550258.74000000022],[1658693.3359999992,550251.93200000003],[1658716.1270000003,550231.57899999991],[1658727.1420000009,550223.90799999982],[1658750.9440000001,550219.97100000083],[1658756.1099999994,550202.44099999964],[1658762.2259999998,550170.9849999994],[1658761.125,550163.81799999997],[1658754.4869999997,550136.77400000021],[1658757.9000000004,550109.91699999943],[1658766.2520000003,550076.8359999992],[1658774.2559999991,550052.65000000037],[1658776.5690000001,550035.70800000057],[1658792.4890000001,550013.66599999927],[1658806.4820000008,549990.25599999912],[1658807.2579999994,549984.28999999911],[1658813.9900000002,549970.95500000007],[1658818.2420000006,549961.44899999909],[1658830.1870000008,549954.85600000061],[1658861.3570000008,549940.69899999909],[1658869.0820000004,549934.67699999921],[1658886.1940000001,549903.52999999933],[1658903.8530000001,549884.74699999951],[1658929.6520000007,549863.82799999975],[1658954.3660000004,549851.86700000055],[1658978.7709999997,549842.90000000037],[1659005.3609999996,549832.14100000076],[1659028.9570000004,549820.99400000088],[1659048.3200000003,549804.3479999993],[1659069.1109999996,549783.89699999988],[1659093.8389999997,549770.98100000061],[1659116.4910000004,549752.68700000085],[1659139.9309999999,549734.49599999934],[1659143.7009999994,549728.9179999996],[1659148.4010000005,549700.31299999915],[1659153.8760000002,549672.7650000006],[1659162.5160000008,549644.67100000009],[1659170.3330000006,549615.35199999996],[1659172.5189999994,549613.56000000052],[1659181.6909999996,549605.81000000052],[1659208.2949999999,549594.09600000083],[1659244.8000000007,549585.58300000057],[1659273.0059999991,549586.21000000089],[1659301.6760000009,549590.88900000043],[1659333.4780000001,549593.89900000021],[1659340.8790000007,549591.82699999958],[1659367.3129999992,549574.02500000037],[1659394.7280000001,549557.46700000018],[1659421.4389999993,549545.60899999924],[1659450.2640000004,549533.22599999979],[1659501.5820000004,549502.53099999949],[1659530.7190000005,549504.2379999999],[1659554.1919999998,549494.19400000013],[1659580.1439999994,549480.32200000063],[1659597.7510000002,549461.375],[1659610.0539999995,549451.9570000004],[1659630.3110000007,549435.26899999939],[1659653.2699999996,549413.98399999924],[1659672.318,549390.27500000037],[1659698.9079999998,549372.49499999918],[1659731.3640000001,549363.61800000072],[1659735.0979999993,549356.91899999976],[1659739.0549999997,549342.42600000091],[1659748.625,549315.41100000031],[1659749.4000000004,549309.4450000003],[1659753.9250000007,549281.77500000037],[1659774.0749999993,549258.20900000073],[1659791.1809999999,549234.08899999969],[1659793.0590000004,549228.26600000076],[1659805.4639999997,549201.61900000088],[1659824.3739999998,549179.96800000034],[1659831.2569999993,549149.57100000046],[1659849.6370000001,549124.65799999982],[1659865.6740000006,549101.51600000076],[1659880.7650000006,549078.25200000033],[1659903.0850000009,549053.85099999979],[1659912.6520000007,549026.8359999992],[1659910.8939999994,548993.40100000054],[1659890.0700000003,548974.57100000046],[1659887.8499999996,548968.21600000001],[1659893.3350000009,548925.6640000008],[1659896.9279999994,548896.91499999911],[1659900.1970000006,548872.11500000022],[1659894.3110000007,548847.08300000057],[1659895.7320000008,548819.16999999993],[1659896.5940000005,548789.90599999949],[1659899.8910000008,548763.1950000003],[1659898.7740000002,548756.98299999908],[1659894.3829999994,548751.46299999952],[1659886.159,548745.28600000031],[1659884.8780000005,548714.94600000046],[1659889.8670000006,548684.30299999937],[1659894.8890000004,548675.85600000061],[1659910.7379999999,548647.58100000024],[1659911.5260000005,548640.65899999999],[1659916.0690000001,548629.11600000039],[1659920.2819999997,548604.43799999915],[1659923.0989999995,548574.63099999912],[1659920.0690000001,548566.09500000067],[1659900.9979999997,548549.56900000013],[1659895.4900000002,548537.83799999952],[1659896.3790000007,548506.66200000048],[1659899.3880000003,548499.07100000046],[1659900.9210000001,548495.11900000088],[1659906.4590000007,548490.88900000043],[1659923.8900000006,548472.87800000049],[1659928.0020000003,548465.4299999997],[1659929.8579999991,548450.50400000066],[1659935.6180000007,548420.91899999976],[1659958.9149999991,548404.78800000064],[1659985.2080000006,548396.0700000003],[1660011.3640000001,548389.40899999999],[1660022.5329999998,548388.78500000015],[1660036.8680000007,548387.61400000006],[1660042.3560000006,548383.21800000034],[1660059.9580000006,548364.27099999972],[1660070.9829999991,548341.59699999914],[1660086.8289999999,548320.34699999914],[1660108.3709999993,548301.91200000048],[1660113.0989999995,548288.47699999996],[1660118.5649999995,548260.9299999997],[1660126.7170000002,548236.76400000043],[1660131.8880000003,548204.22900000028],[1660139.2300000004,548177.88299999945],[1660164.8690000009,548159.98100000061],[1660190.9879999999,548152.19999999925],[1660198.5749999993,548148.23599999957],[1660203.2890000008,548142.78199999966],[1660222.7799999993,548117.05700000003],[1660242.5659999996,548096.31900000013],[1660260.818,548072.50899999961],[1660279.3650000002,548053.68600000069],[1660295.8619999997,548034.59600000083],[1660313.4759999998,548007.66899999976],[1660330.4519999996,547984.65100000054],[1660354.9869999997,547966.60600000061],[1660377.8039999995,547954.40499999933],[1660384.5659999996,547949.21700000018],[1660401.6909999996,547909.13599999994],[1660405.9000000004,547884.45900000073],[1660401.7870000005,547877.85799999908],[1660402.8819999993,547860.91699999943],[1660426.9509999994,547845.84600000083],[1660457.7540000007,547834.52300000004],[1660465.4759999998,547828.50200000033],[1660468.2740000002,547799.65000000037],[1660469.9920000006,547793.80700000003],[1660476.5580000002,547766.4020000007],[1660470.2369999997,547752.49000000022],[1660457.1549999993,547743.7650000006],[1660430.3599999994,547733.25799999945],[1660410.8350000009,547711.72199999914],[1660391.1099999994,547693.03399999999],[1660379.4140000008,547665.3320000004],[1660379.9749999996,547638.10500000045],[1660384.0390000008,547605.42699999921],[1660389.1919999998,547580.87199999951],[1660399.6830000002,547554.93600000069],[1660406.2870000005,547549.72699999996],[1660411.1720000003,547543.33799999952],[1660425.4949999992,547518.05900000036],[1660437.9149999991,547507.53999999911],[1660457.5620000008,547488.8599999994],[1660474.3629999999,547459.75300000049],[1660474.9619999994,547447.69800000079],[1660473.1799999997,547422.24200000055],[1660467.0299999993,547407.39399999939],[1660467.6439999994,547394.38199999928],[1660472.6640000008,547385.93500000052],[1660480.5429999996,547379.93400000036],[1660501.6140000001,547357.44899999909],[1660506.3269999996,547351.99499999918],[1660518.2300000004,547337.25799999945],[1660537.7679999992,547318.72399999946],[1660560.5429999996,547291.35099999979],[1660571.5380000006,547284.63800000027],[1660597.0299999993,547265.76099999994],[1660620.1510000005,547250.56599999964],[1660646.0930000003,547229.67200000025],[1660667.8039999995,547217.32799999975],[1660691.0969999991,547201.19899999909],[1660727.6209999993,547183.75599999912],[1660751.6349999998,547161.49400000088],[1660775.3939999994,547149.41699999943],[1660788.4900000002,547150.16200000048],[1660795.7320000008,547148.0700000003],[1660808.3090000004,547137.57200000063],[1660830.4979999997,547121.29900000058],[1660840.0820000004,547117.43700000085],[1660845.7259999998,547113.06200000085],[1660869.5109999999,547092.04800000042],[1660884.7390000001,547083.81100000069],[1660909.9079999998,547068.88399999961],[1660931.1919999998,547067.66100000031],[1660935.8900000006,547063.16300000064],[1660960.4350000005,547044.1640000008],[1660968.6079999991,547043.1520000007],[1660982.3420000002,547047.01300000027],[1660989.5700000003,547045.87800000049],[1660994.2819999997,547040.42400000058],[1661018.1740000006,547019.2650000006],[1661040.4959999993,546993.91000000015],[1661060.1549999993,546974.27600000054],[1661066.4079999998,546949.86500000022],[1661061.8430000003,546945.27999999933],[1661054.0840000007,546943.15399999917],[1661048.7459999993,546937.50999999978],[1661049.5170000009,546931.54399999976],[1661056.7280000001,546899.27500000037],[1661073.3389999997,546872.06000000052],[1661089.3640000001,546848.91999999993],[1661098.4529999997,546824.87800000049],[1661110.0700000003,546797.17400000058],[1661113.807,546768.44400000013],[1661077.6239999998,546712.33100000024],[1661075.7190000005,546695.00100000016],[1661078.9910000004,546669.24400000088],[1661079.7620000001,546663.27800000086],[1661087.2520000003,546636.95199999958],[1661092.7880000006,546632.7229999993],[1661099.0840000007,546630.50899999961],[1661103.7819999997,546626.01099999994],[1661133.3570000008,546615.65000000037],[1661152.068,546595.89299999923],[1661178.0099999998,546582.02500000037],[1661203.1909999996,546566.14299999923],[1661229.3430000003,546559.48699999973],[1661250.0529999994,546539.83100000024],[1661261.6679999996,546512.12700000033],[1661274.4030000009,546490.63399999961],[1661294.0059999991,546463.81000000052],[1661313.3550000004,546447.16899999976],[1661341.2239999995,546434.67100000009],[1661343.8859999999,546428.95099999942],[1661358.6559999995,546408.68099999987],[1661374.6649999991,546386.49799999967],[1661380.9739999995,546383.32799999975],[1661400.1490000002,546360.5979999993],[1661406.841,546331.13599999994],[1661420.625,546302.59600000083],[1661436.0439999998,546277.46299999952],[1661443.5600000005,546249.22499999963],[1661446.8149999995,546224.42400000058],[1661446.5710000005,546194.05900000036],[1661449.9969999995,546168.32300000079],[1661454.3289999999,546134.56200000085],[1661458.8350000009,546106.89100000076],[1661478.4269999992,546047.97599999979],[1661485.1530000009,546019.63599999994],[1661497.7109999992,545992.0549999997],[1661501.3010000009,545980.38900000043],[1661512.102,545950.50300000049],[1661517.7109999992,545922.97599999979],[1661532.7850000001,545899.71299999952],[1661548.4979999997,545879.56699999981],[1661553.1679999996,545865.96600000001],[1661563.7239999995,545783.68500000052],[1661551.2430000007,545754.92100000009],[1661551.807,545726.73599999957],[1661535.0789999999,545700.45299999975],[1661522.602,545678.71399999969],[1661521.1030000001,545651.21900000051],[1661516.0199999996,545620.38399999961],[1661510.1260000002,545587.36900000088],[1661498.1119999997,545562.65699999966],[1661469.4399999995,545557.96800000034],[1661460.7449999992,545547.73699999973],[1661457.5739999991,545541.25799999945],[1661448.568,545515.97900000028],[1661448.5280000009,545485.80100000091],[1661442.9299999997,545457.77300000004],[1661437.5759999994,545453.0859999992],[1661431.7579999994,545451.37099999934],[1661404.1620000005,545437.7229999993],[1661372.3340000007,545425.59999999963],[1661365.2640000004,545426.75500000082],[1661342.5769999996,545437.85300000012],[1661317.9759999998,545424.59500000067],[1661288.7149999999,545416.9570000004],[1661275.7860000003,545408.25100000016],[1661260.1280000005,545388.0150000006],[1661250.1940000001,545379.69800000079],[1661244.2180000003,545377.96299999952],[1661210.0069999993,545370.48000000045],[1661179.9260000009,545368.64399999939],[1661173.4690000005,545363.81299999915],[1661149.6370000001,545344.58899999969],[1661145.4000000004,545339.08899999969],[1661141.7750000004,545327.60199999996],[1661140.1889999993,545324.3629999999],[1661136.8110000007,545295.66599999927],[1661140.3670000006,545267.87199999951],[1661145.0399999991,545239.2650000006],[1661144.0529999994,545230.99400000088],[1661140.7750000004,545224.66100000031],[1661128.4350000005,545218.90599999949],[1661117.5690000001,545209.51099999994],[1661102.4189999998,545201.47399999946],[1661085.8650000002,545181.28199999966],[1661070.5620000008,545158.21900000051],[1661057.4279999994,545134.32100000046],[1661043.3450000007,545103.27500000037],[1661038.8609999996,545074.43500000052],[1661040.5380000006,545045.43799999915],[1661052.0219999999,544956.25400000066],[1661052.6199999992,544951.2229999993],[1661061.6940000001,544920.15499999933],[1661070.4269999992,544890.95800000057],[1661074.3230000008,544861.29199999943],[1661077.7050000001,544834.43300000019],[1661083.0209999997,544815.96700000018],[1661085.0779999997,544808.25300000049],[1661105.3249999993,544783.5859999992],[1661112.0920000002,544770.4179999996],[1661116.1559999995,544754.82200000063],[1661119.5370000005,544727.96299999952],[1661119.6270000003,544695.72699999996],[1661119.7420000006,544687.59999999963],[1661120.0480000004,544684.60600000061],[1661121.7650000006,544663.75699999928],[1661118.8589999992,544631.13099999912],[1661114.3589999992,544603.24699999951],[1661105.1579999998,544572.8359999992],[1661098.4879999999,544545.78800000064],[1661093.4120000005,544513.99799999967],[1661089.375,544483.14100000076],[1661089.6740000006,544473.12199999951],[1661090.7559999991,544456.18099999987],[1661091.2990000006,544428.95299999975],[1661090.9230000004,544399.68999999948],[1661093.7129999995,544369.88000000082],[1661096.9719999991,544344.12199999951],[1661105.7359999996,544331.05399999954],[1661111.5559999999,544317.7620000001],[1661112.9649999999,544314.91200000048],[1661124.3880000003,544296.12299999967],[1661132.9959999993,544268.0270000007],[1661137.6630000006,544239.41999999993],[1661161.0720000006,544214.2070000004],[1661154.7420000006,544200.2929999996],[1661154.7349999994,544193.26799999923],[1661171.3369999994,544173.07699999958],[1661189.3969999999,544150.20199999958],[1661190.5130000003,544149.38900000043],[1661213.3249999993,544129.2070000004],[1661217.3800000008,544121.59300000034],[1661216.1060000006,544107.37900000066],[1661211.2980000004,544082.4879999999],[1661215.2459999993,544075.01899999939],[1661236.9470000006,544062.67500000075],[1661244.9279999994,544056.52899999917],[1661276.0960000008,544048.44899999909],[1661308.8300000001,544037.53999999911],[1661334.4649999999,544018.68400000036],[1661341.307,543996.26600000076],[1661341.7699999996,543993.2929999996],[1661344.9059999995,543968.6370000001],[1661351.7540000007,543938.23699999973],[1661374.6850000005,543916.95399999991],[1661394.1520000007,543891.23000000045],[1661417.0830000006,543869.94600000046],[1661438.3139999993,543853.55100000091],[1661456.9560000002,543826.60099999979],[1661483.7129999995,543813.95800000057],[1661499.1060000006,543804.78500000015],[1661526.6750000007,543794.32300000079],[1661559.8770000003,543787.46700000018],[1661587.5669999998,543775.90300000086],[1661610.9670000002,543758.67300000042],[1661632.0130000003,543744.16999999993],[1661641.3019999992,543742.34500000067],[1661654.2400000002,543743.0700000003],[1661686.0280000009,543747.04700000025],[1661713.5830000006,543737.54099999927],[1661718.4619999994,543731.1520000007],[1661721.5969999991,543721.50200000033],[1661729.1150000002,543718.33000000007],[1661753.3340000007,543710.30599999987],[1661780.4199999999,543711.75599999912],[1661809.7390000001,543711.58000000007],[1661836.4890000001,543706.91899999976],[1661856.1329999994,543687.28500000015],[1661872.1280000005,543665.10099999979],[1661876.4859999996,543639.48699999973],[1661879.3159999996,543632.83100000024],[1661884.0240000002,543627.37700000033],[1661900.1899999995,543619.26400000043],[1661910.5879999995,543609.60199999996],[1661929.4199999999,543587.78800000064],[1661935.0150000006,543560.25899999961],[1661928.8019999992,543530.23599999957],[1661930.8059999999,543522.35500000045],[1661938.3440000005,543510.24499999918],[1661953.0999999996,543489.97599999979],[1661968.148,543467.66899999976],[1661983.216,543436.42400000058],[1661987.4149999991,543410.7890000008],[1661990.3049999997,543380.83300000057],[1661994.0669999998,543375.25699999928],[1662006.1329999994,543351.60400000028],[1662015.8379999995,543323.6520000007],[1662029.3249999993,543296.19299999997],[1662043.2550000008,543274.69899999909],[1662051.6119999997,543271.79499999993],[1662057.4230000004,543266.4849999994],[1662067.4389999993,543242.56599999964],[1662068.8000000007,543216.56200000085],[1662065.6270000003,543210.0820000004],[1662060.0999999996,543206.32899999991],[1662051.7039999999,543193.10400000028],[1662068.9519999996,543160.06799999997],[1662088.5800000001,543141.39100000076],[1662089.3599999994,543134.46800000034],[1662094.6469999999,543109.93300000019],[1662102.0099999998,543083.75200000033],[1662103.6239999998,543054.58799999952],[1662098.3540000003,543024.68700000085],[1662092.8770000003,543021.10099999979],[1662086.8880000003,543020.32100000046],[1662072.7210000008,543028.53500000015],[1662067.2469999995,543039.95500000007],[1662062.6600000001,543044.30700000003],[1662044.9560000002,543072.33400000073],[1662038.8460000008,543072.65599999949],[1662020.0500000007,543054.0859999992],[1662014.8279999997,543047.33999999985],[1662028.7699999996,543024.88900000043],[1662035.8310000002,543016.70800000057],[1662046.9900000002,543009.06100000069],[1662054.6970000006,542996.01600000076],[1662055.4639999997,542990.04900000058],[1662050.0700000003,542984.23900000006],[1662043.4900000002,542980.50899999961],[1662016.9869999997,542974.98399999924],[1662005.0130000003,542965.44299999997],[1662000.8939999994,542958.84100000001],[1661987.2799999993,542930.88800000027],[1661983.4619999994,542906.28500000015],[1661986.8320000004,542879.42500000075],[1661995.4179999996,542852.28600000031],[1662008.1270000003,542823.76799999923],[1662021.1229999997,542801.19400000013],[1662023.9519999996,542794.53800000064],[1662032.3790000007,542767.37800000049],[1662039.0850000009,542739.03700000048],[1662043.8629999999,542709.32699999958],[1662050.2780000009,542683.02300000004],[1662059.2080000006,542669.01899999939],[1662079.1510000005,542646.39200000092],[1662080.6699999999,542635.4140000008],[1662085.7980000004,542610.85899999924],[1662092.0409999993,542585.49000000022],[1662099.9829999991,542555.23399999924],[1662107.1720000003,542529.98900000006],[1662114.3479999993,542505.69999999925],[1662133.3320000004,542483.90499999933],[1662152.6190000009,542459.11700000055],[1662158.5620000008,542428.76099999994],[1662158.9220000003,542402.46700000018],[1662153.6610000003,542371.6099999994],[1662150.4220000003,542342.93200000003],[1662153.1989999991,542313.12199999951],[1662156.2750000004,542288.29900000058],[1662173.3790000007,542265.30199999921],[1662179.6730000004,542263.08799999952],[1662191.6520000007,542264.64800000004],[1662200.9399999995,542262.82399999909],[1662204.0490000006,542247.10500000045],[1662198.4879999999,542234.24799999967],[1662198.6030000001,542218.13900000043],[1662197.3200000003,542211.90599999949],[1662191.3169999998,542212.0820000004],[1662176.2630000003,542235.34600000083],[1662169.6779999994,542239.59699999914],[1662162.4519999996,542240.73200000077],[1662156.6329999994,542239.01700000092],[1662149.1809999999,542225.9140000008],[1662146.0189999994,542218.47800000012],[1662137.9059999995,542188.20800000057],[1662131.3430000003,542160.05599999987],[1662123.9409999996,542147.11900000088],[1662126.3619999997,542120.13599999994],[1662132.4749999996,542111.8320000004],[1662152.4529999997,542090.32699999958],[1662158.5759999994,542089.04800000042],[1662172.4460000005,542090.85400000028],[1662178.8969999999,542088.66000000015],[1662180.7280000001,542081.71499999985],[1662186.3269999996,542053.23000000045],[1662189.2599999998,542023.43899999931],[1662192.3350000009,541998.61700000055],[1662173.6520000007,541955.95600000024],[1662167.3120000008,541950.02199999988],[1662165.0859999992,541935.68400000036],[1662156.0920000002,541927.48900000006],[1662140.5869999994,541914.29600000009],[1662122.7390000001,541879.88599999994],[1662125.3159999996,541852.92300000042],[1662130.0480000004,541799.10199999996],[1662136.9189999998,541769.82399999909],[1662135.6349999998,541763.59100000001],[1662132.8770000003,541738.00899999961],[1662131.7630000003,541730.83999999985],[1662128.5879999995,541724.3599999994],[1662123.4900000002,541700.54900000058],[1662114.9539999999,541697.3629999999],[1662113.2530000005,541710.23200000077],[1662110.3190000001,541717.03399999999],[1662103.1999999993,541718.02300000004],[1662096.5690000001,541714.12700000033],[1662093.5639999993,541706.71199999936],[1662082.9509999994,541678.19199999981],[1662081.5989999995,541649.75999999978],[1662085.7780000009,541617.09899999946],[1662086.1850000005,541590.97199999914],[1662081.7219999991,541586.24000000022],[1662072.7379999999,541585.07100000046],[1662046.2939999998,541586.7379999999],[1662040.4759999998,541585.02300000004],[1662034.0150000006,541580.19199999981],[1662007.0539999995,541561.67799999937],[1662002.7630000003,541556.01099999994],[1661983.9639999997,541529.45900000073],[1661969.2249999996,541502.31900000013],[1661952.0010000002,541479.96399999969],[1661937.4330000002,541451.88800000027],[1661929.5069999993,541434.73299999908],[1661924.9269999992,541423.12199999951],[1661920.5920000002,541393.34500000067],[1661921.1760000009,541381.28800000064],[1661925.1699999999,541350.51899999939],[1661927.2960000001,541325.57300000079],[1661925.3499999996,541294.19099999964],[1661919.6079999991,541267.26300000027],[1661919.0160000008,541240.84600000083],[1661909.5620000008,541227.64299999923],[1661900.5189999994,541211.30199999921],[1661897.2229999993,541205.92400000058],[1661894.5209999997,541195.5150000006],[1661886.8859999999,541168.34200000018],[1661876.5480000004,541138.74100000039],[1661868.7300000004,541113.46000000089],[1661863.9690000005,541087.77800000086],[1661851.1199999992,541060.88399999961],[1661848.8770000003,541055.48299999908],[1661849.0600000005,541053.59200000018],[1661849.0099999998,541053.42500000075],[1661845.9930000007,541038.9849999994],[1661839.5329999998,541026.17200000025],[1661834.1390000004,541012.38000000082],[1661834.432,541002.36099999957],[1661839.0769999996,540981.73399999924],[1661850.3540000003,540965.00200000033],[1661854.7569999993,540954.56000000052],[1661855.4739999995,540932.46399999969],[1661855.4629999995,540925.43899999931],[1661856.0099999998,540904.27800000086],[1661858.9460000005,540881.51300000027],[1661858.9949999992,540858.21299999952],[1661858.523,540854.16000000015],[1661861.3019999992,540831.375],[1661865.341,540808.75300000049],[1661865.4140000008,540791.52199999988],[1661870.5800000001,540775.1129999999],[1661879.1649999991,540754.99799999967],[1661890.9149999991,540734.33699999936],[1661903.7799999993,540712.8629999999],[1661915.3599999994,540693.13800000027],[1661917.8819999993,540689.47499999963],[1661918.3430000003,540686.50200000033],[1661920.6950000003,540683.77500000037],[1661925.9940000009,540665.30800000019],[1661925.352,540662.19199999981],[1661919.4600000009,540638.27800000086],[1661914.477,540613.36500000022],[1661914.4780000001,540605.38399999961],[1661920.0539999995,540585.83500000089],[1661921.6439999994,540581.09300000034],[1661935.4419999998,540560.69899999909],[1661942.7880000006,540550.48000000045],[1661959.8959999997,540534.50699999928],[1661979.6950000003,540521.91699999943],[1661991.0439999998,540519.40300000086],[1662003.6170000006,540507.94899999909],[1662012.4910000004,540485.79600000009],[1662023.1109999996,540458.92200000025],[1662037.5639999993,540440.68899999931],[1662045.3849999998,540418.55900000036],[1662054.4279999994,540395.47100000083],[1662056.6109999996,540385.69800000079],[1662060.5979999993,540362.91000000015],[1662059.9440000001,540344.78600000031],[1662052.7770000007,540321.6640000008],[1662051.1879999992,540318.42500000075],[1662048.7750000004,540297.99699999951],[1662050.4839999992,540292.15300000086],[1662053.4299999997,540276.41300000064],[1662051.8289999999,540266.14800000004],[1662041.0120000001,540240.47599999979],[1662036.2579999994,540229.80100000091],[1662032.2689999994,540205.17699999921],[1662024.1559999995,540181.93200000003],[1662021.6219999995,540170.58799999952],[1662023.2689999994,540149.57100000046],[1662024.0189999994,540144.56000000052],[1662028.9059999995,540137.21399999969],[1662044.7750000004,540131.1370000001],[1662047.7699999996,540131.5270000007],[1662063.5199999996,540126.55199999921],[1662086.9049999993,540109.32100000046],[1662100.8839999996,540095.01600000076],[1662127.7239999995,540075.20199999958],[1662143.4240000006,540062.07899999991],[1662156.2740000002,540041.56200000085],[1662157.9820000008,540035.71800000034],[1662167.3770000003,540017.78399999999],[1662186.2410000004,540004.11500000022],[1662189.2359999996,540004.50500000082],[1662195.5280000009,540002.29099999927],[1662197.8800000008,539999.56399999931],[1662201.8780000005,539975.81900000013],[1662205.6349999998,539970.24200000055],[1662209.3809999991,539957.63900000043],[1662212.2050000001,539943.00100000016],[1662230.0610000007,539922.01799999923],[1662231.1769999992,539921.20500000007],[1662249.0319999997,539900.22199999914],[1662273.4120000005,539883.28099999949],[1662286.6400000006,539881.96900000051],[1662303.8080000002,539889.1520000007],[1662323.6679999996,539891.73599999957],[1662329.7650000006,539876.40699999966],[1662330.4639999997,539863.24799999967],[1662333.4079999998,539847.50799999945],[1662331.3469999991,539840.21600000001],[1662318.7109999992,539828.5150000006],[1662315.5460000001,539821.07899999991],[1662315.5460000001,539813.09699999914],[1662318.648,539805.35899999924],[1662324.1140000001,539785.9570000004],[1662327.9910000004,539779.27800000086],[1662333.6779999994,539775.06900000013],[1662341.4440000001,539752.77300000004],[1662349.9550000001,539741.90799999982],[1662345.7809999995,539719.17600000091],[1662348.5280000009,539698.30199999921],[1662361.8629999999,539688.8629999999],[1662369.9130000006,539680.97100000083],[1662369.8499999996,539673.77899999917],[1662364.1620000005,539662.02400000021],[1662365.6740000006,539643.06499999948],[1662369.9039999992,539633.55800000019],[1662385.4710000008,539630.47599999979],[1662393.5899999999,539613.33400000073],[1662400.8660000004,539612.36600000039],[1662408.6699999999,539599.17400000058],[1662419.375,539593.5429999996],[1662428.7679999992,539575.6099999994],[1662436.1119999997,539565.39100000076],[1662439.3969999999,539563.74300000072],[1662452.807,539568.52199999988],[1662460.0319999997,539559.40499999933],[1662473.3530000001,539542.94099999964],[1662487.1579999998,539521.59100000001],[1662500.1380000003,539499.01600000076],[1662507.9539999999,539484.86800000072],[1662515.4670000002,539465.73200000077],[1662525.1490000002,539445.76099999994],[1662535.3169999998,539428.88599999994],[1662538.9030000009,539416.26300000027],[1662542.3579999991,539413.67899999954],[1662553.5240000002,539413.05800000019],[1662555.6909999996,539404.24100000039],[1662554.9409999996,539401.26899999939],[1662543.3440000005,539382.51899999939],[1662541.1239999998,539375.2070000004],[1662541.1109999996,539368.18099999987],[1662543.2129999995,539344.18999999948],[1662550.0950000007,539320.98100000061],[1662558.0690000001,539306.85400000028],[1662574.5150000006,539288.72100000083],[1662581.3310000002,539290.72599999979],[1662585.9149999991,539294.35600000061],[1662588.9100000001,539294.74599999934],[1662591.3809999991,539290.91699999943],[1662593.0739999991,539270.06499999948],[1662597.7239999995,539248.48100000061],[1662600.0749999993,539245.75500000082],[1662604.2929999996,539245.18600000069],[1662628.0930000003,539248.28500000015],[1662652,539243.25500000082],[1662676.273,539242.42500000075],[1662689.318,539243.00599999912],[1662703.2939999998,539236.68400000036],[1662720.5800000001,539226.80199999921],[1662741.8460000008,539226.53800000064],[1662745.7860000003,539227.05100000091],[1662758.0690000001,539233.59899999946],[1662767.8790000007,539235.99400000088],[1662771.1640000008,539234.34600000083],[1662774.159,539234.73599999957],[1662777.4560000002,539232.13299999945],[1662783.9049999993,539229.93899999931],[1662790.7890000008,539222.69400000013],[1662798.1180000007,539205.44999999925],[1662805.5260000005,539202.42400000058],[1662818.8059999999,539217.24300000072],[1662830.0370000005,539231.79600000009],[1662841.5559999999,539236.32899999991],[1662844.841,539234.68099999987],[1662864.7540000007,539213.00999999978],[1662869.6260000002,539206.62099999934],[1662881.3680000007,539185.9609999992],[1662894.3460000008,539163.38599999994],[1662904.2090000007,539141.52400000021],[1662905.443,539131.62700000033],[1662902.7359999996,539121.21800000034],[1662896.682,539113.24599999934],[1662882.0470000003,539101.44299999997],[1662875.5199999996,539089.4179999996],[1662874.0480000004,539077.09400000051],[1662875.5700000003,539057.17799999937],[1662880.8489999995,539031.68600000069],[1662887.5460000001,539010.36900000088],[1662889.8829999994,539000.61600000039],[1662895.4509999994,538973.0859999992],[1662899.1539999992,538951.37900000066],[1662902.2660000008,538942.68500000052],[1662905.9560000002,538921.93400000036],[1662907.8340000007,538915.15499999933],[1662920.6919999998,538901.6640000008],[1662923.5150000006,538895.00799999945],[1662926.4409999996,538872.24200000055],[1662927.966,538868.28999999911],[1662928.7239999995,538846.35899999924],[1662928.4729999993,538825.09500000067],[1662929.9130000006,538782.98000000045],[1662932.6689999998,538761.14900000021],[1662935.9509999994,538751.51999999955],[1662944.5280000009,538739.3870000001],[1662946.8770000003,538728.67799999937],[1662953.5610000007,538708.31799999997],[1662962.3190000001,538686.31100000069],[1662965.4159999993,538670.59100000001],[1662962.182,538647.98100000061],[1662963.216,538624.96900000051],[1662963.9890000001,538618.04600000009],[1662965.1429999992,538593.93200000003],[1662965.4299999997,538583.91200000048],[1662959.3729999997,538567.95800000057],[1662952.9069999997,538555.14299999923],[1662945.4470000006,538550.02099999972],[1662928.1050000004,538535.79099999927],[1662910.8000000007,538498.25799999945],[1662906.5,538476.62700000033],[1662900.2699999996,538453.62600000016],[1662896.0769999996,538431.84899999946],[1662893.4849999994,538412.35600000061],[1662888.2510000002,538389.64499999955],[1662883.8880000003,538368.80299999937],[1662884.3589999992,538364.87399999984],[1662880.3479999993,538341.20500000007],[1662878.0460000001,538319.67400000058],[1662874.0899999999,538312.13499999978],[1662867.6390000004,538306.34600000083],[1662846.9370000008,538295.50999999978],[1662843.9539999999,538294.1640000008],[1662841.5879999995,538289.86500000022],[1662833.3469999991,538267.72000000067],[1662828.9949999992,538245.92200000025],[1662828.6370000001,538232.78600000031],[1662829.6689999998,538209.77400000021],[1662828.3120000008,538188.36600000039],[1662827.0240000002,538182.13199999928],[1662824.7709999997,538160.76700000092],[1662825.2929999996,538140.56200000085],[1662827.8100000005,538128.91699999943],[1662831.4969999995,538108.16599999927],[1662838.1899999995,538086.84899999946],[1662842.8609999996,538067.34300000034],[1662842.2789999992,538046.99400000088],[1662836.7479999997,538043.24100000039],[1662815.6530000009,538042.5700000003],[1662795.9619999994,538039.04900000058],[1662794.8430000003,538031.87900000066],[1662800.4210000001,538011.375],[1662803.8709999993,538000.80900000036],[1662805.3920000009,537988.875],[1662804.1040000003,537982.64100000076],[1662794.4440000001,537964.30299999937],[1662774.4100000001,537954.67100000009],[1662766.0659999996,537948.6370000001],[1662756.4059999995,537930.29900000058],[1662749.7029999997,537911.22800000012],[1662744.2719999999,537891.36600000039],[1662737.2760000005,537866.35099999979],[1662737.8509999998,537854.2929999996],[1662739.2550000008,537851.44299999997],[1662739.9460000005,537830.30199999921],[1662737.2489999998,537818.93700000085],[1662731.3469999991,537803.00300000049],[1662722.1689999998,537779.77999999933],[1662717.3279999997,537754.88599999994],[1662713.1410000008,537724.17100000009],[1662711.6659999993,537711.84699999914],[1662704.6559999995,537687.78800000064],[1662701.2860000003,537667.23599999957],[1662701.1620000005,537643.9140000008],[1662696.8579999991,537622.28199999966],[1662691.0700000003,537597.2650000006],[1662687.8819999993,537574.82100000046],[1662683.2379999999,537555.06100000069],[1662680.1760000009,537547.47900000028],[1662663.2359999996,537522.12800000049],[1662647.4649999999,537504.1129999999],[1662634.4690000005,537487.25699999928],[1662627.0710000005,537481.34500000067],[1662624.8239999991,537475.9450000003],[1662623.8900000006,537474.86600000039],[1662618.9279999994,537451.07399999909],[1662614.6439999994,537444.44999999925],[1662609.3430000003,537422.52999999933],[1662612.2630000003,537399.76300000027],[1662615.8269999996,537380.11400000006],[1662617.1760000009,537369.11500000022],[1662620.4389999993,537352.46000000089],[1662618.7780000009,537334.04600000009],[1662611.7829999998,537317.01300000027],[1662601.4759999998,537295.55800000019],[1662589.1190000009,537273.83699999936],[1662579.8890000004,537250.44800000079],[1662570.6970000006,537228.18099999987],[1662564.6229999997,537213.18300000019],[1662560.5040000007,537197.64200000092],[1662559.4810000006,537174.3629999999],[1662558.8369999994,537171.24599999934],[1662562.5189999994,537150.49499999918],[1662567.2569999993,537112.80100000091],[1662568.2829999998,537089.78800000064],[1662568.0370000005,537067.56799999997],[1662566.6160000004,537063.39200000092],[1662565.5419999994,537039.94700000063],[1662562.3509999998,537017.50300000049],[1662560.0429999996,536995.97199999914],[1662559.682,536982.83500000089],[1662558.2609999999,536978.66000000015],[1662556.1219999995,536956.19299999997],[1662554.5429999996,536951.99699999951],[1662553.8139999993,536934.66200000048],[1662554.568,536920.71299999952],[1662554.6089999992,536896.45500000007],[1662552.8430000003,536886.16899999976],[1662566.4550000001,536866.70900000073],[1662587.1720000003,536847.21700000018],[1662587.341,536846.28099999949],[1662595.807,536834.2929999996],[1662597.4269999992,536814.23100000061],[1662604.6689999998,536773.83000000007],[1662607.2970000003,536753.10099999979],[1662607.3369999994,536728.84300000034],[1662608.1919999998,536706.76600000076],[1662610.6500000004,536686.97199999914],[1662614.5120000001,536664.32899999991],[1662615.4279999994,536658.38199999928],[1662618.1870000008,536635.59500000067],[1662621.0960000008,536621.76700000092],[1662623.5539999995,536601.9729999993],[1662628.5179999992,536579.4729999993],[1662639.4220000003,536557.58699999936],[1662645.1809999999,536543.17100000009],[1662652.8570000008,536531.08100000024],[1662668.5280000009,536510.93200000003],[1662680.9159999993,536492.43099999987],[1662691.0429999996,536469.4849999994],[1662701.9580000006,536446.64200000092],[1662714.9729999993,536424.23200000077],[1662729.716,536410.98599999957],[1662743.0250000004,536394.51999999955],[1662753.3509999998,536376.70900000073],[1662764.7420000006,536357.9179999996],[1662775.5250000004,536337.13399999961],[1662782.3690000009,536315.8359999992],[1662784.5360000003,536298.08000000007],[1662785.3959999997,536283.9849999994],[1662786.7990000006,536281.13499999978],[1662787.8340000007,536257.16599999927],[1662791.5120000001,536236.4140000008],[1662796.7809999995,536218.9020000007],[1662801.5869999994,536196.38199999928],[1662807.4949999992,536174.00500000082],[1662811.6429999992,536149.32399999909],[1662814.5439999998,536127.51300000027],[1662821.6229999997,536087.09100000001],[1662828.7530000005,536063.75599999912],[1662835.682,536056.67600000091],[1662856.2440000009,536045.14499999955],[1662880.9039999992,536034.14800000004],[1662901.3359999992,536024.67500000075],[1662906.6799999997,536022.33799999952],[1662919.5989999995,536016.03800000064],[1662943.1549999993,536004.89699999988],[1662963.7050000001,535994.32300000079],[1662980.2070000004,535983.38199999928],[1662987.0669999998,535969.1099999994],[1663004.4959999993,535951.26600000076],[1663020.4529999997,535929.08000000007],[1663026.5429999996,535921.73200000077],[1663044.6180000007,535907.00500000082],[1663070.693,535892.20099999942],[1663078.6860000007,535884.14299999923],[1663084.3120000008,535871.78600000031],[1663089.091,535851.17799999937],[1663092.9680000003,535835.56100000069],[1663092.4800000004,535832.46399999969],[1663096.5069999993,535808.88499999978],[1663101.4169999994,535786.21800000034],[1663106.3890000004,535762.7620000001],[1663109.7770000007,535744.04800000042],[1663111.9379999992,535735.23000000045],[1663121.1270000003,535711.20600000024],[1663131.4499999993,535693.39399999939],[1663145.7139999997,535676.09600000083],[1663147.2359999996,535672.14399999939],[1663167.0130000003,535651.57300000079],[1663181.4350000005,535634.29499999993],[1663188.4820000008,535626.11400000006],[1663200.9719999991,535607.46800000034],[1663214.8780000005,535585.0150000006],[1663225.5390000008,535565.33300000057],[1663230.2180000003,535552.85199999996],[1663232.5669999998,535550.125],[1663242.2440000009,535529.19700000063],[1663243.9350000005,535524.30900000036],[1663252.8350000009,535502.32200000063],[1663258.5710000005,535480.88099999912],[1663261.4299999997,535457.94800000079],[1663262.4680000003,535441.9609999992],[1663263.3169999998,535419.88299999945],[1663260.1180000007,535397.43799999915],[1663262.8660000004,535383.58899999969],[1663263.1270000003,535366.5429999996],[1663259.5889999997,535345.97000000067],[1663252.3870000001,535323.80100000091],[1663245.0659999996,535302.7349999994],[1663235.6960000005,535281.4020000007],[1663226.1679999996,535260.04900000058],[1663213.7050000001,535216.125],[1663210.4539999999,535193.51400000043],[1663211.3100000005,535179.41899999976],[1663213.1040000003,535157.46499999985],[1663215.9020000007,535143.78199999966],[1663225.2770000007,535125.84699999914],[1663237.0209999997,535112.21199999936],[1663244.2359999996,535103.09500000067],[1663261.2919999994,535081.05199999921],[1663273.6620000005,535063.50799999945],[1663290.5590000004,535041.4450000003],[1663301.8139999993,535024.71299999952],[1663309.7860000003,535009.62900000066],[1663318.9910000004,534992.63000000082],[1663327.432,534973.61600000039],[1663335.2139999997,534952.44199999981],[1663335.9710000008,534946.47399999946],[1663344.6989999991,534925.42300000042],[1663349.4859999996,534903.85799999908],[1663353.3469999991,534889.19700000063],[1663357.1889999993,534867.50899999961],[1663361.0419999994,534844.86500000022],[1663365.6980000008,534825.35899999924],[1663369.2009999994,534805.54199999943],[1663377.193,534758.21700000018],[1663386.3780000005,534734.19199999981],[1663389.4820000008,534725.49699999951],[1663398.9149999991,534715.7109999992],[1663403.1549999993,534713.23100000061],[1663417.602,534710.96199999936],[1663432.1999999993,534691.79199999943],[1663433.9020000007,534685.94800000079],[1663437.4729999993,534682.26300000027],[1663450.3890000004,534675.96299999952],[1663455.6620000005,534666.43400000036],[1663456.3489999995,534644.3359999992],[1663454.9260000009,534640.16000000015],[1663454.0600000005,534615.94400000013],[1663459.4330000002,534589.34699999914],[1663463.4629999995,534573.75],[1663473.3039999995,534551.88599999994],[1663490.5580000002,534534.97800000012],[1663508.4470000006,534522.14299999923],[1663522.5260000005,534506.73699999973],[1663524.7050000001,534504.94600000046],[1663543.9100000001,534496.43300000019],[1663547.9489999991,534488.81799999997],[1663548.2070000004,534471.77199999988],[1663551.9580000006,534466.1950000003],[1663572.0370000005,534450.6129999999],[1663585.9370000008,534428.16000000015],[1663594.4440000001,534425.2770000007],[1663605.6079999991,534424.65599999949],[1663650.0360000003,534432.35899999924],[1663679.8279999997,534436.24000000022],[1663701.4000000004,534440.96499999985],[1663724.8310000002,534439.86700000055],[1663733.9460000005,534438.98000000045],[1663756.3249999993,534437.90399999917],[1663772.8320000004,534434.94700000063],[1663784.2620000001,534425.2620000001],[1663791.4670000002,534408.16300000064],[1663795.148,534386.45500000007],[1663803.8619999997,534366.3599999994],[1663813.5329999998,534345.43200000003],[1663814.9140000008,534335.55599999987],[1663812.9629999995,534327.16100000031],[1663808.9309999999,534303.49000000022],[1663810.1549999993,534293.59300000034],[1663816.8190000001,534273.23100000061],[1663825.7249999996,534250.28700000048],[1663832.8670000006,534233.97800000012],[1663851.6909999996,534213.28500000015],[1663856.6530000009,534198.76700000092],[1663855.0510000009,534187.54399999976],[1663855.4590000007,534175.46600000001],[1663868.2809999995,534154.94899999909],[1663867.8399999999,534134.61900000088],[1663859.5800000001,534112.47199999914],[1663854.7200000007,534087.57599999942],[1663852.4609999992,534065.25300000049],[1663853.1339999996,534044.11099999957],[1663857.1400000006,534021.48699999973],[1663860.5309999995,534010.75500000082],[1663865.5260000005,534002.30700000003],[1663868.977,533999.72399999946],[1663881.5549999997,533995.29700000025],[1663900.6390000004,533996.82599999942],[1663924.1030000001,534001.79900000058],[1663943.9639999997,534004.3870000001],[1663954.2789999992,533995.5150000006],[1663958.9649999999,533982.07799999975],[1663960.7520000003,533960.12299999967],[1663961.5940000005,533938.04499999993],[1663964.4969999995,533915.27800000086],[1663968.8330000006,533904.66899999976],[1663981.1980000008,533887.125],[1663989.0580000002,533881.12600000016],[1664008.1989999991,533873.40399999917],[1664031.0449999999,533868.40000000037],[1664049.1439999994,533868.68400000036],[1664072.1070000008,533871.51700000092],[1664082.0490000006,533871.85500000045],[1664100.4140000008,533863.07499999925],[1664116.5510000009,533846.98000000045],[1664127.2149999999,533835.28099999949],[1664143.5299999993,533826.23399999924],[1664156.9230000004,533823.98900000006],[1664174.5659999996,533827.24599999934],[1664196.7750000004,533827.10799999908],[1664201.0030000005,533825.58400000073],[1664206.0470000003,533826.24200000055],[1664220.4930000007,533823.97499999963],[1664232.7719999999,533822.54199999943],[1664255.4480000008,533818.47499999963],[1664277.466,533812.24699999951],[1664284.0419999994,533807.99599999934],[1664305.3049999997,533807.7349999994],[1664326.6980000008,533805.41599999927],[1664350.3090000004,533802.42899999954],[1664353.3039999995,533802.81900000013],[1664376.5439999998,533795.63299999945],[1664395.6960000005,533786.9570000004],[1664399.1469999999,533784.37399999984],[1664413.6549999993,533781.31699999981],[1664431.8619999997,533772.51700000092],[1664444.5140000004,533752.93600000069],[1664467.7540000007,533736.81200000085],[1664470.8670000006,533736.09999999963],[1664481.0749999993,533727.375],[1664502.9230000004,533722.08300000057],[1664513.9690000005,533722.56599999964],[1664531.8770000003,533716.75999999978],[1664551.6539999992,533704.17500000075],[1664565.8129999992,533703.94600000046],[1664569.0950000007,533702.29900000058],[1664582.0319999997,533703.02899999917],[1664603.8690000009,533698.69400000013],[1664630.3910000008,533680.92300000042],[1664645.4849999994,533672.83500000089],[1664665.1769999992,533676.36099999957],[1664679.3350000009,533676.13299999945],[1664687.1940000001,533670.13499999978],[1664708.0140000004,533649.54499999993],[1664715.5859999992,533645.58400000073],[1664739.602,533639.45900000073],[1664760.2170000002,533636.0820000004],[1664766.5059999991,533633.86999999918],[1664777.9460000005,533623.23000000045],[1664777.5529999994,533603.06599999964],[1664773.2190000005,533582.38800000027],[1664769.2170000002,533573.72499999963],[1664762.6649999991,533553.71499999985],[1664759.8279999997,533544.40499999933],[1664762.75,533537.60300000012],[1664776.0590000004,533520.18400000036],[1664791.4169999994,533503.03299999982],[1664804.8220000006,533468.54600000009],[1664806.5109999999,533463.65799999982],[1664820.2870000005,533442.31000000052],[1664825.534,533425.75400000066],[1664830.4940000009,533402.29800000042],[1664833.9450000003,533399.71499999985],[1664838.5669999998,533387.06900000013],[1664839.6089999992,533370.125],[1664843.9829999991,533360.63900000043],[1664845.0130000003,533344.65100000054],[1664839.1079999991,533327.75799999945],[1664843.4309999999,533309.16699999943],[1664846.4480000008,533285.29700000025],[1664846.7129999995,533267.29399999976],[1664848.8460000008,533251.44999999925],[1664849.7070000004,533236.39800000004],[1664853.3709999993,533215.64599999972],[1664859.9240000006,533204.36900000088],[1664866.6679999996,533199.18300000019],[1664876.1190000009,533196.42500000075],[1664882.7170000002,533199.20199999958],[1664890.4810000006,533210.27099999972],[1664896.8420000002,533215.25100000016],[1664898.4350000005,533218.49200000055],[1664897.7039999999,533240.42500000075],[1664899.4890000001,533249.75699999928],[1664902.1970000006,533252.18500000052],[1664910.0669999998,533254.16999999993],[1664917.3010000009,533252.08100000024],[1664930.3100000005,533237.65599999949],[1664930.7660000008,533234.68300000019],[1664935.5559999999,533212.16200000048],[1664938.0219999999,533208.33300000057],[1664947.9289999995,533202.60199999996],[1664955.1400000006,533193.48699999973],[1664957.2339999992,533176.51999999955],[1664953.1970000006,533152.84699999914],[1664946.2379999999,533144.91599999927],[1664943.2440000009,533144.52500000037],[1664927.4920000006,533141.5120000001],[1664923.2019999996,533134.8870000001],[1664922.9989999998,533120.81299999915],[1664926.2689999994,533111.18300000019],[1664936.8800000008,533099.31900000013],[1664952.7149999999,533086.22000000067],[1664972.1919999998,533067.69099999964],[1664983.4499999993,533058.94400000013],[1664990.8300000001,533048.89200000092],[1664994.1229999997,533046.2890000008],[1665012.1129999999,533024.37299999967],[1665030.0089999996,533010.5859999992],[1665044.25,532994.24699999951],[1665055.9749999996,532981.57100000046],[1665078.0030000005,532974.38900000043],[1665095.4299999997,532964.53099999949],[1665118.0319999997,532953.27400000021],[1665139.6760000009,532942.84999999963],[1665144.8369999994,532933.46700000018],[1665141.6390000004,532919.00200000033],[1665142.5610000007,532912.09899999946],[1665146.4279999994,532905.42100000009],[1665157.375,532882.74599999934],[1665156.8100000005,532863.51700000092],[1665154.8200000003,532840.11099999957],[1665157.3920000009,532827.19800000079],[1665167.5850000009,532810.49000000022],[1665174.6980000008,532787.15499999933],[1665181.523,532765.85799999908],[1665180.9810000006,532753.65599999949],[1665176.8599999994,532746.09400000051],[1665162.4969999995,532732.24799999967],[1665161.8499999996,532729.13000000082],[1665166.148,532712.45199999958],[1665184.0419999994,532698.66499999911],[1665204.8680000007,532677.11999999918],[1665214.5940000005,532664.34200000018],[1665222.4010000005,532658.17799999937],[1665239.3609999996,532652.25100000016],[1665242.8120000008,532649.6679999996],[1665245.818,532649.10300000012],[1665248.1649999991,532646.37600000016],[1665250.0329999998,532639.59600000083],[1665253.3959999997,532621.83799999952],[1665254.0319999997,532616.97199999914],[1665261.8029999994,532595.79900000058],[1665261.2489999998,532584.55299999937],[1665254.7039999999,532563.58500000089],[1665253.5659999996,532557.37099999934],[1665247.477,532533.4299999997],[1665240.8039999995,532523.4609999992],[1665238.4450000003,532518.20399999991],[1665222.1500000004,532502.9879999999],[1665221.9580000006,532496.89699999988],[1665223.9440000001,532489.01600000076],[1665224.4920000006,532468.97399999946],[1665236.1079999991,532456.44299999997],[1665258.8660000004,532445.2070000004],[1665274.4250000007,532442.13000000082],[1665291.2909999993,532444.33100000024],[1665315.0050000008,532432.2620000001],[1665341.8080000002,532412.45600000024],[1665360.1919999998,532401.76600000076],[1665365.1610000003,532395.23100000061],[1665364.9790000003,532388.18400000036],[1665352.1349999998,532370.38499999978],[1665342.0629999992,532363.1640000008],[1665325.9370000008,532347.0120000001],[1665315.1899999995,532343.53399999999],[1665311.0800000001,532343.95500000007],[1665295.6659999993,532339.0700000003],[1665289.7809999995,532329.20299999975],[1665288.6539999992,532322.03299999982],[1665290.977,532312.27899999917],[1665291.0950000007,532311.17699999921],[1665301.5850000009,532300.41499999911],[1665313.3829999994,532294.93099999987],[1665333.5179999992,532287.50300000049],[1665349.6610000003,532279.39399999939],[1665376.3450000007,532260.68999999948],[1665376.7369999997,532249.56699999981],[1665368.1809999999,532229.45500000007],[1665369.6870000008,532217.51999999955],[1665378.7760000005,532209.60799999908],[1665382.8350000009,532209.01999999955],[1665398.1950000003,532223.15699999966],[1665415.0500000007,532226.31499999948],[1665421.6239999998,532222.06499999948],[1665425.5409999993,532215.55299999937],[1665435.0960000008,532203.7109999992],[1665440.5429999996,532192.28999999911],[1665451.0329999998,532181.52800000086],[1665461.8849999998,532175.92200000025],[1665476.1339999996,532158.62700000033],[1665490.6699999999,532139.29399999976],[1665497.3880000003,532127.0820000004],[1665500.7740000002,532116.34999999963],[1665503.2009999994,532097.5120000001],[1665496.2520000003,532088.62399999984],[1665477.3120000008,532079.12700000033],[1665459.6160000004,532066.75999999978],[1665446.9639999997,532055.05199999921],[1665429.8110000007,532054.88800000027],[1665405.4499999993,532063.83899999969],[1665398.5030000005,532063.8900000006],[1665394.7420000006,532061.48399999924],[1665383.3090000004,532039.87800000049],[1665383.4820000008,532015.63800000027],[1665385.6469999999,532005.86400000006],[1665392.8550000004,531996.74899999984],[1665419.1899999995,531980.87199999951],[1665424.9839999992,531966.62299999967],[1665428.6429999992,531945.87099999934],[1665430.5889999997,531922.97900000028],[1665430.2029999997,531910.79700000025],[1665431.9010000005,531904.95299999975],[1665438.1640000008,531895.71399999969],[1665446.1380000003,531888.61400000006],[1665446.4360000007,531885.61999999918],[1665448.9509999994,531881.95800000057],[1665450.3269999996,531872.08100000024],[1665446.7770000007,531860.44400000013],[1665434.5759999994,531836.82300000079],[1665424.9179999996,531825.50599999912],[1665406.5620000008,531810.97800000012],[1665391.0720000006,531798.90000000037],[1665381.4250000007,531786.62600000016],[1665377.5879999995,531777.0270000007],[1665370.5380000006,531753.91899999976],[1665363.8609999996,531735.00999999978],[1665354.8619999997,531725.85400000028],[1665339.307,531705.62600000016],[1665338.6579999998,531702.50899999961],[1665315.5700000003,531678.42500000075],[1665314.4409999996,531671.25400000066],[1665324.5690000001,531655.3359999992],[1665315.5590000004,531647.1370000001],[1665304.966,531634.74000000022],[1665296.6040000003,531629.65899999999],[1665276.6530000009,531611.8900000006],[1665261.8080000002,531593.99100000039],[1665246.7430000007,531576.8599999994],[1665240.2620000001,531572.98200000077],[1665236.7870000005,531568.53800000064],[1665231.7180000003,531560.85300000012],[1665228.7090000007,531552.47900000028],[1665229.2809999995,531548.40300000086],[1665227.6870000008,531545.16200000048],[1665225.6909999996,531521.75699999928],[1665219.2070000004,531508.93899999931],[1665217.0559999999,531494.45099999942],[1665221.7469999995,531456.75400000066],[1665219.4790000003,531443.36900000088],[1665213.2559999991,531421.48599999957],[1665213.5529999994,531418.49200000055],[1665212.1270000003,531414.31599999964],[1665212.2300000004,531405.23100000061],[1665220.2039999999,531398.13000000082],[1665222.4220000003,531397.46199999936],[1665228.7090000007,531395.25],[1665234.3469999991,531389.91999999993],[1665257.102,531378.68300000019],[1665262.7290000003,531374.30900000036],[1665271.3479999993,531361.3870000001],[1665269.273,531354.09300000034],[1665253.7420000006,531340.89200000092],[1665253.2510000002,531337.79499999993],[1665252.3159999996,531336.71600000001],[1665256.0629999992,531331.13900000043],[1665265.8100000005,531325.3870000001],[1665274.6009999998,531320.46900000051],[1665293.9059999995,531311.81499999948],[1665307.2320000008,531301.42200000025],[1665311.4330000002,531292.87199999951],[1665327.5590000004,531276.77899999917],[1665340.2510000002,531257.36500000022],[1665350.0240000002,531235.3359999992],[1665359.7609999999,531230.54099999927],[1665371.2599999998,531228.05100000091],[1665382.5260000005,531218.3479999993],[1665383.9260000009,531215.49799999967],[1665382.1229999997,531198.18300000019],[1665383.523,531195.33300000057],[1665395.7339999992,531185.75300000049],[1665399.2870000005,531174.08500000089],[1665397.0280000009,531159.74400000088],[1665400.5659999996,531140.09300000034],[1665399.4260000009,531133.87800000049],[1665384.3589999992,531116.74799999967],[1665368.7760000005,531112.79800000042],[1665347.4729999993,531098.04600000009],[1665347.2789999992,531091.95500000007],[1665346.0580000002,531069.60799999908],[1665352.3190000001,531060.36900000088],[1665355.0380000006,531038.53700000048],[1665354.9210000001,531016.33400000073],[1665352.2880000006,530997.7929999996],[1665329.7029999997,530984.7890000008],[1665316.4649999999,530978.11400000006],[1665298.5720000006,530959.65699999966],[1665287.7819999997,530941.16899999976],[1665282.8039999995,530925.35500000045],[1665277.1610000003,530898.44099999964],[1665279.7770000007,530885.69299999997],[1665289.7689999994,530862.89399999939],[1665302.5250000004,530842.21199999936],[1665315.057,530822.7770000007],[1665315.5109999999,530819.80299999937],[1665318.6079999991,530811.10899999924],[1665331.727,530795.5820000004],[1665348.7980000004,530779.6129999999],[1665356.9230000004,530763.59300000034],[1665358.6850000005,530742.59300000034],[1665359.2259999998,530722.55199999921],[1665361.7400000002,530718.88900000043],[1665373.6640000008,530711.34699999914],[1665393.1520000007,530709.74000000022],[1665404.0020000003,530704.13199999928],[1665407.1140000001,530703.42100000009],[1665411.5199999996,530700.00599999912],[1665417.1309999991,530687.64900000021],[1665417.2219999991,530679.51999999955],[1665414.7679999992,530659.08799999952],[1665405.3770000003,530637.75],[1665397.7760000005,530625.74400000088],[1665393.9529999997,530624.12700000033],[1665382.4940000009,530627.74000000022],[1665373.0549999997,530629.54099999927],[1665363.0069999993,530629.34699999914],[1665359.352,530626.79499999993],[1665345.8540000003,530629.18400000036],[1665324.8790000007,530627.40399999917],[1665318.0960000008,530617.58000000007],[1665305.8939999994,530602.89900000021],[1665293.3300000001,530583.06299999915],[1665284.3019999992,530566.88099999912],[1665270.0510000009,530551.93200000003],[1665255.0600000005,530541.99499999918],[1665241.3550000004,530515.94400000013],[1665231.5759999994,530505.73000000045],[1665228.6989999991,530504.23699999973],[1665214.6160000004,530488.35300000012],[1665206.8469999991,530477.28299999982],[1665183.0089999996,530434.90699999966],[1665176.3269999996,530415.99799999967],[1665173.3800000008,530392.46800000034],[1665171.9869999997,530371.05700000003],[1665174.8450000007,530341.2620000001],[1665179.7280000001,530318.59400000051],[1665185.3220000006,530298.25400000066],[1665180.0559999999,530284.47800000012],[1665177.8000000007,530279.07599999942],[1665173.9609999992,530269.47699999996],[1665169.6229999997,530247.84100000001],[1665166.1710000001,530227.11900000088],[1665165.2990000006,530210.88399999961],[1665164.6160000004,530191.80000000075],[1665163.5649999995,530177.4570000004],[1665165.3460000008,530154.54399999976],[1665168.3870000001,530131.79600000009],[1665172.4289999995,530123.22499999963],[1665173.9460000005,530119.27199999988],[1665182.6510000005,530098.22100000083],[1665196.4010000005,530077.82799999975],[1665199.8499999996,530075.24499999918],[1665207.3509999998,530063.13399999961],[1665218.0940000005,530043.30599999987],[1665225.4780000001,530032.29800000042],[1665232.773,530015.05299999937],[1665239.7029999997,529992.65300000086],[1665247.4729999993,529970.52199999988],[1665247.7310000006,529961.4570000004],[1665248.7329999991,529937.4849999994],[1665248.5480000004,529930.43799999915],[1665248.2569999993,529909.16999999993],[1665249.443,529892.24599999934],[1665248.6879999992,529874.90799999982],[1665244.2479999997,529862.35799999908],[1665240.7210000008,529857.74799999967],[1665226.7369999997,529832.77800000086],[1665222.4149999991,529819.12600000016],[1665216.352,529796.30700000003],[1665210.7310000006,529776.41999999993],[1665210.6520000007,529769.22699999996],[1665208.2890000008,529763.97000000067],[1665206.9340000004,529743.68200000003],[1665205.2709999997,529732.29099999927],[1665203.6469999999,529722.02400000021],[1665204.352,529701.04600000009],[1665206.6190000009,529691.12600000016],[1665206.6290000007,529690.16899999976],[1665222.2119999994,529655.96900000051],[1665232.9140000008,529635.01799999923],[1665242.6030000001,529615.21199999936],[1665257.7819999997,529574.73399999924],[1665271.0649999995,529558.26999999955],[1665287.2359999996,529542.34300000034],[1665298.3289999999,529533.57399999909],[1665311.7909999993,529515.21900000051],[1665339.284,529474.43099999987],[1665350.8029999994,529455.66300000064],[1665356.6070000008,529449.39699999988],[1665376.6579999998,529434.77400000021],[1665391.8320000004,529418.55700000003],[1665399.7559999991,529396.44600000046],[1665401.8080000002,529372.45199999958],[1665409.8599999994,529348.28299999982],[1665420.9470000006,529325.62700000033],[1665422.4739999995,529320.71800000034],[1665431.0480000004,529301.72499999963],[1665433.0280000009,529293.84300000034],[1665435.3729999997,529291.11600000039],[1665447.3550000004,529268.4179999996],[1665457.0419999994,529248.61199999973],[1665466.3939999994,529230.67799999937],[1665481.8629999999,529211.46700000018],[1665494.9759999998,529195.93899999931],[1665516.3080000002,529179.56900000013],[1665532.2990000006,529165.53399999999],[1665547.9360000007,529145.3870000001],[1665549.4519999996,529141.43500000052],[1665565.4529999997,529126.44400000013],[1665588.1329999994,529107.05700000003],[1665605.0510000009,529085.16300000064],[1665628.7459999993,529049.78700000048],[1665633.7709999997,529042.46199999936],[1665643.2390000001,529023.42600000091],[1665656.0480000004,529001.95299999975],[1665660.9059999995,528995.56399999931],[1665674.4820000008,528976.10700000077],[1665686.3350000009,528955.46700000018],[1665687.8509999998,528951.51400000043],[1665703.1909999996,528934.36199999973],[1665718.3629999999,528918.14599999972],[1665724.4619999994,528908.88599999994],[1665731.1720000003,528896.67300000042],[1665736.8660000004,528876.18700000085],[1665736.3829999994,528872.13399999961],[1665729.3300000001,528848.06799999997],[1665731.4879999999,528838.29399999976],[1665738.227,528833.10799999908],[1665739.3300000001,528833.25200000033],[1665744.2170000002,528833.8900000006],[1665759.0529999994,528843.80700000003],[1665762.216,528843.26300000027],[1665768.1260000002,528836.85099999979],[1665771.5150000006,528825.16300000064],[1665774.0270000007,528821.5],[1665777.3080000002,528819.85300000012],[1665767.7919999994,528799.61700000055],[1665761.2210000008,528779.60500000045],[1665760.4609999992,528762.26700000092],[1665765.3870000001,528739.7650000006],[1665772.3039999995,528732.68700000085],[1665785.6129999999,528723.25100000016],[1665799.4039999992,528717.86800000072],[1665802.852,528715.28600000031],[1665805.8579999991,528714.72000000067],[1665827.7689999994,528717.58000000007],[1665847.9149999991,528718.13499999978],[1665864.8800000008,528711.25200000033],[1665888.3169999998,528709.20399999991],[1665891.3120000008,528709.59500000067],[1665904.6109999996,528701.11500000022],[1665917.6160000004,528685.73399999924],[1665931.841,528669.39499999955],[1665940.6390000004,528663.51999999955],[1665944.5800000001,528664.03399999999],[1665948.8059999999,528662.51099999994],[1665972.9810000006,528655.45199999958],[1665995.2850000001,528646.23299999908],[1666002.1909999996,528640.11199999973],[1666025.5289999992,528622.8870000001],[1666028.6919999998,528622.34300000034],[1666053.7939999998,528607.42400000058],[1666075.7029999997,528586.02300000004],[1666093.3169999998,528582.25799999945],[1666100.2530000005,528583.16300000064],[1666104.6659999993,528588.68799999915],[1666107.6610000003,528589.07899999991],[1666123.4820000008,528575.98100000061],[1666138.4680000003,528576.98000000045],[1666152.4460000005,528578.64699999988],[1666162.8399999999,528576.01400000043],[1666181.9509999994,528560.31299999915],[1666193.8120000008,528538.71700000018],[1666186.2939999998,528518.58100000024],[1666181.2200000007,528510.89499999955],[1666177.5449999999,528500.35899999924],[1666186.7440000009,528491.34500000067],[1666189.9069999997,528490.80000000075],[1666195.5419999994,528485.47100000083],[1666215.3039999995,528472.88800000027],[1666222.9580000006,528460.79900000058],[1666237.0040000007,528446.35199999996],[1666235.8509999998,528431.19700000063],[1666227.7819999997,528423.11999999918],[1666216.5399999991,528416.54399999976],[1666212.8640000001,528406.00799999945],[1666203.1789999995,528386.70600000024],[1666193.4829999991,528368.3599999994],[1666191.5319999997,528359.00699999928],[1666189.9350000005,528355.76600000076],[1666189.9729999993,528332.62600000016],[1666193.8330000006,528325.94700000063],[1666217.2489999998,528315.91699999943],[1666231.1879999992,528301.61600000039],[1666234.5649999995,528290.88399999961],[1666220.4759999998,528274.99699999951],[1666202.6140000001,528257.66000000015],[1666197.1740000006,528244.81900000013],[1666197.4690000005,528241.82399999909],[1666196.0399999991,528237.64699999988],[1666197.0830000006,528228.68500000052],[1666199.0010000002,528206.74899999984],[1666203.4719999991,528187.22100000083],[1666206.6500000004,528170.39699999988],[1666215.0620000008,528151.38399999961],[1666229.0869999994,528128.95299999975],[1666234.8790000007,528123.64399999939],[1666247.7129999995,528109.19899999909],[1666273.0979999993,528092.24300000072],[1666294.2459999993,528077.76700000092],[1666308.0979999993,528071.59500000067],[1666330.5580000002,528062.39699999988],[1666350.8120000008,528052.91200000048],[1666371.2119999994,528044.40399999917],[1666378.7280000001,528040.27800000086],[1666401.0199999996,528032.01600000076],[1666425.352,528015.08300000057],[1666427.8129999992,528011.25500000082],[1666431.1429999992,528009.77400000021],[1666444.0639999993,527987.19999999925],[1666458.8359999992,527958.80199999921],[1666463.5240000002,527953.34899999946],[1666467.7190000005,527944.79900000058],[1666484.0769999996,527910.70299999975],[1666497.3530000001,527894.24100000039],[1666502.9560000002,527881.88399999961],[1666512.3019999992,527863.95099999942],[1666516.5930000003,527846.31499999948],[1666514.7770000007,527828.99799999967],[1666511.3139999993,527808.27400000021],[1666511.1659999993,527802.34899999946],[1666510.5639999993,527759.81200000085],[1666505.0360000003,527755.09899999946],[1666497.7850000001,527749.20399999991],[1666486.0590000004,527738.57300000079],[1666473.2290000003,527727.79900000058],[1666458.2740000002,527718.98200000077],[1666452.3800000008,527709.11400000006],[1666440.5510000009,527683.30599999987],[1666451.5950000007,527683.79099999927],[1666459.9289999995,527681.84699999914],[1666474.0649999995,527673.63800000027],[1666489.4199999999,527664.47100000083],[1666500.6779999994,527654.76799999923],[1666506.9309999999,527645.52899999917],[1666508.5620000008,527625.63099999912],[1666507.3770000003,527618.2929999996],[1666499.7379999999,527599.25799999945],[1666486.8670000006,527582.41300000064],[1666482.7369999997,527574.84999999963],[1666473.7310000006,527565.69299999997],[1666459.1559999995,527545.75200000033],[1666438.341,527518.77099999972],[1666420.4759999998,527501.43300000019],[1666404.1569999997,527487.16999999993],[1666396.2540000007,527478.15699999966],[1666374.2909999993,527460.28399999999],[1666360.0309999995,527445.33300000057],[1666343.2599999998,527434.04499999993],[1666326.8239999991,527420.88399999961],[1666306.0590000004,527394.0700000003],[1666303.159,527384.59300000034],[1666304.6209999993,527365.63000000082],[1666309.3729999997,527344.06399999931],[1666305.6740000006,527325.54399999976],[1666305.0219999999,527322.42699999921],[1666284.2569999993,527295.6129999999],[1666275.7880000006,527275.35300000012],[1666272.8780000005,527266.8320000004],[1666266.9299999997,527241.95299999975],[1666264.3969999999,527237.63199999928],[1666260.4370000008,527213.81100000069],[1666257.4739999995,527190.27999999933],[1666256.6229999997,527181.07100000046],[1666255.2670000009,527159.82399999909],[1666253.7650000006,527147.49699999951],[1666255.4039999992,527126.64200000092],[1666259.8599999994,527108.0700000003],[1666272.8389999997,527069.38199999928],[1666279.5439999998,527057.16899999976],[1666291.7139999997,527040.56200000085],[1666297.8839999996,527024.12900000066],[1666305.6290000007,527002.95399999991],[1666307.773,526994.13599999994],[1666313.4680000003,526972.69299999997],[1666321.2129999995,526951.51799999923],[1666326.9810000006,526938.22499999963],[1666332.5720000006,526926.82399999909],[1666340.3269999996,526904.69299999997],[1666344.6879999992,526895.2070000004],[1666348.3460000008,526882.43600000069],[1666353.1050000004,526859.91300000064],[1666357.193,526836.18600000069],[1666359.2200000007,526828.47000000067],[1666363.023,526806.77999999933],[1666368.1390000004,526790.36900000088],[1666370.4829999991,526787.64200000092],[1666375.2540000007,526774.06000000052],[1666384.8790000007,526754.08799999952],[1666392.7909999993,526731.97699999996],[1666404.7589999996,526709.27899999917],[1666409.7809999995,526701.95399999991],[1666422.2339999992,526683.30900000036],[1666433.6339999996,526664.68600000069],[1666440.6219999995,526650.43500000052],[1666451.4869999997,526627.59300000034],[1666468.2149999999,526607.59100000001],[1666482.8939999994,526587.32200000063],[1666500.8420000002,526566.3629999999],[1666511.7899999991,526550.71399999969],[1666526.4920000006,526538.42799999937],[1666538.4489999991,526532.00899999961],[1666546.4149999991,526524.90899999999],[1666551.8430000003,526483.3200000003],[1666561.9509999994,526467.4020000007],[1666563.1909999996,526464.53199999966],[1666574.7809999995,526452.9570000004],[1666586.9389999993,526437.30700000003],[1666601.3330000006,526419.07599999942],[1666620.6040000003,526402.43899999931],[1666636.7019999996,526387.30399999954],[1666657.8450000007,526372.82699999958],[1666675.0989999995,526362.95099999942],[1666697.0710000005,526349.69999999925],[1666714.9440000001,526335.9140000008],[1666733.091,526321.04700000025],[1666749.6840000004,526309.00899999961],[1666774.0079999994,526292.07599999942],[1666795.4350000005,526275.56200000085],[1666813.6760000009,526266.93200000003],[1666833.0859999992,526257.17799999937],[1666855.7190000005,526246.08899999969],[1666881.1050000004,526228.17799999937],[1666899.6199999992,526218.46700000018],[1666919.0299999993,526208.71299999952],[1666939.3200000003,526200.35099999979],[1666944.7750000004,526196.9140000008],[1666958.3289999999,526193.7379999999],[1666974.1760000009,526187.6679999996],[1666988.7090000007,526176.3200000003],[1667001.3780000005,526156.90599999949],[1666997.8230000008,526144.31100000069],[1666994.5010000002,526139.88599999994],[1666993.8489999995,526136.76799999923],[1666991.1380000003,526134.33899999969],[1666977.3029999994,526108.42799999937],[1666965.0649999995,526085.75999999978],[1666962.4230000004,526066.26099999994],[1666968.1040000003,526045.77400000021],[1666976.7899999991,526024.7229999993],[1666987.8090000004,526001.90100000054],[1666990.1520000007,525999.17500000075],[1667003.8829999994,525978.78299999982],[1667010.1229999997,525970.5],[1667026.3969999999,525953.4729999993],[1667040.3279999997,525939.17300000042],[1667057.8310000002,525920.23200000077],[1667064.6830000002,525913.9450000003],[1667080.6630000006,525899.91300000064],[1667098.25,525888.16499999911],[1667114.9989999998,525876.14900000021],[1667132.4100000001,525866.29399999976],[1667143.2019999996,525860.52199999988],[1667159.182,525846.49000000022],[1667175.4550000001,525829.46299999952],[1667181.0519999992,525817.10700000077],[1667198.4130000006,525775.9609999992],[1667200.9230000004,525772.29800000042],[1667207.8320000004,525749.89800000004],[1667218.9010000005,525727.24300000072],[1667232.5789999999,525706.68500000052],[1667248.534,525684.66899999976],[1667259.0079999994,525673.90699999966],[1667270.8039999995,525652.14599999972],[1667277.1449999996,525633.82100000046],[1667284.7569999993,525614.70500000007],[1667289.5,525593.13800000027],[1667295.4729999993,525569.65799999982],[1667303.9389999993,525559.75100000016],[1667313.3090000004,525548.84500000067],[1667319.8670000006,525545.55299999937],[1667324.4360000007,525541.20199999958],[1667349.0749999993,525529.25999999978],[1667371.4780000001,525519.89900000021],[1667395.6970000006,525513.00999999978],[1667417.5329999998,525507.72499999963],[1667434.4820000008,525501.80100000091],[1667458.8369999994,525491.89800000004],[1667466.5069999993,525487.7929999996],[1667487.6809999999,525480.34699999914],[1667526.3579999991,525469.28399999999],[1667547.4149999991,525462.93999999948],[1667565.8770000003,525453.06499999948],[1667584.693,525439.40399999917],[1667605.8320000004,525424.93099999987],[1667623.2410000004,525415.07699999958],[1667644.7679999992,525403.84699999914],[1667669.2290000003,525393.79900000058],[1667688.6879999992,525384.21299999952],[1667698.25,525380.35600000061],[1667723.5059999991,525364.50599999912],[1667735.8359999992,525346.96600000001],[1667743.4309999999,525334.7109999992],[1667757.8450000007,525324.46600000001],[1667773.1699999999,525307.31699999981],[1667778.0219999999,525300.92899999954],[1667778.4729999993,525297.95500000007],[1667787.3469999991,525283.95199999958],[1667794.5419999994,525274.83799999952],[1667821.1940000001,525256.13800000027],[1667830.352,525240.0979999993],[1667836.1500000004,525233.83300000057],[1667851.0490000006,525227.64200000092],[1667870.5069999993,525218.05800000019],[1667888.2090000007,525205.21000000089],[1667913.0950000007,525184.20500000007],[1667935.841,525172.01799999923],[1667961.0869999994,525157.125],[1667981.6060000006,525146.56299999915],[1668003.6989999991,525131.25799999945],[1668030.0170000009,525114.43099999987],[1668051.7909999993,525094.13599999994],[1668060.4629999995,525074.04199999943],[1668064.5409999993,525050.31399999931],[1668062.2640000004,525035.96900000051],[1668056.6989999991,525024.22699999996],[1668060.1999999993,525005.53199999966],[1668054.4680000003,524994.72499999963],[1668053.1530000009,524989.44600000046],[1668054.6400000006,524977.50899999961],[1668059.2540000007,524958.00200000033],[1668053.0360000003,524943.14100000076],[1668047.8450000007,524920.27500000037],[1668047.6980000008,524898.06900000013],[1668050.784,524889.375],[1668058.5179999992,524868.20099999942],[1668061.25,524847.48900000006],[1668061.1640000008,524840.29499999993],[1668062.9079999998,524818.3359999992],[1668063.3330000006,524807.37800000049],[1668062.2489999998,524784.09200000018],[1668060.0519999992,524761.61800000072],[1668053.9049999993,524739.58400000073],[1668052.5629999992,524726.3200000003],[1668061.5769999996,524703.39800000004],[1668064.0989999995,524682.49899999984],[1668063.0409999993,524667.19700000063],[1668063.0059999991,524660.16899999976],[1668061.7540000007,524637.81900000013],[1668059.4399999995,524616.44600000046],[1668058.8059999999,524590.18600000069],[1668059.3460000008,524578.12600000016],[1668062.0260000005,524557.24799999967],[1668063.6429999992,524537.3479999993],[1668064.3599999994,524523.39599999972],[1668064.1569999997,524517.30399999954],[1668071.7229999993,524497.06499999948],[1668083.5539999995,524476.42699999921],[1668084.8719999995,524465.42600000091],[1668087.7180000003,524443.61199999973],[1668087.4890000001,524429.53600000031],[1668090.2550000008,524415.85199999996],[1668091.3340000007,524391.73200000077],[1668089.7449999992,524387.53299999982],[1668082.4920000006,524365.35500000045],[1668079.2320000008,524343.85899999924],[1668074.2050000001,524320.05700000003],[1668073.7980000004,524307.87299999967],[1668074.5940000005,524285.79099999927],[1668074.6840000004,524276.70399999991],[1668077.5289999992,524254.8900000006],[1668081.0370000005,524235.2379999999],[1668084.4039999992,524224.50500000082],[1668093.1229999997,524204.57699999958],[1668099.0079999994,524189.22599999979],[1668098.6380000003,524184.0700000003],[1668098.4879999999,524161.86400000006],[1668101.2520000003,524148.1799999997],[1668108.807,524128.89699999988],[1668118.5969999991,524107.03399999999],[1668120.7259999998,524099.17300000042],[1668125.0120000001,524080.58000000007],[1668134.0219999999,524057.65699999966],[1668138.0950000007,524033.92899999954],[1668136.3809999991,524015.50799999945],[1668138.2789999992,523993.5700000003],[1668139.648,523982.73599999957],[1668139.2139999997,523962.56799999997],[1668135.1579999998,523946.87299999967],[1668134.0700000003,523923.58699999936],[1668134.9790000003,523916.68300000019],[1668137.0020000003,523892.68600000069],[1668138.6530000009,523879.81399999931],[1668143.8379999995,523855.27300000004],[1668144.4639999997,523850.40699999966],[1668146.2039999999,523828.44899999909],[1668147.7149999999,523824.49599999934],[1668147.2200000007,523821.39900000021],[1668150.9289999995,523807.83799999952],[1668154.2679999992,523789.12099999934],[1668157.2780000009,523766.37099999934],[1668159.9629999995,523744.53600000031],[1668159.5179999992,523725.32399999909],[1668152.9529999997,523713.29199999943],[1668143.1620000005,523703.07300000079],[1668138.3719999995,523692.3900000006],[1668139.8190000001,523673.42600000091],[1668142.4949999992,523652.54700000025],[1668140.8949999996,523649.3049999997],[1668124.4499999993,523636.1400000006],[1668110.7540000007,523632.43200000003],[1668097.4570000004,523625.58500000089],[1668083.6870000008,523607.82100000046],[1668072.9869999997,523588.22499999963],[1668068.6469999999,523574.56900000013],[1668059.1510000005,523539.16899999976],[1668054.0690000001,523515.20099999942],[1668051.4869999997,523504.80700000003],[1668049.7799999993,523485.43099999987],[1668051.3929999992,523465.52999999933],[1668054.2339999992,523443.71600000001],[1668062.7410000004,523423.59999999963],[1668066.1860000007,523421.01899999939],[1668091.4350000005,523405.16899999976],[1668108.9179999996,523387.18500000052],[1668115.1710000001,523376.99100000039],[1668125.602,523359.20199999958],[1668133.3300000001,523338.0270000007],[1668131.8969999999,523333.84899999946],[1668128.0810000002,523331.27500000037],[1668127.1349999998,523331.15100000054],[1668105.8399999999,523324.37399999984],[1668099.159,523313.44400000013],[1668089.2489999998,523288.04600000009],[1668079.9419999998,523265.59999999963],[1668073.3900000006,523246.70600000024],[1668073.682,523243.71199999936],[1668069.3320000004,523231.0120000001],[1668062.25,523206.94199999981],[1668047.5030000005,523164.78999999911],[1668039.7949999999,523145.5859999992],[1668033.6500000004,523122.59600000083],[1668026.6099999994,523099.64800000004],[1668026.0710000005,523095.42799999937],[1668020.5510000009,523067.57200000063],[1668018.9509999994,523064.33000000007],[1668012.9719999991,523040.40399999917],[1668013.2640000004,523037.41000000015],[1668011.2259999998,523013.99899999984],[1668009.0999999996,522999.67500000075],[1668009.841,522993.7070000004],[1668005.7449999992,522970.9849999994],[1668003.0899999999,522951.48399999924],[1668002.6799999997,522939.30000000075],[1668002.3599999994,522934.31000000052],[1668002.3279999997,522910.04499999993],[1668005.1669999994,522888.23100000061],[1668005.5869999994,522877.27300000004],[1668012.8640000001,522859.07100000046],[1668018.6490000002,522853.76300000027],[1668044.2650000006,522826.78800000064],[1668060.9749999996,522806.78800000064],[1668073.2870000005,522790.20299999975],[1668087.1559999995,522775.73699999973],[1668093.5950000007,522773.54700000025],[1668101.6439999994,522773.64200000092],[1668105.4179999996,522775.09400000051],[1668127.9039999992,522772.92799999937],[1668144.5370000005,522761.05900000036],[1668150.7709999997,522752.77600000054],[1668151.1779999994,522748.6799999997],[1668146.9169999994,522743.17400000058],[1668139.0439999998,522741.18700000085],[1668119.3479999993,522737.6520000007],[1668118.6940000001,522734.53399999999],[1668121.7369999997,522718.81100000069],[1668128.9169999994,522710.65300000086],[1668135.0319999997,522709.37800000049],[1668144.0179999992,522710.55299999937],[1668165.3809999991,522732.34200000018],[1668171.8200000003,522730.1520000007],[1668174.4529999997,522724.43200000003],[1668172.9519999996,522705.24100000039],[1668168.6870000008,522683.45500000007],[1668168.4810000006,522677.3629999999],[1668175.5040000007,522669.18400000036],[1668200.0859999992,522651.17200000025],[1668221.4299999997,522641.83500000089],[1668245.9350000005,522631.95299999975],[1668256.7229999993,522626.18200000003],[1668278.4379999992,522622.00100000016],[1668283.8900000006,522618.56499999948],[1668306.3369999994,522609.37199999951],[1668330.3029999994,522595.26999999955],[1668355.2569999993,522582.41499999911],[1668378.2780000009,522568.18999999948],[1668398.9670000002,522555.7349999994],[1668417.3059999999,522546.96199999936],[1668441.3619999997,522540.05599999987],[1668448.5800000001,522538.92600000091],[1668469.9529999997,522537.57300000079],[1668490.5260000005,522526.22000000067],[1668512.1119999997,522507.81799999997],[1668521.6329999994,522496.93400000036],[1668529.6380000003,522473.72100000083],[1668532.9250000007,522471.11800000072],[1668539.8609999996,522472.02600000054],[1668561.1089999992,522472.73299999908],[1668568.6190000009,522468.60799999908],[1668576.7440000009,522460.57399999909],[1668588.3990000002,522440.87199999951],[1668591.8990000002,522421.21900000051],[1668591.6940000001,522415.12700000033],[1668589.8579999991,522397.80800000019],[1668589.4560000002,522384.66699999943],[1668596.5150000006,522361.33000000007],[1668596.682,522360.39399999939],[1668601.2339999992,522340.72000000067],[1668605.1060000006,522326.2229999993],[1668612.8969999999,522320.06000000052],[1668627.2180000003,522318.90300000086],[1668636.2430000007,522327.10700000077],[1668649.0879999995,522320.64900000021],[1668661.5730000008,522302.17200000025],[1668673.5989999995,522287.62600000016],[1668687.4670000002,522273.16100000031],[1668700.6060000006,522257.80299999937],[1668711.3230000008,522237.02099999972],[1668718.6180000007,522227.76099999994],[1668733.9309999999,522210.61199999973],[1668743.8320000004,522203.92799999937],[1668760.5779999997,522190.95800000057],[1668817.6899999995,522170.98299999908],[1668842.7579999994,522157.02800000086],[1668859.9619999994,522140.12800000049],[1668877.4389999993,522122.14599999972],[1668896.1199999992,522110.54700000025],[1668917.5769999996,522100.10899999924],[1668945.3579999991,522088.58500000089],[1668965.0590000004,522068.97900000028],[1668984.1370000001,522054.24000000022],[1669001.5380000006,522044.38900000043],[1669020.0510000009,522033.72599999979],[1669049.6319999993,522015.25500000082],[1669074.5419999994,522001.27999999933],[1669088.375,521996.06900000013],[1669109.25,521991.62099999934],[1669125.2650000006,521983.6640000008],[1669146.4309999999,521976.22199999914],[1669171.0490000006,521965.24200000055],[1669196.4979999997,521955.4879999999],[1669220.1710000001,521944.38399999961],[1669243.1879999992,521930.16200000048],[1669264.2080000006,521915.83799999952],[1669268.4309999999,521914.31599999964],[1669285.4130000006,521915.42400000058],[1669301.1280000005,521911.4179999996],[1669322.4600000009,521903.04099999927],[1669336.1349999998,521897.81000000052],[1669361.8660000004,521886.01899999939],[1669369.5319999997,521881.91599999927],[1669417.3430000003,521854.82300000079],[1669437.3650000002,521840.20900000073],[1669459.1549999993,521827.9020000007],[1669482.1630000006,521814.6370000001],[1669494.7249999996,521810.21800000034],[1669515.2870000005,521799.82499999925],[1669540.0710000005,521787.91100000031],[1669558.5319999997,521777.08300000057],[1669576.2139999997,521765.1950000003],[1669596.7750000004,521754.80199999921],[1669628.7860000003,521740.80299999937],[1669641.2080000006,521723.11800000072],[1669659.8870000001,521711.52099999972],[1669679.0030000005,521703.81200000085],[1669696.3619999997,521686.93500000052],[1669700.1050000004,521680.4020000007],[1669716.1459999997,521658.24400000088],[1669717.8310000002,521652.40000000037],[1669718.8959999997,521628.27800000086],[1669719.6349999998,521622.31000000052],[1669732.9379999992,521606.01799999923],[1669755.9539999999,521591.79700000025],[1669777.1280000005,521583.40100000054],[1669794.8090000004,521571.51400000043],[1669808.7249999996,521557.21700000018],[1669808.5179999992,521551.125],[1669798.3399999999,521536.70199999958],[1669799.2540000007,521528.84100000001],[1669810.4480000008,521513.07100000046],[1669810.7379999999,521510.07599999942],[1669807.7029999997,521502.65499999933],[1669787.7689999994,521485.03700000048],[1669785.9609999992,521475.70199999958],[1669787.8120000008,521468.92200000025],[1669805.2860000003,521450.94199999981],[1669823.6309999991,521441.21700000018],[1669829.9030000009,521439.96499999985],[1669853.2919999994,521430.90100000054],[1669860.8000000007,521426.77800000086],[1669867.6960000005,521420.65899999999],[1669872.3440000005,521407.2229999993],[1669877.9199999999,521395.82399999909],[1669893.0539999995,521380.5700000003],[1669938.6359999999,521355.10400000028],[1669960.3090000004,521343.90100000054],[1669973.9220000003,521339.4609999992],[1669993.7440000009,521335.03800000064],[1670005.3589999992,521330.49599999934],[1670028.125,521326.30000000075],[1670034.4049999993,521324.09100000001],[1670058.4489999991,521318.14699999988],[1670071.1679999996,521313.75],[1670094.057,521307.49499999918],[1670118.1009999998,521301.55100000091],[1670135.2180000003,521293.74100000039],[1670157.7349999994,521276.42400000058],[1670175.6649999991,521254.5150000006],[1670193.6349999998,521239.63499999978],[1670206.5209999997,521234.30199999921],[1670215.4629999995,521234.35799999908],[1670218.3430000003,521235.85300000012],[1670229.625,521250.42200000025],[1670250.2899999991,521263.02999999933],[1670257.5989999995,521269.09699999914],[1670275.1109999996,521281.29099999927],[1670289.8039999995,521285.29399999976],[1670312.943,521286.25500000082],[1670334.3550000004,521291.93799999915],[1670352.3650000002,521301.32499999925],[1670373.4869999997,521310.00300000049],[1670384.5700000003,521317.52300000004],[1670389.6549999993,521325.21299999952],[1670390.9749999996,521330.49400000088],[1670407.9140000008,521347.72100000083],[1670416.6170000006,521350.93799999915],[1670438.3110000007,521354.58400000073],[1670441.3059999999,521354.97699999996],[1670464.1219999995,521350.94899999909],[1670467.1170000006,521351.34200000018],[1670490.5460000001,521349.30900000036],[1670511.6349999998,521350.00300000049],[1670537.7170000002,521351.19199999981],[1670565.4600000009,521354.83400000073],[1670580.5510000009,521355.69800000079],[1670603.6889999993,521356.66000000015],[1670607.9120000005,521355.1400000006],[1670611.8530000001,521355.65699999966],[1670622.5219999999,521350.99300000072],[1670632.4210000001,521344.31100000069],[1670636.6349999998,521343.74699999951],[1670639.9199999999,521341.14599999972],[1670666.2630000003,521325.45099999942],[1670687.3949999996,521310.02899999917],[1670699.0850000009,521297.35799999908],[1670714.8819999993,521284.26799999923],[1670717.5030000005,521279.50500000082],[1670732.3540000003,521266.29099999927],[1670738.4269999992,521257.99100000039],[1670751.1879999992,521237.48000000045],[1670763.5010000002,521219.94199999981],[1670767.5170000009,521212.32899999991],[1670778.3949999996,521190.6129999999],[1670780.5360000003,521180.83799999952],[1670784.4690000005,521159.1679999996],[1670783.6060000006,521149.9570000004],[1670772.0419999994,521137.42500000075],[1670751.659,521122.7770000007],[1670745.5360000003,521107.76700000092],[1670746.4000000004,521093.83400000073],[1670753.6679999996,521075.63399999961],[1670766.4690000005,521062.1520000007],[1670772.9900000002,521050.87700000033],[1670769.9959999993,521027.33899999969],[1670750.591,521020.80100000091],[1670734.5549999997,521019.81299999915],[1670716.7420000006,521017.47399999946],[1670697.5779999997,521001.86900000088],[1670689.4230000004,521001.91599999927],[1670679.5250000004,521008.59699999914],[1670667.1390000004,521011.12099999934],[1670645.3949999996,521007.30800000019],[1670642.5659999996,521005.97900000028],[1670621.9749999996,520985.23900000006],[1670612.0859999992,520967.8200000003],[1670594.5639999993,520939.34300000034],[1670578.8599999994,520919.24400000088],[1670564.5730000008,520905.2379999999],[1670547.1840000004,520890.9849999994],[1670526.7080000006,520869.14299999923],[1670524.8249999993,520844.79399999976],[1670528.7139999997,520822.00100000016],[1670540.1209999993,520788.2229999993],[1670542.9079999998,520782.52300000004],[1670552.6720000003,520761.61800000072],[1670563.7890000008,520753.98000000045],[1670572.0850000009,520744.0549999997],[1670573.0720000006,520728.06399999931],[1670579.4169999994,520718.68099999987],[1670578.7620000001,520715.56200000085],[1670569.2459999993,520703.30000000075],[1670564.898,520689.64100000076],[1670569.6170000006,520668.07399999909],[1670571.4580000006,520662.25],[1670580.284,520640.26400000043],[1670586.3880000003,520616.80399999954],[1670585.9079999998,520611.7929999996],[1670590.8990000002,520589.14399999939],[1670602.0240000002,520580.54900000058],[1670613.6300000008,520576.96499999985],[1670630.1229999997,520574.02199999988],[1670651.6260000002,520563.75699999928],[1670669.7520000003,520548.89800000004],[1670683.6219999995,520527.57399999909],[1670692.5960000008,520512.47199999914],[1670693.5810000002,520496.48000000045],[1670685.9480000008,520485.42200000025],[1670679.3530000001,520481.68300000019],[1670661.7890000008,520469.32200000063],[1670645.1359999999,520449.09899999946],[1670639.8420000002,520435.31599999964],[1670637.9900000002,520418.95199999958],[1670639.9940000009,520394.95299999975],[1670641.4360000007,520375.03099999949],[1670644.5429999996,520351.17799999937],[1670645.0390000008,520331.13099999912],[1670646.4299999997,520305.1370000001],[1670645.7740000002,520302.01799999923],[1670639.8959999997,520276.9849999994],[1670629.9619999994,520252.53700000048],[1670622.1280000005,520234.4299999997],[1670613.0240000002,520211.20900000073],[1670613.0969999991,520203.07799999975],[1670612.9269999992,520180.86900000088],[1670611.3729999997,520160.55399999954],[1670611.3690000009,520137.40899999999],[1670614.6840000004,520119.64900000021],[1670614.7569999993,520111.51799999923],[1670613.2019999996,520091.20199999958],[1670611.8469999991,520077.93600000069],[1670615.0050000008,520054.24899999984],[1670619.5889999997,520041.60300000012],[1670632.0629999992,520023.12900000066],[1670640.4649999999,520013.05900000036],[1670656.4240000006,519999.03299999982],[1670677.1769999992,519978.45299999975],[1670690.7119999994,519959.00100000016],[1670692.9649999999,519942.21800000034],[1670693.2929999996,519923.10799999908],[1670693.625,519921.23599999957],[1670693.0840000007,519917.0150000006],[1670694.9619999994,519895.07499999925],[1670693.3690000009,519890.87600000016],[1670671.8619999997,519877.99699999951],[1670657.6319999993,519863.20099999942],[1670648.6410000008,519838.87700000033],[1670647.6099999994,519830.60099999979],[1670646.5010000002,519807.31200000085],[1670649.0439999998,519787.53399999999],[1670643.1260000002,519778.61700000055],[1670638.0299999993,519771.88299999945],[1670625.9719999991,519755.29700000025],[1670627.1219999995,519738.36900000088],[1670627.8149999995,519725.37199999951],[1670628.9130000006,519708.27800000086],[1670632.4729999993,519680.49300000072],[1670634.2780000009,519666.68500000052],[1670637.3540000003,519657.99000000022],[1670642.4780000001,519649.56499999948],[1670648.8809999991,519639.39200000092],[1670658.227,519629.44600000046],[1670669.1760000009,519622.74300000072],[1670677.5050000008,519620.80299999937],[1670690.2650000006,519623.43600000069],[1670702.7349999994,519629.06299999915],[1670707.9969999995,519634.86099999957],[1670711.6490000002,519638.37299999967],[1670726.2919999994,519642.2109999992],[1670740.9010000005,519638.06299999915],[1670744.0109999999,519637.35400000028],[1670755.3000000007,519627.82300000079],[1670763.0439999998,519614.63399999961],[1670771.6190000009,519602.67100000009],[1670779.2479999997,519590.58500000089],[1670788.7609999999,519579.70299999975],[1670802.8699999992,519572.4570000004],[1670817.3039999995,519570.20199999958],[1670830.0639999993,519572.83500000089],[1670842.9900000002,519574.53199999966],[1670868.0199999996,519575.74300000072],[1670885.0730000008,519568.72499999963],[1670899.3920000009,519567.57200000063],[1670923.932,519564.72900000028],[1670938.5399999991,519560.5820000004],[1670954.0859999992,519557.5150000006],[1670968.6850000005,519554.32499999925],[1670998.1830000002,519543.99300000072],[1671013.2379999999,519536.87199999951],[1671026.6909999996,519526.50799999945],[1671034.9250000007,519517.37399999984],[1671052.4499999993,519498.60600000061],[1671073.3579999991,519478.04800000042],[1671084.9269999992,519466.48000000045],[1671092.5050000008,519454.22699999996],[1671104.977,519435.75400000066],[1671107.7620000001,519430.05399999954],[1671116.4519999996,519416.99000000022],[1671127.3650000002,519402.30199999921],[1671143.1119999997,519382.18400000036],[1671151.3969999999,519373.21700000018],[1671166.148,519352.80800000019],[1671172.8389999997,519339.64100000076],[1671181.2029999997,519321.5859999992],[1671197.0739999991,519299.40899999999],[1671218.3640000001,519283.05199999921],[1671243.3259999994,519261.91000000015],[1671256.0069999993,519249.52999999933],[1671259.5720000006,519244.8900000006],[1671267.8560000006,519235.92300000042],[1671277.648,519223.00400000066],[1671286.3880000003,519210.10600000061],[1671305.9890000001,519182.35400000028],[1671311.8399999999,519168.91699999943],[1671318.3650000002,519156.68600000069],[1671327.8760000002,519145.8049999997],[1671350.8389999997,519124.56000000052],[1671362.4069999997,519112.99200000055],[1671380.7019999996,519096.24200000055],[1671402.3949999996,519075.78800000064],[1671419.3680000007,519053.75699999928],[1671426.9949999992,519041.67100000009],[1671432.6879999992,519028.21299999952],[1671440.3159999996,519016.12700000033],[1671447.7770000007,519004.97699999996],[1671465.5800000001,518984.17200000025],[1671475.3719999995,518971.25300000049],[1671486.1089999992,518958.45800000057],[1671495.7939999998,518945.68500000052],[1671506.4159999993,518933.99200000055],[1671517.6439999994,518925.25200000033],[1671540.8239999991,518909.14399999939],[1671563.6199999992,518888.8359999992],[1671574.3570000008,518876.04199999943],[1671591.8699999992,518858.23200000077],[1671605.3220000006,518847.86900000088],[1671620.4900000002,518839.64699999988],[1671646.0079999994,518820.81399999931],[1671659.9839999992,518798.3900000006],[1671666.7019999996,518794.16499999911],[1671682.9450000003,518777.14599999972],[1671692.6300000008,518764.37299999967],[1671699.1889999993,518760.12800000049],[1671705.4600000009,518758.87700000033],[1671707.5170000009,518758.18999999948],[1671732.6170000006,518751.27300000004],[1671743.2379999999,518739.58100000024],[1671750.9800000004,518726.39299999923],[1671762.5470000003,518714.82499999925],[1671786.4529999997,518693.70600000024],[1671799.8959999997,518684.30000000075],[1671814.7829999998,518678.11700000055],[1671825.3350000009,518674.55599999987],[1671829.5559999999,518673.03600000031],[1671842.1060000006,518669.57799999975],[1671862.3259999994,518661.06299999915],[1671871.5999999996,518659.25],[1671883.1669999994,518647.68200000003],[1671893.8949999996,518635.84400000051],[1671904.7349999994,518629.2890000008],[1671930.0700000003,518613.30599999987],[1671968.2939999998,518591.03800000064],[1671994.3019999992,518576.2620000001],[1672000.4069999997,518575.94700000063],[1672007.3340000007,518577.81599999964],[1672019.6030000001,518576.39599999972],[1672031.3809999991,518570.92200000025],[1672037.2829999998,518563.55800000019],[1672039.568,518554.75999999978],[1672051.1349999998,518543.19299999997],[1672064.4189999998,518533.76600000076],[1672080.6980000008,518524.73399999924],[1672092.4759999998,518519.25999999978],[1672096.6970000006,518517.74000000022],[1672104.8589999992,518516.7379999999],[1672114.0800000001,518508.85300000012],[1672141.7149999999,518482.16000000015],[1672164.8929999992,518466.0549999997],[1672189.4920000006,518456.04199999943],[1672217.0940000005,518445.46700000018],[1672227.9340000004,518438.91200000048],[1672252.5409999993,518427.94299999997],[1672265.2559999991,518423.55000000075],[1672278.7510000002,518420.21700000018],[1672303.841,518414.25999999978],[1672317.3359999992,518410.92699999921],[1672331.9419999998,518406.78299999982],[1672347.818,518401.84899999946],[1672371.9700000007,518394.81100000069],[1672395.4649999999,518384.65399999917],[1672411.3489999995,518378.76300000027],[1672427.2960000001,518371.60300000012],[1672449.9049999993,518360.53099999949],[1672476.4639999997,518342.6370000001],[1672501.1219999995,518331.8359999992],[1672515.1769999992,518324.42699999921],[1672527.4010000005,518315.98000000045],[1672540.0270000007,518303.43600000069],[1672551.7589999996,518290.93300000019],[1672559.4289999995,518285.87700000033],[1672574.3080000002,518280.6520000007],[1672577.2660000008,518273.06100000069],[1672578.2809999995,518265.05399999954],[1672582.1760000009,518258.5429999996],[1672600.0899999999,518236.63900000043],[1672608.1610000003,518221.58000000007],[1672615.1970000006,518198.24400000088],[1672615.2290000003,518182.12700000033],[1672614.3230000008,518164.92899999954],[1672616.0730000008,518150.95399999991],[1672619.091,518136.18700000085],[1672616.5130000003,518123.87700000033],[1672612.0800000001,518119.30299999937],[1672615.5979999993,518107.63499999978],[1672621.1659999993,518096.23699999973],[1672618.2479999997,518086.75500000082],[1672621.2050000001,518079.16300000064],[1672630.9940000009,518066.24599999934],[1672641.6129999999,518054.5549999997],[1672648.4519999996,518048.27199999988],[1672673.5120000001,518033.37399999984],[1672699.9550000001,518016.58300000057],[1672711.2400000002,518007.0549999997],[1672728.2440000009,517993.0120000001],[1672750.9279999994,517972.85300000012],[1672764.1339999996,517972.51600000076],[1672781.2809999995,517972.69800000079],[1672794.7670000009,517970.32300000079],[1672801.3259999994,517966.07899999991],[1672805.2210000008,517959.56900000013],[1672807.8010000009,517946.8200000003],[1672813.3760000002,517934.46499999985],[1672821.6060000006,517925.33300000057],[1672835.5,517911.99799999967],[1672840.9609999992,517900.74599999934],[1672845.6960000005,517888.12099999934],[1672849.5989999995,517880.65399999917],[1672857.6689999998,517865.59500000067],[1672868.2369999997,517853.7379999999],[1672882.3499999996,517845.53999999911],[1672894.2329999991,517839.92200000025],[1672906.6669999994,517837.56799999997],[1672922.8760000002,517836.66999999993],[1672939.0769999996,517836.72699999996],[1672951.9519999996,517838.26300000027],[1672960.1129999999,517837.2620000001],[1672974.1050000004,517831.12399999984],[1672994.6030000001,517820.57399999909],[1673003.6260000002,517804.68300000019],[1673013.8589999992,517788.79199999943],[1673029.5089999996,517760.52600000054],[1673041.2390000001,517748.02400000021],[1673053.7410000004,517737.5390000008],[1673075.6390000004,517723.18400000036],[1673083.0209999997,517721.12299999967],[1673090.9619999994,517714.98599999957],[1673096.4680000003,517710.76300000027],[1673115.0370000005,517691.97900000028],[1673129.7479999997,517687.69199999981],[1673143.2939999998,517684.5270000007],[1673158.1789999995,517678.34699999914],[1673172.8990000002,517673.10300000012],[1673187.3819999993,517671.01999999955],[1673233.5649999995,517664.81200000085],[1673248.4509999994,517658.63199999928],[1673264.4389999993,517652.59699999914],[1673278.3790000007,517646.2929999996],[1673299.6999999993,517637.92799999937],[1673324.4020000007,517634.15899999999],[1673337.2379999999,517627.70900000073],[1673351.0120000001,517622.34100000001],[1673376.6050000004,517612.62399999984],[1673399.1510000005,517602.34500000067],[1673412.3190000001,517594.02400000021],[1673426.8729999997,517589.71700000018],[1673432.6500000004,517584.41200000048],[1673440.4470000006,517570.43500000052],[1673453.7210000008,517561.96900000051],[1673468.7709999997,517554.85300000012],[1673474.1040000003,517552.52300000004],[1673488.2550000008,517552.31299999915],[1673510.2880000006,517553.14100000076],[1673550.3969999999,517556.19099999964],[1673590.7559999991,517548.26099999994],[1673606.0179999992,517547.23900000006],[1673629.2689999994,517547.11099999957],[1673642.0289999992,517549.75],[1673658.4499999993,517554.94700000063],[1673675.1429999992,517559.06200000085],[1673689.6720000003,517564.00999999978],[1673711.9169999994,517570.93200000003],[1673733.6530000009,517575.71199999936],[1673755.2410000004,517579.5150000006],[1673769.2180000003,517581.19800000079],[1673786.8100000005,517578.40899999999],[1673803.4719999991,517573.5820000004],[1673819.0069999993,517571.48000000045],[1673835.0500000007,517571.51899999939],[1673849.2009999994,517571.31000000052],[1673862.1270000003,517573.01400000043],[1673876.9360000007,517575.92400000058],[1673891.5789999999,517579.76999999955],[1673901.3440000005,517582.0150000006],[1673925.8499999996,517595.30199999921],[1673933.8379999995,517596.1950000003],[1673950.6579999998,517591.38900000043],[1673963.1380000003,517596.06799999997],[1673974.9900000002,517606.56900000013],[1673977.1319999993,517620.89800000004],[1673984.2799999993,517627.90599999949],[1673997.0399999991,517630.54600000009],[1674009.6769999992,517635.24499999918],[1674012.8839999996,517641.73399999924],[1674014.7459999993,517658.10099999979],[1674018.068,517663.48699999973],[1674024.9949999992,517665.35799999908],[1674032.3849999998,517662.34200000018],[1674047.7149999999,517653.18999999948],[1674062.1079999991,517642.9570000004],[1674074.1559999995,517636.40499999933],[1674081.9010000005,517622.26300000027],[1674087.6789999995,517616.95900000073],[1674097.1170000006,517614.21299999952],[1674110.0209999997,517599.63399999961],[1674112.2440000009,517598.01099999994],[1674124.6469999999,517580.33300000057],[1674142.2679999992,517561.42799999937],[1674145.2249999996,517553.8359999992],[1674141.8809999991,517532.16599999927],[1674134.3680000007,517512.1799999997],[1674130.0419999994,517507.46000000089],[1674123.6579999998,517509.81000000052],[1674115.8230000008,517515.80000000075],[1674108.2760000005,517518.79600000009],[1674103.0629999992,517513.16000000015],[1674102.6850000005,517508.00200000033],[1674105.1960000005,517503.38499999978],[1674134.6600000001,517470.87700000033],[1674143.2280000001,517458.9179999996],[1674151.7880000006,517447.91599999927],[1674157.2349999994,517444.48399999924],[1674162.2400000002,517437.1640000008],[1674167.1469999999,517422.64699999988],[1674173.0079999994,517407.29800000042],[1674176.5240000002,517395.63099999912],[1674181.6649999991,517372.04700000025],[1674184.8540000003,517355.38800000027],[1674172.4570000004,517340.6640000008],[1674165.9199999999,517329.74599999934],[1674147.4869999997,517307.20299999975],[1674133.568,517298.34400000051],[1674132.2530000005,517292.10500000045],[1674131.6459999997,517289.1520000007],[1674132.6119999997,517274.11600000039],[1674128.4590000007,517267.50200000033],[1674114.1030000001,517260.66100000031],[1674100.8509999998,517253.96499999985],[1674094.4829999991,517248.01799999923],[1674095.5470000003,517240.17699999921],[1674105.5730000008,517217.23699999973],[1674113.4360000007,517195.12900000066],[1674119.2880000006,517180.73699999973],[1674129.8530000001,517168.88199999928],[1674140.4619999994,517158.15000000037],[1674146.9800000004,517145.92100000009],[1674153.4910000004,517134.64800000004],[1674159.2679999992,517129.34500000067],[1674173.3800000008,517121.15000000037],[1674187.4829999991,517113.91100000031],[1674201.4220000003,517107.60899999924],[1674214.2569999993,517101.16100000031],[1674233.9250000007,517082.52600000054],[1674244.6559999995,517069.7349999994],[1674253.2310000006,517056.81900000013],[1674255.0669999998,517050.99599999934],[1674258.0889999997,517035.27300000004],[1674261.9120000005,517005.44999999925],[1674269.3670000006,516994.30199999921],[1674279.7039999999,516984.65100000054],[1674284.6569999997,516977.1640000008],[1674289.7280000001,516961.71199999936],[1674291.6390000004,516946.80000000075],[1674292.6040000003,516931.76300000027],[1674296.0399999991,516904.12299999967],[1674300.0470000003,516896.51099999994],[1674318.8910000008,516875.69299999997],[1674327.6229999997,516862.79800000042],[1674335.3579999991,516849.61199999973],[1674341.2090000007,516835.22000000067],[1674351.9900000002,516822.59600000083],[1674363.6659999993,516809.9299999997],[1674372.2320000008,516797.97100000083],[1674381.8509999998,516785.99100000039],[1674404.5199999996,516766.79399999976],[1674429.5739999991,516751.90300000086],[1674440.9619999994,516742.23200000077],[1674448.5820000004,516730.14800000004],[1674460.284,516701.36400000006],[1674466.0199999996,516688.07499999925],[1674470.9250000007,516673.55800000019],[1674478.0449999999,516658.37600000016],[1674486.8900000006,516644.37900000066],[1674494.3450000007,516633.23100000061],[1674505.6919999998,516615.57399999909],[1674518.9719999991,516606.15300000086],[1674533.1889999993,516597.81299999915],[1674546.0920000002,516576.36999999918],[1674552.6089999992,516564.14100000076],[1674558.2860000003,516551.64200000092],[1674581.2850000001,516498.17200000025],[1674588.4120000005,516482.03299999982],[1674595.3729999997,516466.83000000007],[1674599.8320000004,516455.28700000048],[1674603.5109999999,516442.68400000036],[1674613.3670000006,516420.6799999997],[1674619.9749999996,516416.60300000012],[1674632.0769999996,516416.125],[1674645.1089999992,516417.68500000052],[1674672.4649999999,516417.14499999955],[1674696.6199999992,516409.15899999999],[1674711.8330000006,516401.1099999994],[1674722.4470000006,516389.42200000025],[1674732.0720000006,516376.48599999957],[1674740.7949999999,516364.54900000058],[1674748.3629999999,516352.29900000058],[1674755.0370000005,516340.09100000001],[1674759.6689999998,516326.65599999949],[1674769.6899999995,516303.71600000001],[1674775.2599999998,516291.3629999999],[1674783.3890000004,516268.17300000042],[1674786.9100000001,516255.54900000058],[1674789.9220000003,516240.78299999982],[1674793.8880000003,516225.18500000052],[1674799.4499999993,516213.78800000064],[1674812.852,516195.4450000003],[1674819.8049999997,516181.19800000079],[1674821.0370000005,516178.32799999975],[1674826.4340000004,516167.86700000055],[1674834.2180000003,516154.8479999993],[1674846.6229999997,516136.21399999969],[1674855.3939999994,516131.30599999987],[1674880.4450000003,516116.41599999927],[1674884.3300000001,516110.8629999999],[1674909.8739999998,516100.02899999917],[1674918.5529999994,516086.96800000034],[1674924.5590000004,516072.59699999914],[1674929.9629999995,516061.17899999954],[1674934.5859999992,516048.70099999942],[1674942.2050000001,516036.61800000072],[1674952.4879999999,516026.80199999921],[1674999.0850000009,515994.4849999994],[1675023.8489999995,515982.58999999985],[1675037.2919999994,515972.23399999924],[1675051.2280000001,515965.93300000019],[1675065.3300000001,515958.69600000046],[1675086.7259999998,515940.29199999943],[1675108.0429999996,515931.93300000019],[1675121.6999999993,515927.66999999993],[1675155.3890000004,515917.75300000049],[1675182.4230000004,515911.26600000076],[1675197.3049999997,515905.09100000001],[1675212.466,515896.87700000033],[1675225.6219999995,515889.51600000076],[1675265.0600000005,515864.39599999972],[1675287.5519999992,515847.09500000067],[1675305.4519999996,515825.19600000046],[1675312.2379999999,515811.8870000001],[1675317.807,515799.53299999982],[1675322.7090000007,515785.01700000092],[1675327.4959999993,515771.60199999996],[1675334.4550000001,515756.40000000037],[1675343.4629999995,515741.46800000034],[1675351.3589999992,515727.34699999914],[1675360.0360000003,515714.28700000048],[1675373.0490000006,515691.74300000072],[1675382.7229999993,515678.97399999946],[1675392.3379999995,515666.99599999934],[1675415.9480000008,515647.92699999921],[1675425.6140000001,515636.11500000022],[1675436.3399999999,515623.32599999942],[1675455.0629999992,515603.61199999973],[1675484.8259999994,515591.2620000001],[1675495.273,515580.51099999994],[1675505.0529999994,515567.59600000083],[1675517.9509999994,515546.15499999933],[1675524.5710000005,515533.78099999949],[1675530.9700000007,515522.65499999933],[1675538.7009999994,515509.47000000067],[1675548.4810000006,515496.55599999987],[1675556.7640000004,515486.63599999994],[1675572.3680000007,515475.44899999909],[1675583.2589999996,515461.72399999946],[1675594.8239999991,515449.20600000024],[1675613.8249999993,515427.45399999991],[1675625.4959999993,515414.7890000008],[1675636.2210000008,515402],[1675649.8279999997,515390.70900000073],[1675656.3330000006,515379.43799999915],[1675663.0040000007,515367.23000000045],[1675671.6799999997,515354.16999999993],[1675680.2420000006,515342.21299999952],[1675695.1370000001,515320.87600000016],[1675710.8709999993,515299.81000000052],[1675721.3090000004,515290.01600000076],[1675734.4710000008,515281.69899999909],[1675740.8540000003,515279.34999999963],[1675750.5260000005,515266.5820000004],[1675761.2510000002,515253.7929999996],[1675777.1429999992,515232.74799999967],[1675783.5329999998,515229.44199999981],[1675796.7369999997,515229.11199999973],[1675808.8379999995,515228.63599999994],[1675823.8760000002,515222.48200000077],[1675837.818,515215.22699999996],[1675858.9179999996,515200.77600000054],[1675867.193,515191.81299999915],[1675880.2530000005,515176.30000000075],[1675887.3530000001,515176.28099999949],[1675895.0700000003,515178.25899999961],[1675910.8880000003,515173.16599999927],[1675917.6089999992,515167.98900000006],[1675926.1699999999,515156.03199999966],[1675947.4340000004,515140.64599999972],[1675973.6980000008,515124.80299999937],[1675995.75,515109.52099999972],[1676019.8509999998,515094.50999999978],[1676043.9450000003,515080.45600000024],[1676068.3249999993,515063.40699999966],[1676077.5449999999,515054.5700000003],[1676096.3790000007,515033.75500000082],[1676105.8859999999,515021.92300000042],[1676113.6150000002,515008.7379999999],[1676121.5089999996,514994.61800000072],[1676128.9590000007,514983.47199999914],[1676144.8489999995,514962.42799999937],[1676164.3420000002,514944.73299999908],[1676170.1229999997,514938.47399999946],[1676173.1889999993,514929.78099999949],[1676172.9729999993,514923.68700000085],[1676177.1420000009,514915.13900000043],[1676198.3100000005,514891.60099999979],[1676206.8640000001,514880.60099999979],[1676215.4240000006,514868.64399999939],[1676223.0390000008,514856.56100000069],[1676229.7080000006,514844.35400000028],[1676235.5529999994,514829.96299999952],[1676240.4509999994,514815.44700000063],[1676248.0659999996,514803.36500000022],[1676254.6209999993,514799.12399999984],[1676267.8249999993,514798.79399999976],[1676281.0800000001,514805.49499999918],[1676290.8959999997,514814.77400000021],[1676312.7860000003,514833.79099999927],[1676323.4269999992,514845.25400000066],[1676331.8460000008,514858.33899999969],[1676340.1510000005,514872.52600000054],[1676349.5669999998,514885.90300000086],[1676358.7670000009,514900.04900000058],[1676370.7770000007,514924.78199999966],[1676386.8929999992,514949.10099999979],[1676390.2170000002,514954.48900000006],[1676395.9790000003,514964.34899999946],[1676403.9539999999,514980.40799999982],[1676423.8369999994,515007.14100000076],[1676436.6789999995,515033.10199999996],[1676440.9920000006,515046.60199999996],[1676445.0769999996,515062.30599999987],[1676448.3379999995,515075.82699999958],[1676450.6530000009,515089.22199999914],[1676451.4130000006,515106.4020000007],[1676448.8080000002,515150.43200000003],[1676448.1280000005,515163.43099999987],[1676445.0409999993,515188.24300000072],[1676441.9829999991,515195.98000000045],[1676440.8080000002,515204.92300000042],[1676440.8010000009,515205.87900000066],[1676436.4590000007,515216.31900000013],[1676429.0659999996,515233.53800000064],[1676423.6649999991,515244.95500000007],[1676414.1009999998,515263.96199999936],[1676406.2060000002,515278.0820000004],[1676405.1380000003,515286.88000000082],[1676407.8959999997,515297.30100000091],[1676419.6329999994,515323.11600000039],[1676423.1649999991,515335.5549999997],[1676428.4519999996,515365.46499999985],[1676431.2679999992,515381.95900000073],[1676441.6070000008,515411.58000000007],[1676443.3039999995,515429.84200000018],[1676449.7239999995,515442.82300000079],[1676455.9790000003,515456.73900000006],[1676543.0549999997,515770.74799999967],[1676630.0840000007,516084.59100000001],[1676636.0989999995,516108.53199999966],[1676644.5150000006,516121.61800000072],[1676661.8090000004,516136.03800000064],[1676689.0460000001,516143.47399999946],[1676702.1850000005,516151.27899999917],[1676714.3269999996,516158.79199999943],[1676727.466,516166.59600000083],[1676740.5979999993,516175.35799999908],[1676754.7970000003,516182.18600000069],[1676770.0989999995,516189.16000000015],[1676795.1659999993,516198.38399999961],[1676808.5840000007,516204.15000000037],[1676821.8369999994,516210.85300000012],[1676833.8650000002,516219.46900000051],[1676845.9000000004,516227.12800000049],[1676858.3729999997,516232.76999999955],[1676870.9590000007,516237.30900000036],[1676888.5969999991,516241.56000000052],[1676906.409,516243.9179999996],[1676923.7190000005,516243.17600000091],[1676940.0390000008,516241.18700000085],[1676955.8589999992,516236.0979999993],[1676970.4529999997,516232.92200000025],[1676986.9389999993,516229.99699999951],[1677004.0840000007,516230.19199999981],[1677019.0649999995,516231.21800000034],[1677101.5040000007,516241.65499999933],[1677114.1500000004,516245.40499999933],[1677126.6219999995,516251.04800000042],[1677138.9289999995,516257.62600000016],[1677152.0170000009,516265.26600000076],[1677166.1009999998,516273.19700000063],[1677175.8579999991,516276.40399999917],[1677192.9379999992,516284.73200000077],[1677215.9470000006,516294.64399999939],[1677228.2620000001,516300.26600000076],[1677264.2449999992,516318.91999999993],[1677284.1539999992,516328.58100000024],[1677321.5270000007,516344.38599999994],[1677337.9399999995,516350.55100000091],[1677368.7650000006,516369.6400000006],[1677402.0830000006,516386.02600000054],[1677426.8699999992,516397.29199999943],[1677441.0610000007,516405.07799999975],[1677456.2050000001,516412.03299999982],[1677471.6720000003,516418.07399999909],[1677488.0920000002,516423.28199999966],[1677501.7890000008,516427.01300000027],[1677516.5979999993,516429.93300000019],[1677546.3359999992,516433.71399999969],[1677560.1989999991,516436.50899999961],[1677641.5840000007,516446.97599999979],[1677708.6060000006,516451.54900000058],[1677733.5240000002,516446.55100000091],[1677750.1750000007,516442.69199999981],[1677767.6060000006,516439.89499999955],[1677783.3120000008,516435.91100000031],[1677799.9110000003,516431.88599999994],[1677814.3920000009,516429.81499999948],[1677842.0250000004,516427.25300000049],[1677854.2909999993,516425.84600000083],[1677869.8379999995,516421.84100000001],[1677885.3780000005,516418.7929999996],[1677899.9729999993,516415.61999999918],[1677915.5130000003,516412.57200000063],[1677928.0580000002,516409.12800000049],[1677941.8210000005,516404.72699999996],[1677957.0889999997,516402.76099999994],[1677972.4560000002,516401.60600000061],[1678011.6300000008,516402.65000000037],[1678031.9350000005,516402.31000000052],[1678051.0769999996,516402.6129999999],[1678065.1119999997,516403.51700000092],[1678078.9309999999,516405.18999999948],[1678107.2300000004,516404.7929999996],[1678137.2980000004,516406.70500000007],[1678153.4969999995,516406.77899999917],[1678169.8100000005,516405.75],[1678185.2349999994,516403.8049999997],[1678200.8890000004,516399.65599999949],[1678228.2019999996,516391.14699999988],[1678253.5710000005,516382.22000000067],[1678268.0079999994,516379.0270000007],[1678292.8110000007,516375.13399999961],[1678315.4590000007,516371.11500000022],[1678340.2620000001,516367.22199999914],[1678355.6359999999,516365.11099999957],[1678370.2789999992,516368.97000000067],[1678383.4100000001,516377.73599999957],[1678403.5319999997,516393.49599999934],[1678418.5020000003,516402.34600000083],[1678434.6349999998,516410.55299999937],[1678462.9100000001,516426.2770000007],[1678476.8200000003,516436.10500000045],[1678488.0240000002,516442.53999999911],[1678494.4989999998,516448.3479999993],[1678512.5710000005,516463.8359999992],[1678528.0130000003,516486],[1678534.2650000006,516499.91899999976],[1678541.7339999992,516512.88299999945],[1678552.3450000007,516540.47100000083],[1678557.3719999995,516556.30399999954],[1678562.182,516572.90499999933],[1678565.3169999998,516588.48699999973],[1678569.3969999999,516604.19400000013],[1678577.7860000003,516633.40300000086],[1678581.7090000007,516649.08899999969],[1678584.7919999994,516664.50300000049],[1678588.2070000004,516678.04700000025],[1678607.1219999995,516758.1400000006],[1678611.1510000005,516773.6799999997],[1678619.1380000003,516806.98699999973],[1678627.0399999991,516831.18300000019],[1678629.3430000003,516845.53600000031],[1678630.4360000007,516859.88900000043],[1678630.8550000004,516873.03500000015],[1678630.0050000008,516886.97000000067],[1678630.4049999993,516915.27800000086],[1678626.4199999999,516946.03800000064],[1678624.5510000009,516968.93700000085],[1678618.9269999992,517013.5270000007],[1678616.0280000009,517027.18999999948],[1678614.2829999998,517041.16599999927],[1678611.7070000004,517053.9140000008],[1678610.0759999994,517066.78800000064],[1678606.8900000006,517083.44600000046],[1678604.6999999993,517100.39599999972],[1678596.0800000001,517144.58799999952],[1678591.9550000001,517160.1640000008],[1678589.5519999992,517171.01899999939],[1678585.4120000005,517188.50799999945],[1678584.2339999992,517197.45099999942],[1678579.1630000006,517212.90100000054],[1678573.1980000008,517228.39200000092],[1678567.8389999997,517246.83699999936],[1678562.3230000008,517265.26099999994],[1678557.2440000009,517281.6679999996],[1678545.2339999992,517328.60400000028],[1678540.6089999992,517341.08000000007],[1678534.8709999993,517354.36600000039],[1678529.966,517368.88000000082],[1678523.9489999991,517384.20500000007],[1678519.0429999996,517398.71900000051],[1678514.3019999992,517412.29800000042],[1678505.0500000007,517437.25],[1678500.432,517448.76899999939],[1678495.8049999997,517461.24499999918],[1678492.2819999997,517473.86800000072],[1678487.5419999994,517487.44600000046],[1678484.5189999994,517503.1679999996],[1678478.4340000004,517526.625],[1678471.9629999995,517545.88099999912],[1678465.8780000005,517569.33799999952],[1678462.8550000004,517585.06000000052],[1678457.7829999998,517600.50999999978],[1678452.7029999997,517616.91699999943],[1678446.5710000005,517633.34400000051],[1678440.5529999994,517648.6679999996],[1678432.4580000006,517679.83999999985],[1678426.7709999997,517693.2929999996],[1678422.1439999994,517705.76899999939],[1678417.0629999992,517722.17600000091],[1678409.0179999992,517753.5150000006],[1678403.3269999996,517773.83100000024],[1678396.4600000009,517796.22699999996],[1678390.7219999991,517809.51300000027],[1678381.1870000008,517836.50400000066],[1678375.6140000001,517848.85400000028],[1678368.9890000001,517861.22499999963],[1678361.2019999996,517874.23900000006],[1678345.1850000005,517896.37900000066],[1678328.2239999995,517918.39200000092],[1678318.8760000002,517929.28399999999],[1678303.3509999998,517955.48000000045],[1678287.8780000005,517981.84200000018],[1678277.9260000009,517995.68700000085],[1678267.3010000009,518008.32499999925],[1678256.8499999996,518019.0700000003],[1678238.0040000007,518039.87600000016],[1678229.4360000007,518051.83000000007],[1678219.8159999996,518063.80299999937],[1678211.2469999995,518075.75599999912],[1678201.2880000006,518090.55800000019],[1678190.2249999996,518105.21299999952],[1678180.7699999996,518116.25100000016],[1678172.2009999994,518128.20399999991],[1678165.0710000005,518144.33899999969],[1678158.9360000007,518160.76600000076],[1678155.2540000007,518173.36800000072],[1678150.7909999993,518184.90799999982],[1678142.9719999991,518214.04199999943],[1678137.2829999998,518227.49499999918],[1678132.4890000001,518240.90699999966],[1678127.3000000007,518257.45900000073],[1678121.2719999999,518273.74000000022],[1678111.2430000007,518296.67500000075],[1678100.2679999992,518319.48299999908],[1678090.2390000001,518342.4179999996],[1678082.4499999993,518355.43200000003],[1678074.8780000005,518367.67699999921],[1678067.0889999997,518380.69199999981],[1678042.3550000004,518432.00699999928],[1678036.5,518446.39499999955],[1678025.8870000001,518482.18300000019],[1678022.3699999992,518493.84899999946],[1678008.5329999998,518531.44299999997],[1678002.8010000009,518543.77300000004],[1677997.8910000008,518558.28700000048],[1677994.1989999991,518571.84600000083],[1677992.1180000007,518587.69299999997],[1677989.2569999993,518602.47900000028],[1677985.5739999991,518615.08100000024],[1677979.8839999996,518628.53399999999],[1677975.4199999999,518640.07399999909],[1677968.7420000006,518652.27800000086],[1677960.8289999999,518667.35199999996],[1677951.7060000002,518682.42500000075],[1677945.1850000005,518694.65000000037],[1677939.4440000001,518707.93600000069],[1677931.8709999993,518720.18200000003],[1677925.1919999998,518732.38599999994],[1677915.5109999999,518745.15000000037],[1677907.7799999993,518757.37399999984],[1677900.9780000001,518771.63800000027],[1677895.0710000005,518785.8599999994],[1677889.5460000001,518798.37700000033],[1677882.8670000006,518810.58100000024],[1677875.2430000007,518822.66000000015],[1677865.7349999994,518833.53199999966],[1677848.2689999994,518852.44700000063],[1677843.1469999999,518860.86700000055],[1677840.6190000009,518879.68799999915],[1677849.2650000006,518981.56599999964],[1677858.0659999996,519083.46499999985],[1677858.9409999996,519091.7229999993],[1677860.9560000002,519108.11400000006],[1677865.8530000001,519131.91100000031],[1677870.2760000005,519137.44600000046],[1677876.9299999997,519140.40399999917],[1677892.9189999998,519134.38399999961],[1677908.5840000007,519129.27800000086],[1677921.1239999998,519126.79099999927],[1677935.4480000008,519124.69999999925],[1677960.5350000001,519118.76899999939],[1677974.0280000009,519115.45099999942],[1677988.625,519112.27899999917],[1677997.6170000006,519112.51400000043],[1678019.9199999999,519112.28099999949],[1678034.8499999996,519113.14399999939],[1678049.8230000008,519115.13099999912],[1678065.4100000001,519119.11500000022],[1678093.466,519128.74400000088],[1678106.0580000002,519132.33100000024],[1678118.5270000007,519137.97699999996],[1678129.6119999997,519145.51400000043],[1678147.6610000003,519162.91499999911],[1678169.0370000005,519184.74899999984],[1678188.8609999996,519203.50400000066],[1678197.4350000005,519215.65699999966],[1678206.0079999994,519227.81000000052],[1678223.1630000006,519251.15899999999],[1678234.9859999996,519276.83400000073],[1678247.148,519299.6799999997],[1678259.7420000006,519327.37299999967],[1678264.9250000007,519342.26899999939],[1678269.2770000007,519355.93700000085],[1678275.1809999999,519372.68500000052],[1678280.1899999995,519389.47399999946],[1678287.8690000009,519407.57499999925],[1678295.7070000004,519425.69700000063],[1678299.1569999997,519446.26899999939],[1678302.6160000004,519465.88499999978],[1678308.2550000008,519500.9570000004],[1678316.2149999999,519517.01999999955],[1678326.3900000006,519532.41899999976],[1678329.3129999992,519540.94899999909],[1678339.2430000007,519566.37299999967],[1678343.4289999995,519580.97699999996],[1678348.7259999998,519594.77099999972],[1678353.8570000008,519609.5],[1678360.0920000002,519624.37600000016],[1678363.9959999993,519641.01899999939],[1678369.0130000003,519656.85099999979],[1678375.0810000002,519672.66300000064],[1678380.0969999991,519688.49499999918],[1678390.6909999996,519716.0820000004],[1678398.5710000005,519741.23399999924],[1678403.4560000002,519765.98900000006],[1678408.0610000007,519792.78199999966],[1678416.0350000001,519825.13000000082],[1678425.0260000005,519849.47199999914],[1678433.3959999997,519878.68099999987],[1678436.8010000009,519892.22399999946],[1678439.1030000001,519905.61999999918],[1678439.0309999995,519913.75200000033],[1678439.0659999996,519921.73900000006],[1678437.5079999994,519925.52300000004],[1678432.9260000009,519938.16499999911],[1678425.5789999999,519948.20500000007],[1678394.9039999992,519967.43999999948],[1678370.307,519977.42400000058],[1678352.6349999998,519989.28600000031],[1678331.0659999996,520007.65499999933],[1678308.5519999992,520025.89800000004],[1678299.1989999991,520036.7890000008],[1678294.4600000009,520049.41000000015],[1678291.7090000007,520063.09400000051],[1678288.1510000005,520090.87800000049],[1678286.2650000006,520113.77600000054],[1678282.2540000007,520121.38499999978],[1678273.1899999995,520129.28199999966],[1678252.5659999996,520147.77600000054],[1678243.0470000003,520159.60300000012],[1678229.2780000009,520188.10700000077],[1678218.5399999991,520200.8900000006],[1678206.9719999991,520212.4450000003],[1678183.2300000004,520232.60099999979],[1678172.3259999994,520246.3200000003],[1678155.8430000003,520272.38900000043],[1678149.3259999994,520283.65699999966],[1678131.6160000004,520311.63800000027],[1678116.2349999994,520337.85300000012],[1678110.6549999993,520350.20299999975],[1678106.8599999994,520362.94999999925],[1678102.0519999992,520377.31799999997],[1678098.0739999991,520392.9140000008],[1678092.8770000003,520409.46600000001],[1678085.6569999997,520434.68899999931],[1678078.6119999997,520458.01899999939],[1678073.9780000001,520470.49499999918],[1678068.398,520482.84500000067],[1678060.6620000005,520495.06900000013],[1678051.1420000009,520506.89599999972],[1678039.5730000008,520518.45099999942],[1678028.1699999999,520529.0700000003],[1678010.091,520550.93700000085],[1678004.2300000004,520565.32499999925],[1677991.8509999998,520590.98100000061],[1677984.5539999995,520601.18799999915],[1677966.9140000008,520621.03700000048],[1677954.5739999991,520630.57399999909],[1677940.9130000006,520634.82799999975],[1677926.5960000008,520635.9609999992],[1677912.6119999997,520635.2229999993],[1677887.5559999999,520649.13900000043],[1677853.7679999992,520669.08100000024],[1677838.2239999995,520672.12700000033],[1677822.7960000001,520674.07100000046],[1677808.1980000008,520677.24300000072],[1677794.5879999995,520681.66300000064],[1677780.3129999992,520689.82699999958],[1677767.9639999997,520700.32100000046],[1677753.9489999991,520714.74499999918],[1677748.6579999998,520724.10099999979],[1677746.0720000006,520736.8479999993],[1677743.4130000006,520757.72800000012],[1677742.9169999994,520777.7770000007],[1677741.9829999991,520799.84300000034],[1677741.7259999998,520810.82499999925],[1677739.5649999995,520834.80399999954],[1677738.1239999998,520854.72699999996],[1677733.0820000004,520877.2070000004],[1677727.1380000003,520900.68400000036],[1677723.8959999997,520910.31100000069],[1677713.3640000001,520929.18799999915],[1677690.9719999991,520962.61600000039],[1677685.8460000008,520971.03600000031],[1677682.4039999992,520973.6129999999],[1677667.7569999993,520993.8599999994],[1677660.7489999998,521001.07200000063],[1677649.1050000004,521020.75999999978],[1677635.3949999996,521042.08899999969],[1677621.3790000007,521056.51300000027],[1677605.1390000004,521072.55800000019],[1677582.2449999992,521085.64499999955],[1677560.9619999994,521095.11500000022],[1677523.6449999996,521109.48200000077],[1677502.8010000009,521122.84100000001],[1677478.8460000008,521136.90499999933],[1677466.2970000003,521140.34899999946],[1677452.1879999992,521147.57799999975],[1677429.8010000009,521156.90100000054],[1677415.6919999998,521164.13000000082],[1677391.5629999992,521180.08699999936],[1677374.8739999998,521199.10600000061],[1677355.0669999998,521219.78800000064],[1677342.6429999992,521238.41499999911],[1677327.5140000004,521253.65000000037],[1677313.5950000007,521268.88599999994],[1677298.6319999993,521283.18500000052],[1677280.3330000006,521299.91599999927],[1677259.4140000008,521321.40799999982],[1677236.4460000005,521342.62800000049],[1677220.3709999993,521357.7379999999],[1677201.4670000002,521371.5150000006],[1677176.6899999995,521383.39599999972],[1677154.8670000006,521388.64499999955],[1677147.2019999996,521392.73699999973],[1677130.0150000006,521408.65799999982],[1677116.9260000009,521425.12199999951],[1677104.6239999998,521441.68999999948],[1677090.7540000007,521463],[1677078.4949999992,521480.69099999964],[1677070.2080000006,521489.65000000037],[1677052.4480000008,521510.60400000028],[1677049.6610000003,521516.30100000091],[1677037.6410000008,521530.83100000024],[1677022.875,521552.18200000003],[1677019.4330000002,521554.75899999961],[1676999.7310000006,521575.29499999993],[1676981.8039999995,521597.18500000052],[1676967.6199999992,521612.54600000009],[1676950.4230000004,521629.42400000058],[1676928.7400000002,521647.94199999981],[1676905.3469999991,521657.93200000003],[1676886.2440000009,521664.66000000015],[1676881.1919999998,521664.94800000079],[1676876.8039999995,521667.40000000037],[1676854.9790000003,521672.64900000021],[1676832.3839999996,521675.88099999912],[1676808.3450000007,521681.79499999993],[1676785.5830000006,521685.96299999952],[1676765.6410000008,521692.41999999993],[1676748.1390000004,521702.39299999923],[1676726.5219999999,521713.73699999973],[1676725.4100000001,521714.54800000042],[1676718.9639999997,521717.68500000052],[1676703.5419999994,521735.91599999927],[1676696.3660000004,521744.06499999948],[1676673.9670000002,521777.49499999918],[1676672.7709999997,521787.39399999939],[1676668.7129999995,521811.12199999951],[1676665.0209999997,521823.7229999993],[1676664.9370000008,521832.81200000085],[1676666.1530000009,521855.00300000049],[1676672.3139999993,521877.05199999921],[1676672.5209999997,521883.14599999972],[1676670.5040000007,521890.8599999994],[1676655.3629999999,521907.05299999937],[1676639.2459999993,521915.13499999978],[1676617.4609999992,521927.41499999911],[1676605.6899999995,521931.92200000025],[1676580.7860000003,521945.86400000006],[1676556.0580000002,521957.9140000008],[1676537.5590000004,521967.59600000083],[1676513.3190000001,521983.70199999958],[1676491.9820000008,521993.00799999945],[1676470.3729999997,522003.39599999972],[1676451.0850000009,522012.97399999946],[1676437.9199999999,522020.33000000007],[1676416.7489999998,522028.70099999942],[1676406.0810000002,522033.35400000028],[1676397.0219999999,522040.29600000009],[1676387.9940000009,522055.22399999946],[1676370.2320000008,522076.17899999954],[1676348.4470000006,522088.46000000089],[1676338.8900000006,522092.30299999937],[1676315.7109999992,522107.43300000019],[1676308.8579999991,522114.66699999943],[1676292.1569999997,522134.64499999955],[1676274.0690000001,522156.5150000006],[1676257.534,522175.55800000019],[1676254.4149999991,522177.22000000067],[1676227.5010000002,522197.92200000025],[1676204.9450000003,522208.18500000052],[1676201.0050000008,522207.6640000008],[1676181.841,522215.18400000036],[1676164.8169999998,522230.17100000009],[1676157.5250000004,522239.42200000025],[1676147.2599999998,522257.22000000067],[1676139.625,522269.30000000075],[1676126.375,522285.74400000088],[1676114.9670000002,522296.36700000055],[1676063.1870000008,522338.0429999996],[1676020.9470000006,522343.78500000015],[1676017.8279999997,522345.44800000079],[1676014.8340000007,522345.05100000091],[1675993.6209999993,522352.30100000091],[1675967.9849999994,522371.25699999928],[1675949.2750000004,522392.08799999952],[1675945.0920000002,522400.63399999961],[1675942.8680000007,522402.25500000082],[1675922.3910000008,522420.7770000007],[1675906.9749999996,522438.05299999937],[1675888.3800000008,522457.78199999966],[1675870.5730000008,522477.61500000022],[1675856.5820000004,522500.02800000086],[1675841.7719999999,522514.35199999996],[1675819.3000000007,522515.52800000086],[1675815.4749999996,522513.90499999933],[1675807.4790000003,522513.96399999969],[1675790.2870000005,522529.88800000027],[1675786.1349999998,522546.41999999993],[1675768.6209999993,522557.35199999996],[1675745.0370000005,522559.33999999985],[1675724.8110000007,522567.83799999952],[1675717.8000000007,522575.05199999921],[1675713.8900000006,522582.51700000092],[1675717.7449999992,522592.12600000016],[1675717.4629999995,522594.1640000008],[1675715.7349999994,522598.88499999978],[1675703.3890000004,522608.42600000091],[1675699.3640000001,522616.99300000072],[1675698.6630000006,522629.99000000022],[1675697.2689999994,522632.83899999969],[1675690.7060000002,522637.07899999991],[1675667.0280000009,522649.11199999973],[1675643.3579999991,522660.18799999915],[1675625.9600000009,522670.01899999939],[1675622.8499999996,522670.72499999963],[1675609.3910000008,522681.07699999958],[1675605.1689999998,522682.59300000034],[1675596.2149999999,522689.39100000076],[1675571.523,522708.47399999946],[1675552.0669999998,522718.99000000022],[1675546.7410000004,522720.36099999957],[1675525.8509999998,522726.69700000063],[1675522.75,522726.44600000046],[1675499.3619999997,522735.4849999994],[1675473.5099999998,522749.30599999987],[1675456.1109999996,522759.1370000001],[1675435.4440000001,522769.65399999917],[1675409.9130000006,522788.46700000018],[1675384.1079999991,522808.36099999957],[1675378.6070000008,522811.62399999984],[1675365.648,522819.16899999976],[1675343.4580000006,522818.31000000052],[1675339.6840000004,522816.85300000012],[1675327.3039999995,522802.125],[1675310.6060000006,522798.95900000073],[1675299.6150000002,522798.62299999967],[1675274.6270000003,522804.4179999996],[1675249.523,522811.31499999948],[1675234.4340000004,522810.43700000085],[1675217.5700000003,522808.2070000004],[1675197.6339999996,522813.71299999952],[1675177.125,522824.25100000016],[1675162.7210000008,522834.47900000028],[1675142.9810000006,522847.03500000015],[1675120.7440000009,522862.29399999976],[1675075.3660000004,522893.80900000036],[1675063.7119999994,522913.5],[1675061.1199999992,522926.24799999967],[1675061.7740000002,522929.36800000072],[1675059.7550000008,522937.0820000004],[1675047.3220000006,522955.71299999952],[1675030.9069999997,522972.69899999909],[1675009.7719999999,522988.10400000028],[1675001.9810000006,522994.25799999945],[1674985.3220000006,522998.12199999951],[1674963.7479999997,522993.35500000045],[1674943.2850000001,522987.77600000054],[1674928.3420000002,522993.78299999982],[1674905.3249999993,523007.98200000077],[1674889.8969999999,523026.21700000018],[1674878.0759999994,523046.84400000051],[1674870.1180000007,523053.93400000036],[1674850.2119999994,523067.42600000091],[1674825.5950000007,523078.38000000082],[1674814.1840000004,523089.00500000082],[1674799.8680000007,523106.42899999954],[1674795.6840000004,523114.97499999963],[1674785.0820000004,523134.64599999972],[1674781.2980000004,523156.3359999992],[1674775.4279999994,523170.72599999979],[1674768.9030000009,523181.99599999934],[1674750.1879999992,523202.83000000007],[1674739.5270000007,523206.52999999933],[1674714.5,523205.29800000042],[1674693.2459999993,523205.52199999988],[1674689.9690000005,523207.16499999911],[1674669.4100000001,523233.82100000046],[1674662.5040000007,523240.89100000076],[1674645.3570000008,523240.69999999925],[1674622.5629999992,523236.89100000076],[1674619.7259999998,523236.51600000076],[1674597.3310000002,523229.56599999964],[1674587.5390000008,523219.3320000004],[1674580.6040000003,523218.41599999927],[1674566.7719999999,523223.6129999999],[1674559.0969999991,523228.66499999911],[1674539.2489999998,523241.36800000072],[1674522.5319999997,523262.30700000003],[1674513.8709999993,523282.39499999955],[1674503.9309999999,523304.22900000028],[1674489.6919999998,523313.52300000004],[1674470.6630000006,523312.12600000016],[1674445.8110000007,523309.00300000049],[1674438.2219999991,523304.96800000034],[1674425.2210000008,523289.20199999958],[1674413.5250000004,523285.5820000004],[1674406.3080000002,523286.70399999991],[1674390.7990000006,523296.78800000064],[1674370.9800000004,523317.47699999996],[1674353.7750000004,523334.36099999957],[1674343.4759999998,523344.17600000091],[1674323.9110000003,523354.84200000018],[1674301.1750000007,523367.00400000066],[1674300.7249999996,523369.97800000012],[1674305.1439999994,523375.50999999978],[1674302.7349999994,523385.40899999999],[1674285.0419999994,523398.2379999999],[1674273.2589999996,523403.70600000024],[1674270.9560000002,523413.45900000073],[1674267.5120000001,523416.03700000048],[1674243.5099999998,523423.08400000073],[1674230.7899999991,523427.47100000083],[1674208.4260000009,523444.79099999927],[1674205.3819999993,523460.51300000027],[1674191.8430000003,523478.99899999984],[1674186.4210000001,523490.41499999911],[1674176.7620000001,523510.21199999936],[1674164.7469999995,523517.88399999961],[1674154.818,523516.57300000079],[1674147.2290000003,523512.53800000064],[1674140.2939999998,523511.62199999951],[1674118.2320000008,523502.80299999937],[1674099.4849999994,523499.36999999918],[1674076.3479999993,523498.3900000006],[1674056.3729999997,523496.87099999934],[1674045.0480000004,523498.40899999999],[1674004.1119999997,523510.40499999933],[1673974.3230000008,523506.4729999993],[1673959.5960000008,523511.71199999936],[1673940.8780000005,523516.2650000006],[1673928.7050000001,523523.91699999943],[1673912.0739999991,523535.76999999955],[1673891.2789999992,523548.34999999963],[1673867.8890000004,523557.39499999955],[1673847.1720000003,523561.84500000067],[1673827.3129999992,523559.22399999946],[1673812.9930000007,523560.36700000055],[1673803.2679999992,523565.15000000037],[1673796.0500000007,523566.27300000004],[1673772.5840000007,523561.25999999978],[1673752.8629999999,523549.71800000034],[1673736.4940000009,523550.59100000001],[1673724.7620000001,523556.22699999996],[1673714.2949999999,523566.97800000012],[1673711.3670000006,523581.59699999914],[1673707.9149999991,523601.41499999911],[1673703.0659999996,523607.79900000058],[1673681.6459999997,523625.24599999934],[1673671.6380000003,523632.06699999981],[1673647.9639999997,523643.15100000054],[1673639.4580000006,523646.97699999996],[1673636.6679999996,523652.67500000075],[1673637.0390000008,523657.83300000057],[1673635.1349999998,523680.72800000012],[1673632.8320000004,523690.48100000061],[1673620.8819999993,523713.16899999976],[1673616.0429999996,523718.59699999914],[1673598.807,523727.49699999951],[1673597.4120000005,523730.34600000083],[1673586.2819999997,523738.93500000052],[1673565.8200000003,523733.36199999973],[1673558.4350000005,523735.42100000009],[1673555.1490000002,523738.01999999955],[1673531.3080000002,523750.03999999911],[1673518.6760000009,523761.62299999967],[1673496.6699999999,523768.7770000007],[1673487.7750000004,523774.78800000064],[1673486.3790000007,523777.6370000001],[1673477.3729999997,523800.55299999937],[1673463.7949999999,523812.0120000001],[1673455.9519999996,523818.00100000016],[1673447.0840000007,523831.99699999951],[1673445.3969999999,523837.83999999985],[1673444.6040000003,523859.92500000075],[1673434.6239999998,523874.73100000061],[1673429.6960000005,523889.24699999951],[1673432.7559999991,523904.65599999949],[1673430.2109999992,523917.5700000003],[1673423.9670000002,523926.80299999937],[1673414.6119999997,523936.74400000088],[1673412.9989999998,523956.64499999955],[1673412.7440000009,523966.6679999996],[1673411.2880000006,523986.58999999985],[1673410.75,523998.65100000054],[1673408.9049999993,524004.47399999946],[1673405.1679999996,524010.04700000025],[1673400.7780000009,524012.50100000016],[1673391.6689999998,524013.375],[1673385.0260000005,524009.46600000001],[1673380.8540000003,523994.86800000072],[1673371.0539999995,523969.31100000069],[1673368.2359999996,523967.02300000004],[1673361.4680000003,523965.17300000042],[1673354.0830000006,523967.23200000077],[1673336.2210000008,523980.99899999984],[1673314.3120000008,523994.39200000092],[1673305.1520000007,524011.38199999928],[1673298.0360000003,524034.54900000058],[1673287.4800000004,524054.38800000027],[1673271.5969999991,524075.59999999963],[1673260.2109999992,524094.21199999936],[1673251.7129999995,524113.36500000022],[1673246.3249999993,524131.81000000052],[1673242.5370000005,524153.5],[1673239.977,524173.27600000054],[1673240.9069999997,524196.54600000009],[1673234.8300000001,524204.84400000051],[1673216.9120000005,524202.64100000076],[1673205.1799999997,524191.99400000088],[1673195.8389999997,524178.78999999911],[1673189.1960000005,524174.88099999912],[1673186.1919999998,524175.44299999997],[1673178.2420000006,524181.57799999975],[1673169.8499999996,524200.58500000089],[1673160.2390000001,524220.54900000058],[1673155.8760000002,524230.9879999999],[1673149.0920000002,524252.28299999982],[1673145.966,524276.13499999978],[1673129.4189999998,524295.18500000052],[1673117.7589999996,524314.87900000066],[1673108.1469999999,524334.84300000034],[1673097.4130000006,524356.57399999909],[1673076.4759999998,524378.07799999975],[1673065.5840000007,524399.7890000008],[1673060.8220000006,524413.36900000088],[1673048.9940000009,524433.99799999967],[1673029.2489999998,524446.56000000052],[1673024.5659999996,524452.00899999961],[1673030.7949999999,524465.91999999993],[1673059.409,524487.73200000077],[1673072.8289999999,524492.53399999999],[1673077.4499999993,524504.15799999982],[1673077.7670000009,524525.43099999987],[1673077.5470000003,524542.48299999908],[1673076.1510000005,524545.3320000004],[1673065.9649999999,524554.04600000009],[1673056.1850000005,524574.94600000046],[1673046.2799999993,524597.90399999917],[1673032.0730000008,524614.23000000045],[1673025.5089999996,524618.47199999914],[1673000.2589999996,524634.30000000075],[1672975.3540000003,524647.29900000058],[1672951.0140000004,524656.22199999914],[1672948.0199999996,524655.82799999975],[1672944.7420000006,524657.47100000083],[1672927.7609999999,524656.34999999963],[1672920.3760000002,524658.40899999999],[1672911.4690000005,524665.37600000016],[1672908.9600000009,524669.03600000031],[1672902.3949999996,524673.27899999917],[1672897.5449999999,524679.6640000008],[1672890.8129999992,524684.84300000034],[1672873.1520000007,524704.70399999991],[1672863.0519999992,524720.6129999999],[1672851.682,524737.31200000085],[1672836.0700000003,524757.44400000013],[1672827.4020000007,524777.53199999966],[1672824.8839999996,524782.14900000021],[1672810.8530000001,524796.58300000057],[1672799.1030000001,524809.0820000004],[1672795.5590000004,524821.70500000007],[1672797.1579999998,524824.94800000079],[1672802.6970000006,524828.7109999992],[1672809.1459999997,524825.57100000046],[1672832.8239999991,524814.48399999924],[1672847.0669999998,524805.18700000085],[1672871.6899999995,524794.22499999963],[1672875.1349999998,524791.64699999988],[1672885.5240000002,524789.02500000037],[1672892.2919999994,524790.875],[1672903.6799999997,524804.34899999946],[1672908.4759999998,524814.08000000007],[1672911.0470000003,524825.43400000036],[1672911.3530000001,524847.6640000008],[1672909.7899999991,524851.44899999909],[1672902.7210000008,524874.78099999949],[1672898.9829999991,524880.35500000045],[1672888.1940000001,524886.11600000039],[1672874.6070000008,524882.25],[1672855.8599999994,524878.8200000003],[1672832.8900000006,524876.91000000015],[1672815.4590000007,524878.76300000027],[1672791.9480000008,524888.9140000008],[1672787.2650000006,524894.36199999973],[1672780.6490000002,524898.43899999931],[1672775.5150000006,524906.86199999973],[1672767.0130000003,524926.0150000006],[1672756.2860000003,524946.78999999911],[1672752.8320000004,524950.32599999942],[1672749.4639999997,524961.05599999987],[1672739.7980000004,524980.85400000028],[1672729.1209999993,525001.79600000009],[1672712.6970000006,525018.78700000048],[1672696.6070000008,525033.90699999966],[1672676.6830000002,525048.36199999973],[1672658.7369999997,525070.2620000001],[1672642.0700000003,525090.4140000008],[1672633.977,525105.47100000083],[1672624.1940000001,525126.36999999918],[1672613.9169999994,525144.17200000025],[1672595.7679999992,525159.97900000028],[1672587.3200000003,525163.01600000076],[1672571.1180000007,525162.9570000004],[1672564.375,525169.09200000018],[1672560.2219999991,525184.6679999996],[1672564.3000000007,525208.35199999996],[1672563.273,525216.35799999908],[1672558.6500000004,525236.82100000046],[1672550.8000000007,525259.09300000034],[1672541.4670000002,525277.01899999939],[1672531.0309999995,525294.80100000091],[1672516.2449999992,525316.15899999999],[1672510.1140000001,525324.29099999927],[1672493.8560000006,525340.34699999914],[1672480.5309999995,525341.78399999999],[1672459.352,525350.1679999996],[1672453.8379999995,525354.3900000006],[1672446.6549999993,525362.5429999996],[1672433.3910000008,525378.99400000088],[1672430.9580000006,525390.8049999997],[1672436.8149999995,525399.55900000036],[1672443.4570000004,525403.46700000018],[1672448.7029999997,525410.22399999946],[1672448.0850000009,525414.13299999945],[1672446.5069999993,525435.15699999966],[1672441.4069999997,525450.60799999908],[1672434.6079999991,525472.85899999924],[1672419.9470000006,525492.15899999999],[1672413.3809999991,525496.4020000007],[1672400.9419999998,525498.75500000082],[1672395.9489999991,525498.25599999912],[1672374.0869999994,525480.2109999992],[1672370.0399999991,525479.83699999936],[1672351.9810000006,525486.55800000019],[1672343.0219999999,525493.35899999924],[1672329.1710000001,525515.79900000058],[1672328.6040000003,525519.875],[1672321.6380000003,525543.06200000085],[1672316.6129999999,525566.6640000008],[1672309.3379999995,525583.90399999917],[1672293.0789999999,525599.9609999992],[1672267.0470000003,525614.73000000045],[1672257.8039999995,525623.5700000003],[1672253.898,525630.07899999991],[1672244.2799999993,525650.04399999976],[1672239.716,525669.71600000001],[1672232.9250000007,525691.01099999994],[1672225.0120000001,525714.07300000079],[1672223.0390000008,525721.95500000007],[1672214.1989999991,525742.98000000045],[1672208.4360000007,525756.26799999923],[1672198.534,525778.27099999972],[1672192.3609999996,525795.65599999949],[1672193.7819999997,525800.79199999943],[1672198.091,525806.46800000034],[1672200.9289999995,525806.84100000001],[1672203.7459999993,525809.12800000049],[1672206.4920000006,525818.58899999969],[1672205.5700000003,525826.44899999909],[1672201.0869999994,525837.99100000039],[1672194.9580000006,525861.44800000079],[1672190.6669999994,525880.0390000008],[1672183.0549999997,525899.15100000054],[1672180.4289999995,525903.91300000064],[1672171.5789999999,525925.89499999955],[1672167.4299999997,525935.56499999948],[1672157.9370000008,525953.47100000083],[1672152.0810000002,525975.84699999914],[1672153.1610000003,525999.13599999994],[1672154.1229999997,526023.5270000007],[1672155.9220000003,526032.8629999999],[1672154.0069999993,526055.75799999945],[1672150.4930000007,526075.40899999999],[1672147.9749999996,526095.35099999979],[1672144.0099999998,526117.97599999979],[1672130.0559999999,526155.40899999999],[1672112.6980000008,526196.5429999996],[1672107.7530000005,526212.0150000006],[1672088.0850000009,526262.90300000086],[1672077.5179999992,526282.74300000072],[1672071.9309999999,526294.13900000043],[1672075.341,526315.66000000015],[1672077.7090000007,526336.24599999934],[1672084.4069999997,526355.16699999943],[1672088.3809999991,526362.71399999969],[1672090.9989999998,526374.23299999908],[1672087.0820000004,526381.69899999909],[1672081.8959999997,526405.28099999949],[1672091.4719999991,526425.69800000079],[1672098.0030000005,526445.5549999997],[1672097.7100000009,526448.55000000075],[1672097.8499999996,526470.75799999945],[1672093.7670000009,526494.4849999994],[1672088.9470000006,526507.89800000004],[1672072.3910000008,526526.94899999909],[1672053.7280000001,526530.71700000018],[1672046.1649999991,526534.66899999976],[1672041.8469999991,526545.27500000037],[1672040.3570000008,526557.2109999992],[1672033.1940000001,526573.34899999946],[1672032.2819999997,526580.25300000049],[1672037.9269999992,526599.1950000003],[1672047.6799999997,526602.39499999955],[1672065.9509999994,526600.81000000052],[1672068.7689999994,526603.09699999914],[1672071.7960000001,526610.51999999955],[1672074.2359999996,526623.93099999987],[1672076.8359999992,526657.63800000027],[1672074.1490000002,526663.18999999948],[1672067.4140000008,526668.36999999918],[1672046.5250000004,526673.75999999978],[1672039.6740000006,526680.04099999927],[1672037.7219999991,526695.90699999966],[1672025.2219999991,526714.375],[1672022.9629999995,526724.29399999976],[1672025.9800000004,526732.67400000058],[1672028.6909999996,526735.10600000061],[1672034.6290000007,526735.72800000012],[1672041.0800000001,526732.58699999936],[1672047.0789999999,526732.41899999976],[1672049.7290000003,526735.64200000092],[1672050.9159999993,526742.98200000077],[1672052.9370000008,526766.39499999955],[1672058.0460000001,526781.11600000039],[1672068.4000000004,526802.59400000051],[1672076.0930000003,526821.80599999987],[1672078.398,526843.18200000003],[1672075.5419999994,526864.99499999918],[1672065.3509999998,526873.71000000089],[1672050.3350000009,526880.99100000039],[1672046.7109999992,526885.46299999952],[1672045.7980000004,526892.36700000055],[1672050.8739999998,526900.05900000036],[1672055.1109999996,526922.80700000003],[1672054.4920000006,526926.71600000001],[1672051.7939999998,526948.55000000075],[1672047.0559999999,526969.15799999982],[1672044.3579999991,526990.99200000055],[1672029.8579999991,527009.35600000061],[1672023.1229999997,527014.53600000031],[1672011.1669999994,527020.94299999997],[1672001.8039999995,527030.88399999961],[1672006.3350000009,527050.6370000001],[1672012.7459999993,527071.59600000083],[1672014.9010000005,527087.04499999993],[1672015.807,527111.26999999955],[1672014.0629999992,527132.27199999988],[1672013.5170000009,527144.33300000057],[1672011.3640000001,527154.10600000061],[1672007.3719999995,527168.74599999934],[1672011.0620000008,527188.22900000028],[1672012.2400000002,527201.47399999946],[1672010.6530000009,527222.49699999951],[1672008.909,527243.49899999984],[1672005.1280000005,527273.17300000042],[1671994.3900000006,527293.94800000079],[1671994.2960000001,527303.03500000015],[1671996.8379999995,527306.40300000086],[1672009.5219999999,527326.1129999999],[1672013.5989999995,527348.83999999985],[1672013.1380000003,527352.76999999955],[1672003.6799999997,527371.79800000042],[1671988.3499999996,527388.93500000052],[1671984.4409999996,527395.4450000003],[1671982.6860000007,527417.40300000086],[1671984.0309999995,527429.71299999952],[1671984.3249999993,527451.94099999964],[1671982.2980000004,527459.65599999949],[1671975.6659999993,527480.0150000006],[1671978.1140000001,527492.47000000067],[1671982.6420000009,527512.2229999993],[1671984.2609999999,527523.45099999942],[1671988.3369999994,527546.17799999937],[1671991.1009999998,527563.62299999967],[1671992.3399999999,527585.97599999979],[1671993.5059999991,527600.17799999937],[1671992.3800000008,527617.27099999972],[1671990.6239999998,527639.22900000028],[1671987.8499999996,527652.91200000048],[1671985.2540000007,527664.70199999958],[1671985.7379999999,527668.75699999928],[1671983.0140000004,527682.60600000061],[1671980.4389999993,527702.38199999928],[1671978.9780000001,527721.34600000083],[1671973.6610000003,527731.66100000031],[1671971.1050000004,527744.57399999909],[1671967.3000000007,527766.2620000001],[1671961.8969999999,527784.70800000057],[1671958.1559999995,527790.28099999949],[1671947.9629999995,527798.99599999934],[1671929.4480000008,527808.68999999948],[1671915.7459999993,527805.92699999921],[1671911.9010000005,527796.32100000046],[1671912.9829999991,527788.48200000077],[1671915.6109999996,527783.71900000051],[1671905.6909999996,527781.45500000007],[1671901.4670000002,527782.97399999946],[1671891.5449999999,527805.93200000003],[1671885.1140000001,527817.05800000019],[1671873.4379999992,527836.75200000033],[1671868.9810000006,527855.32200000063],[1671862.8000000007,527872.7070000004],[1671852.9739999995,527886.57899999991],[1671831.1689999998,527898.87299999967],[1671812.6219999995,527901.5390000008],[1671799.5810000002,527900.93899999931],[1671777.5559999999,527899.15599999949],[1671774.3839999996,527900.65399999917],[1671787.8939999994,527921.58899999969],[1671786.716,527938.51600000076],[1671782.3300000001,527965.23599999957],[1671780.4149999991,527987.17400000058],[1671777.8289999999,528007.90599999949],[1671776.7320000008,528032.02600000054],[1671776.8660000004,528054.23399999924],[1671786.7200000007,528072.6129999999],[1671799.2430000007,528092.30100000091],[1671799.8939999994,528095.41999999993],[1671802.6040000003,528097.85199999996],[1671818.4989999998,528132.03299999982],[1671824.1380000003,528150.97499999963],[1671832.9189999998,528176.23699999973],[1671835.3650000002,528188.69199999981],[1671836.6980000008,528201.95800000057],[1671826.4079999998,528219.75899999961],[1671821.898,528223.31599999964],[1671819.5030000005,528225.87399999984],[1671805.8169999998,528246.42100000009],[1671805.0700000003,528252.38900000043],[1671796.3049999997,528265.28299999982],[1671770.6290000007,528285.20900000073],[1671762.3269999996,528294.17300000042],[1671755.5899999999,528299.35199999996],[1671754.3599999994,528301.2650000006],[1671746.8660000004,528313.36900000088],[1671733.5250000004,528345.93500000052],[1671731.5669999998,528361.80000000075],[1671731.8670000006,528383.07200000063],[1671723.1009999998,528395.96600000001],[1671708.8499999996,528405.26400000043],[1671685.625,528412.42300000042],[1671674.3169999998,528421.94899999909],[1671675.9949999992,528432.3870000001],[1671674.7850000001,528442.28500000015],[1671671.8200000003,528448.9179999996],[1671659.4800000004,528466.44999999925],[1671656.841,528472.16899999976],[1671653.9780000001,528493.98200000077],[1671644.1699999999,528515.83799999952],[1671638.1850000005,528539.31499999948],[1671634.3550000004,528553.01899999939],[1671634.8379999995,528557.07399999909],[1671633.4399999995,528559.92300000042],[1671633.8560000006,528580.09200000018],[1671640.7440000009,528605.10500000045],[1671641.1089999992,528610.26099999994],[1671646.568,528631.09500000067],[1671648.2650000006,528649.51700000092],[1671648.2180000003,528673.61700000055],[1671649.8440000005,528683.88800000027],[1671653.875,528700.5429999996],[1671658.398,528720.29499999993],[1671663.8670000006,528740.17200000025],[1671668.1919999998,528753.8320000004],[1671674.7640000004,528773.85500000045],[1671682.1140000001,528794.93700000085],[1671689.4340000004,528808.99200000055],[1671697.0690000001,528828.03700000048],[1671705.1659999993,528843.1520000007],[1671708.841,528853.69299999997],[1671709.9739999995,528860.86600000039],[1671712.5160000008,528864.23399999924],[1671715.4130000006,528873.71499999985],[1671717.9550000001,528877.08300000057],[1671722.2799999993,528890.74300000072],[1671731.2149999999,528916.02600000054],[1671739.8450000007,528935.36199999973],[1671743.5199999996,528945.90300000086],[1671750.091,528965.92600000091],[1671756.1400000006,528980.77099999972],[1671761.6950000003,528992.51799999923],[1671763.3910000008,529010.93999999948],[1671763.7939999998,529032.06599999964],[1671762.8100000005,529055.08400000073],[1671766.5639999993,529072.8200000003],[1671770.9079999998,529094.46499999985],[1671768.2970000003,529107.21199999936],[1671762.2100000009,529115.50999999978],[1671753.2379999999,529137.63599999994],[1671743.7109999992,529157.45399999991],[1671733.5260000005,529165.21199999936],[1671724.1490000002,529176.10899999924],[1671711.9739999995,529192.70500000007],[1671710.1219999995,529198.5270000007],[1671698.3120000008,529220.27999999933],[1671689.4570000004,529241.30399999954],[1671680.4629999995,529265.34300000034],[1671675.6060000006,529271.72699999996],[1671664.3760000002,529288.44800000079],[1671659.0659999996,529297.80599999987],[1671649.1370000001,529320.76400000043],[1671641.6610000003,529330.95399999991],[1671629.9680000003,529351.60400000028],[1671628.6860000007,529353.35099999979],[1671617.909,529367.0979999993],[1671608.7390000001,529383.13199999928],[1671600.6999999993,529406.33799999952],[1671587.1630000006,529441.75200000033],[1671579.0950000007,529457.93099999987],[1671570.4350000005,529485.04800000042],[1671568.0800000001,529488.72800000012],[1671567.6270000003,529491.70199999958],[1671564.818,529498.35700000077],[1671556.8780000005,529512.47699999996],[1671539.5409999993,529529.51099999994],[1671515.8690000009,529548.58400000073],[1671497.1219999995,529569.42300000042],[1671485.9910000004,529577.05700000003],[1671478.5920000002,529580.07399999909],[1671472.9680000003,529584.44199999981],[1671468.5639999993,529587.85300000012],[1671446.8330000006,529607.34200000018],[1671431.4940000009,529624.47900000028],[1671414.4419999998,529639.47499999963],[1671395.4470000006,529654.05599999987],[1671379.3300000001,529670.13299999945],[1671366.8790000007,529687.81100000069],[1671361.1040000003,529701.09899999946],[1671356.4149999991,529706.54800000042],[1671353.6060000006,529713.20299999975],[1671345.0840000007,529732.35500000045],[1671335.2799999993,529753.25500000082],[1671322.7670000009,529771.72199999914],[1671316.8460000008,529779.08500000089],[1671303.8230000008,529786.47000000067],[1671294.75,529793.41699999943],[1671277.4910000004,529803.27800000086],[1671267.0189999994,529813.07399999909],[1671264.4949999992,529817.69099999964],[1671255.2949999999,529826.69700000063],[1671250.4480000008,529832.125],[1671230.6860000007,529844.68999999948],[1671213.2579999994,529855.48699999973],[1671193.9700000007,529863.16499999911],[1671171.6669999994,529872.36199999973],[1671157.5289999992,529880.55900000036],[1671133.5690000001,529901.67100000009],[1671119.9920000006,529921.11700000055],[1671112.6720000003,529931.32799999975],[1671100.9869999997,529951.02300000004],[1671092.2850000001,529972.06799999997],[1671091.8210000005,529975.99799999967],[1671085.0099999998,529997.29099999927],[1671081.3619999997,530018.04399999976],[1671076.5999999996,530039.60700000077],[1671068.5079999994,530062.64800000004],[1671066.2589999996,530080.55100000091],[1671064.7770000007,530100.47100000083],[1671061.7880000006,530123.38599999994],[1671053.8589999992,530169.75599999912],[1671055.6669999994,530187.07499999925],[1671055.6119999997,530211.17400000058],[1671052.898,530233.00699999928],[1671050.0260000005,530254.8200000003],[1671048.6270000003,530257.66899999976],[1671047.7870000005,530271.76600000076],[1671053.7210000008,530296.65300000086],[1671054.6830000002,530304.7620000001],[1671054.9739999995,530326.03299999982],[1671056.6539999992,530345.41100000031],[1671061.9370000008,530367.17899999954],[1671067.1140000001,530389.09300000034],[1671066.1950000003,530395.99599999934],[1671064.4260000009,530417.95399999991],[1671062.7689999994,530463.07399999909],[1671059.8859999999,530485.84300000034],[1671054.4829999991,530503.33100000024],[1671049.2379999999,530520.83999999985],[1671041.4680000003,530542.96600000001],[1671036.0649999995,530560.45399999991],[1671028.2960000001,530582.58000000007],[1671017.2569999993,530605.39200000092],[1671008.5620000008,530625.48100000061],[1670999.8579999991,530646.52600000054],[1670990.9839999992,530668.50599999912],[1670984.0529999994,530690.9020000007],[1670979.6750000007,530701.34100000001],[1670971.9159999993,530722.50999999978],[1670971.6190000009,530725.50500000082],[1670961.5250000004,530748.44199999981],[1670959.375,530757.25899999961],[1670957.0289999992,530759.98299999908],[1670952.3550000004,530773.41699999943],[1670941.9470000006,530791.36400000006],[1670941.4829999991,530795.29399999976],[1670918.1830000002,530827.50899999961],[1670904.6129999999,530845.99799999967],[1670898.2259999998,530857.28999999911],[1670887.3029999994,530879.00100000016],[1670882.3690000009,530901.5],[1670880.5969999991,530923.4570000004],[1670878.0590000004,530943.39800000004],[1670877.898,530976.58300000057],[1670878.3790000007,530980.6370000001],[1670879.6119999997,531002.03199999966],[1670880.6559999995,531026.27600000054],[1670878.2459999993,531044.15799999982],[1670874.7109999992,531063.80800000019],[1670873.0140000004,531069.65100000054],[1670866.5350000001,531089.07300000079],[1670864.2320000008,531106.81000000052],[1670860.875,531124.56799999997],[1670857.0010000002,531132.19999999925],[1670837.4450000003,531158.84100000001],[1670823.0460000001,531176.10300000012],[1670800.5460000001,531202.51700000092],[1670786.0280000009,531220.88199999928],[1670777.9030000009,531236.89499999955],[1670773.6009999998,531254.52800000086],[1670768.4700000007,531270.93500000052],[1670758.6989999991,531292.9570000004],[1670748.7200000007,531314.7929999996],[1670743.8599999994,531321.17799999937],[1670728.8760000002,531343.47199999914],[1670714.0510000009,531365.78700000048],[1670701.2440000009,531386.2929999996],[1670695.3210000005,531393.65599999949],[1670682.0089999996,531403.07899999991],[1670668.5280000009,531413.43899999931],[1670655.3330000006,531421.75999999978],[1670646.8289999999,531424.63299999945],[1670621.4100000001,531434.5390000008],[1670599.9309999999,531444.96399999969],[1670592.3729999997,531447.9609999992],[1670563.1309999991,531456.24699999951],[1670541.3000000007,531460.56000000052],[1670522.1659999993,531468.25999999978],[1670511.7719999999,531470.88399999961],[1670486.7670000009,531476.6950000003],[1670480.1950000003,531480.93899999931],[1670459.4810000006,531493.38099999912],[1670445.2489999998,531509.70800000057],[1670419.1030000001,531532.61099999957],[1670406.4389999993,531545.15399999917],[1670391.1950000003,531553.20600000024],[1670380.4110000003,531566.95399999991],[1670365.5439999998,531588.14699999988],[1670351.5040000007,531610.56699999981],[1670338.0879999995,531629.07699999958],[1670331.5309999995,531641.30599999987],[1670320.4859999996,531664.11900000088],[1670316.7540000007,531677.67699999921],[1670316.8450000007,531692.85500000045],[1670321.8359999992,531716.66000000015],[1670323.6380000003,531733.97900000028],[1670327.0859999992,531754.7070000004],[1670326.1799999997,531769.59400000051],[1670322.7180000003,531796.43799999915],[1670318.9859999996,531809.99599999934],[1670311.8550000004,531826.29900000058],[1670299.3330000006,531844.76799999923],[1670286.6669999994,531857.31100000069],[1670283.5690000001,531866.00300000049],[1670281.7280000001,531879.81000000052],[1670278.2400000002,531899.62600000016],[1670275.6359999999,531920.35600000061],[1670271.8110000007,531942.04399999976],[1670267.1439999994,531954.52099999972],[1670263.3969999999,531960.09500000067],[1670253.5329999998,531966.93899999931],[1670232.1809999999,531975.30700000003],[1670205.943,531983.03199999966],[1670195.5470000003,531985.65599999949],[1670174.0020000003,531987.93200000003],[1670161.3220000006,531992.49100000039],[1670143.2400000002,532000.17100000009],[1670135.0979999993,532008.20099999942],[1670131.5199999996,532012.83899999969],[1670120.7589999996,532033.61500000022],[1670113.5519999992,532042.72499999963],[1670098.3579999991,532050.94400000013],[1670091.1260000002,532053.0270000007],[1670087.3790000007,532058.59999999963],[1670071.5639999993,532079.66999999993],[1670062.9529999997,532082.68899999931],[1670037.2620000001,532079.31100000069],[1670013.9289999995,532072.25300000049],[1670001.1989999991,532076.64599999972],[1669998.7589999996,532087.50100000016],[1669991.9140000008,532101.76700000092],[1669994.8289999999,532118.27400000021],[1670004.2029999997,532140.57899999991],[1670004.1229999997,532156.69299999997],[1670000.5830000006,532176.34200000018],[1669994.852,532189.79700000025],[1669987.0710000005,532202.98299999908],[1669973.9639999997,532226.48399999924],[1669962.3739999998,532246.03299999982],[1669952.2469999995,532261.94299999997],[1669939.3080000002,532284.50899999961],[1669935.9600000009,532310.25],[1669937.0879999995,532317.42300000042],[1669936.1669999994,532324.32599999942],[1669934.8550000004,532342.35300000012],[1669922.9539999999,532356.91300000064],[1669914.0449999999,532362.92600000091],[1669903.8190000001,532364.61500000022],[1669885.7219999991,532364.31100000069],[1669878.0350000001,532369.36800000072],[1669873.9499999993,532376.81299999915],[1669865.9759999998,532383.90699999966],[1669856.4079999998,532387.75799999945],[1669850.1329999994,532389.00899999961],[1669830.9110000003,532390.4729999993],[1669811.4140000008,532393.01999999955],[1669797.2579999994,532393.2349999994],[1669778.8859999999,532394.01300000027],[1669751.1459999997,532390.36800000072],[1669733.1549999993,532380.98000000045],[1669716.7559999991,532374.83400000073],[1669696.9480000008,532372.39100000076],[1669688.4440000001,532375.2650000006],[1669685.2400000002,532393.0429999996],[1669676.9159999993,532394.02500000037],[1669665.2640000004,532391.53600000031],[1669660.5069999993,532388.83500000089],[1669644.5610000007,532370.77600000054],[1669633.9729999993,532367.31000000052],[1669625.8059999999,532368.31200000085],[1669623.1970000006,532380.10199999996],[1669617.3900000006,532386.3629999999],[1669610.2860000003,532386.38800000027],[1669600.5250000004,532384.14800000004],[1669591.0620000008,532378.9140000008],[1669577.1659999993,532361.12399999984],[1669567.0319999997,532354.68400000036],[1669561.9890000001,532354.02099999972],[1669542.2980000004,532350.47699999996],[1669521.3870000001,532347.8900000006],[1669509.2799999993,532348.375],[1669491.4940000009,532353.06299999915],[1669478.4519999996,532352.46700000018],[1669467.8739999998,532348.04399999976],[1669449.5710000005,532333.66699999943],[1669425.7829999998,532329.58500000089],[1669409.2939999998,532340.50999999978],[1669402.4340000004,532346.7929999996],[1669395.3190000001,532347.77400000021],[1669370.5800000001,532366.875],[1669364.5800000001,532367.04499999993],[1669351.5490000006,532365.49300000072],[1669341.1290000007,532361.09200000018],[1669335.4370000008,532357.31100000069],[1669311.9859999996,532351.35799999908],[1669305.3379999995,532348.40899999999],[1669286.8660000004,532334.96900000051],[1669272.0620000008,532332.06699999981],[1669263.7259999998,532334.00500000082],[1669258.7359999996,532342.44999999925],[1669257.6960000005,532350.45500000007],[1669250.4959999993,532390.85700000077],[1669250.4159999993,532406.97000000067],[1669254.2890000008,532431.58400000073],[1669258.3169999998,532447.27899999917],[1669265.1610000003,532465.25899999961],[1669272.6630000006,532485.40100000054],[1669280.2719999999,532505.39800000004],[1669290.9729999993,532531.06900000013],[1669300.3310000002,532545.38800000027],[1669315.0549999997,532564.40300000086],[1669319.2009999994,532578.99599999934],[1669319.1089999992,532596.06599999964],[1669320.8949999996,532605.40000000037],[1669326.0500000007,532628.26700000092],[1669330.3770000003,532649.90799999982],[1669334.8839999996,532669.65699999966],[1669335.4509999994,532688.88900000043],[1669328.8330000006,532724.25799999945],[1669323.4600000009,532742.86999999918],[1669316.9120000005,532763.0820000004],[1669312.9010000005,532777.72199999914],[1669305.0030000005,532800.94999999925],[1669302.5739999991,532819.78800000064],[1669303.5559999999,532834.92300000042],[1669302.8660000004,532849.04099999927],[1669300.8289999999,532856.75599999912],[1669295.9360000007,532879.42100000009],[1669293.7939999998,532896.22100000083],[1669287.8910000008,532910.61199999973],[1669277.7850000001,532933.55100000091],[1669274.8900000006,532956.31900000013],[1669270.8790000007,532979.89800000004],[1669262.8220000006,533003.10500000045],[1669257.8420000002,533019.53299999982],[1669255.5930000003,533036.47900000028],[1669251.4639999997,533061.16100000031],[1669251.4879999999,533068.18799999915],[1669252.9869999997,533088.5],[1669255.6009999998,533108],[1669253.6380000003,533122.90899999999],[1669251.4829999991,533131.72499999963],[1669237.5429999996,533154.00100000016],[1669234.932,533165.79099999927],[1669235.0179999992,533180.96800000034],[1669242.2190000005,533204.10400000028],[1669249.0830000006,533229.11199999973],[1669256.1150000002,533253.18400000036],[1669261.0629999992,533261.97499999963],[1669268.8719999995,533287.10700000077],[1669270.0610000007,533302.42899999954],[1669270.7430000007,533320.55900000036],[1669270.4790000003,533329.62399999984],[1669268.8650000002,533350.64399999939],[1669270.6620000005,533367.96199999936],[1669271.693,533392.20399999991],[1669272.7459999993,533414.53299999982],[1669276.7719999999,533430.22699999996],[1669283.3129999992,533451.20199999958],[1669284.1750000007,533467.43899999931],[1669282.3910000008,533489.39499999955],[1669273.5040000007,533511.37600000016],[1669258.4969999995,533525.68899999931],[1669232.2559999991,533542.35799999908],[1669225.5120000001,533547.5390000008],[1669206.7569999993,533567.42600000091],[1669182.9360000007,533588.56299999915],[1669178.0950000007,533601.97599999979],[1669176.3110000007,533623.93200000003],[1669175.6410000008,533645.07699999958],[1669174.1429999992,533664.99599999934],[1669174.5370000005,533685.16300000064],[1669175.8430000003,533690.44299999997],[1669179.1009999998,533713.06100000069],[1669179.6640000008,533732.29199999943],[1669177.8059999999,533747.0549999997],[1669176.7750000004,533763.04399999976],[1669176.1160000004,533783.23200000077],[1669174.6180000007,533803.15000000037],[1669178.4839999992,533827.76400000043],[1669184.0779999997,533839.67400000058],[1669191.0240000002,533848.56900000013],[1669196.1119999997,533863.28600000031],[1669195.0810000002,533879.27400000021],[1669193.1040000003,533895.13900000043],[1669188.4930000007,533915.76600000076],[1669167.9629999995,533934.30299999937],[1669150.2699999996,533953.21199999936],[1669137.1309999991,533969.68600000069],[1669120.5409999993,533988.74000000022],[1669087.0010000002,534021.69199999981],[1669064.8660000004,534037.94299999997],[1669053.6079999991,534046.68200000003],[1669047.3420000002,534055.91699999943],[1669045.3640000001,534071.78099999949],[1669042.7620000001,534091.5549999997],[1669043.0350000001,534112.82300000079],[1669043.3939999994,534126.91899999976],[1669044.6129999999,534148.31200000085],[1669044.875,534170.53700000048],[1669047.7829999998,534187.0429999996],[1669051.6469999999,534211.65699999966],[1669049.6809999999,534226.56499999948],[1669043.6659999993,534250.04099999927],[1669038.7039999999,534273.49599999934],[1669034.568,534298.17699999921],[1669031.9649999999,534317.95099999942],[1669028.466,534337.76600000076],[1669028.7750000004,534342.75599999912],[1669028.2709999997,534362.96399999969],[1669028.4930000007,534384.06699999981],[1669026.0460000001,534403.86099999957],[1669025.6600000001,534422.96800000034],[1669025.4759999998,534447.21000000089],[1669020.693,534468.77199999988],[1669016.2789999992,534503.47399999946],[1669017.4030000009,534510.64599999972],[1669017.5759999994,534548.98399999924],[1669017.3910000008,534573.22599999979],[1669020.2860000003,534590.68799999915],[1669020.307,534597.71600000001],[1669017.2850000001,534621.58500000089],[1669019.7119999994,534642.97699999996],[1669019.1469999999,534655.03600000031],[1669016.5419999994,534674.80900000036],[1669013.3289999999,534692.58699999936],[1669012.5950000007,534705.58100000024],[1669012.7939999998,534719.65599999949],[1669013.9780000001,534734.97800000012],[1669017.9989999998,534750.67300000042],[1669026.5270000007,534794.09899999946],[1669026.8959999997,534807.2379999999],[1669026.1400000006,534813.20600000024],[1669022.3010000009,534834.89200000092],[1669019.3959999997,534857.66000000015],[1669013.4969999995,534880.03399999999],[1669010.7520000003,534893.88199999928],[1669006.2540000007,534913.40699999966],[1669005.3289999999,534920.31000000052],[1668998.4839999992,534942.56000000052],[1668990.5260000005,534956.68099999987],[1668983.6620000005,534962.96399999969],[1668973.9110000003,534968.70800000057],[1668967.1659999993,534973.88900000043],[1668964.3609999996,534979.58699999936],[1668961.4470000006,534994.36999999918],[1668959.1669999994,535013.22900000028],[1668960.9580000006,535030.54600000009],[1668964.0519999992,535053.14399999939],[1668966.477,535074.53500000015],[1668968.6380000003,535096.05199999921],[1668967.8819999993,535102.01899999939],[1668967.3239999991,535122.06200000085],[1668964.7559999991,535142.95800000057],[1668960.4580000006,535167.61800000072],[1668956.3190000001,535192.29800000042],[1668950.5869999994,535213.73599999957],[1668947.7809999995,535219.43500000052],[1668914.8670000006,535256.4609999992],[1668910.1699999999,535261.91100000031],[1668904.3709999993,535267.21600000001],[1668881.7740000002,535286.43999999948],[1668861.8849999998,535308.09500000067],[1668859.5480000004,535309.8629999999],[1668841.7190000005,535330.83100000024],[1668835.9069999997,535337.09200000018],[1668815.1899999995,535357.52099999972],[1668807.8690000009,535366.7770000007],[1668791.273,535385.83100000024],[1668772.4470000006,535406.50799999945],[1668768.6960000005,535412.0820000004],[1668757.6199999992,535435.85300000012],[1668754.8029999994,535442.50699999928],[1668742.9619999994,535464.26099999994],[1668732.0160000008,535485.9729999993],[1668722.6420000009,535503.90000000037],[1668720.1830000002,535515.71000000089],[1668716.341,535537.39699999988],[1668713.0140000004,535564.25999999978],[1668720.9810000006,535588.45500000007],[1668730.3499999996,535609.80000000075],[1668739.818,535623.01700000092],[1668742.0669999998,535628.42100000009],[1668752.3699999992,535650.84699999914],[1668763.5120000001,535673.5429999996],[1668768.5820000004,535689.21600000001],[1668770.5319999997,535697.61400000006],[1668774.8450000007,535719.25400000066],[1668776.9839999992,535733.74300000072],[1668779.1180000007,535757.17200000025],[1668780.2520000003,535763.38800000027],[1668787.3900000006,535786.35700000077],[1668783.7239999995,535815.09100000001],[1668780.2190000005,535834.90599999949],[1668777.7780000009,535853.74300000072],[1668775.9059999995,535860.52199999988],[1668767.9920000006,535883.74899999984],[1668760.2080000006,535904.9179999996],[1668754.2960000001,535919.30900000036],[1668741.2870000005,535941.70800000057],[1668728.8049999997,535968.32699999958],[1668725.5800000001,535978.12099999934],[1668719.318,535995.33899999969],[1668714.0510000009,536012.84699999914],[1668706.7239999995,536031.0429999996],[1668701.1689999998,536050.58899999969],[1668696.6789999995,536069.15799999982],[1668689.4700000007,536086.25100000016],[1668682.3120000008,536103.5120000001],[1668676.1109999996,536119.93999999948],[1668668.784,536138.13499999978],[1668659.0690000001,536157.93300000019],[1668654.898,536167.60300000012],[1668647.6889999993,536184.69700000063],[1668636.5270000007,536223.62299999967],[1668633.4210000001,536232.31499999948],[1668626.2620000001,536249.57499999925],[1668619.8800000008,536267.89499999955],[1668610.0260000005,536281.76799999923],[1668602.1649999991,536287.76099999994],[1668580.2029999997,536302.11999999918],[1668568.5889999997,536313.68600000069],[1668563.9030000009,536318.1799999997],[1668540.7200000007,536350.41899999976],[1668532.4690000005,536366.57799999975],[1668527.3200000003,536382.9849999994],[1668521.2760000005,536399.43400000036],[1668513.9590000007,536416.67300000042],[1668511.9169999994,536424.3870000001],[1668508.6970000006,536442.16499999911],[1668504.6630000006,536457.75999999978],[1668498.7379999999,536473.10700000077],[1668490.5940000005,536489.11999999918],[1668480.6390000004,536511.12199999951],[1668464.9600000009,536532.21299999952],[1668454.9299999997,536539.0390000008],[1668443.2970000003,536543.57799999975],[1668426.6209999993,536547.45600000024],[1668407.7650000006,536553.12399999984],[1668401.6569999997,536553.43999999948],[1668390.1549999993,536555.92100000009],[1668378.6919999998,536559.52500000037],[1668356.3839999996,536567.77300000004],[1668340.0639999993,536576.80700000003],[1668318.4020000007,536588.17300000042],[1668292.7870000005,536599.97800000012],[1668277.3619999997,536608.97000000067],[1668262.1459999997,536618.14800000004],[1668237.8460000008,536634.2770000007],[1668211.6030000001,536649.99100000039],[1668196.875,536662.26700000092],[1668180.4309999999,536681.34300000034],[1668159.5490000006,536701.75200000033],[1668141.7129999995,536722.72100000083],[1668128.8699999992,536744.18500000052],[1668115.1309999991,536765.69099999964],[1668101.9989999998,536789.19299999997],[1668087.9210000001,536812.5700000003],[1668076.2039999999,536832.26600000076],[1668063.5299999993,536852.79499999993],[1668054.4389999993,536868.68400000036],[1668051.5010000002,536876.44099999964],[1668036.8509999998,536911.87700000033],[1668031.7679999992,536935.47699999996],[1668027.7369999997,536959.0549999997],[1668025.75,536974.91899999976],[1668024.5889999997,536992.00799999945],[1668024.4989999998,537016.10400000028],[1668023.2819999997,537025.04399999976],[1668019.602,537045.79399999976],[1668018.9499999993,537051.61600000039],[1668017.0879999995,537057.43799999915],[1668016.7880000006,537060.43200000003],[1668009.8129999992,537083.78399999999],[1668002.023,537104.95299999975],[1667992.1720000003,537126.81000000052],[1667984.0759999994,537142.99000000022],[1667961.1030000001,537187.39200000092],[1667951.591,537207.37800000049],[1667948.4829999991,537216.0700000003],[1667940.1659999993,537233.01899999939],[1667932.7149999999,537252.31699999981],[1667926.159,537271.57300000079],[1667922.1219999995,537287.1679999996],[1667919.8389999997,537297.0859999992],[1667913.6319999993,537330.43700000085],[1667908.5470000003,537354.03700000048],[1667905.3239999991,537371.81399999931],[1667904.2259999998,537379.6520000007],[1667894.1569999997,537418.7229999993],[1667890.1909999996,537449.49400000088],[1667890.557,537470.61500000022],[1667892.2070000004,537489.99000000022],[1667893.1689999998,537497.14100000076],[1667902.9719999991,537508.48399999924],[1667907.5730000008,537519.14599999972],[1667910.1649999991,537530.66100000031],[1667912.591,537551.09500000067],[1667914.0830000006,537570.44899999909],[1667913.0390000008,537586.43700000085],[1667912,537610.40799999982],[1667912.3440000005,537616.51899999939],[1667915.4260000009,537639.11500000022],[1667917.0879999995,537657.53299999982],[1667917.6219999995,537677.71900000051],[1667916.693,537684.62199999951],[1667915.8230000008,537707.65699999966],[1667912.7970000003,537730.56900000013],[1667908.7620000001,537754.14699999988],[1667900.5529999994,537787.39499999955],[1667896.8149999995,537799.99599999934],[1667893.1199999992,537821.70199999958],[1667889.3819999993,537834.30299999937],[1667884.8560000006,537846.80100000091],[1667871.9749999996,537891.56900000013],[1667869.9800000004,537899.44999999925],[1667866.1150000002,537922.09200000018],[1667864.4250000007,537934.96199999936],[1667862.2609999999,537943.77800000086],[1667858.0899999999,537961.43099999987],[1667852.0059999991,537984.74000000022],[1667846.0749999993,538000.08699999936],[1667838.4629999995,538019.36400000006],[1667832.0610000007,538038.6400000006],[1667825.9729999993,538053.96600000001],[1667820.9869999997,538069.43700000085],[1667813.5439999998,538087.77899999917],[1667805.0930000003,538106.78600000031],[1667801.1689999998,538113.29600000009],[1667786.5979999993,538133.57599999942],[1667778.5099999998,538148.80000000075],[1667766.6600000001,538178.53700000048],[1667756.6339999996,538201.32899999991],[1667751.5289999992,538217.9020000007],[1667745.4269999992,538234.18400000036],[1667739.0370000005,538252.50400000066],[1667731.4110000003,538272.73699999973],[1667729.432,538287.64499999955],[1667724.6309999991,538309.20600000024],[1667714.6429999992,538333.12099999934],[1667696.7479999997,538353.92400000058],[1667682.9480000008,538367.27999999933],[1667672.2589999996,538371.9450000003],[1667652.2970000003,538377.46900000051],[1667631.8479999993,538379.89699999988],[1667612.0559999999,538384.4849999994],[1667590.6610000003,538386.78800000064],[1667574.4419999998,538387.6950000003],[1667552.2459999993,538386.8599999994],[1667525.4529999997,538383.34699999914],[1667515.1150000002,538385.18400000036],[1667499.3699999992,538390.14399999939],[1667483.2170000002,538398.24400000088],[1667469.4159999993,538411.60099999979],[1667460.6180000007,538416.51400000043],[1667443.8110000007,538430.43600000069],[1667439.8859999999,538436.94600000046],[1667435.5399999991,538447.55100000091],[1667435.0840000007,538458.50699999928],[1667434.3239999991,538464.47399999946],[1667439.4389999993,538488.29399999976],[1667439.9820000008,538507.52400000021],[1667438.4629999995,538527.43999999948],[1667438.8870000001,538547.77199999988],[1667444.7770000007,538572.65100000054],[1667448.3139999993,538592.27300000004],[1667449.8019999992,538611.62600000016],[1667453.8010000009,538636.25799999945],[1667456.5889999997,538660.8900000006],[1667454.4790000003,538685.83799999952],[1667456.0859999992,538704.08999999985],[1667452.5690000001,538723.90399999917],[1667451.2200000007,538742.88499999978],[1667451.2899999991,538766.04399999976],[1667453.9979999997,538776.4570000004],[1667459.6999999993,538787.26300000027],[1667461.4759999998,538804.57799999975],[1667464.3680000007,538821.0820000004],[1667463.6070000008,538827.04900000058],[1667459.4480000008,538851.72900000028],[1667456.0490000006,538870.44099999964],[1667443.8589999992,538942.44199999981],[1667437.9389999993,538964.81499999948],[1667432.9629999995,538979.33000000007],[1667425.5040000007,538998.62800000049],[1667418.9409999996,539017.88299999945],[1667411.6009999998,539036.07899999991],[1667397.9829999991,539055.5270000007],[1667391.8770000003,539063.82699999958],[1667375.9079999998,539086],[1667359.9269999992,539109.13000000082],[1667347.3739999998,539127.59999999963],[1667334.0449999999,539145.01099999994],[1667320.0050000008,539168.5549999997],[1667313.4269999992,539180.78399999999],[1667303.8680000007,539199.64599999972],[1667299.0480000004,539214.18200000003],[1667290.1329999994,539236.16200000048],[1667288.1359999999,539244.0429999996],[1667283.3310000002,539265.60400000028],[1667275.466,539311.99000000022],[1667272.5519999992,539333.79900000058],[1667268.5089999996,539357.37700000033],[1667265.6319999993,539380.30900000036],[1667262.0610000007,539399.9570000004],[1667258.7660000008,539410.54099999927],[1667252.2510000002,539429.96299999952],[1667245.8560000006,539448.28299999982],[1667239.9330000002,539462.67300000042],[1667228.8350000009,539486.44299999997],[1667221.1520000007,539498.52800000086],[1667210.6840000004,539518.38900000043],[1667205.9959999993,539530.86600000039],[1667200.2440000009,539552.30299999937],[1667196.9609999992,539561.93099999987],[1667191.4969999995,539573.34899999946],[1667179.2819999997,539589.94800000079],[1667173.818,539601.36500000022],[1667159.7249999996,539624.74300000072],[1667149.2190000005,539643.48200000077],[1667144.4100000001,539657.06000000052],[1667135.4930000007,539679.04099999927],[1667131.6050000004,539694.65599999949],[1667126.8100000005,539715.2620000001],[1667120.5830000006,539732.64599999972],[1667114.8300000001,539754.08300000057],[1667109.0130000003,539768.32799999975],[1667102.1429999992,539782.59500000067],[1667089.4550000001,539803.12299999967],[1667076.4890000001,539824.73299999908],[1667072.5500000007,539832.19899999909],[1667061.8029999994,539853.14200000092],[1667051.125,539872.81699999981],[1667049.4179999996,539878.66000000015],[1667046.9470000006,539890.47000000067],[1667042.4289999995,539909.99400000088],[1667037.7899999991,539930.61900000088],[1667032.8110000007,539945.13399999961],[1667026.1109999996,539966.44700000063],[1667019.4230000004,539986.8049999997],[1667011.2540000007,540003.77500000037],[1667002.0319999997,540020.76600000076],[1666993.5720000006,540031.79099999927],[1666979.0170000009,540050.16000000015],[1666972.2660000008,540063.32399999909],[1666963.6870000008,540083.43400000036],[1666953.3479999993,540101.23699999973],[1666948.6459999997,540106.68799999915],[1666931.7390000001,540127.78099999949],[1666918.3929999992,540146.14900000021],[1666893.4350000005,540167.14499999955],[1666877.7510000002,540179.29900000058],[1666872.4049999993,540189.61400000006],[1666866.6500000004,540211.05199999921],[1666861.6689999998,540225.56599999964],[1666856.8469999991,540240.10099999979],[1666854.6779999994,540256.90000000037],[1666851.8540000003,540263.5549999997],[1666848.7520000003,540271.29099999927],[1666845.8200000003,540294.05599999987],[1666840.9969999995,540308.59100000001],[1666834.9509999994,540332.06599999964],[1666831.6659999993,540349.67600000091],[1666829.3650000002,540368.53299999982],[1666827.3790000007,540375.4570000004],[1666822.8579999991,540394.98100000061],[1666818.034,540417.49899999984],[1666811.6980000008,540443.01099999994],[1666804.6549999993,540466.19600000046],[1666797.9519999996,540487.50899999961],[1666789.0810000002,540509.65599999949],[1666784.0869999994,540533.1099999994],[1666783.0329999998,540541.11400000006],[1666779.1549999993,540563.75500000082],[1666776.102,540587.62299999967],[1666772.2359999996,540609.30800000019],[1666769.5920000002,540630.03600000031],[1666765.8839999996,540643.75899999961],[1666761.023,540657.17200000025],[1666751.4949999992,540677.15699999966],[1666747.5669999998,540683.66699999943],[1666736.9360000007,540703.50799999945],[1666728.5950000007,540713.43099999987],[1666709.6109999996,540728.18600000069],[1666691.6940000001,540733.98100000061],[1666679.1229999997,540737.44299999997],[1666653.3259999994,540742.20600000024],[1666631.4690000005,540747.4849999994],[1666612.0830000006,540748.93600000069],[1666593.2210000008,540746.625],[1666586.9289999995,540748.83400000073],[1666572.4790000003,540759.07499999925],[1666546.8629999999,540777.91100000031],[1666527.7200000007,540800.62900000066],[1666502.2740000002,540818.52899999917],[1666479.0109999999,540826.65799999982],[1666471.9680000003,540833.87800000049],[1666466.6209999993,540844.19400000013],[1666461.2149999999,540862.80399999954],[1666458.5720000006,540875.54900000058],[1666451.1140000001,540917.83799999952],[1666449.1150000002,540925.71800000034],[1666442.5299999993,540945.9299999997],[1666437.716,540967.49100000039],[1666432.4299999997,540985],[1666428.9020000007,541012.79600000009],[1666425.2039999999,541033.54600000009],[1666418.1469999999,541049.70399999991],[1666405.9260000009,541066.30399999954],[1666399.1600000001,541072.44299999997],[1666382.8430000003,541080.52300000004],[1666380.7689999994,541082.1679999996],[1666378.2589999996,541084.87199999951],[1666367.1420000009,541101.61700000055],[1666362.9100000001,541111.12099999934],[1666354.8110000007,541134.32699999958],[1666351.9849999994,541140.98200000077],[1666342.2850000001,541161.90300000086],[1666330.7190000005,541180.66499999911],[1666317.5519999992,541197.14100000076],[1666307.3310000002,541205.86099999957],[1666285.8249999993,541216.29499999993],[1666276.7200000007,541224.20299999975],[1666271.0810000002,541236.55599999987],[1666265.1500000004,541258.9299999997],[1666264.3729999997,541265.85300000012],[1666261.6199999992,541286.72599999979],[1666257.7369999997,541309.36700000055],[1666254.0380000006,541330.11700000055],[1666252.1579999998,541336.89499999955],[1666245.4509999994,541358.20900000073],[1666237.8120000008,541378.44199999981],[1666231.1180000007,541398.80000000075],[1666225.9370000008,541416.16200000048],[1666224.8829999994,541424.16599999927],[1666218.9379999992,541447.49599999934],[1666216.7770000007,541463.33799999952],[1666212.7740000002,541487.08100000024],[1666210.9519999996,541509.03399999999],[1666207.7129999995,541526.81000000052],[1666206.7780000009,541533.71299999952],[1666202.8819999993,541557.31000000052],[1666199.0109999999,541578.99499999918],[1666196.2430000007,541600.82499999925],[1666192.7699999996,541620.32699999958],[1666192.7129999995,541620.63800000027],[1666188.8289999999,541643.27999999933],[1666180.0749999993,541656.34300000034],[1666172.0350000001,541663.27199999988],[1666162.4440000001,541668.08400000073],[1666147.6530000009,541672.21399999969],[1666122.3149999995,541674.00500000082],[1666111.6349999998,541677.71600000001],[1666103.8149999995,541683.87600000016],[1666094.0649999995,541696.64900000021],[1666092.3540000003,541702.49200000055],[1666090.9450000003,541713.32399999909],[1666086.7699999996,541738.00200000033],[1666083.6980000008,541762.82499999925],[1666080.7609999999,541777.60799999908],[1666078.7569999993,541793.47100000083],[1666072.523,541810.85500000045],[1666062.4810000006,541825.66499999911],[1666048.841,541838.08899999969],[1666043.5040000007,541847.44800000079],[1666034.5649999995,541862.40300000086],[1666023.9189999998,541875.21800000034],[1666012.5930000003,541883.79399999976],[1665993.0730000008,541887.3049999997],[1665973.1079999991,541884.85099999979],[1665960.8169999998,541879.25100000016],[1665956.8289999999,541870.58699999936],[1665949.2449999992,541851.55299999937],[1665942.9179999996,541844.65799999982],[1665925.2929999996,541840.43500000052],[1665919.1199999992,541841.5429999996],[1665913.4700000007,541846.86999999918],[1665911.4680000003,541854.75],[1665904.5439999998,541860.86900000088],[1665888.0319999997,541863.81599999964],[1665882.3809999991,541869.14399999939],[1665881.6290000007,541874.15399999917],[1665877.5600000005,541898.68700000085],[1665874.8039999995,541919.56000000052],[1665876.4330000002,541946.9140000008],[1665879.6649999991,541968.57100000046],[1665882.4230000004,541994.15799999982],[1665883.2420000006,542011.3479999993],[1665881.2410000004,542019.22800000012],[1665878.3000000007,542041.99300000072],[1665874.5850000009,542063.69899999909],[1665870.8220000006,542077.25599999912],[1665865.057,542098.69299999997],[1665861.0040000007,542114.28700000048],[1665856.8259999994,542138.96600000001],[1665853.7550000008,542155.80700000003],[1665850.6370000001,542164.49899999984],[1665847.5160000008,542181.17300000042],[1665841.2430000007,542197.43500000052],[1665839.1040000003,542215.35600000061],[1665834.5879999995,542233.92300000042],[1665832.4120000005,542250.72100000083],[1665832.3320000004,542275.93600000069],[1665835.5629999992,542297.59300000034],[1665839.2050000001,542316.11099999957],[1665837.6740000006,542328.04399999976],[1665835.3640000001,542346.90000000037],[1665832.2589999996,542354.63599999994],[1665826.6070000008,542359.96299999952],[1665801.2880000006,542375.80800000019],[1665795.3450000007,542383.17200000025],[1665792.3469999991,542390.76300000027],[1665787.4069999997,542413.42500000075],[1665783.4629999995,542420.89200000092],[1665777.6539999992,542426.19899999909],[1665762.4240000006,542435.38099999912],[1665742.0270000007,542452.9879999999],[1665719.6879999992,542470.1799999997],[1665703.7019999996,542492.35600000061],[1665697.6449999996,542515.83000000007],[1665696.7080000006,542522.73299999908],[1665690.9800000004,542568.28299999982],[1665694.034,542575.86700000055],[1665707.4240000006,542589.59300000034],[1665723.0549999997,542608.72199999914],[1665738.2029999997,542624.75400000066],[1665742.3230000008,542631.3599999994],[1665744.3680000007,542639.61099999957],[1665746.9550000001,542658.15000000037],[1665751.8699999992,542675.87600000016],[1665759.0390000008,542698.04900000058],[1665762.9749999996,542706.54700000025],[1665772.9590000007,542723.02099999972],[1665781.0050000008,542731.09899999946],[1665795.4979999997,542744.97000000067],[1665815.5309999995,542761.64200000092],[1665821.9900000002,542766.47900000028],[1665839.6699999999,542785.87600000016],[1665855.8129999992,542802.19899999909],[1665859.7620000001,542809.74100000039],[1665861.807,542817.99100000039],[1665865.7970000003,542841.66300000064],[1665871.5439999998,542867.64100000076],[1665872.6559999995,542874.81200000085],[1665874.284,542894.18400000036],[1665873.3469999991,542901.0859999992],[1665877.6789999995,542922.8870000001],[1665878.9649999999,542944.13000000082],[1665879.1940000001,542973.37700000033],[1665878.6530000009,542993.58300000057],[1665878.8190000001,543000.62900000066],[1665874.8159999996,543031.39800000004],[1665869.8049999997,543039.84200000018],[1665862.7080000006,543046.89599999972],[1665858.9879999999,543068.60099999979],[1665856.6889999993,543086.50100000016],[1665859.5529999994,543103.95900000073],[1665862.5960000008,543127.50799999945],[1665859.5429999996,543150.4179999996],[1665860.6950000003,543173.71900000051],[1665858.9910000004,543186.58799999952],[1665858.398,543206.62700000033],[1665854.6769999992,543228.3320000004],[1665851.7310000006,543251.09600000083],[1665850.2430000007,543271.17799999937],[1665850.5289999992,543277.12299999967],[1665851.8770000003,543297.57599999942],[1665863.091,543320.11900000088],[1665864.3859999999,543325.39699999988],[1665861.4260000009,543349.11800000072],[1665858.8340000007,543369.0549999997],[1665859.2990000006,543381.08999999985],[1665871.2039999999,543406.91699999943],[1665873.0759999994,543416.10199999996],[1665869.3680000007,543436.85099999979],[1665866.8829999994,543456.64299999923],[1665863.8279999997,543479.55299999937],[1665860.2320000008,543492.17400000058],[1665851.5869999994,543512.11700000055],[1665850.5150000006,543521.07699999958],[1665844.1559999995,543554.57100000046],[1665844.1950000003,543570.70099999942],[1665846.4739999995,543592.23399999924],[1665847.9419999998,543611.58500000089],[1665872.1160000004,543651.95099999942],[1665881.8680000007,543662.1679999996],[1665888.4979999997,543666.0700000003],[1665905.2280000001,543685.34400000051],[1665905.75,543704.57100000046],[1665908.7960000001,543720.13800000027],[1665912.7819999997,543743.81000000052],[1665913.1119999997,543757.90300000086],[1665914.7060000002,543768.16999999993],[1665918.2210000008,543787.78999999911],[1665920.0299999993,543805.26999999955],[1665924.1160000004,543821.76999999955],[1665933.0380000006,543861.25699999928],[1665937.6559999995,543881.02099999972],[1665948.0930000003,543902.50400000066],[1665951.9130000006,543919.13000000082],[1665952.4399999995,543930.375],[1665953.8929999992,543950.68300000019],[1665957.8640000001,543975.31100000069],[1665954.4450000003,543994.02300000004],[1665951.5449999999,544016.95299999975],[1665948.7090000007,544031.58999999985],[1665941.3499999996,544049.78500000015],[1665932.8870000001,544067.8359999992],[1665922.8819999993,544090.79399999976],[1665914.5899999999,544107.90899999999],[1665908.1689999998,544119.20199999958],[1665895.7660000008,544136.73699999973],[1665890.5820000004,544146.11700000055],[1665883.6980000008,544160.38299999945],[1665880.7469999995,544168.13900000043],[1665878.8560000006,544182.90000000037],[1665875.6070000008,544200.67500000075],[1665874.0779999997,544219.63399999961],[1665866.5460000001,544238.7650000006],[1665858.0759999994,544249.78999999911],[1665844.5999999996,544261.2770000007],[1665833.7320000008,544266.87900000066],[1665815.6750000007,544274.73299999908],[1665797.1050000004,544285.39399999939],[1665789.1109999996,544292.48900000006],[1665780.5840000007,544296.32200000063],[1665762.4900000002,544303.05399999954],[1665741.4389999993,544310.51600000076],[1665720.3369999994,544317.81200000085],[1665707.3000000007,544324.24799999967],[1665700.2379999999,544332.42400000058],[1665691.3049999997,544346.42200000025],[1665676.2420000006,544369.67600000091],[1665662.7579999994,544389.14499999955],[1665650.0620000008,544408.71800000034],[1665639.8210000005,544418.39399999939],[1665620.9580000006,544431.09200000018],[1665617.3670000006,544435.73100000061],[1665602.3029999994,544458.9849999994],[1665599.3450000007,544474.72399999946],[1665601.4130000006,544481.06200000085],[1665607.0969999991,544484.83899999969],[1665608.3399999999,544489.95099999942],[1665600.5659999996,544511.28600000031],[1665596.6190000009,544518.75200000033],[1665590.2029999997,544537.07100000046],[1665580.0179999992,544553.93899999931],[1665576.2420000006,544560.47000000067],[1665561.3190000001,544573.68400000036],[1665555.2019999996,544581.98399999924],[1665553.1830000002,544590.8200000003],[1665555.0669999998,544599.05000000075],[1665559.6960000005,544617.85700000077],[1665561.9220000003,544624.21499999985],[1665574.8719999995,544650.01899999939],[1665589.3739999998,544662.93400000036],[1665591.4419999998,544669.27199999988],[1665598.5399999991,544677.22599999979],[1665615.0899999999,544690.40899999999],[1665632.1779999994,544713.88099999912],[1665638.3310000002,544721.7109999992],[1665654.8859999999,544741.91999999993],[1665686.9389999993,544775.33400000073],[1665703.1889999993,544798.53700000048],[1665715.8039999995,544818.23000000045],[1665724.9700000007,544832.52300000004],[1665727.3670000006,544837.94600000046],[1665727.5429999996,544844.03600000031],[1665728.9930000007,544864.34300000034],[1665729.1559999995,544871.38900000043],[1665725.2559999991,544894.02899999917],[1665721.4120000005,544923.86199999973],[1665718.2809999995,544940.53500000015],[1665714.5519999992,544962.24000000022],[1665713.4910000004,544970.24400000088],[1665710.1889999993,544987.85300000012],[1665707.8819999993,545005.75200000033],[1665704.7510000002,545022.42600000091],[1665702.6150000002,545039.3900000006],[1665698.4230000004,545064.06699999981],[1665693.4529999997,545102.69299999997],[1665690.023,545114.37800000049],[1665686.1359999999,545136.06200000085],[1665681.2980000004,545150.59600000083],[1665679.2410000004,545158.31000000052],[1665674.5649999995,545179.89100000076],[1665662.9690000005,545199.60700000077],[1665652.2770000007,545211.30000000075],[1665634.2149999999,545234.16100000031],[1665602.6730000004,545268.50999999978],[1665592.6199999992,545283.3200000003],[1665586.3729999997,545300.70299999975],[1665583.3699999992,545308.2929999996],[1665575.4069999997,545331.51899999939],[1665567.273,545355.68099999987],[1665561.9710000008,545373.18799999915],[1665559.7919999994,545382.00300000049],[1665557.1140000001,545403.68600000069],[1665553.7109999992,545413.45900000073],[1665550.8660000004,545421.06900000013],[1665544.3249999993,545440.49000000022],[1665534.4340000004,545462.34600000083],[1665528.0150000006,545480.66499999911],[1665518.466,545500.65000000037],[1665501.3389999997,545531.61700000055],[1665492.2670000009,545547.67300000042],[1665487.2650000006,545555.16100000031],[1665470.2679999992,545577.04499999993],[1665461.1960000005,545593.10099999979],[1665451.1280000005,545608.86700000055],[1665441.2459999993,545622.74100000039],[1665426.1889999993,545645.0390000008],[1665414.5869999994,545657.73000000045],[1665397.1209999993,545675.56100000069],[1665371.1760000009,545697.39200000092],[1665362.4100000001,545710.45399999991],[1665359.5779999997,545717.10899999924],[1665353.1710000001,545734.47100000083],[1665348.3310000002,545749.00599999912],[1665344.1300000008,545766.65699999966],[1665340.7029999997,545785.36800000072],[1665337.5280000009,545793.89399999939],[1665330.0399999991,545813.19099999964],[1665321.4360000007,545833.29900000058],[1665315.9460000005,545852.69800000079],[1665312.227,545873.44600000046],[1665309.0830000006,545898.10199999996],[1665306.9440000001,545915.06499999948],[1665303.8129999992,545938.7650000006],[1665299.773,545963.46199999936],[1665297.1160000004,545976.2070000004],[1665285.8670000006,546008.10400000028],[1665282.5969999991,546026.83500000089],[1665278.2379999999,546044.46600000001],[1665271.8159999996,546062.78500000015],[1665264.1410000008,546083.97399999946],[1665260.2459999993,546098.63199999928],[1665256.0069999993,546115.16100000031],[1665250.9810000006,546131.58699999936],[1665240.9649999999,546154.54499999993],[1665231.2420000006,546175.46499999985],[1665222.6490000002,546194.61800000072],[1665218.0999999996,546207.11500000022],[1665211.0280000009,546230.29800000042],[1665203.5390000008,546249.59500000067],[1665191.7660000008,546270.24799999967],[1665180.8039999995,546293.0820000004],[1665172.7829999998,546309.11600000039],[1665160.7170000002,546331.8049999997],[1665145.9360000007,546353.02199999988],[1665133.8670000006,546368.68600000069],[1665127.8680000007,546375.88499999978],[1665107.9230000004,546397.5429999996],[1665092.0879999995,546418.78199999966],[1665076.5470000003,546437.98299999908],[1665062.7109999992,546459.32399999909],[1665047.6500000004,546481.62199999951],[1665031.9230000004,546502.71499999985],[1665018.1510000005,546523.26600000076],[1665014.4179999996,546551.99599999934],[1665018.8399999999,546573.65000000037],[1665024.9920000006,546588.50500000082],[1665038.4250000007,546609.42200000025],[1665049.9810000006,546629.13599999994],[1665060.5260000005,546649.5150000006],[1665064.7980000004,546656.14100000076],[1665080.5749999993,546682.31499999948],[1665096.7090000007,546705.66100000031],[1665101.2770000007,546717.27600000054],[1665101.3190000001,546732.44899999909],[1665098.2200000007,546757.27099999972],[1665096.3320000004,546764.04900000058],[1665089.4289999995,546786.29600000009],[1665085.7019999996,546800.01899999939],[1665077.3469999991,546809.94199999981],[1665061.3369999994,546825.09100000001],[1665050.1610000003,546840.71199999936],[1665036.6809999999,546859.22599999979],[1665020.966,546879.36199999973],[1665015.1370000001,546885.625],[1664997.409,546906.61600000039],[1664992.5270000007,546913.00300000049],[1664979.8059999999,546933.53099999949],[1664964.9140000008,546954.89399999939],[1664952.7929999996,546970.39200000092],[1664947.7750000004,546978.8359999992],[1664935.7060000002,547001.52600000054],[1664919.216,547020.60300000012],[1664915.4499999993,547026.17799999937],[1664911.3780000005,547034.74599999934],[1664909.0130000003,547052.47800000012],[1664905.7530000005,547070.25300000049],[1664902.6659999993,547094.11800000072],[1664898.7420000006,547117.71399999969],[1664895.9480000008,547139.54199999943],[1664900.8629999999,547163.3359999992],[1664906.8780000005,547180.24899999984],[1664914.3200000003,547200.38199999928],[1664918.9240000006,547220.14399999939],[1664920.8420000002,547236.52099999972],[1664921.3489999995,547255.74699999951],[1664924.5439999998,547278.35799999908],[1664922.3499999996,547295.15499999933],[1664918.1449999996,547319.8320000004],[1664915.6439999994,547339.62199999951],[1664911.5960000008,547364.3200000003],[1664905.9550000001,547375.71600000001],[1664899.6970000006,547386.07399999909],[1664880.1760000009,547403.6370000001],[1664866.8120000008,547414.02300000004],[1664842.2829999998,547432.05000000075],[1664829.4000000004,547445.53199999966],[1664810.8599999994,547464.34200000018],[1664800.1449999996,547469.96600000001],[1664796.2569999993,547476.64200000092],[1664774.8440000005,547493.95800000057],[1664763.0779999997,547506.62900000066],[1664749.7019999996,547524.99699999951],[1664737.1500000004,547544.58999999985],[1664727.9010000005,547568.60700000077],[1664721.3369999994,547588.98399999924],[1664715.8540000003,547607.42600000091],[1664714.2579999994,547612.16699999943],[1664712.5399999991,547618.00999999978],[1664704.4450000003,547649.3629999999],[1664696.4199999999,547672.42200000025],[1664694.409,547680.30199999921],[1664689.5360000003,547703.77400000021],[1664686.25,547712.4450000003],[1664677.5010000002,547734.61099999957],[1664669.4759999998,547757.67100000009],[1664665.5869999994,547764.34699999914],[1664657.0960000008,547783.35400000028],[1664655.2060000002,547790.13199999928],[1664651.4639999997,547811.8359999992],[1664650.2129999995,547828.75599999912],[1664648.2400000002,547851.80900000036],[1664645.5639999993,547865.50999999978],[1664639.7850000001,547878.96399999969],[1664628.0050000008,547899.61600000039],[1664617.8080000002,547916.48399999924],[1664595.7780000009,547946.81299999915],[1664584.9419999998,547960.56399999931],[1664567.5170000009,547978.56200000085],[1664551.4519999996,547993.54499999993],[1664530.0869999994,548011.02899999917],[1664512.7829999998,548027.92500000075],[1664503.9729999993,548032.83999999985],[1664481.0370000005,548039.10099999979],[1664459.7559999991,548047.33500000089],[1664424.8430000003,548052.02999999933],[1664416.0179999992,548057.9020000007],[1664409.8949999996,548066.20199999958],[1664407.8690000009,548075.03800000064],[1664402.0759999994,548096.47399999946],[1664399.4000000004,548117.19899999909],[1664395.6699999999,548137.94700000063],[1664392.8579999991,548160.73000000045],[1664384.9179999996,548206.15399999917],[1664382.1190000009,548227.98200000077],[1664378.8550000004,548245.75699999928],[1664376.5209999997,548264.61099999957],[1664372.9130000006,548284.25699999928],[1664370.8719999995,548301.07399999909],[1664367.7799999993,548324.93899999931],[1664361.6649999991,548357.34999999963],[1664356.5089999996,548381.9020000007],[1664351.9680000003,548400.46800000034],[1664347.5850000009,548419.0549999997],[1664346.7980000004,548425.97699999996],[1664342.7589999996,548449.71800000034],[1664338.8920000009,548479.54900000058],[1664335.4539999999,548498.25899999961],[1664333.1199999992,548517.11400000006],[1664329.5099999998,548536.75899999961],[1664327.1899999995,548554.65799999982],[1664325.1490000002,548571.47499999963],[1664320.7789999992,548589.10500000045],[1664317.6349999998,548605.77800000086],[1664313.5449999999,548622.32799999975],[1664303.8460000008,548658.42100000009],[1664299.8059999999,548682.16200000048],[1664295.8880000003,548697.77600000054],[1664293.9959999993,548704.55399999954],[1664287.9069999997,548728.0270000007],[1664285.8800000008,548743.88800000027],[1664281.6669999994,548768.56399999931],[1664279.1600000001,548788.35400000028],[1664275.7210000008,548807.06399999931],[1664273.091,548827.95600000024],[1664269.6520000007,548846.66599999927],[1664264.8230000008,548884.35400000028],[1664261.5409999993,548903.08500000089],[1664259.5130000003,548918.94600000046],[1664256.0739999991,548937.65599999949],[1664253.5800000001,548956.49000000022],[1664250.4199999999,548974.11900000088],[1664248.2699999996,548991.0820000004],[1664243.727,549002.62299999967],[1664231.1180000007,549022.05000000075],[1664223.1160000004,549029.14699999988],[1664200.1640000008,549043.38900000043],[1664179.2589999996,549064.92600000091],[1664176.5580000002,549069.52199999988],[1664166.8210000005,549090.44299999997],[1664157.2719999999,549102.44600000046],[1664147.2060000002,549110.23100000061],[1664142.6140000001,549114.58100000024],[1664133.1850000005,549132.50799999945],[1664122.0519999992,549148.29600000009],[1664106.3120000008,549169.3900000006],[1664100.8230000008,549180.80700000003],[1664096.7809999995,549204.54800000042],[1664091.7219999991,549211.86999999918],[1664082.4309999999,549213.68899999931],[1664061.6779999994,549218.16100000031],[1664043.7320000008,549231.94099999964],[1664029.7620000001,549247.35899999924],[1664022.9829999991,549260.52400000021],[1664020.0380000006,549267.32399999909],[1664015.4649999999,549287.80199999921],[1664006.8450000007,549307.91000000015],[1663998.8619999997,549331.13599999994],[1663995.852,549338.72599999979],[1663991.6520000007,549355.42100000009],[1663988.9849999994,549368.16499999911],[1663985.8729999997,549392.9849999994],[1663981.9509999994,549415.62399999984],[1663979.318,549436.51600000076],[1663975.6899999995,549457.11700000055],[1663971.4739999995,549481.7929999996],[1663968.375,549505.65699999966],[1663968.3599999994,549513.63900000043],[1663969.4949999992,549535.98100000061],[1663971.4379999992,549560.50400000066],[1663973.0079999994,549595.8359999992],[1663973.6769999992,549614.125],[1663974.4710000008,549624.28800000064],[1663977.4959999993,549646.87700000033],[1663978.7540000007,549661.09200000018],[1663979.0810000002,549674.22699999996],[1663980.0779999997,549698.62700000033],[1663981.8489999995,549724.0859999992],[1663982.3469999991,549743.31100000069],[1663985.2200000007,549768.9140000008],[1663988.3530000001,549791.35700000077],[1663991.7219999991,549812.07499999925],[1663990.6359999999,549828.06000000052],[1663990.0170000009,549841.07100000046],[1663986.5739999991,549859.78099999949],[1663979.4849999994,549875.93899999931],[1663963.2770000007,549892.98000000045],[1663953.2249999996,549899.80900000036],[1663930.5629999992,549912.0150000006],[1663920.3579999991,549928.88399999961],[1663918.6520000007,549933.76999999955],[1663909.8420000002,549955.76999999955],[1663904.6610000003,549964.19400000013],[1663887.6429999992,549979.05399999954],[1663884.8359999992,550000.88099999912],[1663886.7919999994,550024.44800000079],[1663885.3819999993,550044.38099999912],[1663882.5749999993,550066.20800000057],[1663878.8220000006,550087.91100000031],[1663872.5539999995,550112.31900000013],[1663859.818,550132.84899999946],[1663850.5089999996,550142.64900000021],[1663829.7379999999,550155.10199999996],[1663817.3300000001,550157.63199999928],[1663813.2180000003,550158.05299999937],[1663780.9539999999,550157.98699999973],[1663747.1229999997,550170.81000000052],[1663743.6789999995,550189.51999999955],[1663740.8399999999,550196.17400000058],[1663734.0759999994,550201.35799999908],[1663725.9159999993,550201.40899999999],[1663706.6809999999,550202.8870000001],[1663698.2129999995,550205.93200000003],[1663666.7219999991,550206.92600000091],[1663636.5050000008,550207.13000000082],[1663630.5,550214.32799999975],[1663623.1490000002,550240.67100000009],[1663615.6359999999,550298.12700000033],[1663608.9189999998,550351.69600000046],[1663606.2799999993,550379.61199999973],[1663613.8640000001,550406.78800000064],[1663615.1490000002,550436.17500000075],[1663616.7290000003,550463.52500000037],[1663614.5559999999,550488.46800000034],[1663611.1429999992,550515.32499999925],[1663609.2620000001,550545.25699999928],[1663611.0130000003,550571.67100000009],[1663612.4849999994,550599.16599999927],[1663615.8330000006,550627.86500000022],[1663627.4629999995,550655.41000000015],[1663625.6300000008,550685.50799999945],[1663631.943,550699.42500000075],[1663637.4609999992,550727.28999999911],[1663638.4499999993,550758.71399999969],[1663643.659,550789.57200000063],[1663639.7620000001,550820.35799999908],[1663637.7569999993,550851.39100000076],[1663641.2249999996,550878.9879999999],[1663647.5510000009,550909.03399999999],[1663655.9399999995,550938.39100000076],[1663660.8210000005,550963.13900000043],[1663665.5940000005,550988.03199999966],[1663674.3859999999,550998.12299999967],[1663695.6649999991,551021.02199999988],[1663698.5370000005,551022.5150000006],[1663700.5360000003,551022.61700000055],[1663701.3589999992,551023.84200000018],[1663714.4489999991,551048.70500000007],[1663720.7420000006,551070.60300000012],[1663718.1170000006,551090.53800000064],[1663713.2280000001,551096.92500000075],[1663695.1260000002,551096.63499999978],[1663691.3399999999,551103.16499999911],[1663691.3369999994,551110.18999999948],[1663701.1060000006,551128.55199999921],[1663699.5519999992,551140.48299999908],[1663695.9670000002,551161.25100000016],[1663689.6960000005,551178.63299999945],[1663680.5390000008,551195.47900000028],[1663676.3010000009,551204.0270000007],[1663667.9859999996,551214.11700000055],[1663656.9989999998,551236.94999999925],[1663646.4470000006,551248.6640000008],[1663628.9900000002,551274.64399999939],[1663613.5800000001,551300.89200000092],[1663592.1970000006,551325.40100000054],[1663568.4100000001,551345.44400000013],[1663559.3169999998,551361.5],[1663544.2170000002,551384.75500000082],[1663537.7770000007,551396.04800000042],[1663528.807,551411.00300000049],[1663521.4379999992,551468.47900000028],[1663516.9010000005,551496.14699999988],[1663505.7709999997,551528.06399999931],[1663496.3129999992,551553.97199999914],[1663488.8200000003,551612.54900000058],[1663492.1280000005,551650.18500000052],[1663517.9989999998,551668.73399999924],[1663523.9829999991,551676.54099999927],[1663528.4010000005,551690.21199999936],[1663530.4260000009,551705.4849999994],[1663554.8579999991,551711.71199999936],[1663579.1170000006,551718.87399999984],[1663587.5969999991,551731.9570000004],[1663605.7259999998,551747.41999999993],[1663606.3609999996,551750.53600000031],[1663610.4649999999,551774.22499999963],[1663616.1500000004,551801.15399999917],[1663615.5710000005,551821.35600000061],[1663615.4039999992,551845.4450000003],[1663615.7550000008,551866.72699999996],[1663617.7799999993,551882],[1663621.2970000003,551902.7379999999],[1663624.9020000007,551921.25200000033],[1663631.7190000005,551946.41300000064],[1663635.6500000004,551971.03700000048],[1663637.6779999994,551979.28600000031],[1663644.9629999995,552001.47399999946],[1663650.784,552026.34600000083],[1663651.7589999996,552034.61600000039],[1663654.4189999998,552053.00699999928],[1663658.3680000007,552069.65000000037],[1663669.5769999996,552093.30900000036],[1663680.2829999998,552118.81900000013],[1663690.3729999997,552143.29099999927],[1663694.3430000003,552151.95299999975],[1663706.807,552172.74300000072],[1663709.7960000001,552180.15899999999],[1663721.5889999997,552206.76899999939],[1663740.6919999998,552230.50300000049],[1663758.4940000009,552249.91499999911],[1663776.8959999997,552271.32200000063],[1663782.1060000006,552278.07100000046],[1663798.9710000008,552303.42799999937],[1663808.7559999991,552313.80900000036],[1663814.2620000001,552318.52099999972],[1663834.2650000006,552335.18700000085],[1663841.8129999992,552347.19199999981],[1663847.1909999996,552360.02999999933],[1663853.6500000004,552380.99400000088],[1663862.1740000006,552401.26899999939],[1663866.7369999997,552429.00999999978],[1663869.0989999995,552449.43799999915],[1663869.5940000005,552484.78999999911],[1663871.0610000007,552505.25999999978],[1663871.5319999997,552525.44099999964],[1663871.2359999996,552527.47800000012],[1663872.0179999992,552544.66499999911],[1663883.8300000001,552563.29499999993],[1663889.034,552577.06900000013],[1663892.2029999997,552599.67799999937],[1663895.4949999992,552621.18500000052],[1663895.6909999996,552635.42200000025],[1663897.2799999993,552654.78999999911],[1663897.5769999996,552675.90599999949],[1663894.7430000007,552698.68799999915],[1663892.875,552713.6129999999],[1663888.9580000006,552728.26999999955],[1663881.4199999999,552755.54600000009],[1663872.7850000001,552775.65399999917],[1663857.8010000009,552797.8049999997],[1663846.1710000001,552817.52099999972],[1663835.9399999995,552835.34400000051],[1663828.5820000004,552844.60099999979],[1663817.3770000003,552854.15300000086],[1663803.0629999992,552870.48399999924],[1663799.2980000004,552892.18600000069],[1663801.8310000002,552911.67799999937],[1663805.6260000002,552921.27600000054],[1663811.4340000004,552940.07899999991],[1663813.6490000002,552946.43600000069],[1663824.6960000005,552970.07499999925],[1663834.7469999995,552993.42500000075],[1663845.7789999992,553018.01999999955],[1663851.8100000005,553025.99400000088],[1663871.4570000004,553038.46299999952],[1663889.5879999995,553046.9020000007],[1663905.1579999998,553050.85500000045],[1663919.6390000004,553063.76600000076],[1663925.6710000001,553071.74000000022],[1663939.8340000007,553094.66999999993],[1663954.9489999991,553110.69800000079],[1663958.2819999997,553116.24400000088],[1663969.1400000006,553141.77500000037],[1663977.0329999998,553151.90899999999],[1663989.7880000006,553170.66300000064],[1663997.0109999999,553176.55800000019],[1663999.2259999998,553182.91499999911],[1664006.9450000003,553193.98399999924],[1664020.6459999997,553212.86199999973],[1664038.4440000001,553255.42799999937],[1664040.1899999995,553264.75799999945],[1664043.0170000009,553282.21299999952],[1664043.5289999992,553286.43200000003],[1664044.1129999999,553289.38299999945],[1664047.1129999999,553305.9020000007],[1664049.9839999992,553330.54900000058],[1664056.1439999994,553353.55000000075],[1664063.0610000007,553378.56599999964],[1664070.8010000009,553404.80700000003],[1664073.6429999992,553421.30599999987],[1664074.4279999994,553431.46800000034],[1664077.0820000004,553449.85899999924],[1664078.6669999994,553469.22800000012],[1664078.3770000003,553487.39299999923],[1664080.1229999997,553496.7229999993],[1664082.7829999998,553508.08899999969],[1664082.977,553522.32499999925],[1664083.9199999999,553545.60199999996],[1664089.4299999997,553566.44199999981],[1664091.4989999998,553581.88199999928],[1664092.7379999999,553603.12099999934],[1664094.4879999999,553628.57899999991],[1664096.3690000009,553645.91100000031],[1664095.4480000008,553677.08699999936],[1664092.3129999992,553701.90599999949],[1664090.2620000001,553724.79099999927],[1664086.1960000005,553748.52999999933],[1664078.2990000006,553771.60700000077],[1664068.2449999992,553794.56299999915],[1664061.9649999999,553811.9450000003],[1664056.7379999999,553829.30399999954],[1664053.3019999992,553840.03199999966],[1664049.3670000006,553855.64499999955],[1664044.6510000005,553877.2229999993],[1664037.591,553900.5700000003],[1664035.9810000006,553912.33500000089],[1664027.8359999992,553976.89699999988],[1664026.1290000007,553997.91100000031],[1664025.8100000005,554007.92899999954],[1664026.909,554031.22599999979],[1664028.6569999997,554056.68400000036],[1664027.8770000003,554062.64900000021],[1664029.0979999993,554084.84500000067],[1664031.1919999998,554108.43200000003],[1664036.7139999997,554128.31499999948],[1664038.7349999994,554159.71700000018],[1664042.9890000001,554173.36700000055],[1664047.0960000008,554196.09999999963],[1664049.9199999999,554213.5549999997],[1664050.5730000008,554231.84400000051],[1664050.2640000004,554250.96499999985],[1664051.2039999999,554274.24100000039],[1664051.3560000006,554297.4140000008],[1664051.7119999994,554317.74000000022],[1664050.4069999997,554336.57100000046],[1664049.9399999995,554355.67200000025],[1664051.2259999998,554377.07699999958],[1664054.0429999996,554417.68500000052],[1664054.852,554435.99400000088],[1664054.0629999992,554448.98399999924],[1664053.7770000007,554460.125],[1664053.9179999996,554474.1950000003],[1664053.7880000006,554498.44899999909],[1664054.7119999994,554522.68099999987],[1664053.4719999991,554540.72199999914],[1664053.4739999995,554556.84999999963],[1664054.0749999993,554574.9729999993],[1664055.6559999995,554594.34100000001],[1664053.1740000006,554614.29600000009],[1664053.6510000005,554633.51999999955],[1664057.4039999992,554652.05399999954],[1664061.9940000009,554670.85899999924],[1664064.8010000009,554689.26999999955],[1664065.5989999995,554698.47599999979],[1664066.0759999994,554717.69999999925],[1664067.6410000008,554738.02400000021],[1664067.4930000007,554747.10700000077],[1664066.5549999997,554769.17899999954],[1664065.1410000008,554788.15599999949],[1664061.8369999994,554806.88499999978],[1664055.5280000009,554832.24699999951],[1664047.3690000009,554848.42500000075],[1664038.6840000004,554861.33999999985],[1664025.8039999995,554882.96800000034],[1664011.9289999995,554904.30599999987],[1663982.1879999992,554939.85500000045],[1663967.2180000003,554954.02400000021],[1663946.4580000006,554974.62099999934],[1663928.6679999996,554987.46199999936],[1663900.8010000009,555008.08799999952],[1663883.4700000007,555024.98200000077],[1663864.5859999992,555046.78199999966],[1663857.6270000003,555053.85600000061],[1663838.2819999997,555071.60500000045],[1663831.8489999995,555081.94099999964],[1663829.1520000007,555095.63900000043],[1663827.4149999991,555108.50599999912],[1663826,555127.48200000077],[1663824.7579999994,555145.52300000004],[1663822.6840000004,555169.36400000006],[1663821.4409999996,555187.40499999933],[1663821.2929999996,555196.48699999973],[1663821.5950000007,555216.64599999972],[1663823.7909999993,555240.08699999936],[1663838.6030000001,555258.15300000086],[1663838.4440000001,555290.3870000001],[1663836.2200000007,555323.31000000052],[1663835.3139999993,555346.50500000082],[1663840.6420000009,555368.27999999933],[1663854.0130000003,555397.17500000075],[1663860.9440000001,555430.33699999936],[1663862.2009999994,555443.59500000067],[1663874.9719999991,555470.49599999934],[1663881.7170000002,555473.29399999976],[1663899.0380000006,555479.55299999937],[1663931.6549999993,555499.94899999909],[1663941.0820000004,555506.13199999928],[1663961.3870000001,555519.80800000019],[1663966.7660000008,555525.62099999934],[1663983.7479999997,555542.85400000028],[1663991.602,555551.86600000039],[1663998.5590000004,555560.91999999993],[1664004.6950000003,555568.74899999984],[1664009.727,555576.43300000019],[1664020.1129999999,555597.91300000064],[1664020.2760000005,555604.00200000033],[1664009.102,555691.32300000079],[1664006.5519999992,555695.93899999931],[1663993.6679999996,555717.56599999964],[1663985.7630000003,555724.51600000076],[1663965.625,555739.12600000016],[1663952.3890000004,555756.55599999987],[1663937.9419999998,555773.98699999973],[1663919.3499999996,555793.74899999984],[1663910.852,555804.77300000004],[1663905.8169999998,555813.21600000001],[1663894.0020000003,555833.86600000039],[1663881.5209999997,555853.31100000069],[1663873.3589999992,555869.4879999999],[1663864.5209999997,555891.48599999957],[1663863.1180000007,555909.50599999912],[1663860.2679999992,555932.28700000048],[1663857.9199999999,555950.18300000019],[1663857.2579999994,555971.17500000075],[1663851.2760000005,556017.81699999981],[1663849.0850000009,556035.73399999924],[1663847.8049999997,556052.65300000086],[1663843.3890000004,556087.36500000022],[1663841.534,556110.43600000069],[1663838.8220000006,556131.15899999999],[1663837.5920000002,556148.24400000088],[1663837.5490000006,556157.1799999997],[1663838.0209999997,556176.40399999917],[1663836.4780000001,556196.48200000077],[1663835.6909999996,556218.57499999925],[1663833.6219999995,556235.3900000006],[1663825.898,556294.89900000021],[1663825.1109999996,556316.99200000055],[1663822.2589999996,556339.77300000004],[1663820.5419999994,556360.78600000031],[1663817.3929999992,556385.60400000028],[1663816.4199999999,556393.4609999992],[1663816.5779999997,556415.67699999921],[1663815.3239999991,556424.61500000022],[1663812.2980000004,556448.33100000024],[1663810.4460000005,556455.27500000037],[1663806.0309999995,556473.85899999924],[1663800.6329999994,556485.12900000066],[1663788.5280000009,556500.79099999927],[1663774.8340000007,556520.23699999973],[1663771.0409999993,556526.76600000076],[1663770.0840000007,556533.66699999943],[1663769.1610000003,556541.68999999948],[1663766.6370000001,556560.52199999988],[1663768.0250000004,556565.65399999917],[1663780.4550000001,556587.40000000037],[1663785.3350000009,556604.16699999943],[1663785.4810000006,556611.21199999936],[1663782.8169999998,556632.10099999979],[1663782.5030000005,556657.28999999911],[1663782.4700000007,556681.39800000004],[1663778.7090000007,556711.24599999934],[1663776.0069999993,556724.94400000013],[1663769.8560000006,556740.26799999923],[1663755.534,556765.69999999925],[1663741.6620000005,556780.0120000001],[1663734.8900000006,556785.19400000013],[1663729.4110000003,556788.62900000066],[1663702.3200000003,556803.28800000064],[1663695.7210000008,556807.53500000015],[1663654.1410000008,556832.43400000036],[1663634.7390000001,556850.01600000076],[1663612.2190000005,556868.30700000003],[1663592.5309999995,556880.9020000007],[1663586.8629999999,556886.22800000012],[1663564.3430000003,556904.51999999955],[1663540.4220000003,556924.70399999991],[1663521.3829999994,556939.46000000089],[1663505.4450000003,556954.4609999992],[1663487.4959999993,556976.38499999978],[1663466.5539999995,556997.91699999943],[1663454.2579999994,557015.47100000083],[1663449.5219999999,557027.94600000046],[1663435.9700000007,557079.66699999943],[1663427.3320000004,557098.81699999981],[1663413.7640000004,557126.26400000043],[1663402.5500000007,557135.81599999964],[1663383.1909999996,557144.4609999992],[1663374.2300000004,557151.43300000019],[1663366.8310000002,557162.60199999996],[1663366.0470000003,557168.56699999981],[1663361.4550000001,557188.08699999936],[1663357.3640000001,557196.65300000086],[1663349.807,557207.80100000091],[1663329.1600000001,557227.29700000025],[1663311.6600000001,557238.10199999996],[1663289.625,557252.46600000001],[1663260.9550000001,557263.8870000001],[1663249.4580000006,557274.51899999939],[1663239.8489999995,557279.33100000024],[1663217.3719999995,557288.68700000085],[1663208.2219999991,557297.55100000091],[1663195.1190000009,557312.92400000058],[1663169.7770000007,557329.8900000006],[1663157.6400000006,557353.53299999982],[1663149.9220000003,557358.59200000018],[1663141.5720000006,557360.53399999999],[1663130.6989999991,557359.11199999973],[1663120.3509999998,557360.95299999975],[1663109.9199999999,557364.5390000008],[1663088.6689999998,557372.93899999931],[1663082.5449999999,557380.28199999966],[1663071.4900000002,557395.92300000042],[1663068.3430000003,557404.6129999999],[1663055.6079999991,557426.2620000001],[1663051.9450000003,557446.86099999957],[1663051.1530000009,557468.95299999975],[1663049.5539999995,557488.86400000006],[1663044.2349999994,557498.38900000043],[1663030.2060000002,557521.78500000015],[1663016.4920000006,557542.18799999915],[1663003.7219999991,557562.71399999969],[1662992.7039999999,557585.54600000009],[1662986.5380000006,557610.92799999937],[1662982.432,557626.51899999939],[1662969.9600000009,557645.00899999961],[1662958.4670000002,557664.74400000088],[1662943.5089999996,557687.06100000069],[1662937.6649999991,557693.32300000079],[1662913.898,557713.52999999933],[1662897.0240000002,557718.34999999963],[1662879.0930000003,557717.12399999984],[1662859.4120000005,557713.59400000051],[1662845.0739999991,557714.75400000066],[1662822.8839999996,557738.20099999942],[1662809.148,557750.45800000057],[1662805.5130000003,557763.07699999958],[1662804.2599999998,557781.11700000055],[1662805.2259999998,557789.3870000001],[1662801.909,557808.11600000039],[1662797.1319999993,557844.69700000063],[1662793.0449999999,557868.43500000052],[1662789.8880000003,557893.25200000033],[1662792.3550000004,557921.67899999954],[1662790.3259999994,557929.55800000019],[1662785.2939999998,557953.17200000025],[1662781.3239999991,557960.6370000001],[1662769.5120000001,557974.26300000027],[1662749.523,557988.89699999988],[1662737.6909999996,557994.37700000033],[1662731.8629999999,557999.68300000019],[1662725.5610000007,558001.89299999923],[1662717.8259999994,558007.90899999999],[1662713.9230000004,558014.58400000073],[1662700.3760000002,558024.94999999925],[1662686.8330000006,558044.4179999996],[1662681.9039999992,558058.78399999999],[1662680.9780000001,558066.80700000003],[1662679.3770000003,558086.71800000034],[1662672.6229999997,558100.04700000025],[1662660.9539999999,558120.71800000034],[1662656.0390000008,558128.06000000052],[1662643.4409999996,558147.65100000054],[1662638.3870000001,558163.11900000088],[1662631.3049999997,558186.46600000001],[1662629.5439999998,558200.28800000064],[1662624.8379999995,558213.88399999961],[1662619.2909999993,558218.1099999994],[1662611.7620000001,558221.27800000086],[1662605.9179999996,558227.53999999911],[1662586.068,558240.11600000039],[1662579.2780000009,558246.25500000082],[1662553.3000000007,558260.10700000077],[1662540.682,558271.55199999921],[1662539.8959999997,558277.51799999923],[1662531.4250000007,558289.6640000008],[1662528.4159999993,558296.29700000025],[1662521.1579999998,558314.51099999994],[1662509.818,558331.23299999908],[1662505.7080000006,558340.75599999912],[1662498.4649999999,558358.01400000043],[1662485.5020000003,558380.43300000019],[1662482.9839999992,558392.24000000022],[1662479.2090000007,558412.98399999924],[1662479.0189999994,558414.87600000016],[1662477.2919999994,558435.88800000027],[1662474.1429999992,558444.57799999975],[1662469.1199999992,558452.06599999964],[1662454.1099999994,558483.31900000013],[1662450.6640000008,558494.04700000025],[1662449.3729999997,558504.89599999972],[1662447.1390000004,558521.69099999964],[1662445.8829999994,558539.73000000045],[1662435.8049999997,558562.68600000069],[1662421.7709999997,558586.0820000004],[1662418.7339999992,558609.79800000042],[1662406.6060000006,558626.41699999943],[1662397.0150000006,558645.44400000013],[1662393.2190000005,558651.97399999946],[1662383.1209999993,558666.78299999982],[1662373.6879999992,558685.83100000024],[1662365.3249999993,558703.90000000037],[1662354.4560000002,558717.65000000037],[1662350.1870000008,558727.15300000086],[1662346.8479999993,558737.7349999994],[1662345.8900000006,558753.7379999999],[1662343.216,558774.62600000016],[1662341.4690000005,558787.49200000055],[1662338.1640000008,558805.26400000043],[1662331.0620000008,558829.56699999981],[1662323.659,558840.73599999957],[1662310.0779999997,558859.0820000004],[1662295.0969999991,558882.35500000045],[1662292.1219999995,558890.1099999994],[1662277.9279999994,558913.48599999957],[1662274.7789999992,558922.17699999921],[1662272.8739999998,558938.05599999987],[1662268.6050000004,558947.55800000019],[1662261.3599999994,558964.81599999964],[1662258.3210000005,558988.53099999949],[1662252.3540000003,559011.06599999964],[1662248.3829999994,559018.53099999949],[1662247.4220000003,559025.43200000003],[1662243.8019999992,559046.19700000063],[1662235.9260000009,559060.33799999952],[1662231.1679999996,559073.76899999939],[1662225.8010000009,559116.50200000033],[1662215.8440000005,559138.35600000061],[1662212.0810000002,559152.07599999942],[1662196.3249999993,559165.18799999915],[1662190.023,559167.39900000021],[1662173.6359999999,559177.39499999955],[1662168.9100000001,559182.84600000083],[1662162.4330000002,559185.99200000055],[1662148.8670000006,559197.31399999931],[1662137.0510000009,559210.94099999964],[1662132.9710000008,559218.55199999921],[1662125.0629999992,559240.67300000042],[1662110.7090000007,559257.9609999992],[1662096.5289999992,559274.31299999915],[1662081.7190000005,559287.54900000058],[1662062.0409999993,559308.2929999996],[1662048.9309999999,559323.66699999943],[1662022.9169999994,559345.5],[1662009.5240000002,559355.88800000027],[1661984.9440000001,559373.91599999927],[1661975.6809999999,559382.92600000091],[1661966.9829999991,559395.84300000034],[1661932.4930000007,559420.72100000083],[1661923.1789999995,559423.49699999951],[1661898.3169999998,559436.5390000008],[1661871.8279999997,559446.17500000075],[1661862.8629999999,559453.14800000004],[1661858.9250000007,559467.80399999954],[1661851.9590000007,559474.87900000066],[1661845.8310000002,559476.15499999933],[1661843.1530000009,559497.0429999996],[1661840.6170000006,559515.87399999984],[1661840.8680000007,559537.94299999997],[1661843.5309999995,559548.35099999979],[1661845.9120000005,559568.94199999981],[1661844.1469999999,559582.76300000027],[1661842.6960000005,559602.69400000013],[1661837.182,559614.1099999994],[1661830.1239999998,559614.30700000003],[1661821.8969999999,559615.14900000021],[1661808.0470000003,559621.4849999994],[1661800.0109999999,559620.43600000069],[1661788.8230000008,559622.00899999961],[1661766.6209999993,559621.18700000085],[1661747.7609999999,559618.88499999978],[1661711.9910000004,559614.21600000001],[1661697.3359999992,559618.37099999934],[1661687.7239999995,559623.18400000036],[1661648.0600000005,559604.90100000054],[1661618.0130000003,559568.89599999972],[1661601.375,559556.82399999909],[1661580.9049999993,559534.99100000039],[1661562.5010000002,559521.57100000046],[1661539.1779999994,559506.39200000092],[1661526.9199999999,559499.84200000018],[1661504.4020000007,559486.84400000051],[1661495.6099999994,559483.78099999949],[1661487.5730000008,559476.6640000008],[1661469.7660000008,559465.23900000006],[1661450.4159999993,559451.69600000046],[1661443.9710000008,559446.8629999999],[1661442.2369999997,559443.60300000012],[1661438.3300000001,559435.10899999924],[1661420.0820000004,559412.60899999924],[1661414.5830000006,559407.89900000021],[1661407.9480000008,559404.95800000057],[1661390.0160000008,559394.63399999961],[1661372.227,559400.4570000004],[1661364.1579999998,559407.38900000043],[1661361.3550000004,559414.20900000073],[1661356.5789999999,559419.49400000088],[1661349.3469999991,559420.62600000016],[1661328.4220000003,559419.0150000006],[1661300.5470000003,559423.52199999988],[1661293.6140000001,559422.61800000072],[1661281.8110000007,559420.12099999934],[1661269.6610000003,559413.42600000091],[1661246.8440000005,559402.46600000001],[1661228.9120000005,559392.14299999923],[1661223.0979999993,559390.42699999921],[1661200.1070000008,559380.4020000007],[1661185.4680000003,559377.53500000015],[1661163.7550000008,559372.78700000048],[1661145.0030000005,559370.34200000018],[1661125.3379999995,559365.86099999957],[1661105.7809999995,559361.2349999994],[1661093.1740000006,559356.55700000003],[1661078.8499999996,559350.69800000079],[1661066.1190000009,559347.12099999934],[1661047.682,559341.68300000019],[1661039.1720000003,559337.53999999911],[1661033.5490000006,559333.93200000003],[1661014.9690000005,559321.44999999925],[1660990.6999999993,559306.15000000037],[1660979.3870000001,559299.72499999963],[1660947.1309999991,559283.54399999976],[1660926.4869999997,559271.75100000016],[1660912.9499999993,559259.92699999921],[1660889.6919999998,559243.9609999992],[1660869.5370000005,559228.24000000022],[1660852.375,559212.90899999999],[1660845.7559999991,559209.01300000027],[1660830.4849999994,559193.92899999954],[1660814.1449999996,559179.82300000079],[1660801.8680000007,559165.12900000066],[1660793.9869999997,559148.93300000019],[1660789.9220000003,559140.41899999976],[1660778.7650000006,559124.91300000064],[1660764.1079999991,559113.90100000054],[1660758.1199999992,559113.12099999934],[1660742.5199999996,559117.15599999949],[1660722.0360000003,559126.62199999951],[1660712.7390000001,559128.44400000013],[1660705.8049999997,559127.54099999927],[1660697.4690000005,559122.46199999936],[1660694.159,559115.96299999952],[1660692.4719999991,559097.69999999925],[1660696.7400000002,559073.0270000007],[1660701.4969999995,559050.49300000072],[1660705.8910000008,559039.88800000027],[1660716.7939999998,559018.15599999949],[1660730.0280000009,559001.67699999921],[1660736.0299999993,558986.3320000004],[1660739.1960000005,558976.68500000052],[1660742.3300000001,558968.94999999925],[1660745.6359999999,558951.17699999921],[1660769.3000000007,558915.93799999915],[1660788.5380000006,558899.28399999999],[1660798.7960000001,558890.56100000069],[1660812.3120000008,558879.06900000013],[1660823.0580000002,558866.4179999996],[1660832.0539999995,558851.46299999952],[1660836.5879999995,558838.80100000091],[1660841.9580000006,558820.33899999969],[1660846.557,558800.81900000013],[1660854.1170000006,558780.56699999981],[1660863.1439999994,558757.63299999945],[1660866.1510000005,558741.89699999988],[1660868.6510000005,558721.94400000013],[1660867.8920000009,558704.75899999961],[1660865.6840000004,558698.40399999917],[1660856.432,558676.12099999934],[1660853.7479999997,558657.56799999997],[1660857.8709999993,558625.84999999963],[1660861.5089999996,558613.23100000061],[1660863.2400000002,558607.38900000043],[1660879.9409999996,558594.39599999972],[1660892.5419999994,558574.80100000091],[1660901.7100000009,558558.91100000031],[1660906.4360000007,558553.45900000073],[1660913.227,558547.31799999997],[1660930.523,558530.25100000016],[1660948.6740000006,558515.53199999966],[1660963.4680000003,558509.31699999981],[1660988.3479999993,558504.41599999927],[1661013.4169999994,558497.62399999984],[1661020.0010000002,558494.33100000024],[1661042.3910000008,558484.15599999949],[1661068.8589999992,558466.36999999918],[1661075.4739999995,558455.09600000083],[1661085.0810000002,558435.11199999973],[1661087.6459999997,558414.36900000088],[1661091.5620000008,558391.56599999964],[1661091.5759999994,558384.54199999943],[1661092.0759999994,558364.4879999999],[1661095.9969999995,558356.85600000061],[1661102.4570000004,558354.6640000008],[1661112.4010000005,558355.00200000033],[1661129.8939999994,558360.31699999981],[1661144.1830000002,558358.98599999957],[1661146.2320000008,558359.25300000049],[1661158.8359999992,558354.82899999991],[1661173.8379999995,558348.80100000091],[1661188.6150000002,558343.54199999943],[1661213.1960000005,558340.6799999997],[1661231.3169999998,558340.00899999961],[1661239.0209999997,558335.90300000086],[1661255.5600000005,558316.82300000079],[1661268.1600000001,558297.22900000028],[1661282.3369999994,558280.87399999984],[1661290.2609999999,558266.89800000004],[1661307.2880000006,558243.88900000043],[1661314.3570000008,558227.56599999964],[1661322.0879999995,558206.37900000066],[1661325.2670000009,558189.70800000057],[1661330.7579999994,558170.14499999955],[1661336.5979999993,558148.7109999992],[1661338.6740000006,558131.89599999972],[1661347.6500000004,558117.89699999988],[1661365.4519999996,558105.05000000075],[1661382.4839999992,558097.2109999992],[1661400.7430000007,558088.41499999911],[1661410.6850000005,558082.68600000069],[1661442.3530000001,558071.64699999988],[1661449.0930000003,558065.34100000001],[1661444.0590000004,558042.48900000006],[1661446.1539999992,558033.8200000003],[1661461.2890000008,558010.56499999948],[1661484.2530000005,557988.17100000009],[1661503.3169999998,557981.55599999987],[1661513.5429999996,557980.81399999931],[1661521.5960000008,557980.90699999966],[1661539.5270000007,557982.12800000049],[1661541.1339999996,557977.38800000027],[1661544.2760000005,557953.52600000054],[1661546.3509999998,557936.7109999992],[1661546.8019999992,557925.59300000034],[1661547.7579999994,557909.58999999985],[1661551.7609999999,557862.84699999914],[1661551.4210000001,557842.52400000021],[1661556.3359999992,557835.18099999987],[1661576.4989999998,557819.60799999908],[1661588.4550000001,557813.02400000021],[1661609.7070000004,557804.61900000088],[1661632.727,557797.56299999915],[1661639.3259999994,557793.31399999931],[1661658.2259999998,557771.50899999961],[1661662.1789999995,557764.99799999967],[1661669.6099999994,557745.8479999993],[1661678.2379999999,557733.72100000083],[1661719.5219999999,557695.67500000075],[1661724.4360000007,557688.3320000004],[1661727.2789999992,557666.50799999945],[1661731.1980000008,557658.875],[1661741.6070000008,557641.07200000063],[1661743.3670000006,557627.25],[1661742.2559999991,557611.93600000069],[1661739.5820000004,557586.35799999908],[1661740.3829999994,557579.43600000069],[1661739.2860000003,557557.0979999993],[1661740.3849999998,557548.1400000006],[1661744.9649999999,557535.64399999939],[1661756.7890000008,557514.99100000039],[1661770.5209999997,557493.63000000082],[1661779.1769999992,557473.52199999988],[1661781.5189999994,557462.65000000037],[1661785.7850000001,557453.14699999988],[1661795.2469999995,557435.22000000067],[1661801.1070000008,557428.00100000016],[1661816.841,557415.84300000034],[1661822.648,557402.38900000043],[1661833.216,557390.67400000058],[1661860.943,557379.12299999967],[1661868.4879999999,557374.99799999967],[1661876.2219999991,557368.98200000077],[1661886.1420000009,557355.10700000077],[1661891.3369999994,557346.68300000019],[1661896.0859999992,557324.14900000021],[1661905.5260000005,557298.07599999942],[1661914.0580000002,557279.0700000003],[1661929.9820000008,557265.02099999972],[1661933.7599999998,557259.44600000046],[1661941.1309999991,557256.25699999928],[1661950.6009999998,557253.50100000016],[1661963.3699999992,557264.26899999939],[1661978.3190000001,557258.07599999942],[1661989.9560000002,557245.38399999961],[1661993.9240000006,557237.9179999996],[1661995.8279999997,557231.1400000006],[1662000.3699999992,557211.45399999991],[1662005.284,557204.11199999973],[1662021.8019999992,557185.9879999999],[1662026.9969999995,557177.56499999948],[1662029.8249999993,557162.7650000006],[1662036.4739999995,557158.68200000003],[1662042.9210000001,557163.51600000076],[1662048.8959999997,557171.32200000063],[1662049.3760000002,557183.51999999955],[1662053.2709999997,557192.97000000067],[1662059.1140000001,557186.7070000004],[1662062.7349999994,557181.11199999973],[1662074.5739999991,557159.50400000066],[1662077.7200000007,557150.81299999915],[1662083.0840000007,557132.35199999996],[1662089.6950000003,557121.07899999991],[1662102.2890000008,557101.48599999957],[1662089.8550000004,557095.87099999934],[1662088.3220000006,557083.6950000003],[1662089.8900000006,557071.76400000043],[1662092.8629999999,557064.00799999945],[1662104.3589999992,557053.37299999967],[1662121.7149999999,557035.51999999955],[1662143.7620000001,557014.12700000033],[1662151.3350000009,557002.02099999972],[1662168.3550000004,556979.01400000043],[1662182.3369999994,556964.55199999921],[1662199.2050000001,556950.62700000033],[1662205.1710000001,556943.2620000001],[1662224.2400000002,556920.52300000004],[1662233.3809999991,556896.48699999973],[1662240.6300000008,556872.20399999991],[1662244.4240000006,556865.67400000058],[1662254.8450000007,556846.91499999911],[1662266.8059999999,556824.20500000007],[1662271.7029999997,556817.81900000013],[1662291.2019999996,556807.11099999957],[1662297.6769999992,556803.96499999985],[1662318.6410000008,556790.57499999925],[1662326.7960000001,556781.41999999993],[1662333.125,556771.22900000028],[1662345.2310000006,556755.56399999931],[1662356.5810000002,556737.88499999978],[1662363.1799999997,556733.6370000001],[1662387.7479999997,556715.60799999908],[1662396.898,556706.74300000072],[1662412.9930000007,556691.75899999961],[1662425.2609999999,556682.18300000019],[1662439.4309999999,556665.83000000007],[1662453.5850000009,556650.43400000036],[1662462.4489999991,556636.58100000024],[1662466.5399999991,556628.01400000043],[1662474.7060000002,556611.83500000089],[1662484.4930000007,556589.96000000089],[1662492.8479999993,556571.8900000006],[1662493.6319999993,556565.92400000058],[1662508.9049999993,556549.71600000001],[1662522.1170000006,556540.26400000043],[1662527.9600000009,556534.00100000016],[1662530.9649999999,556527.36800000072],[1662541.6539999992,556514.55199999921],[1662550.6420000009,556499.59899999946],[1662554.1270000003,556479.93400000036],[1662557.9049999993,556474.3599999994],[1662564.3300000001,556471.04700000025],[1662572.5559999999,556470.20600000024],[1662571.8959999997,556475.0700000003],[1662574.7390000001,556484.5429999996],[1662585.6070000008,556502.08999999985],[1662594.7129999995,556502.16100000031],[1662595.3890000004,556496.34200000018],[1662596.1769999992,556474.24899999984],[1662599.0140000004,556452.42400000058],[1662597.1009999998,556444.03099999949],[1662583.5510000009,556423.09999999963],[1662570.9920000006,556418.58500000089],[1662562.0219999999,556410.38800000027],[1662562.9289999995,556403.32100000046],[1662565.0250000004,556378.52500000037],[1662568.7640000004,556365.75999999978],[1662575.8760000002,556349.60300000012],[1662580.5989999995,556344.1520000007],[1662583.6199999992,556336.56299999915],[1662588.4670000002,556330.01099999994],[1662607.3579999991,556308.2070000004],[1662611.1520000007,556301.67699999921],[1662634.3029999994,556286.49699999951],[1662638.0800000001,556280.92300000042],[1662642.0510000009,556257.33000000007],[1662642.6720000003,556245.27600000054],[1662632.8829999994,556219.72599999979],[1662632.6129999999,556213.78299999982],[1662645.5,556192.15300000086],[1662662.6630000006,556176.19099999964],[1662671.0050000008,556165.14599999972],[1662684.5749999993,556146.79900000058],[1662688.4910000004,556139.16699999943],[1662700.3090000004,556118.5150000006],[1662703.4690000005,556108.86800000072],[1662711.1740000006,556088.63800000027],[1662715.1439999994,556065.04499999993],[1662704.1119999997,556041.40799999982],[1662687.8859999999,556026.1950000003],[1662679.0779999997,556024.08699999936],[1662671.5109999999,556020.06399999931],[1662674.2119999994,556006.36600000039],[1662671.8540000003,555992.96399999969],[1662672.1380000003,555975.75599999912],[1662673.4340000004,555957.88199999928],[1662670.2699999996,555942.29900000058],[1662666.0470000003,555920.66999999993],[1662661.5979999993,555915.93700000085],[1662659.5600000005,555908.64499999955],[1662660.2119999994,555894.67899999954],[1662663.0309999995,555873.81000000052],[1662657.1950000003,555847.81900000013],[1662651.5690000001,555844.21000000089],[1662641.3289999999,555845.90599999949],[1662636.7569999993,555842.27500000037],[1662632.3340000007,555829.56200000085],[1662633.4560000002,555812.62299999967],[1662637.8420000002,555802.01799999923],[1662644.3159999996,555798.87199999951],[1662652.4920000006,555797.86400000006],[1662657.2139999997,555792.41300000064],[1662661.4639999997,555767.73900000006],[1662667.9140000008,555756.44600000046],[1662667.307,555745.34899999946],[1662665.2689999994,555738.05700000003],[1662667.3359999992,555721.24200000055],[1662670.4800000004,555712.55100000091],[1662679.3010000009,555691.50799999945],[1662680.2070000004,555684.44099999964],[1662681.6410000008,555664.50899999961],[1662678.6569999997,555657.09300000034],[1662671.2540000007,555659.16000000015],[1662662.2550000008,555658.94299999997],[1662652.6799999997,555661.84400000051],[1662645.1209999993,555666.92400000058],[1662628.5960000008,555669.87600000016],[1662621.0189999994,555672.87800000049],[1662606.5160000008,555684.07799999975],[1662593.6339999996,555689.58100000024],[1662573.4649999999,555689.98100000061],[1662560.1099999994,555676.26099999994],[1662555.8499999996,555669.6370000001],[1662555.6870000008,555663.54800000042],[1662559.9250000007,555645.89800000004],[1662568.7469999995,555624.85500000045],[1662571.1339999996,555614.14900000021],[1662575.3719999995,555596.5],[1662579.2880000006,555588.86700000055],[1662590.3469999991,555566.20099999942],[1662598.0649999995,555545.01300000027],[1662598.9710000008,555537.94600000046],[1662605.6199999992,555517.73699999973],[1662614.9159999993,555499.78999999911],[1662624.9790000003,555476.83400000073],[1662627.193,555467.06299999915],[1662631.2660000008,555459.45199999958],[1662633.1830000002,555451.71800000034],[1662640.8839999996,555431.48699999973],[1662647.1710000001,555414.10500000045],[1662657.8829999994,555377.18200000003],[1662661.8330000006,555370.67200000025],[1662664.1950000003,555351.81900000013],[1662662.2809999995,555327.29900000058],[1662663.7369999997,555315.51300000027],[1662666.8650000002,555307.77800000086],[1662679.9370000008,555284.25699999928],[1662683.5390000008,555279.61700000055],[1662696.3149999995,555258.13299999945],[1662695.5189999994,555232.80000000075],[1662696.9590000007,555221.97100000083],[1662697.9059999995,555205.96700000018],[1662695.8259999994,555191.48399999924],[1662687.6270000003,555168.21900000051],[1662687.6520000007,555160.2379999999],[1662687.1919999998,555140.05900000036],[1662691.8829999994,555104.26600000076],[1662697.4269999992,555083.91200000048],[1662697.5600000005,555075.78600000031],[1662695.3479999993,555053.30299999937],[1662696.4419999998,555044.34400000051],[1662698.2190000005,555038.6679999996],[1662708.2699999996,555022.73599999957],[1662717.4260000009,555006.84600000083],[1662724.1960000005,554985.53600000031],[1662728.0950000007,554978.8599999994],[1662730.0109999999,554971.12600000016],[1662740.2449999992,554947.23399999924],[1662745.1050000004,554939.72499999963],[1662758.0109999999,554926.24200000055],[1662762.0989999995,554917.67400000058],[1662766.8450000007,554904.24300000072],[1662775.0289999992,554880.08300000057],[1662771.8709999993,554873.60300000012],[1662765.4379999992,554867.81299999915],[1662765.3969999999,554860.62199999951],[1662768.2430000007,554853.96800000034],[1662772.841,554849.61800000072],[1662779.7339999992,554843.33300000057],[1662793.7489999998,554836.06299999915],[1662794.4079999998,554831.19899999909],[1662799.7369999997,554820.71700000018],[1662805.7489999998,554797.39200000092],[1662801.8090000004,554780.75],[1662803.3460000008,554760.67200000025],[1662805.2709999997,554745.9140000008],[1662804.6209999993,554727.62600000016],[1662807.466,554720.97199999914],[1662816.25,554714.93400000036],[1662837.2080000006,554701.54399999976],[1662850.7219999991,554683.03099999949],[1662852.3000000007,554670.14399999939],[1662855.0059999991,554649.41999999993],[1662861.6260000002,554637.19099999964],[1662862.5460000001,554629.1679999996],[1662867.2489999998,554592.4179999996],[1662870.2520000003,554585.78500000015],[1662878.1050000004,554578.66699999943],[1662880.0289999992,554563.90899999999],[1662877.6429999992,554558.4879999999],[1662877.5030000005,554544.4179999996],[1662874.3450000007,554537.93799999915],[1662866.3320000004,554528.90799999982],[1662866.7750000004,554517.7890000008],[1662865.6549999993,554502.4729999993],[1662871.3540000003,554482.1400000006],[1662870.0869999994,554475.90699999966],[1662862.3550000004,554465.79600000009],[1662840.943,554451.98200000077],[1662832.9149999991,554443.90699999966],[1662834.3430000003,554423.97499999963],[1662828.2149999999,554409.12299999967],[1662820.1359999999,554400.88299999945],[1662804.5490000006,554381.7620000001],[1662790.6960000005,554378.99499999918],[1662776.3680000007,554373.13099999912],[1662755.5820000004,554369.45900000073],[1662745.0439999998,554357.06499999948],[1662745.6760000009,554344.05399999954],[1662750.3790000007,554323.43200000003],[1662754.1539999992,554317.85700000077],[1662773.8579999991,554297.27800000086],[1662792.6040000003,554293.65799999982],[1662815.5510000009,554287.39399999939],[1662821.8509999998,554285.18300000019],[1662828.6199999992,554280],[1662831.2919999994,554274.28099999949],[1662831.4890000001,554265.36500000022],[1662828.4759999998,554249.80299999937],[1662822.5120000001,554241.03999999911],[1662817.1160000004,554236.18400000036],[1662808.1569999997,554227.02999999933],[1662804.2410000004,554218.53500000015],[1662811.9289999995,554205.32799999975],[1662806.4260000009,554200.61700000055],[1662792.7280000001,554181.74400000088],[1662789.5850000009,554174.30700000003],[1662791.7540000007,554157.34600000083],[1662788.7679999992,554149.9299999997],[1662782.6300000008,554142.10300000012],[1662770.0270000007,554130.39800000004],[1662754.307,554119.40300000086],[1662730.9700000007,554104.22100000083],[1662722.4560000002,554100.07499999925],[1662701.3819999993,554091.41499999911],[1662692.8839999996,554086.31399999931],[1662677.2719999999,554075.17400000058],[1662659.307,554072.82799999975],[1662652.0769999996,554073.96000000089],[1662642.4949999992,554070.7929999996],[1662640.5930000003,554061.44299999997],[1662641.0590000004,554042.34300000034],[1662647.6510000005,554021.96800000034],[1662647.6830000002,554006.96299999952],[1662652.523,553984.28199999966],[1662652.5460000001,553976.30199999921],[1662653.0270000007,553956.24599999934],[1662649.2149999999,553931.47800000012],[1662649.9949999992,553925.5120000001],[1662647.3200000003,553915.10400000028],[1662642.1119999997,553908.35600000061],[1662637.7229999993,553886.70600000024],[1662639.602,553864.75699999928],[1662638.9489999991,553846.46900000051],[1662635.9780000001,553838.0979999993],[1662627.4370000008,553825.80599999987],[1662623.3709999993,553810.26600000076],[1662618.6469999999,553799.58999999985],[1662612.4930000007,553792.71900000051],[1662600.9810000006,553772.0549999997],[1662598.9560000002,553763.80700000003],[1662599.102,553754.72499999963],[1662601.1459999997,553738.86500000022],[1662608.2329999991,553723.66300000064],[1662620.9859999996,553703.13399999961],[1662629.3300000001,553685.06299999915],[1662638.2579999994,553669.94199999981],[1662654.3159999996,553646.81000000052],[1662653.0769999996,553625.57200000063],[1662654.341,553615.67699999921],[1662659.0559999999,553594.09899999946],[1662657.7880000006,553587.86600000039],[1662644.2109999992,553567.89100000076],[1662646.1170000006,553554.08799999952],[1662651.1469999999,553545.64399999939],[1662659.4910000004,553527.57200000063],[1662669.0600000005,553508.54399999976],[1662673.1679999996,553491.99499999918],[1662676.4529999997,553474.22100000083],[1662678.0280000009,553461.33400000073],[1662675.8129999992,553454.97699999996],[1662670.3159999996,553443.24200000055],[1662656.5879999995,553416.22199999914],[1662642.5769999996,553400.34200000018],[1662642.2760000005,553386.25100000016],[1662643.5390000008,553376.35700000077],[1662646.4790000003,553337.30199999921],[1662638.9609999992,553333.44700000063],[1662625.8660000004,553332.6950000003],[1662608.2520000003,553344.60700000077],[1662596.2599999998,553343.99899999984],[1662593.1150000002,553336.56299999915],[1662594.6960000005,553316.65100000054],[1662597.6699999999,553301.87099999934],[1662596.7180000003,553285.61999999918],[1662589.7789999992,553268.58699999936],[1662574.2019999996,553248.51099999994],[1662572.148,553232.11600000039],[1662574.3200000003,553208.13000000082],[1662568.0299999993,553193.25799999945],[1662562.0480000004,553185.45199999958],[1662539.6600000001,553163.36900000088],[1662532.1420000009,553159.51400000043],[1662523.9379999992,553152.37600000016],[1662517.1420000009,553149.41300000064],[1662508.9670000002,553150.42200000025],[1662503.4749999996,553154.81399999931],[1662496.8579999991,553167.04399999976],[1662490.0899999999,553172.22800000012],[1662485.0319999997,553172.52600000054],[1662468.2070000004,553161.38800000027],[1662462.9979999997,553154.64100000076],[1662457.4780000001,553150.8870000001],[1662453.0490000006,553138.17400000058],[1662453.3880000003,553120.17600000091],[1662447.8550000004,553107.31900000013],[1662447.8619999997,553100.29399999976],[1662444.5219999999,553078.62199999951],[1662444.9849999994,553059.52199999988],[1662441.5500000007,553047.09899999946],[1662436.6520000007,553037.35799999908],[1662430.0350000001,553026.43600000069],[1662419.0099999998,553017.97199999914],[1662405.4749999996,553005.18799999915],[1662390.1490000002,552975.88499999978],[1662382.7469999995,552954.80100000091],[1662374.716,552946.72800000012],[1662362.9049999993,552928.10199999996],[1662353.1209999993,552917.72399999946],[1662337.5209999997,552905.63000000082],[1662323.5020000003,552896.77500000037],[1662313.284,552890.49200000055],[1662297.3890000004,552880.43500000052],[1662284.3149999995,552871.70399999991],[1662263.3469999991,552862.90100000054],[1662238.3239999991,552860.75400000066],[1662229.2039999999,552861.6400000006],[1662213.7780000009,552871.76300000027],[1662208.5470000003,552872.99599999934],[1662193.5969999991,552863.06299999915],[1662189.4910000004,552856.46000000089],[1662183.4949999992,552839.55100000091],[1662182.7359999996,552814.38399999961],[1662180.5140000004,552791.90100000054],[1662178.2990000006,552785.54399999976],[1662169.3149999995,552761.22100000083],[1662169.9210000001,552756.18999999948],[1662166.7530000005,552733.58300000057],[1662164.7100000009,552726.29199999943],[1662159.6510000005,552703.43799999915],[1662154.1380000003,552682.60099999979],[1662148.3200000003,552657.73200000077],[1662137.0989999995,552635.03299999982],[1662133.9749999996,552619.61700000055],[1662123.0639999993,552593.92400000058],[1662101.5099999998,552582.17200000025],[1662096.1270000003,552576.3599999994],[1662093.9619999994,552570.16999999993],[1662085.2740000002,552566.96199999936],[1662072.9869999997,552568.39299999923],[1662066.5150000006,552571.54099999927],[1662058.5059999991,552578.63900000043],[1662044.8129999992,552599.04700000025],[1662038.3640000001,552617.36600000039],[1662031.4379999992,552632.58899999969],[1662023.602,552638.75200000033],[1662003.7390000001,552643.18700000085],[1661992.0869999994,552647.7349999994],[1661973.5439999998,552658.5700000003],[1661954.5020000003,552674.2890000008],[1661948.0449999999,552676.48000000045],[1661927.2660000008,552688.93899999931],[1661918.9030000009,552691.83999999985],[1661901.4130000006,552702.65300000086],[1661891.8239999991,552706.5120000001],[1661873.5470000003,552707.16200000048],[1661867.7320000008,552705.44600000046],[1661854.2029999997,552708.79199999943],[1661837.5069999993,552712.68200000003],[1661819.5700000003,552718.48699999973],[1661812.6359999999,552717.58300000057],[1661793.7090000007,552716.07300000079],[1661771.6659999993,552715.27600000054],[1661765.6769999992,552714.49499999918],[1661760.9580000006,552719.94700000063],[1661752.466,552730.97499999963],[1661737.6689999998,552751.23900000006],[1661726.5069999993,552767.98599999957],[1661724.6089999992,552774.76400000043],[1661717.8489999995,552796.07599999942],[1661715.1940000001,552800.83999999985],[1661701.2039999999,552823.28500000015],[1661684.5209999997,552836.27899999917],[1661656.5109999999,552849.87199999951],[1661647.6579999998,552863.72699999996],[1661639.3599999994,552888.99000000022],[1661633.8399999999,552908.38900000043],[1661631.1919999998,552929.27899999917],[1661626.7899999991,552947.86500000022],[1661624.2640000004,552967.65399999917],[1661620.2019999996,552991.39399999939],[1661619.2339999992,552999.25100000016],[1661617.3579999991,553021.19999999925],[1661615.6119999997,553035.02300000004],[1661611.8440000005,553056.72499999963],[1661604.4480000008,553074.92100000009],[1661598.3210000005,553099.34999999963],[1661592.9729999993,553117.81299999915],[1661576.9169999994,553140.94800000079],[1661562.4629999995,553159.34100000001],[1661555.3990000002,553166.56399999931],[1661547.8090000004,553170.52400000021],[1661543.0889999997,553175.97599999979],[1661529.7259999998,553185.41100000031],[1661513.4829999991,553187.28600000031],[1661507.3709999993,553187.60700000077],[1661502.3129999992,553187.90599999949],[1661476.9790000003,553188.75599999912],[1661457.9169999994,553179.24699999951],[1661447.8379999995,553170.90799999982],[1661440.2540000007,553167.84400000051],[1661431.2990000006,553174.8200000003],[1661424.2200000007,553182.99899999984],[1661417.4299999997,553196.16499999911],[1661405.9419999998,553206.80199999921],[1661391.3220000006,553219.10799999908],[1661367.0620000008,553235.10700000077],[1661352.1190000009,553241.30299999937],[1661323.7679999992,553249.74400000088],[1661305.3310000002,553260.43400000036],[1661296.8599999994,553263.48200000077],[1661272.9330000002,553268.50799999945],[1661256.091,553281.48200000077],[1661245.5179999992,553294.15499999933],[1661231.8359999992,553313.60799999908],[1661215.4409999996,553331.58999999985],[1661202.8619999997,553351.18700000085],[1661179.5969999991,553367.47599999979],[1661168.6999999993,553374.03999999911],[1661151.3969999999,553382.96299999952],[1661137.8440000005,553394.28999999911],[1661129.3729999997,553397.33799999952],[1661113.1449999996,553398.25799999945],[1661097.2280000001,553396.18500000052],[1661084.1319999993,553395.43700000085],[1661073.3080000002,553394.18700000085],[1661050.7520000003,553389.17400000058],[1661028.2620000001,553383.37099999934],[1661017.2300000004,553381.93400000036],[1660997.3579999991,553380.30399999954],[1660978.4969999995,553378.00799999945],[1660966.0350000001,553380.37700000033],[1660960.0470000003,553379.59699999914],[1660951.5749999993,553382.64499999955],[1660946.0329999998,553386.87299999967],[1660928.0989999995,553408.80700000003],[1660913.6170000006,553419.05599999987],[1660901.6439999994,553433.62299999967],[1660886.0700000003,553452.83000000007],[1660878.3560000006,553457.89299999923],[1660872.2070000004,553467.15100000054],[1660864.0240000002,553475.18700000085],[1660833.3169999998,553502.48299999908],[1660815.4059999995,553516.43700000085],[1660790.9940000009,553525.39299999923],[1660784.3829999994,553530.59999999963],[1660773.7980000004,553534.17100000009],[1660755.5480000004,553542.97199999914],[1660735.8560000006,553546.47599999979],[1660730.5020000003,553548.81299999915],[1660708.4849999994,553556.16499999911],[1660692.7329999991,553560.18200000003],[1660688.1359999999,553564.53299999982],[1660685.1459999997,553580.26999999955],[1660676.6779999994,553599.4450000003],[1660670.2329999991,553610.74100000039],[1660657.1410000008,553626.12099999934],[1660649.2960000001,553639.31000000052],[1660641.4199999999,553654.41000000015],[1660633.0759999994,553672.48399999924],[1660630.3959999997,553685.22800000012],[1660619.8300000001,553703.97000000067],[1660609.4710000008,553722.89900000021],[1660596.2559999991,553739.38099999912],[1660592.1349999998,553746.82799999975],[1660590.0979999993,553755.66300000064],[1660580.5109999999,553775.65100000054],[1660578.6119999997,553782.42899999954],[1660569.7980000004,553803.47499999963],[1660565.0960000008,553824.09899999946],[1660558.9230000004,553841.33699999936],[1660549.8200000003,553857.39599999972],[1660539.1300000008,553877.24000000022],[1660537.4039999992,553883.08300000057],[1660532.8100000005,553903.56100000069],[1660531.102,553924.57399999909],[1660528.4299999997,553930.2929999996],[1660517.8709999993,553942.0120000001],[1660508.2569999993,553953.85300000012],[1660501.8249999993,553964.19199999981],[1660491.9149999991,553978.07100000046],[1660489.3929999992,553990.83500000089],[1660483.2609999999,554015.26400000043],[1660478.0470000003,554031.66899999976],[1660461.9859999996,554054.80599999987],[1660447.5280000009,554073.20199999958],[1660433.8269999996,554093.6129999999],[1660421.2029999997,554106.01999999955],[1660415.7249999996,554109.45900000073],[1660404.0350000001,554112.8870000001],[1660390.8010000009,554114.19899999909],[1660370.5089999996,554115.71000000089],[1660354.5920000002,554113.63800000027],[1660331.6170000006,554111.76700000092],[1660322.807,554109.66300000064],[1660300.2670000009,554103.69600000046],[1660263.5470000003,554098.91899999976],[1660244.8090000004,554095.52300000004],[1660219.6469999999,554095.44299999997],[1660196.6569999997,554094.52800000086],[1660176.3300000001,554094.9179999996],[1660167.9810000006,554096.86500000022],[1660140.7310000006,554105.45500000007],[1660127.4879999999,554113.79099999927],[1660110.4780000001,554120.6799999997],[1660086.2640000004,554136.84999999963],[1660075.8269999996,554147.46700000018],[1660065.4810000006,554165.43999999948],[1660056.4749999996,554172.25200000033],[1660047.0329999998,554183.15899999999],[1660033.3310000002,554203.5700000003],[1660030.3629999999,554211.32699999958],[1660018.6750000007,554230.88199999928],[1660011.2819999997,554242.0549999997],[1659996.477,554262.32300000079],[1659988.7870000005,554275.53299999982],[1659976.2039999999,554295.13199999928],[1659963.7430000007,554313.62900000066],[1659951.307,554324.14599999972],[1659945.3440000005,554331.51300000027],[1659928.0130000003,554348.41899999976],[1659919.1789999995,554354.29499999993],[1659912.3929999992,554360.43799999915],[1659887.2390000001,554382.55399999954],[1659863.1469999999,554397.62299999967],[1659849.9120000005,554398.93600000069],[1659824.0920000002,554403.72100000083],[1659802.6720000003,554413.07100000046],[1659787.5529999994,554420.20600000024],[1659780.9409999996,554425.41300000064],[1659760.4509999994,554435.84200000018],[1659743.2670000009,554443.66699999943],[1659709.7320000008,554469.64299999923],[1659700.898,554475.51999999955],[1659674.4600000009,554492.3599999994],[1659661.0519999992,554494.60899999924],[1659642.3540000003,554498.40499999933],[1659624.3729999997,554497.02600000054],[1659604.5150000006,554494.4450000003],[1659592.1030000001,554496.98299999908],[1659577.3049999997,554510.22699999996],[1659561.8330000006,554529.29199999943],[1659546.9030000009,554550.66200000048],[1659531.6199999992,554567.83500000089],[1659517.9409999996,554580.26700000092],[1659495.0899999999,554593.42300000042],[1659478.2180000003,554598.25599999912],[1659455.7379999999,554601.56100000069],[1659446.0960000008,554605.25799999945],[1659437.1380000003,554612.23699999973],[1659428.7640000004,554622.16499999911],[1659412.4120000005,554640.31699999981],[1659401.7180000003,554660.16300000064],[1659388.6060000006,554676.50100000016],[1659380.7579999994,554689.69099999964],[1659372.7300000004,554697.74799999967],[1659355.3969999999,554714.65599999949],[1659333.8379999995,554726.06399999931],[1659329.1160000004,554731.51799999923],[1659316.4800000004,554734.82599999942],[1659293.5050000008,554732.95800000057],[1659280.5659999996,554732.2349999994],[1659268.1539999992,554734.77400000021],[1659260.5859999992,554730.75699999928],[1659237.9069999997,554726.85300000012],[1659233.3489999995,554722.26899999939],[1659209.8640000001,554716.18500000052],[1659193.3469999991,554712.12299999967],[1659176.1469999999,554704.77999999933],[1659159.6359999999,554706.78600000031],[1659151.2709999997,554709.69099999964],[1659129.5380000006,554705.91000000015],[1659110.0170000009,554692.35799999908],[1659087.0010000002,554683.30199999921],[1659072.8200000003,554668.36800000072],[1659067.6280000005,554660.6679999996],[1659061.1789999995,554655.83899999969],[1659047.3110000007,554670.1640000008],[1659045.1390000004,554687.125],[1659048.4049999993,554709.58300000057],[1659043.0659999996,554727.08999999985],[1659040.2200000007,554733.74599999934],[1659026.2430000007,554748.21600000001],[1659019.7689999994,554751.36700000055],[1659004.0399999991,554763.53399999999],[1658988.9039999992,554771.62700000033],[1658966.3640000001,554781.79199999943],[1658945.1160000004,554790.20900000073],[1658919.2699999996,554802.97900000028],[1658893.7850000001,554812.92100000009],[1658869.5020000003,554829.88499999978],[1658864.7799999993,554835.33899999969],[1658861.1679999996,554847.00500000082],[1658860.5429999996,554852.99100000039],[1658858.0089999996,554872.77899999917],[1658855.9499999993,554895.66200000048],[1658852.8320000004,554912.50100000016],[1658840.9859999996,554918.94600000046],[1658799.8949999996,554939.95500000007],[1658785.4079999998,554950.20800000057],[1658768.8660000004,554954.12800000049],[1658756.5920000002,554954.6099999994],[1658738.3230000008,554948.24599999934],[1658728.5669999998,554946.02199999988],[1658709.9519999996,554941.52999999933],[1658699.4049999993,554936.16899999976],[1658680.7990000006,554924.65300000086],[1658667.9159999993,554930.16599999927],[1658649.4729999993,554940.86400000006],[1658631.5309999995,554946.67799999937],[1658626.9330000002,554951.02999999933],[1658609.0150000006,554964.99000000022],[1658605.2229999993,554971.52300000004],[1658600.4910000004,554984.00100000016],[1658599.5610000007,554999.04800000042],[1658597.8169999998,555005.84699999914],[1658590.5759999994,555014.00699999928],[1658573.7119999994,555027.94400000013],[1658569.0140000004,555041.54399999976],[1658563.6490000002,555050.90599999949],[1658552.9370000008,555071.70900000073],[1658546.9309999999,555088.01300000027],[1658545.852,555096.01600000076],[1658544.5590000004,555113.88900000043],[1658553.7039999999,555137.26899999939],[1658563.1620000005,555157.65599999949],[1658560.5040000007,555162.41999999993],[1658553.6899999995,555192.66899999976],[1658546.9580000006,555205.04700000025],[1658546.4570000004,555209.93200000003],[1658546.6190000009,555232.14499999955],[1658551.1899999995,555251.89800000004],[1658552.1239999998,555275.16999999993],[1658556.0879999995,555283.82699999958],[1658562.7100000009,555287.72000000067],[1658572.6129999999,555296.9879999999],[1658575.1370000001,555300.34999999963],[1658586.159,555308.8049999997],[1658592.432,555330.6950000003],[1658591.807,555336.68099999987],[1658590.7420000006,555359.85300000012],[1658582.9920000006,555421.27400000021],[1658581.1060000006,555427.09699999914],[1658573.0899999999,555450.32499999925],[1658568.6620000005,555469.86700000055],[1658563.7630000003,555492.38199999928],[1658555.2870000005,555511.55900000036],[1658544.2259999998,555534.23200000077],[1658541.8880000003,555545.10500000045],[1658536.2329999991,555565.60600000061],[1658533.5059999991,555587.28500000015],[1658530.8609999996,555607.21900000051],[1658528.0130000003,555613.87399999984],[1658512.5519999992,555631.9849999994],[1658501.4039999992,555640.75599999912],[1658479.0089999996,555657.96700000018],[1658466.3949999996,555669.42200000025],[1658447.6769999992,555690.30299999937],[1658437.5979999993,555698.09600000083],[1658412.2339999992,555706.93799999915],[1658392.7129999995,555709.51400000043],[1658381.4910000004,555709.97399999946],[1658357.8670000006,555705.94999999925],[1658346.8849999998,555704.68500000052],[1658336.9560000002,555703.39699999988],[1658323.25,555707.68500000052],[1658308.1390000004,555707.80000000075],[1658297.3880000003,555705.28700000048],[1658288.8900000006,555700.19299999997],[1658277.0700000003,555698.66000000015],[1658268.4069999997,555703.60300000012],[1658265.5759999994,555709.30299999937],[1658262.7249999996,555732.08300000057],[1658263.8330000006,555738.29399999976],[1658259.2559999991,555750.7929999996],[1658255.7880000006,555769.50200000033],[1658252.477,555788.23200000077],[1658235.3129999992,555804.20600000024],[1658214.5449999999,555824.82200000063],[1658206.1950000003,555826.77199999988],[1658189.9800000004,555826.74400000088],[1658169.3499999996,555823.1099999994],[1658155.3350000009,555814.26700000092],[1658149.307,555806.30000000075],[1658142.7349999994,555802.57399999909],[1658126.9409999996,555799.40699999966],[1658104.2780000009,555794.55199999921],[1658098.5859999992,555791.7379999999],[1658095.3059999999,555786.3629999999],[1658079.682,555798.38599999994],[1658074.6769999992,555804.92200000025],[1658064.8949999996,555810.67799999937],[1658057.648,555812.77099999972],[1658051.3619999997,555814.03199999966],[1658025.5150000006,555810.67899999954],[1658006.9499999993,555806.35500000045],[1657995.8859999999,555806.8359999992],[1657971.9499999993,555828],[1657959.9690000005,555842.57200000063],[1657955.8780000005,555851.14200000092],[1657952.7449999992,555875.00400000066],[1657950.1899999995,555895.74799999967],[1657947.057,555919.6099999994],[1657945.0270000007,555943.61500000022],[1657942.1750000007,555966.39599999972],[1657941.8619999997,555991.58100000024],[1657942.0199999996,556013.79499999993],[1657943.8680000007,556022.97499999963],[1657946.7339999992,556040.58999999985],[1657948.6209999993,556056.9609999992],[1657952.0700000003,556077.52500000037],[1657957.0969999991,556101.32799999975],[1657964.3239999991,556116.31499999948],[1657975.2100000009,556132.89499999955],[1657988.7609999999,556153.81100000069],[1657995.0350000001,556159.57499999925],[1657992.3550000004,556181.41999999993],[1657985.5779999997,556202.73399999924],[1657978.9900000002,556222.15599999949],[1657969.2180000003,556243.0820000004],[1657958.3159999996,556249.65100000054],[1657953.4409999996,556264.18600000069],[1657957.6999999993,556270.80599999987],[1657963.9739999995,556276.56900000013],[1657969.8399999999,556278.44700000063],[1657988.5659999996,556288.85899999924],[1658004.6349999998,556281.84300000034],[1658028.125,556271.79700000025],[1658033.6099999994,556252.23200000077],[1658039.5879999995,556237.83999999985],[1658049.7119999994,556221.11099999957],[1658053.3279999997,556209.44600000046],[1658054.1280000005,556202.52500000037],[1658052.3870000001,556193.19800000079],[1658046.8849999998,556188.49300000072],[1658041.8039999995,556180.64900000021],[1658044.8249999993,556173.05800000019],[1658055.5539999995,556167.42500000075],[1658067.1960000005,556163.82599999942],[1658077.125,556165.11400000006],[1658092.5720000006,556170.15100000054],[1658099.1429999992,556173.87700000033],[1658116.7850000001,556186.22399999946],[1658122.0179999992,556184.98699999973],[1658124.8159999996,556178.16599999927],[1658130.0649999995,556153.77999999933],[1658136.0089999996,556138.26600000076],[1658142.0299999993,556114.93799999915],[1658150.1960000005,556098.75400000066],[1658161.2259999998,556074.95800000057],[1658165.182,556052.32100000046],[1658170.0559999999,556037.78500000015],[1658171.7960000001,556024.91899999976],[1658184.7400000002,556009.51400000043],[1658194.3330000006,556005.65000000037],[1658200.148,556007.36199999973],[1658206.1600000001,556016.28500000015],[1658207.4140000008,556029.53999999911],[1658209.9169999994,556049.98200000077],[1658211.318,556070.28099999949],[1658210.2210000008,556079.23900000006],[1658209.7459999993,556098.33699999936],[1658214.5030000005,556116.19800000079],[1658221.2440000009,556135.11400000006],[1658230.2100000009,556159.42799999937],[1658236.2100000009,556175.375],[1658238.1079999991,556184.72100000083],[1658238.8640000001,556186.73599999957],[1658239.0260000005,556192.82399999909],[1658240.3019999992,556214.22399999946],[1658246.2860000003,556231.12600000016],[1658246.432,556238.17100000009],[1658251.9230000004,556249.90000000037],[1658252.4199999999,556261.1400000006],[1658254.9499999993,556273.60300000012],[1658256.6740000006,556283.88499999978],[1658263.7430000007,556298.85300000012],[1658277.1469999999,556312.72699999996],[1658278.2390000001,556319.89299999923],[1658274.9039999992,556330.47699999996],[1658254.7430000007,556346.06299999915],[1658236.0270000007,556350.81900000013],[1658225.9250000007,556350.46600000001],[1658211.8829999994,556349.60199999996],[1658205.9440000001,556348.99100000039],[1658199.2949999999,556353.07799999975],[1658194.5710000005,556358.53199999966],[1658192.0700000003,556363.31699999981],[1658189.193,556377.95199999958],[1658188.2740000002,556392.04199999943],[1658185.7329999991,556411.83000000007],[1658184.1710000001,556432.8629999999],[1658178.3159999996,556446.15300000086],[1658157.6970000006,556457.68799999915],[1658150.4489999991,556459.78099999949],[1658134.3579999991,556458.65100000054],[1658128.5429999996,556456.93899999931],[1658109.6429999992,556447.46199999936],[1658064.7660000008,556426.63199999928],[1658036.1109999996,556414.93200000003],[1658012.2909999993,556403.69899999909],[1657991.8509999998,556398.17400000058],[1657960.9619999994,556394.16699999943],[1657940.8129999992,556402.73000000045],[1657914.0309999995,556414.42500000075],[1657904.5830000006,556425.33400000073],[1657892.2640000004,556434.75300000049],[1657886.2980000004,556442.12099999934],[1657880.6160000004,556454.47699999996],[1657874.3080000002,556472.81799999997],[1657861.7139999997,556492.41999999993],[1657849.0979999993,556503.87600000016],[1657824.2029999997,556509.74799999967],[1657818.0399999991,556509.90699999966],[1657792.3890000004,556513.7650000006],[1657760.1170000006,556513.73200000077],[1657744.8039999995,556522.76300000027],[1657737.2750000004,556525.93799999915],[1657731.4440000001,556525.18200000003],[1657722.7449999992,556529.00300000049],[1657709.8279999997,556536.42899999954],[1657700.693,556544.34500000067],[1657696.9149999991,556549.92200000025],[1657690.3090000004,556570.30100000091],[1657685.4110000003,556576.69099999964],[1657672.8159999996,556596.2929999996],[1657666.9729999993,556602.56000000052],[1657650.2550000008,556607.4179999996],[1657628.2249999996,556605.67899999954],[1657620.6420000009,556602.62099999934],[1657620.3230000008,556596.5120000001],[1657616.2379999999,556588.95800000057],[1657606.7960000001,556583.74200000055],[1657589.0150000006,556573.45399999991],[1657577.3619999997,556561.88499999978],[1657567.4340000004,556560.5979999993],[1657550.0830000006,556562.33999999985],[1657530.3870000001,556565.85400000028],[1657514.6809999999,556570.04499999993],[1657499.8660000004,556568.125],[1657495.5720000006,556585.6099999994],[1657495.4210000001,556594.69099999964],[1657501.4030000009,556611.59200000018],[1657507.0879999995,556630.52999999933],[1657506.3039999995,556636.49499999918],[1657495.2650000006,556651.18999999948],[1657484.8420000002,556669.9570000004],[1657478.091,556683.29099999927],[1657474.4570000004,556695.91200000048],[1657474.3049999997,556704.99300000072],[1657476.6600000001,556718.39100000076],[1657475.3770000003,556735.30800000019],[1657475.3910000008,556759.57799999975],[1657477.8859999999,556770.9179999996],[1657484.9869999997,556787.00599999912],[1657486.2520000003,556793.23699999973],[1657484.4719999991,556798.9140000008],[1657458.023,556815.7620000001],[1657438.9419999998,556823.3479999993],[1657425.4370000008,556818.72399999946],[1657419.9189999998,556814.97499999963],[1657407.7589999996,556799.18899999931],[1657394.2320000008,556786.41999999993],[1657387.4710000008,556784.58500000089],[1657373.4279999994,556783.7229999993],[1657364.1319999993,556785.55199999921],[1657360.0480000004,556809.29099999927],[1657357.3729999997,556815.0120000001],[1657348.6669999994,556834.95900000073],[1657342.8729999997,556841.39200000092],[1657324.8900000006,556840.01999999955],[1657316.0969999991,556836.96399999969],[1657305.0769999996,556828.51099999994],[1657302.8670000006,556822.15799999982],[1657305.3660000004,556811.30599999987],[1657309.7719999999,556799.74200000055],[1657318.4649999999,556786.81900000013],[1657312.3059999999,556764.78600000031],[1657313.9120000005,556760.04499999993],[1657318.0109999999,556735.34999999963],[1657326.5429999996,556716.33799999952],[1657330.9609999992,556697.75200000033],[1657335.8159999996,556675.07100000046],[1657341.0240000002,556634.39399999939],[1657338.8420000002,556620.06100000069],[1657334.5669999998,556614.39800000004],[1657312.4039999992,556598.59400000051],[1657306.852,556593.7229999993],[1657287.9959999993,556575.31399999931],[1657267.0089999996,556558.38499999978],[1657261.8540000003,556551.81000000052],[1657245.6079999991,556528.47000000067],[1657230.5020000003,556512.46299999952],[1657212.4020000007,556496.06799999997],[1657200.2530000005,556473.25899999961],[1657188.2809999995,556455.58300000057],[1657181.3589999992,556447.66100000031],[1657172.8619999997,556442.56900000013],[1657151.9189999998,556416.70500000007],[1657153.0439999998,556399.76799999923],[1657156.6610000003,556388.10199999996],[1657169.4279999994,556367.56399999931],[1657180.9409999996,556355.96299999952],[1657196.3560000006,556337.68400000036],[1657204.0739999991,556332.61700000055],[1657228.5219999999,556315.66699999943],[1657240.9649999999,556305.14499999955],[1657244.7090000007,556298.44600000046],[1657252.1199999992,556280.24699999951],[1657257.1909999996,556272.92100000009],[1657264.2770000007,556264.7379999999],[1657276.5730000008,556247.17300000042],[1657285.7239999995,556238.30000000075],[1657296.8849999998,556222.50300000049],[1657298.6140000001,556216.66000000015],[1657317.3859999999,556195.94199999981],[1657321.9480000008,556184.39900000021],[1657322.7310000006,556178.43300000019],[1657327.6500000004,556154.96199999936],[1657336.5999999996,556132.81200000085],[1657344.6420000009,556117.72800000012],[1657368.2829999998,556098.59899999946],[1657375.5309999995,556096.50500000082],[1657386.5789999999,556096.97800000012],[1657399.3129999992,556100.54499999993],[1657415.3929999992,556108.6950000003],[1657422.3279999997,556109.59400000051],[1657429.5749999993,556107.5],[1657433.477,556100.82100000046],[1657435.7039999999,556084.02600000054],[1657439.4820000008,556078.44800000079],[1657447.9719999991,556074.43999999948],[1657470.7060000002,556062.37800000049],[1657467.5490000006,556055.9020000007],[1657460.2949999999,556048.89499999955],[1657456.193,556042.29600000009],[1657453.2249999996,556033.92899999954],[1657442.5109999999,555991.18899999931],[1657436.3640000001,555968.19999999925],[1657433.2229999993,555960.76799999923],[1657423.7420000006,555948.3629999999],[1657418.2670000009,555935.67899999954],[1657418.4010000005,555927.55399999954],[1657415.2599999998,555920.12199999951],[1657405.3629999999,555894.73100000061],[1657397.9460000005,555881.63599999994],[1657395.0859999992,555873.12299999967],[1657394.9399999995,555866.07899999991],[1657398.7329999991,555859.54600000009],[1657415.9169999994,555867.83899999969],[1657424.0940000005,555866.82300000079],[1657431.352,555857.70600000024],[1657444.2410000004,555836.06599999964],[1657449.4780000001,555818.70299999975],[1657446.4440000001,555811.125],[1657441.8870000001,555806.5429999996],[1657434.6669999994,555800.65799999982],[1657420.3039999995,555793.68799999915],[1657416.2180000003,555786.13399999961],[1657414.0170000009,555772.75699999928],[1657413.5350000001,555760.56000000052],[1657416.3859999999,555737.77899999917],[1657418.4619999994,555730.06599999964],[1657422.3819999993,555706.30599999987],[1657426.7960000001,555687.71900000051],[1657434.8320000004,555625.21600000001],[1657435.807,555601.2349999994],[1657432.9499999993,555576.59699999914],[1657428.8499999996,555553.87299999967],[1657426.3289999999,555534.3870000001],[1657421.1490000002,555519.66699999943],[1657412.6390000004,555499.40499999933],[1657407.6219999995,555490.77199999988],[1657405.4100000001,555484.41899999976],[1657394.5380000006,555466.88499999978],[1657394.6640000008,555449.65799999982],[1657396.2559999991,555429.74799999967],[1657383.3589999992,555420.09400000051],[1657379.3949999996,555411.43799999915],[1657378.4749999996,555403.3359999992],[1657372.4629999995,555394.4140000008],[1657365.0529999994,555390.42100000009],[1657357.0649999995,555389.54600000009],[1657348.5250000004,555393.38900000043],[1657325.0759999994,555410.62700000033],[1657311.0580000002,555417.91100000031],[1657289.4710000008,555421.18200000003],[1657277.3200000003,555420.56599999964],[1657263.1539999992,555420.80599999987],[1657252.4519999996,555418.46199999936],[1657231.4989999998,555424.8479999993],[1657212.5989999995,555437.56699999981],[1657206.7569999993,555443.83500000089],[1657190.0380000006,555464.8200000003],[1657185.9639999997,555472.43400000036],[1657170.8379999995,555495.70099999942],[1657159.4910000004,555513.3900000006],[1657151.4600000009,555521.44999999925],[1657134.9059999995,555532.39800000004],[1657108.7860000003,555539.23299999908],[1657103.4140000008,555542.52800000086],[1657089.3870000001,555540.71199999936],[1657083.5710000005,555539.00100000016],[1657086.0669999998,555528.14800000004],[1657084.9739999995,555520.98200000077],[1657078.8120000008,555521.14200000092],[1657066.5449999999,555530.72900000028],[1657055.6830000002,555544.48900000006],[1657047.5020000003,555561.63099999912],[1657045.2540000007,555570.27999999933],[1657041.6339999996,555575.87800000049],[1657034.1050000004,555579.0549999997],[1657016.3120000008,555575.79199999943],[1657007.7990000006,555571.65599999949],[1656992.0150000006,555561.47000000067],[1656984.6099999994,555563.54499999993],[1656967.2990000006,555572.47900000028],[1656950.8910000008,555590.47100000083],[1656929.0040000007,555611.90499999933],[1656918.6009999998,555629.71600000001],[1656913.5889999997,555646.31000000052],[1656902.0669999998,555664.93500000052],[1656885.8479999993,555681.03600000031],[1656868.4949999992,555698.90499999933],[1656850.5739999991,555712.86999999918],[1656826.1280000005,555729.82200000063],[1656812.1079999991,555737.10700000077],[1656805.3200000003,555743.25300000049],[1656801.0950000007,555759.94899999909],[1656795.8579999991,555777.31200000085],[1656792.8870000001,555785.0700000003],[1656786.5739999991,555794.31100000069],[1656771.9169999994,555814.60600000061],[1656759.1789999995,555827.16599999927],[1656744.2019999996,555841.35199999996],[1656740.5820000004,555846.94999999925],[1656728.7620000001,555867.61199999973],[1656723.2550000008,555879.03299999982],[1656717.2620000001,555894.38299999945],[1656716.4629999995,555901.30399999954],[1656713.7990000006,555922.19400000013],[1656715.8100000005,555937.4609999992],[1656718.5030000005,555956.01099999994],[1656718.6600000001,555978.2229999993],[1656712.3540000003,555996.56499999948],[1656706.9700000007,556006.88499999978],[1656691.2090000007,556027.03700000048],[1656686.8210000005,556037.64399999939],[1656681.3039999995,556081.31499999948],[1656684.9149999991,556107.96499999985],[1656682.8829999994,556131.97000000067],[1656681.5850000009,556149.84300000034],[1656679.6769999992,556172.74599999934],[1656677.9700000007,556186.7349999994],[1656679.8289999999,556211.08300000057],[1656682.2229999993,556231.66899999976],[1656682.5030000005,556252.77999999933],[1656680.9419999998,556273.81200000085],[1656683.9250000007,556281.2229999993],[1656697.3019999992,556303.07200000063],[1656714.7919999994,556324.49400000088],[1656726.9260000009,556348.25699999928],[1656739.4969999995,556367.92600000091],[1656741.8530000001,556381.32300000079],[1656742.9539999999,556403.65799999982],[1656745.9710000008,556412.19099999964],[1656755.0879999995,556427.42100000009],[1656761.5350000001,556432.24699999951],[1656768.1730000004,556435.18200000003],[1656829.7459999993,556442.99400000088],[1656849.4309999999,556446.50100000016],[1656898.1309999991,556452.80700000003],[1656917.4800000004,556451.16200000048],[1656942.2359999996,556447.34300000034],[1656963.6500000004,556445.00699999928],[1656969.9580000006,556451.89100000076],[1656968.5360000003,556470.86600000039],[1656960.4920000006,556485.94899999909],[1656944.7290000003,556506.09999999963],[1656928.0490000006,556518.15000000037],[1656914.0280000009,556525.43400000036],[1656901.0979999993,556539.88499999978],[1656878.4000000004,556559.13800000027],[1656874.7789999992,556564.73599999957],[1656867.7019999996,556588.08799999952],[1656864.2300000004,556606.79700000025],[1656861.1909999996,556615.34500000067],[1656853.7789999992,556633.54399999976],[1656852.9949999992,556639.50899999961],[1656848.5889999997,556651.07300000079],[1656841.9989999998,556670.49599999934],[1656836.5969999991,556681.77099999972],[1656824.6339999996,556704.48900000006],[1656821.7939999998,556726.31399999931],[1656830.2780000009,556738.42899999954],[1656829.3249999993,556754.43099999987],[1656821.2799999993,556769.5150000006],[1656818.307,556777.27199999988],[1656811.068,556794.53600000031],[1656805.8430000003,556810.94299999997],[1656792.1280000005,556831.35899999924],[1656785.818,556849.70099999942],[1656763.148,556860.97499999963],[1656746.5899999999,556871.92300000042],[1656736.5089999996,556879.71900000051],[1656732.8870000001,556885.31699999981],[1656723.7510000002,556893.23399999924],[1656720.4140000008,556903.81900000013],[1656717.1150000002,556921.59300000034],[1656722.3269999996,556943.50200000033],[1656738.5219999999,556966.67400000058],[1656746.568,556982.88299999945],[1656747.3320000004,557000.06499999948],[1656752.2229999993,557009.79900000058],[1656758.3350000009,557009.4729999993],[1656776.7850000001,556998.76999999955],[1656784.1899999995,556996.6950000003],[1656790.3399999999,557003.55800000019],[1656799.6290000007,557017.85300000012],[1656811.9000000004,557039.55900000036],[1656818.8259999994,557056.58100000024],[1656828.7180000003,557081.97100000083],[1656838.6750000007,557106.5700000003],[1656847.2949999999,557110.56000000052],[1656852.6889999993,557115.41000000015],[1656902.4419999998,557121.69400000013],[1656914.2620000001,557123.22499999963],[1656926.2100000009,557132.75500000082],[1656932.2070000004,557148.69899999909],[1656942.2719999999,557173.15399999917],[1656930.2860000003,557187.72699999996],[1656917.841,557198.24899999984],[1656896.4340000004,557215.75300000049],[1656888.9989999998,557225.80700000003],[1656885.2400000002,557239.52899999917],[1656878.5940000005,557252.71900000051],[1656877.0240000002,557264.65000000037],[1656878.1339999996,557279.9609999992],[1656878.2860000003,557302.17300000042],[1656888.7880000006,557322.53299999982],[1656898.0759999994,557336.82799999975],[1656907.4100000001,557342.18799999915],[1656925.9649999999,557362.63299999945],[1656936.3430000003,557384.09400000051],[1656950.3760000002,557401.07899999991],[1656950.5209999997,557408.12299999967],[1656947.8509999998,557429.0120000001],[1656945.3210000005,557447.84400000051],[1656942.7589999996,557468.58699999936],[1656942.432,557478.60300000012],[1656943.8760000002,557499.06699999981],[1656947.318,557519.63000000082],[1656952.034,557530.29900000058],[1656963.2129999995,557544.83899999969],[1656961.1840000004,557552.71900000051],[1656951.091,557576.63800000027],[1656949.6280000005,557588.42300000042],[1656940.8090000004,557602.44899999909],[1656925.9700000007,557623.67699999921],[1656909.9189999998,557638.84100000001],[1656893.3589999992,557649.7890000008],[1656876.4859999996,557663.72900000028],[1656860.4140000008,557670.74799999967],[1656852.5700000003,557676.91699999943],[1656839.6359999999,557691.36700000055],[1656836.8019999992,557697.06699999981],[1656827.0059999991,557718.94899999909],[1656823.8279999997,557735.62099999934],[1656823.8640000001,557742.81100000069],[1656826.8120000008,557752.13299999945],[1656836.8900000006,557775.63099999912],[1656840.5209999997,557794.30299999937],[1656843.659,557801.7349999994],[1656841.7599999998,557823.68099999987],[1656838.898,557846.4609999992],[1656840.8090000004,557854.85199999996],[1656846.0120000001,557861.59300000034],[1656863.0079999994,557886.9450000003],[1656869.4240000006,557899.75],[1656872.5969999991,557914.37099999934],[1656881.6940000001,557930.55700000003],[1656888.7880000006,557937.5429999996],[1656901.2530000005,557935.16699999943],[1656904.4079999998,557941.64200000092],[1656906.5859999992,557955.97499999963],[1656903.2660000008,557974.70399999991],[1656900.7180000003,557994.49100000039],[1656902.4729999993,558011.96199999936],[1656910.3259999994,558030.06299999915],[1656914.5490000006,558035.55900000036],[1656925.0979999993,558056.08500000089],[1656932.6689999998,558075.26700000092],[1656943.8489999995,558098.90899999999],[1656942.4199999999,558117.88299999945],[1656938.6270000003,558139.58500000089],[1656937.0240000002,558159.49400000088],[1656937.1860000007,558174.68300000019],[1656939.3389999997,558221.26400000043],[1656942.1830000002,558245.90100000054],[1656946.0920000002,558254.3900000006],[1656948.284,558261.69899999909],[1656954.1219999995,558286.72399999946],[1656965.2819999997,558302.22000000067],[1656972.4989999998,558308.10500000045],[1656985.8949999996,558306.80700000003],[1656998.6750000007,558301.43799999915],[1657004.5209999997,558295.16999999993],[1657016.0199999996,558275.42500000075],[1657024.5580000002,558256.41300000064],[1657025.4680000003,558249.34699999914],[1657029.4350000005,558226.71000000089],[1657039.5500000007,558210.93600000069],[1657045.3770000003,558196.52300000004],[1657050.7459999993,558178.06000000052],[1657057.0610000007,558159.71800000034],[1657066.6710000001,558148.82899999991],[1657075.9849999994,558146.04399999976],[1657076.3019999992,558152.15300000086],[1657075.5160000008,558158.11800000072],[1657075.0160000008,558178.17100000009],[1657071.2080000006,558206.89499999955],[1657069.1309999991,558223.71000000089],[1657070.0960000008,558231.97800000012],[1657074.0050000008,558240.46800000034],[1657081.2599999998,558262.64299999923],[1657091.6339999996,558284.10500000045],[1657106.1219999995,558305.14100000076],[1657124.5309999995,558318.54399999976],[1657139.5069999993,558335.6520000007],[1657144.9759999998,558348.3359999992],[1657147.0600000005,558355.79099999927],[1657143.3870000001,558361.22199999914],[1657127.9639999997,558379.50100000016],[1657127.1769999992,558385.46600000001],[1657122.5789999999,558404.9879999999],[1657124.7559999991,558419.3200000003],[1657124.1429999992,558424.34999999963],[1657130.1190000009,558441.25],[1657138.3010000009,558455.40300000086],[1657144.2449999992,558480.28199999966],[1657148.5179999992,558485.9450000003],[1657162.8589999992,558484.76999999955],[1657168.5150000006,558480.39399999939],[1657180.1760000009,558475.83799999952],[1657193.7589999996,558463.54800000042],[1657202.2349999994,558460.49499999918],[1657208.398,558460.3359999992],[1657229.8010000009,558474.12700000033],[1657243.9710000008,558489.05599999987],[1657247.2819999997,558495.55199999921],[1657248.5610000007,558500.82699999958],[1657247.2689999994,558511.67699999921],[1657245.0329999998,558528.47100000083],[1657246.8019999992,558538.91899999976],[1657251.0089999996,558545.37199999951],[1657257.1600000001,558567.40399999917],[1657262.4859999996,558573.04399999976],[1657268.4749999996,558573.8200000003],[1657277.0170000009,558569.97800000012],[1657286.1559999995,558562.06200000085],[1657293.6870000008,558558.8870000001],[1657299.8660000004,558557.77199999988],[1657305.5069999993,558560.41899999976],[1657315.4539999999,558569.85099999979],[1657325.8080000002,558583.1679999996],[1657338.1209999993,558605.04199999943],[1657352.716,558625.93400000036],[1657353.0480000004,558631.0859999992],[1657355.7310000006,558649.63599999994],[1657355.0690000001,558654.49899999984],[1657345.2850000001,558675.42500000075],[1657343.8509999998,558679.23000000045],[1657339.159,558691.87399999984],[1657336.466,558704.61700000055],[1657333.125,558715.20099999942],[1657325.5639999993,558735.45600000024],[1657324.7770000007,558741.42200000025],[1657317.8289999999,558756.64699999988],[1657310.2670000009,558767.80100000091],[1657303.6329999994,558780.03399999999],[1657296.5429999996,558788.21499999985],[1657288.5069999993,558796.27500000037],[1657272.0869999994,558814.26400000043],[1657264.3660000004,558819.33000000007],[1657259.6390000004,558824.78500000015],[1657250.3570000008,558825.65699999966],[1657240.6030000001,558823.43500000052],[1657238.3949999996,558817.08100000024],[1657233.6659999993,558807.36800000072],[1657228.4639999997,558800.62600000016],[1657217.1500000004,558794.21000000089],[1657204.0519999992,558793.47000000067],[1657195.6999999993,558795.42100000009],[1657182.0079999994,558807.85700000077],[1657167.148,558830.03999999911],[1657155.0319999997,558845.71399999969],[1657154.0710000005,558852.61400000006],[1657150.5739999991,558872.27899999917],[1657146.6520000007,558879.91300000064],[1657140.8220000006,558885.22499999963],[1657135.5889999997,558895.56399999931],[1657132.9130000006,558916.45199999958],[1657130.9920000006,558939.35400000028],[1657121.5539999995,558949.30800000019],[1657112.068,558968.19600000046],[1657110.0199999996,558977.03099999949],[1657102.284,558998.22199999914],[1657100.7100000009,559010.15300000086],[1657103.0590000004,559023.55000000075],[1657108.8729999997,559025.26099999994],[1657117.9969999995,559024.36800000072],[1657125.7190000005,559019.30100000091],[1657130.4460000005,559013.84699999914],[1657150.0030000005,559003.2890000008],[1657155.5189999994,559007.03800000064],[1657158.8300000001,559013.53399999999],[1657159.9330000002,559019.74400000088],[1657166.977,559035.66599999927],[1657167.4519999996,559047.86199999973],[1657166.523,559055.88399999961],[1657163.0419999994,559074.59300000034],[1657160.9780000001,559090.45199999958],[1657160.1760000009,559112.54099999927],[1657161.8939999994,559122.82300000079],[1657165.6280000005,559141.34899999946],[1657167.1889999993,559160.7109999992],[1657169.5549999997,559182.25300000049],[1657172.5329999998,559189.6640000008],[1657180.0830000006,559209.80299999937],[1657187.4590000007,559230.87700000033],[1657196.932,559243.28099999949],[1657208.6870000008,559269.87199999951],[1657214.8169999998,559277.69199999981],[1657218.443,559296.36400000006],[1657228.9869999997,559316.89100000076],[1657235.5730000008,559328.7620000001],[1657243.5789999999,559352.95099999942],[1657253.3509999998,559378.48699999973],[1657254.1229999997,559403.81399999931],[1657253.6180000007,559423.86700000055],[1657238.4250000007,559510.67100000009],[1657239.8100000005,559515.80100000091],[1657247.8149999995,559539.99000000022],[1657259.1789999995,559561.74100000039],[1657266.8509999998,559580.77800000086],[1657279.9149999991,559604.66499999911],[1657283.6640000008,559622.23599999957],[1657278.1319999993,559634.61099999957],[1657263.3169999998,559647.85899999924],[1657258.4649999999,559654.41499999911],[1657259.2029999997,559663.45199999958],[1657252.6170000006,559675.84999999963],[1657237.9269999992,559687.99599999934],[1657229.102,559702.01999999955],[1657225.3019999992,559723.72199999914],[1657230.3289999999,559731.39800000004],[1657242.9030000009,559744.04600000009],[1657251.4289999995,559756.32799999975],[1657252.8139999993,559761.4570000004],[1657250.9389999993,559775.42400000058],[1657242.3780000005,559795.3900000006],[1657239.068,559813.16300000064],[1657240.4859999996,559825.48200000077],[1657244.5500000007,559833.99200000055],[1657244.4079999998,559842.11700000055],[1657243.7780000009,559848.10199999996],[1657242.1669999994,559868.0120000001],[1657239.2960000001,559890.79099999927],[1657235.1809999999,559906.38399999961],[1657235.1809999999,559915.4849999994],[1657236.7550000008,559933.89100000076],[1657235.6520000007,559942.84899999946],[1657230.8890000004,559956.28199999966],[1657227.2809999995,559960.92400000058],[1657222.8340000007,559971.36400000006],[1657227.2630000003,559977.04800000042],[1657232.9030000009,559979.6950000003],[1657236.6679999996,559990.24200000055],[1657235.8800000008,559996.20800000057],[1657231.1500000004,560016.83000000007],[1657238.6960000005,560036.96900000051],[1657238.2219999991,560049.04199999943],[1657232.3739999998,560055.30900000036],[1657214.5299999993,560076.14699999988],[1657208.682,560082.4140000008],[1657193.7420000006,560096.76400000043],[1657187.2469999995,560100.87099999934],[1657183.4639999997,560106.44800000079],[1657180.6099999994,560113.10400000028],[1657180.9570000004,560126.40100000054],[1657185.0370000005,560133.95500000007],[1657177.2799999993,560147],[1657161.9749999996,560164.17600000091],[1657156.3169999998,560168.55199999921],[1657136.7569999993,560179.10899999924],[1657129.2090000007,560183.24000000022],[1657115.9360000007,560192.53600000031],[1657094.6760000009,560200.9570000004],[1657071.3670000006,560209.1129999999],[1657064.4159999993,560209.16999999993],[1657045.2060000002,560208.75500000082],[1657035.7329999991,560211.51899999939],[1657028.9729999993,560209.68500000052],[1657023.9639999997,560201.05199999921],[1657023.6520000007,560179.77600000054],[1657010.9220000003,560161.04199999943],[1656999.2609999999,560150.42899999954],[1656993.4460000005,560148.71800000034],[1656972.8350000009,560144.13000000082],[1656965.0620000008,560149.03099999949],[1656962.2579999994,560155.85199999996],[1656951.6459999997,560175.55299999937],[1656942.3460000008,560192.55000000075],[1656931.4869999997,560199.28500000015],[1656906.7249999996,560218.26999999955],[1656904.0449999999,560223.99000000022],[1656901.1720000003,560246.76899999939],[1656897.8450000007,560256.39699999988],[1656892.1679999996,560276.89699999988],[1656890.8729999997,560287.74599999934],[1656885.0390000008,560302.15899999999],[1656884.4069999997,560314.21199999936],[1656889.1510000005,560316.9020000007],[1656896.0859999992,560317.80100000091],[1656910.3780000005,560316.45900000073],[1656917.1870000008,560318.46000000089],[1656922.3369999994,560325.03500000015],[1656925.6620000005,560330.57499999925],[1656935.9030000009,560353.13800000027],[1656942.0309999995,560360.95800000057],[1656945.6209999993,560372.43999999948],[1656955.5470000003,560388.89499999955],[1656962.5869999994,560404.81599999964],[1656964.932,560418.21199999936],[1656976.4309999999,560447.00599999912],[1656984.8890000004,560460.07699999958],[1656990.3849999998,560479.94999999925],[1657002.3249999993,560504.64900000021],[1657006.4539999999,560512.36999999918],[1657020.2850000001,560537.31399999931],[1657031.7369999997,560550.77400000021],[1657048.1099999994,560556.88800000027],[1657064.5020000003,560546.87800000049],[1657085.4820000008,560533.47100000083],[1657104.7430000007,560524.95099999942],[1657112.9220000003,560523.93600000069],[1657147.8570000008,560534.37199999951],[1657154.4920000006,560537.30800000019],[1657176.6789999995,560545.13499999978],[1657189.7410000004,560553.85400000028],[1657203.4330000002,560565.68799999915],[1657216.1789999995,560583.46700000018],[1657225.4210000001,560614.84300000034],[1657226.398,560622.15499999933],[1657230.0020000003,560641.78199999966],[1657231.0869999994,560648.94899999909],[1657229.3169999998,560662.76999999955],[1657231.3479999993,560670.05900000036],[1657237.3479999993,560694.14800000004],[1657237.2919999994,560718.25100000016],[1657249.8790000007,560739.04399999976],[1657261.3619999997,560759.69299999997],[1657264.8080000002,560779.30000000075],[1657263.3509999998,560799.23000000045],[1657264.2620000001,560807.33100000024],[1657262.5409999993,560821.31900000013],[1657259.0529999994,560840.0270000007],[1657253.534,560851.44600000046],[1657243.7589999996,560865.34699999914],[1657236.7860000003,560887.59500000067],[1657232.6500000004,560904.14299999923],[1657223.0150000006,560925.08799999952],[1657214.1669999994,560946.13499999978],[1657210.5189999994,560967.85600000061],[1657206.9049999993,560987.66499999911],[1657204.7829999998,561012.45800000057],[1657207.4419999998,561022.86199999973],[1657213.2660000008,561047.8870000001],[1657211.4879999999,561085.97699999996],[1657214.7760000005,561099.49699999951],[1657219.4989999998,561118.31200000085],[1657223.6970000006,561139.93200000003],[1657223.6579999998,561157.0120000001],[1657223.9890000001,561162.1640000008],[1657222.5470000003,561181.13800000027],[1657223.9619999994,561193.45600000024],[1657230.2090000007,561215.34300000034],[1657235.8619999997,561226.13499999978],[1657243.8770000003,561243.30199999921],[1657244.9609999992,561250.46800000034],[1657252.0649999995,561265.59999999963],[1657256.2819999997,561280.19700000063],[1657255.6469999999,561292.25],[1657252.943,561314.09400000051],[1657249.8910000008,561337.80800000019],[1657250.8499999996,561346.07599999942],[1657257.7259999998,561371.07799999975],[1657261.8310000002,561394.92200000025],[1657268.2190000005,561414.75100000016],[1657270.7489999998,561435.35799999908],[1657272.4560000002,561460.80700000003],[1657273.6420000009,561482.99599999934],[1657272.852,561488.9609999992],[1657270.7939999998,561512.96399999969],[1657267.898,561536.69899999909],[1657267.7300000004,561560.94700000063],[1657268.1620000005,561581.12199999951],[1657268.7670000009,561600.36099999957],[1657269.8809999991,561614.71600000001],[1657272.9900000002,561638.27199999988],[1657278.4639999997,561659.09999999963],[1657281.8890000004,561679.66300000064],[1657286.1520000007,561700.49400000088],[1657287.3929999992,561707.68099999987],[1657286.0920000002,561724.59699999914],[1657284.1940000001,561739.51999999955],[1657280.5429999996,561761.24100000039],[1657271.8530000001,561773.2070000004],[1657253.2479999997,561792.02999999933],[1657245.3310000002,561798.98699999973],[1657224.0810000002,561815.55100000091],[1657218.2300000004,561821.81799999997],[1657212.2170000002,561837.16499999911],[1657208.7080000006,561856.82799999975],[1657209.4739999995,561866.98699999973],[1657212.4739999995,561890.68799999915],[1657212.75,561904.77500000037],[1657210.6400000006,561928.61199999973],[1657210.6280000005,561952.88000000082],[1657212.6490000002,561975.33699999936],[1657211.2249999996,561987.28700000048],[1657205.5280000009,561999.64200000092],[1657195.75,562013.54199999943],[1657188.9159999993,562027.66499999911],[1657175.0529999994,562049.1799999997],[1657163.9920000006,562072.9729999993],[1657154.0559999999,562086.85400000028],[1657153.2479999997,562093.77400000021],[1657150.6830000002,562113.56000000052],[1657146.5600000005,562129.15300000086],[1657133.1710000001,562147.6950000003],[1657124.5999999996,562167.66000000015],[1657109.7909999993,562189.05199999921],[1657102.1649999991,562209.13900000043],[1657096.1809999999,562231.67600000091],[1657095.9629999995,562249.68999999948],[1657094.2060000002,562262.55599999987],[1657092.6180000007,562283.5859999992],[1657089.6160000004,562298.36600000039],[1657088.1530000009,562318.29499999993],[1657087.1610000003,562341.31900000013],[1657083.6989999991,562361.14800000004],[1657081.1329999994,562380.93400000036],[1657081.4609999992,562386.0859999992],[1657080.4920000006,562495.81599999964],[1657079.9739999995,562515.86700000055],[1657086.227,562545.89800000004],[1657084.9550000001,562563.93600000069],[1657088.1030000001,562570.41200000048],[1657093.4250000007,562576.05199999921],[1657104.409,562600.62900000066],[1657114.4849999994,562617.10500000045],[1657114.7579999994,562631.19199999981],[1657119.9450000003,562653.10099999979],[1657119.9069999997,562661.08000000007],[1657117.9680000003,562683.98100000061],[1657113.8369999994,562708.67400000058],[1657113.8389999997,562731.98599999957],[1657112.2379999999,562744.87199999951],[1657114.4020000007,562759.20399999991],[1657119.5710000005,562782.06900000013],[1657121.0789999999,562809.40899999999],[1657121.0899999999,562817.55399999954],[1657120.773,562820.54700000025],[1657119.3139999993,562831.375],[1657117.7129999995,562844.26099999994],[1657118.8059999999,562859.57200000063],[1657112.6539999992,562867.875],[1657105.9920000006,562881.06200000085],[1657100.0319999997,562887.47499999963],[1657092.6170000006,562898.64800000004],[1657090.7039999999,562905.42600000091],[1657089.4199999999,562915.31900000013],[1657087.3650000002,562924.15399999917],[1657084.6219999995,562944.875],[1657083.5120000001,562953.8320000004],[1657083.523,562961.97699999996],[1657086.3530000001,562971.44600000046],[1657091.1830000002,562981.01400000043],[1657097.9529999997,562990.99300000072],[1657103.9189999998,562998.7929999996],[1657108.7980000004,563008.5270000007],[1657113.5020000003,563019.19700000063],[1657119.6270000003,563027.01700000092],[1657127.3420000002,563037.11900000088],[1657142.5629999992,563060.16999999993],[1657148.5800000001,563068.13599999994],[1657153.5840000007,563076.76899999939],[1657161.1070000008,563088.7620000001],[1657164.5820000004,563100.39100000076],[1657168.0399999991,563112.97399999946],[1657171.9240000006,563122.41999999993],[1657173.8080000002,563131.76600000076],[1657175.5350000001,563141.09100000001],[1657177.5439999998,563149.3359999992],[1657180.0739999991,563160.84100000001],[1657183.8320000004,563171.38800000027],[1657185.716,563180.73399999924],[1657187.8790000007,563195.06599999964],[1657189.6060000006,563204.39200000092],[1657189.7239999995,563212.39100000076],[1657190.6799999997,563220.65799999982],[1657190.3509999998,563238.81900000013],[1657191.2400000002,563247.87600000016],[1657191.2290000003,563263.0429999996],[1657191.8670000006,563274.30399999954],[1657192.7559999991,563283.36099999957],[1657192.2909999993,563294.47800000012],[1657196.3379999995,563318.15599999949],[1657198.9920000006,563328.56000000052],[1657202.9419999998,563337.21499999985],[1657208.5739999991,563348.96399999969],[1657214.2329999991,563367.90100000054],[1657219.0610000007,563377.46900000051],[1657225.8479999993,563386.49300000072],[1657229.9230000004,563394.04700000025],[1657232.7520000003,563403.51600000076],[1657234.7609999999,563411.76099999994],[1657235.7170000002,563420.02800000086],[1657235.6769999992,563428.00699999928],[1657233.4470000006,563437.7770000007],[1657230.4629999995,563445.53299999982],[1657224.2919999994,563454.79199999943],[1657217.5209999997,563468.125],[1657216.5529999994,563475.02500000037],[1657216.3709999993,563485.06100000069],[1657217.2770000007,563493.16200000048],[1657216.9869999997,563503.34400000051],[1657216.9470000006,563511.32300000079],[1657217.7100000009,563521.48100000061],[1657221.6600000001,563530.1370000001],[1657228.9039999992,563537.14499999955],[1657239.1099999994,563543.41899999976],[1657244.1129999999,563552.05199999921],[1657248.0620000008,563560.70800000057],[1657250.7170000002,563571.11199999973],[1657252.7430000007,563578.40000000037],[1657254.6260000002,563587.74599999934],[1657256.1600000001,563598.96299999952],[1657254.9240000006,563609.02199999988],[1657252.0649999995,563615.67699999921],[1657248.8880000003,563625.32399999909],[1657246.8000000007,563633.03700000048],[1657244.1429999992,563645.94600000046],[1657241.7369999997,563656.65100000054],[1657240.8010000009,563664.67300000042],[1657240.9360000007,563671.71600000001],[1657240.9230000004,563686.88399999961],[1657240.3900000006,563698.79099999927],[1657239.4539999999,563706.81299999915],[1657235.1740000006,563716.31699999981],[1657228.7029999997,563727.6129999999],[1657224.5979999993,563736.18200000003],[1657221.5639999993,563743.77199999988],[1657220.7530000005,563750.69299999997],[1657218.0960000008,563763.60099999979],[1657216.8100000005,563773.49400000088],[1657214.5960000008,563782.30800000019],[1657212.3640000001,563792.07799999975],[1657209.2050000001,563800.76999999955],[1657200.9849999994,563809.76300000027],[1657196.5620000008,563821.32499999925],[1657196.5209999997,563829.30299999937],[1657199.3670000006,563837.81599999964],[1657200.2550000008,563846.87299999967],[1657200.5920000002,563860.16999999993],[1657205.1190000009,563871.77500000037],[1657208.2310000006,563880.16300000064],[1657206.0160000008,563888.97699999996],[1657201.1579999998,563895.53199999966],[1657194.1840000004,563902.61099999957],[1657185.3359999992,563908.48900000006],[1657177.4829999991,563914.65599999949],[1657168.8110000007,563919.5979999993],[1657159.0170000009,563925.35400000028],[1657149.0989999995,563932.21000000089],[1657137.7090000007,563941.75],[1657126.8450000007,563948.48399999924],[1657115.7740000002,563955.03199999966],[1657104.909,563961.76600000076],[1657096.8819999993,563968.86800000072],[1657086.7880000006,563976.66000000015],[1657078.8680000007,563983.61700000055],[1657070.9979999997,563990.74000000022],[1657064.023,563997.81900000013],[1657057.1160000004,564004.10799999908],[1657056.1300000008,564011.96399999969],[1657056.5920000002,564024.15899999999],[1657057.1789999995,564035.25300000049],[1657056.8870000001,564045.43500000052],[1657055.9189999998,564052.33500000089],[1657053.9959999993,564068.21299999952],[1657054.7760000005,564077.41599999927],[1657056.3080000002,564088.63199999928],[1657056.1239999998,564098.6679999996],[1657054.2369999997,564112.63399999961],[1657054.0529999994,564122.66999999993],[1657054.3389999997,564135.80100000091],[1657054.9260000009,564146.89499999955],[1657053.8139999993,564155.85199999996],[1657051.4560000002,564166.72399999946],[1657048.4220000003,564174.31399999931],[1657046.9920000006,564186.26400000043],[1657046.9509999994,564194.24200000055],[1657047.9049999993,564202.50999999978],[1657050.8589999992,564210.87700000033],[1657052.7579999994,564219.26700000092],[1657050.2249999996,564231.07399999909],[1657044.6980000008,564242.49200000055],[1657040.7180000003,564249.96000000089],[1657038.8350000009,564257.85899999924],[1657037.0720000006,564270.72399999946],[1657037.0319999997,564278.70199999958],[1657038.4199999999,564291.97599999979],[1657040.3200000003,564300.36600000039],[1657041.2569999993,564309.58899999969],[1657042.9639999997,564319.86999999918],[1657044.1769999992,564334.07899999991],[1657045.2569999993,564341.24499999918],[1657044.1449999996,564350.20299999975],[1657041.9299999997,564359.01700000092],[1657043.0089999996,564366.18300000019],[1657043.7709999997,564376.34100000001],[1657044.7249999996,564384.60899999924],[1657045.8039999995,564391.77400000021],[1657046.7579999994,564400.04199999943],[1657049.6940000001,564409.36500000022],[1657051.5519999992,564425.73299999908],[1657051.5600000005,564433.87800000049],[1657052.3389999997,564443.08000000007],[1657055.3000000007,564459.59200000018],[1657057.3080000002,564467.8359999992],[1657058.2620000001,564476.10400000028],[1657058.3949999996,564483.14699999988],[1657058.9810000006,564494.24100000039],[1657056.9409999996,564502.11999999918],[1657055.6539999992,564512.0120000001],[1657054.716,564520.03399999999],[1657053.5539999995,564528.82599999942],[1657053.0869999994,564539.94199999981],[1657053.5470000003,564552.13800000027],[1657054.4330000002,564561.1950000003],[1657056.9419999998,564573.65599999949],[1657058.6659999993,564582.98100000061],[1657062.1030000001,564596.51999999955],[1657065.8760000002,564606.11199999973],[1657068.7029999997,564615.58000000007],[1657072.2819999997,564627.06200000085],[1657074.0059999991,564636.38800000027],[1657078.5399999991,564656.1370000001],[1657080.2280000001,564667.37399999984],[1657077.8450000007,564685.26799999923],[1657076.7329999991,564694.22599999979],[1657074.625,564702.89399999939],[1657072.5840000007,564710.77300000004],[1657072.7180000003,564717.81599999964],[1657073.3530000001,564729.07599999942],[1657072.5240000002,564751.1640000008],[1657072.4829999991,564759.14299999923],[1657075.1339999996,564769.54600000009],[1657082.0580000002,564779.54600000009],[1657088.3230000008,564785.30900000036],[1657088.3310000002,564793.45399999991],[1657088.1640000008,564802.53399999999],[1657090.9900000002,564812.00200000033],[1657098.2009999994,564817.88800000027],[1657104.1970000006,564826.81000000052],[1657105.0830000006,564835.86700000055],[1657104.1620000005,564842.93300000019],[1657103.9450000003,564851.84699999914],[1657103.9529999997,564859.99100000039],[1657105.8340000007,564869.33699999936],[1657107.8579999991,564876.62600000016],[1657109.5470000003,564887.86199999973],[1657111.4450000003,564896.25200000033],[1657116.4639999997,564903.9299999997],[1657121.4639999997,564912.56200000085],[1657127.4600000009,564921.48399999924],[1657127.2929999996,564930.56399999931],[1657126.9499999993,564940.57899999991],[1657122.7829999998,564958.0820000004],[1657120.7420000006,564965.9609999992],[1657118.3570000008,564983.85500000045],[1657119.4179999996,564991.97699999996],[1657121.3169999998,565000.36700000055],[1657122.2520000003,565009.58999999985],[1657122.8550000004,565019.72800000012],[1657122.9879999999,565026.77099999972],[1657127.0429999996,565035.28099999949],[1657131.5850000009,565045.93099999987],[1657135.7070000004,565053.65100000054],[1657143.5260000005,565063.60799999908],[1657153.4609999992,565073.04099999927],[1657164.7860000003,565078.50200000033],[1657170.6070000008,565088.35899999924],[1657178.9199999999,565094.38800000027],[1657188.3540000003,565099.60500000045],[1657191.4810000006,565107.03600000031],[1657191.5059999991,565114.22499999963],[1657191.3200000003,565124.26099999994],[1657191.9220000003,565134.39900000021],[1657194.1040000003,565141.70800000057],[1657198.0260000005,565157.3870000001],[1657203.0260000005,565166.01899999939],[1657207.5999999996,565177.79099999927],[1657211.4969999995,565186.27999999933],[1657214.4489999991,565194.64800000004],[1657219.1970000006,565205.48299999908],[1657222.7760000005,565216.96600000001],[1657226.5470000003,565226.55700000003],[1657231.4220000003,565236.29099999927],[1657239.8849999998,565248.40799999982],[1657250.7479999997,565258.91899999976],[1657257.8139999993,565266.8629999999],[1657262.5130000003,565277.53199999966],[1657266.2850000001,565287.12399999984],[1657271.1270000003,565295.73599999957],[1657274.8809999991,565306.28299999982],[1657275.6400000006,565316.44199999981],[1657277.5380000006,565324.8320000004],[1657277.6710000001,565331.875],[1657274.1539999992,565359.68200000003],[1657274.9309999999,565368.88499999978],[1657274.8880000003,565376.8629999999],[1657275.0199999996,565383.90699999966],[1657275.0270000007,565392.05100000091],[1657271.0160000008,565423.78600000031],[1657272.7379999999,565433.11099999957],[1657279.8039999995,565441.0549999997],[1657287.6720000003,565451.17799999937],[1657290.7990000006,565458.6099999994],[1657292.6469999999,565466.83400000073],[1657295.4550000001,565477.25799999945],[1657298.2980000004,565485.77099999972],[1657301.1050000004,565496.1950000003],[1657301.8819999993,565505.39800000004],[1657302.9419999998,565513.51899999939],[1657304.8399999999,565521.91000000015],[1657307.6160000004,565531.21199999936],[1657310.3149999995,565541.78199999966],[1657312.5850000009,565564.1129999999],[1657313.5549999997,565571.42400000058],[1657314.3139999993,565581.58300000057],[1657311.9030000009,565592.28800000064],[1657310.7709999997,565602.20099999942],[1657309.3729999997,565612.23900000006],[1657300.6989999991,565617.18099999987],[1657292.1500000004,565621.02199999988],[1657282.5480000004,565624.88499999978],[1657274.625,565631.84100000001],[1657271.6559999995,565638.64100000076],[1657269.7210000008,565646.37399999984],[1657266.6899999995,565662.10799999908],[1657261.3350000009,565672.59100000001],[1657252.1659999993,565681.4609999992],[1657251.0690000001,565689.46199999936],[1657252.8990000002,565698.64200000092],[1657252.7300000004,565707.72199999914],[1657246.4289999995,565718.0820000004],[1657242.3210000005,565726.65000000037],[1657242.2770000007,565734.62900000066],[1657241.3379999995,565742.65100000054],[1657238.6260000002,565755.39200000092],[1657237.6370000001,565763.24799999967],[1657237.2919999994,565773.26300000027],[1657238.4189999998,565780.59500000067],[1657239.4790000003,565788.71700000018],[1657239.3100000005,565797.79700000025],[1657238.3210000005,565805.65300000086],[1657236.2780000009,565813.53099999949],[1657235.1630000006,565822.48900000006],[1657233.3969999999,565835.35300000012],[1657231.4619999994,565843.0859999992],[1657231.2929999996,565852.16599999927],[1657231.9250000007,565863.42600000091],[1657233.0020000003,565870.59200000018],[1657232.9590000007,565878.5700000003],[1657231.8499999996,565895.67200000025],[1657227.3579999991,565930.37900000066],[1657227.1889999993,565939.45900000073],[1657227.1449999996,565947.43700000085],[1657226.4810000006,565960.4450000003],[1657226.2929999996,565970.48100000061],[1657224.8770000003,565981.47399999946],[1657224.2129999995,565994.48200000077],[1657227.1630000006,566002.84899999946],[1657235.9930000007,566012.13900000043],[1657244.4810000006,566017.23299999908],[1657245.2390000001,566027.39200000092],[1657245.2449999992,566035.53600000031],[1657244.0800000001,566044.32699999958],[1657244.5360000003,566056.52199999988],[1657245.6129999999,566063.68799999915],[1657251.2620000001,566082.625],[1657254.2349999994,566098.18099999987],[1657251.9810000006,566108.90699999966],[1657253.8780000005,566117.29700000025],[1657256.3330000006,566129.59200000018],[1657255.8619999997,566140.70800000057],[1657254.7290000003,566150.62099999934],[1657249.2630000003,566192.22800000012],[1657248.3230000008,566200.25],[1657247.9780000001,566210.2650000006],[1657249.9820000008,566218.50899999961],[1657249.9879999999,566226.65399999917],[1657237.2029999997,566240.1640000008],[1657232.2909999993,566246.55199999921],[1657230.2479999997,566254.43099999987],[1657230.8120000008,566266.48100000061],[1657232.5150000006,566276.7620000001],[1657234.0920000002,566288.14399999939],[1657232.8190000001,566297.08100000024],[1657231.9600000009,566311.98000000045],[1657232.591,566323.23900000006],[1657236.3609999996,566332.83100000024],[1657243.5510000009,566339.67200000025],[1657252.8579999991,566345.99000000022],[1657258.6760000009,566355.8479999993],[1657260.5280000009,566372.21600000001],[1657265.2070000004,566383.84200000018],[1657270.6730000004,566395.5700000003],[1657273.6720000003,566404.10300000012],[1657281.1870000008,566416.09699999914],[1657288.1260000002,566425.14100000076],[1657289.6349999998,566437.31299999915],[1657287.7229999993,566452.2349999994],[1657286.7510000002,566459.13499999978],[1657284.068,566472.99899999984],[1657282.7770000007,566482.89100000076],[1657280.7329999991,566490.76999999955],[1657274.682,566498.92600000091],[1657267.5779999997,566507.10600000061],[1657259.5460000001,566514.2070000004],[1657253.5629999992,566521.57399999909],[1657252.7489999998,566528.49499999918],[1657250.3359999992,566539.19999999925],[1657248.2919999994,566547.07799999975],[1657244.1190000009,566564.58100000024],[1657242.2239999995,566578.54700000025],[1657241.1079999991,566587.50400000066],[1657241.0629999992,566595.48200000077],[1657240.875,566605.51799999923],[1657240.3839999996,566617.58999999985],[1657240.9829999991,566627.72800000012],[1657240.7949999999,566637.76400000043],[1657239.2009999994,566649.69299999997],[1657237.7650000006,566661.64200000092],[1657236.4910000004,566670.57899999991],[1657234.4289999995,566679.41300000064],[1657232.466,566694.16899999976],[1657231.7009999994,566701.25500000082],[1657230.2329999991,566712.08300000057],[1657228.1710000001,566720.91699999943],[1657228.9460000005,566730.11999999918],[1657230.0219999999,566737.28600000031],[1657232.6689999998,566747.68999999948],[1657233.7770000007,566755.97699999996],[1657235.6270000003,566772.34600000083],[1657236.3839999996,566782.50400000066],[1657237.2660000008,566791.56100000069],[1657238.0399999991,566800.76300000027],[1657240.2190000005,566808.07200000063],[1657242.1150000002,566816.46199999936],[1657244.7620000001,566826.86600000039],[1657249.6329999994,566836.60099999979],[1657253.4020000007,566846.19199999981],[1657258.3990000002,566854.82499999925],[1657267.3359999992,566863.97000000067],[1657273.648,566869.89900000021],[1657282.7780000009,566877.1520000007],[1657285.727,566885.51999999955],[1657281.9179999996,566892.05100000091],[1657275.9340000004,566899.4179999996],[1657272.7689999994,566908.10899999924],[1657271.7780000009,566915.96499999985],[1657273.8489999995,566923.41999999993],[1657277.4230000004,566934.9020000007],[1657280.0700000003,566945.30599999987],[1657281.9480000008,566954.6520000007],[1657283.6490000002,566964.93300000019],[1657284.4230000004,566974.13499999978],[1657283.6079999991,566981.0549999997],[1657280.5720000006,566996.78999999911],[1657278.4639999997,567013.60199999996],[1657278.4690000005,567021.74699999951],[1657279.6919999998,567035],[1657280.6420000009,567043.26700000092],[1657280.4519999996,567053.30299999937],[1657280.4069999997,567061.28099999949],[1657279.568,567083.36800000072],[1657279.6980000008,567090.41100000031],[1657279.6559999995,567106.53399999999],[1657278.5390000008,567115.49100000039],[1657278.9930000007,567127.68600000069],[1657279.7670000009,567136.88900000043],[1657280.6980000008,567146.11199999973],[1657279.7249999996,567153.0120000001],[1657277.1659999993,567165.77400000021],[1657274.0850000009,567189.48599999957],[1657272.216,567196.42899999954],[1657270.7469999995,567207.25699999928],[1657268.6840000004,567216.09100000001],[1657267.7109999992,567222.99100000039],[1657266.5749999993,567232.90399999917],[1657264.5299999993,567240.78199999966],[1657259.5329999998,567279.41599999927],[1657257.4700000007,567288.25],[1657255.2039999999,567305.04199999943],[1657253.1410000008,567313.87700000033],[1657248.102,567321.36600000039],[1657243.0449999999,567329.81200000085],[1657238.7569999993,567339.31499999948],[1657236.8200000003,567347.04800000042],[1657237.7689999994,567355.31499999948],[1657244.6569999997,567364.19400000013],[1657248.7750000004,567371.91499999911],[1657255.3609999996,567382.83000000007],[1657262.4240000006,567390.77300000004],[1657270.8640000001,567403.84600000083],[1657278.7469999995,567413.01300000027],[1657276.3350000009,567431.86199999973],[1657248.5810000002,567506.98399999924],[1657246.773,567521.75999999978],[1657246.1040000003,567534.76700000092],[1657244.6840000004,567545.76099999994],[1657245.5840000007,567553.86199999973],[1657245.4110000003,567562.94199999981],[1657249.0329999998,567574.58999999985],[1657251.6789999995,567584.99400000088],[1657253.8570000008,567592.30299999937],[1657256.0069999993,567606.63499999978],[1657255.0639999993,567614.65599999949],[1657253.7880000006,567623.59300000034],[1657252.7780000009,567632.40399999917],[1657251.3579999991,567643.39800000004],[1657249.1370000001,567652.2109999992],[1657247.2200000007,567667.13299999945],[1657245.2829999998,567674.86600000039],[1657239.6420000009,567719.48399999924],[1657238.9729999993,567732.49200000055],[1657237.6970000006,567741.42799999937],[1657238.9289999995,567748.61400000006],[1657239.5260000005,567758.75200000033],[1657239.8330000006,567773.00400000066],[1657233.2200000007,567769.11099999957],[1657225.7080000006,567757.11800000072],[1657220.1950000003,567745.22399999946],[1657216.2709999997,567735.61199999973],[1657210.3300000001,567726.85600000061],[1657203.2670000009,567718.91300000064],[1657193.193,567711.53700000048],[1657186.2770000007,567709.68099999987],[1657175.5800000001,567707.33400000073],[1657162.3379999995,567708.64900000021],[1657151.1349999998,567716.29600000009],[1657141.6420000009,567728.15799999982],[1657134.2329999991,567738.37399999984],[1657131.1740000006,567746.91899999976],[1657130.0739999991,567754.92100000009],[1657128.1359999999,567762.65300000086],[1657127.0360000003,567770.65499999933],[1657123.807,567796.42400000058],[1657122.7070000004,567804.42500000075],[1657123.443,567815.5390000008],[1657130.9279999994,567842.69999999925],[1657135.6219999995,567853.36900000088],[1657139.068,567865.95299999975],[1657142.9920000006,567875.56399999931],[1657152.1209999993,567882.81799999997],[1657154.1219999995,567891.06200000085],[1657154.8949999996,567900.26400000043],[1657153.7760000005,567909.22100000083],[1657153.6030000001,567918.30100000091],[1657152.2899999991,567929.14900000021],[1657150.8190000001,567939.97599999979],[1657150.6459999997,567949.05599999987],[1657149.7210000008,567956.12199999951],[1657152.0270000007,567970.47399999946],[1657153.8709999993,567978.69800000079],[1657155.9220000003,567987.10799999908],[1657156.6940000001,567996.31000000052],[1657157.7689999994,568003.47599999979],[1657161.4690000005,568022.00100000016],[1657165.2369999997,568039.73699999973],[1657169.6099999994,568053.39900000021],[1657180.5669999998,568077.97599999979],[1657187.1319999993,568089.84699999914],[1657194.4989999998,568103.89800000004],[1657199.1919999998,568114.56799999997],[1657202.0120000001,568124.03600000031],[1657206.4030000009,568136.74300000072],[1657206.0059999991,568154.73599999957],[1657204.7599999998,568164.79399999976],[1657200.7740000002,568172.26099999994],[1657191.7939999998,568179.23900000006],[1657183.5470000003,568189.18700000085],[1657176.7620000001,568202.51799999923],[1657173.5950000007,568211.20900000073],[1657170.2329999991,568221.79099999927],[1657167.9920000006,568231.56000000052],[1657164.0069999993,568247.17100000009],[1657161.1620000005,568261.01400000043],[1657158.9210000001,568270.78299999982],[1657157.9299999997,568286.78299999982],[1657156.8100000005,568295.74000000022],[1657159.9330000002,568303.17200000025],[1657163.6980000008,568312.76300000027],[1657168.409,568322.47699999996],[1657172.2819999997,568331.92200000025],[1657171.9820000008,568342.10300000012],[1657171.7899999991,568352.13900000043],[1657169.3739999998,568370.9879999999],[1657167.1520000007,568379.80100000091],[1657166.1400000006,568388.6129999999],[1657164.8629999999,568397.54900000058],[1657163.9189999998,568405.57100000046],[1657161.5040000007,568424.41999999993],[1657161.3300000001,568433.49899999984],[1657163.0280000009,568443.77999999933],[1657164.0830000006,568451.9020000007],[1657168.7939999998,568461.61500000022],[1657172.1899999995,568482.17699999921],[1657174.2400000002,568490.58799999952],[1657181.4299999997,568505.57399999909],[1657185.1950000003,568515.16499999911],[1657189.068,568524.61099999957],[1657193.6520000007,568535.42600000091],[1657198.4710000008,568544.99400000088],[1657203.1630000006,568555.6640000008],[1657209.1520000007,568564.5859999992],[1657211.7949999999,568574.99000000022],[1657212.5480000004,568585.14800000004],[1657212.1809999999,568604.26300000027],[1657211.0600000005,568613.22000000067],[1657207.7170000002,568630.99000000022],[1657207.4930000007,568639.90300000086],[1657208.5979999993,568648.19099999964],[1657209.3680000007,568657.39299999923],[1657208.0720000006,568667.28600000031],[1657201.091,568674.3629999999],[1657191.6429999992,568678.24599999934],[1657180.9350000005,568681.96600000001],[1657173.8080000002,568691.10099999979],[1657169.216,568702.64100000076],[1657165.8530000001,568713.2229999993],[1657163.9629999995,568721.12099999934],[1657162.6850000005,568730.05800000019],[1657159.6270000003,568754.89100000076],[1657157.5299999993,568762.60400000028],[1657156.1070000008,568773.59699999914],[1657156.0399999991,568782.53099999949],[1657154.6170000006,568793.52500000037],[1657153.4480000008,568810.45900000073],[1657154.3949999996,568818.72699999996],[1657155.9480000008,568831.06499999948],[1657156.8450000007,568839.16599999927],[1657158.7180000003,568848.51099999994],[1657160.8640000001,568862.84200000018],[1657160.5439999998,568873.97900000028],[1657159.2660000008,568882.91599999927],[1657158.2530000005,568891.72699999996],[1657155.7090000007,568903.53299999982],[1657150.4910000004,568911.9570000004],[1657147.4979999997,568919.71299999952],[1657144.3100000005,568929.35899999924],[1657142.1960000005,568946.17200000025],[1657141.8440000005,568956.18600000069],[1657139.602,568965.95600000024],[1657138.6569999997,568973.97699999996],[1657137.1850000005,568984.80399999954],[1657136.2400000002,568992.82599999942],[1657134.3190000001,569007.74699999951],[1657133.9499999993,569018.71800000034],[1657133.9010000005,569034.83999999985],[1657133.5500000007,569044.85500000045],[1657132.6050000004,569052.87600000016],[1657132.2540000007,569062.89100000076],[1657128.8420000002,569089.59500000067],[1657126.9700000007,569096.53800000064],[1657122.6600000001,569106.99699999951],[1657116.7990000006,569113.26300000027],[1657107.0179999992,569118.06100000069],[1657109.0669999998,569126.47100000083],[1657113.7760000005,569136.18500000052],[1657115.7760000005,569144.42899999954],[1657116.5270000007,569154.58699999936],[1657113.9820000008,569174.53700000048],[1657111.8660000004,569183.20500000007],[1657115.8239999991,569190.90499999933],[1657127.1270000003,569197.32300000079],[1657129.9450000003,569206.79199999943],[1657123.4600000009,569218.0859999992],[1657114.7630000003,569223.98299999908],[1657104.659,569223.62900000066],[1657094.9079999998,569221.40399999917],[1657092.909,569213.16000000015],[1657089.1640000008,569202.61400000006],[1657083.0490000006,569194.7929999996],[1657074.5460000001,569190.65499999933],[1657067.4179999996,569191.64499999955],[1657061.4299999997,569199.0120000001],[1657055.3939999994,569214.35700000077],[1657048.1089999992,569223.47199999914],[1657035.3629999999,569220.85799999908],[1657016.4539999999,569218.40300000086],[1657007.6490000002,569216.30199999921],[1657002.8129999992,569207.68899999931],[1656999.6919999998,569200.25799999945],[1656995.1280000005,569188.48699999973],[1656992.3100000005,569179.01899999939],[1656989.8619999997,569166.72399999946],[1656987.9710000008,569158.33400000073],[1656985.1710000001,569147.91000000015],[1656981.7280000001,569135.32699999958],[1656977.0370000005,569124.65699999966],[1656968.7100000009,569119.58400000073],[1656963.8430000003,569109.84999999963],[1656962.9649999999,569100.7929999996],[1656963.5889999997,569087.61999999918],[1656964.6129999999,569072.74200000055],[1656965.6070000008,569056.74300000072],[1656963.7339999992,569047.39699999988],[1656956.0309999995,569037.29499999993],[1656950.8609999996,569029.59699999914],[1656947.5940000005,569016.07899999991],[1656944.0250000004,569004.59699999914],[1656939.284,568993.76099999994],[1656933.5209999997,568984.0700000003],[1656923.7689999994,568973.70199999958],[1656918.9020000007,568963.96800000034],[1656915.6349999998,568950.44899999909],[1656911.8890000004,568939.90300000086],[1656905.1309999991,568929.92300000042],[1656902.9849999994,568915.59200000018],[1656897.9910000004,568906.95900000073],[1656889.3120000008,568903.75699999928],[1656880.3300000001,568902.59100000001],[1656869.4580000006,568909.32399999909],[1656849.6830000002,568929.91100000031],[1656841.6469999999,568937.01300000027],[1656833.5930000003,568945.06900000013],[1656823.7929999996,568950.82399999909],[1656814.0120000001,568955.62199999951],[1656806.4550000001,568959.75100000016],[1656793.9629999995,568963.08000000007],[1656777.4240000006,568966.04399999976],[1656767.9949999992,568968.97199999914],[1656756.3220000006,568973.52500000037],[1656743.8310000002,568976.85400000028],[1656728.8609999996,568983.0549999997],[1656719.8609999996,568982.84500000067],[1656708.6860000007,568983.47100000083],[1656699.8310000002,568989.3479999993],[1656691.1710000001,568993.33400000073],[1656680.2980000004,569000.06799999997],[1656670.3220000006,569006.75699999928],[1656661.8200000003,569010.76400000043],[1656654.8560000006,569016.8870000001],[1656650.9169999994,569024.51999999955],[1656642.0620000008,569030.39699999988],[1656632.9350000005,569031.28800000064],[1656623.1349999998,569037.0429999996],[1656619.0199999996,569045.61099999957],[1656616.1530000009,569052.2650000006],[1656613.432,569065.00699999928],[1656610.693,569086.8479999993],[1656610.5170000009,569095.92699999921],[1656609.3959999997,569104.88399999961],[1656610.148,569115.04199999943],[1656609.0449999999,569123.0429999996],[1656609.602,569135.09200000018],[1656609.4450000003,569143.21600000001],[1656610.1960000005,569153.37299999967],[1656611.1420000009,569161.6400000006],[1656615.7650000006,569181.24300000072],[1656615.5889999997,569190.32300000079],[1656610.5470000003,569197.81200000085],[1656602.0439999998,569201.81900000013],[1656592.7410000004,569203.64599999972],[1656585.0079999994,569208.7109999992],[1656580.8430000003,569217.1129999999],[1656578.6500000004,569227.04800000042],[1656575.7339999992,569249.82499999925],[1656574.7579999994,569264.86800000072],[1656574.2109999992,569276.77400000021],[1656575.1380000003,569285.99699999951],[1656574.2890000008,569308.08300000057],[1656572.6699999999,569320.96800000034],[1656572.6699999999,569329.11199999973],[1656572.318,569339.12600000016],[1656574.0140000004,569349.40699999966],[1656574.9409999996,569358.62900000066],[1656574.5889999997,569368.64399999939],[1656573.273,569379.49200000055],[1656575.2909999993,569394.92400000058],[1656577.932,569405.32699999958],[1656581.6769999992,569415.87399999984],[1656584.3190000001,569426.2770000007],[1656588.6870000008,569439.93799999915],[1656595.4450000003,569449.91699999943],[1656606.9230000004,569463.5429999996],[1656613.5040000007,569474.4570000004],[1656618.6730000004,569482.15499999933],[1656629.9930000007,569495.75999999978],[1656637.0529999994,569503.70299999975],[1656646.7550000008,569513.90399999917],[1656656.682,569523.33699999936],[1656663.0989999995,569529.11999999918],[1656672.8499999996,569539.4879999999],[1656681.977,569546.74100000039],[1656692.9759999998,569555.19400000013],[1656702.2300000004,569561.34600000083],[1656714.6530000009,569566.95099999942],[1656722.2109999992,569570.96600000001],[1656722.9609999992,569581.12299999967],[1656718.5419999994,569591.72800000012],[1656712.5360000003,569600.05100000091],[1656704.3230000008,569608.08699999936],[1656694.3770000003,569615.89900000021],[1656683.7939999998,569626.66100000031],[1656676.6840000004,569634.84100000001],[1656667.8100000005,569641.67400000058],[1656659.773,569648.77500000037],[1656653.5899999999,569658.03299999982],[1656650.2239999995,569668.61500000022],[1656648.1569999997,569677.44899999909],[1656649.2280000001,569684.61400000006],[1656651.7430000007,569696.11900000088],[1656652.6689999998,569705.34100000001],[1656654.5089999996,569721.70900000073],[1656656.9560000002,569734.00300000049],[1656661.1970000006,569748.76600000076],[1656666.6370000001,569761.44899999909],[1656666.5859999992,569785.71499999985],[1656665.9299999997,569797.76600000076],[1656662.7400000002,569807.41300000064],[1656659.8719999995,569814.06699999981],[1656649.2699999996,569825.78500000015],[1656631.1099999994,569841.63299999945],[1656626.0669999998,569849.12299999967],[1656622.7009999994,569859.70399999991],[1656619.4030000009,569869.49699999951],[1656618.4079999998,569877.35199999996],[1656619.1569999997,569887.50999999978],[1656618.3379999995,569894.4299999997],[1656618.7850000001,569906.62399999984],[1656618.7329999991,569930.8900000006],[1656619.1300000008,569942.91899999976],[1656621.1270000003,569959.30700000003],[1656625.5130000003,569972.0120000001],[1656629.8800000008,569985.67400000058],[1656630.9690000005,570000.0270000007],[1656632.0219999999,570008.14900000021],[1656635.0140000004,570016.68099999987],[1656640.4539999999,570029.36400000006],[1656645.3379999995,570038.14200000092],[1656654.5899999999,570052.43799999915],[1656659.5810000002,570061.0700000003],[1656665.5360000003,570077.01400000043],[1656667.9820000008,570089.30800000019],[1656667.0539999995,570096.37299999967],[1656664.1669999994,570103.98299999908],[1656657.0559999999,570112.16300000064],[1656648.0730000008,570119.14100000076],[1656646.0040000007,570127.97499999963],[1656643.4059999995,570147.75899999961],[1656641.1600000001,570165.67200000025],[1656637.1699999999,570173.13800000027],[1656631.1809999999,570180.50500000082],[1656621.2029999997,570187.1950000003],[1656612.6989999991,570191.20099999942],[1656605.2860000003,570193.27300000004],[1656590.5999999996,570198.39399999939],[1656587.3010000009,570208.18600000069],[1656585.6799999997,570221.0700000003],[1656586.5739999991,570229.17100000009],[1656588.2689999994,570239.45099999942],[1656590.1400000006,570248.79600000009],[1656592.7799999993,570259.19899999909],[1656599.5150000006,570278.27800000086],[1656602.477,570285.68899999931],[1656604.9710000008,570298.14900000021],[1656601.7799999993,570307.79600000009],[1656590.5539999995,570316.39900000021],[1656569.5739999991,570330.92300000042],[1656564.3540000003,570339.3479999993],[1656563.3389999997,570348.15899999999],[1656562.6809999999,570360.21000000089],[1656560.6109999996,570377.18799999915],[1656560.3829999994,570386.10099999979],[1656563.8230000008,570398.68400000036],[1656568.6870000008,570408.4179999996],[1656576.8139999993,570431.66999999993],[1656578.3320000004,570442.88499999978],[1656578.4570000004,570449.92799999937],[1656580.0050000008,570462.26600000076],[1656580.4509999994,570474.46000000089],[1656581.023,570485.55299999937],[1656587.6319999993,570497.58899999969],[1656590.6999999993,570512.99799999967],[1656592.2670000009,570524.38000000082],[1656597.0999999996,570532.99200000055],[1656604.977,570542.15899999999],[1656612.0170000009,570551.05700000003],[1656624.1359999999,570558.69800000079],[1656645.6860000007,570563.41200000048],[1656651.7259999998,570556.2109999992],[1656656.3420000002,570543.71600000001],[1656660.2640000004,570537.0390000008],[1656663.1520000007,570529.42899999954],[1656669.1420000009,570522.06200000085],[1656686.1799999997,570515.17200000025],[1656695.3589999992,570506.30199999921],[1656697.5859999992,570497.48900000006],[1656699.4780000001,570489.59100000001],[1656706.7660000008,570480.47599999979],[1656752.4629999995,570486.40799999982],[1656764.2620000001,570488.89800000004],[1656775.7579999994,570493.42500000075],[1656786.3090000004,570497.82899999991],[1656794.9379999992,570500.86600000039],[1656807.5370000005,570505.53500000015],[1656816.3609999996,570506.68099999987],[1656826.2689999994,570508.92600000091],[1656836.9470000006,570512.22900000028],[1656847.5160000008,570515.67699999921],[1656856.3220000006,570517.77800000086],[1656869.8660000004,570522.57100000046],[1656906.2259999998,570537.35300000012],[1656921.9460000005,570541.31100000069],[1656928.5759999994,570544.24799999967],[1656948.8579999991,570551.8320000004],[1656955.5960000008,570554.62399999984],[1656968.2139999997,570558.33799999952],[1656974.4729999993,570564.10199999996],[1656979.2100000009,570574.93700000085],[1656979.7819999997,570586.02999999933],[1656977.8579999991,570592.80700000003],[1656975.8080000002,570600.68500000052],[1656984.1469999999,570599.69199999981],[1656993.5969999991,570595.80900000036],[1657009.5120000001,570597.87600000016],[1657018.3169999998,570599.97800000012],[1657026.3719999995,570600.06599999964],[1657033.4299999997,570608.00899999961],[1657034.0020000003,570619.10199999996],[1657035.5500000007,570631.43999999948],[1657037.2440000009,570641.72100000083],[1657038.8100000005,570653.10300000012],[1657032.3220000006,570664.39699999988],[1657008.5289999992,570661.30700000003],[1656997.6750000007,570658.93899999931],[1656977.8210000005,570656.3599999994],[1656969.6390000004,570657.37399999984],[1656963.4719999991,570665.67500000075],[1656966.2689999994,570676.09899999946],[1656975.5209999997,570682.25100000016],[1656984.9499999993,570687.46800000034],[1656994.7009999994,570689.69299999997],[1657005.2510000002,570694.09699999914],[1657012.7890000008,570699.06799999997],[1657026.0299999993,570705.89800000004],[1657036.5800000001,570710.30299999937],[1657045.5289999992,570718.49200000055],[1657051.1429999992,570730.24000000022],[1657057.5940000005,570742.25599999912],[1657061.9590000007,570755.9179999996],[1657065.0779999997,570763.34999999963],[1657067.7170000002,570773.75300000049],[1657069.8900000006,570781.06200000085],[1657073.1520000007,570794.58100000024],[1657079.0859999992,570811.48100000061],[1657084.0759999994,570820.11400000006],[1657088.0319999997,570827.81399999931],[1657090.8279999997,570838.2379999999],[1657084.466,570848.4299999997],[1657076.3029999994,570848.4879999999],[1657068.4250000007,570847.46399999969],[1657060.0659999996,570849.41300000064],[1657066.9480000008,570858.29099999927],[1657074.4849999994,570863.26300000027],[1657090.0969999991,570867.36700000055],[1657098.7249999996,570870.40399999917],[1657105.9590000007,570877.41200000048],[1657117.0969999991,570900.0979999993],[1657123.0329999998,570908.85400000028],[1657130.6950000003,570920.86900000088],[1657134.4560000002,570930.46000000089],[1657136.3440000005,570938.84899999946],[1657140.3859999999,570955.50400000066],[1657145.216,570972.25999999978],[1657148.3350000009,570979.69199999981],[1657150.3310000002,570987.93600000069],[1657155.6410000008,571001.72100000083],[1657161.8959999997,571015.62900000066],[1657170.9690000005,571030.86099999957],[1657176.6319999993,571042.77500000037],[1657179.2699999996,571053.17799999937],[1657183.7799999993,571064.78299999982],[1657190.3880000003,571076.82100000046],[1657193.0069999993,571088.1799999997],[1657193.5969999991,571098.31699999981],[1657193.5940000005,571106.4609999992],[1657195.2679999992,571117.69800000079],[1657197.7789999992,571129.20299999975],[1657198.9729999993,571143.41100000031],[1657199.8959999997,571152.63399999961],[1657198.8990000002,571160.48900000006],[1657202.659,571170.08000000007],[1657206.0960000008,571182.6640000008],[1657204.9710000008,571191.61999999918],[1657200.852,571200.18799999915],[1657195.6119999997,571209.56699999981],[1657192.4379999992,571218.25799999945],[1657190.3190000001,571226.92500000075],[1657187.6410000008,571239.8320000004],[1657184.7530000005,571247.44199999981],[1657183.6459999997,571255.44199999981],[1657184.1980000008,571267.49100000039],[1657189.0800000001,571276.26999999955],[1657196.4590000007,571281.22100000083],[1657203.5160000008,571289.16499999911],[1657207.4519999996,571297.82100000046],[1657211.8159999996,571311.48299999908],[1657212.7090000007,571319.58400000073],[1657215.2009999994,571332.04399999976],[1657215.3239999991,571339.08699999936],[1657216.0710000005,571349.24499999918],[1657217.1400000006,571356.41000000015],[1657224.8729999997,571359.49100000039],[1657231.3259999994,571363.36400000006],[1657239.6319999993,571369.39399999939],[1657247.7919999994,571377.48100000061],[1657261.7980000004,571393.51400000043],[1657281.7219999991,571411.11500000022],[1657288.1569999997,571415.94299999997],[1657296.3159999996,571424.02999999933],[1657301.8210000005,571435.92400000058],[1657305.6879999992,571445.36999999918],[1657310.5690000001,571454.14900000021],[1657317,571467.12099999934],[1657321.0629999992,571474.67600000091],[1657326.3709999993,571488.4609999992],[1657328.2400000002,571497.80700000003],[1657329.7359999996,571509.97800000012],[1657328.4529999997,571518.9140000008],[1657326.5250000004,571533.83500000089],[1657325.3800000008,571543.74699999951],[1657323.1329999994,571553.51600000076],[1657321.2080000006,571560.29199999943],[1657319.5830000006,571573.17600000091],[1657317.7080000006,571580.11900000088],[1657316.2100000009,571591.9020000007],[1657313.5319999997,571604.80800000019],[1657310.9309999999,571616.44800000079],[1657308.5030000005,571635.29600000009],[1657306.6089999992,571643.19400000013],[1657303.5620000008,571650.78299999982],[1657298.5120000001,571666.41599999927],[1657296.568,571674.14800000004],[1657295.5879999995,571681.04700000025],[1657294.1400000006,571692.99599999934],[1657292.2149999999,571699.77300000004],[1657289.2170000002,571707.52800000086],[1657286.0240000002,571717.17400000058],[1657279.6760000009,571734.55399999954],[1657278.6769999992,571742.40899999999],[1657276.6060000006,571751.24300000072],[1657276.7290000003,571758.28500000015],[1657281.8560000006,571781.15000000037],[1657281.852,571789.29399999976],[1657282.4210000001,571800.3870000001],[1657282.6870000008,571813.51600000076],[1657283.1290000007,571825.7109999992],[1657284.1779999994,571833.8320000004],[1657284.8159999996,571844.13599999994],[1657285.0429999996,571859.17699999921],[1657285.8039999995,571876.52300000004],[1657286.8719999995,571883.68899999931],[1657287.9220000003,571891.81000000052],[1657289.8080000002,571900.19999999925],[1657289.6280000005,571909.27899999917],[1657291.4460000005,571918.45800000057],[1657292.5449999999,571926.74599999934],[1657293.3090000004,571935.94800000079],[1657295.9460000005,571946.35099999979],[1657297.6180000007,571957.58799999952],[1657302.1209999993,571977.33699999936],[1657303.8120000008,571987.61800000072],[1657307.5519999992,571998.16499999911],[1657313.8039999995,572012.07300000079],[1657319.1109999996,572025.85799999908],[1657325.2359999996,572040.86700000055],[1657328.0299999993,572051.29099999927],[1657332.0380000006,572066.82399999909],[1657335.4729999993,572079.40699999966],[1657337.7870000005,572092.80299999937],[1657337.7819999997,572100.94700000063],[1657336.7829999998,572108.80199999921],[1657338.2880000006,572136.30599999987],[1657337.1119999997,572145.09699999914],[1657335.8389999997,572156.1099999994],[1657334.8540000003,572171.15300000086],[1657332.2819999997,572183.9140000008],[1657328.3719999995,572213.58899999969],[1657328.4940000009,572220.63199999928],[1657327.3680000007,572229.58799999952],[1657326.6870000008,572242.59500000067],[1657326.3780000005,572252.77500000037],[1657325.6970000006,572265.78199999966],[1657324.6779999994,572274.59300000034],[1657324.6190000009,572290.71499999985],[1657324.1140000001,572302.78600000031],[1657326.75,572313.18999999948],[1657329.7390000001,572321.7229999993],[1657326.5040000007,572346.53500000015],[1657331.4920000006,572355.1679999996],[1657334.6089999992,572362.59999999963],[1657332.8540000003,572376.58500000089],[1657334.6720000003,572385.7650000006],[1657336.557,572394.15499999933],[1657336.3570000008,572404.18999999948],[1657334.9250000007,572415.18300000019],[1657335.6699999999,572425.33999999985],[1657335.4879999999,572434.41999999993],[1657336.2329999991,572444.57699999958],[1657340.4360000007,572458.21900000051],[1657344.7960000001,572471.88099999912],[1657344.1140000001,572484.88800000027],[1657343.2909999993,572491.80800000019],[1657341.8100000005,572502.63499999978],[1657340.8599999994,572510.65599999949],[1657338.9340000004,572517.43200000003],[1657333.0439999998,572532.79600000009],[1657328.6380000003,572542.44400000013],[1657324.625,572550.86600000039],[1657322.7479999997,572557.80800000019],[1657318.5769999996,572566.20900000073],[1657315.0779999997,572577.89100000076],[1657312.8289999999,572587.66000000015],[1657310.2750000004,572599.46499999985],[1657306.216,572631.19700000063],[1657304.3389999997,572638.13900000043],[1657302.0889999997,572647.90799999982],[1657296.5219999999,572660.27999999933],[1657290.7780000009,572673.58699999936],[1657284.9069999997,572687.99499999918],[1657281.9079999998,572695.75],[1657272.3609999996,572722.77600000054],[1657269.1649999991,572732.42100000009],[1657266.1170000006,572740.00999999978],[1657264.2390000001,572746.95299999975],[1657257.4279999994,572753.09400000051],[1657252.3310000002,572760.41699999943],[1657251.057,572771.4299999997],[1657253.5150000006,572782.76899999939],[1657257.4480000008,572791.42500000075],[1657259.7589999996,572804.8200000003],[1657257.307,572824.62399999984],[1657251.875,572851.22599999979],[1657247.0759999994,572864.65599999949],[1657243.5769999996,572876.33899999969],[1657240.6850000005,572883.94800000079],[1657236.7589999996,572890.62399999984],[1657232.7650000006,572898.08999999985],[1657228.8200000003,572905.72199999914],[1657220.2780000009,572916.74899999984],[1657213.2899999991,572923.82499999925],[1657204.4790000003,572929.86700000055],[1657192.6260000002,572935.35300000012],[1657183.943,572940.2929999996],[1657167.8269999996,572948.25899999961],[1657155.2039999999,572952.68700000085],[1657143.2229999993,572959.27500000037],[1657135.4859999996,572964.33799999952],[1657125.3760000002,572972.12700000033],[1657113.6989999991,572976.67799999937],[1657097.2589999996,572987.6370000001],[1657088.8939999994,572997.72900000028],[1657079.7100000009,573006.59600000083],[1657069.4240000006,573015.32100000046],[1657061.8080000002,573027.42600000091],[1657056.6129999999,573036.97199999914],[1657052.3139999993,573046.47399999946],[1657044.6970000006,573058.58000000007],[1657039.6300000008,573067.02400000021],[1657037.5559999999,573075.85799999908],[1657024.2559999991,573085.14900000021],[1657014.9639999997,573094.16200000048],[1657006.9030000009,573102.21700000018],[1656996.9210000001,573108.90499999933],[1656993.9210000001,573116.66000000015],[1656990.9010000005,573125.37099999934],[1656989.9199999999,573132.26999999955],[1656987.466,573152.07300000079],[1656988.2290000003,573161.27500000037],[1656991.6050000004,573181.8359999992],[1656994.5730000008,573191.32499999925],[1656995.4629999995,573199.42500000075],[1656994.4560000002,573215.42400000058],[1656996.0160000008,573226.80599999987],[1656996.7780000009,573236.00799999945],[1656993.6970000006,573260.83999999985],[1656989.7019999996,573268.30599999987],[1656986.8289999999,573274.95900000073],[1656984.9509999994,573281.9020000007],[1656979.8460000008,573297.36800000072],[1656977.5690000001,573316.23599999957],[1656976.2829999998,573325.17200000025],[1656977.1530000009,573334.22800000012],[1656980.3169999998,573341.82599999942],[1656988.2410000004,573358.82599999942],[1656994.0449999999,573368.68300000019],[1657003.307,573382.02400000021],[1657010.341,573390.92300000042],[1657014.8949999996,573402.69400000013],[1657018.4550000001,573414.17600000091],[1657022.8320000004,573426.88199999928],[1657028.6160000004,573437.69400000013],[1657038.3589999992,573448.06399999931],[1657042.8640000001,573459.6679999996],[1657044.8489999995,573476.05599999987],[1657046.8420000002,573484.30000000075],[1657047.6030000001,573493.50200000033],[1657049.6449999996,573501.91200000048],[1657048.5150000006,573510.86800000072],[1657047.3560000006,573518.70299999975],[1657028.7200000007,573531.45199999958],[1657019.7310000006,573538.42899999954],[1657013.8650000002,573544.69299999997],[1657009.5449999999,573555.15100000054],[1657006.2400000002,573564.94299999997],[1657001.7440000009,573576.3359999992],[1656997.4930000007,573586.00400000066],[1656993.9419999998,573597.51999999955],[1656991.2579999994,573610.42699999921],[1656988.0610000007,573620.07200000063],[1656983.9370000008,573628.6400000006],[1656983.1129999999,573635.55900000036],[1656986.4940000009,573647.97599999979],[1656993.3000000007,573649.97900000028],[1657001.4829999991,573648.96600000001],[1657027.2100000009,573637.13800000027],[1657035.2530000005,573630.03800000064],[1657043.8090000004,573626.19999999925],[1657056.2919999994,573615.68500000052],[1657065.6239999998,573604.75999999978],[1657074.3080000002,573599.8200000003],[1657082.3440000005,573600.86400000006],[1657090.8430000003,573605.00300000049],[1657098.8420000002,573613.0700000003],[1657108.693,573623.29399999976],[1657115.4230000004,573634.22900000028],[1657121.8479999993,573647.20199999958],[1657124.3530000001,573658.7070000004],[1657126.0399999991,573668.98699999973],[1657125.9759999998,573685.10899999924],[1657124.1689999998,573698.92799999937],[1657126.6349999998,573712.34400000051],[1657130.8340000007,573725.9849999994],[1657114.7090000007,573742.09500000067],[1657100.9759999998,573754.52300000004],[1657092.0960000008,573761.35400000028],[1657084.3570000008,573766.41699999943],[1657074.5439999998,573780.31299999915],[1657068.0480000004,573791.60600000061],[1657064.0519999992,573799.07200000063],[1657059.0020000003,573806.56100000069],[1657058.0500000007,573814.58100000024],[1657058.9189999998,573823.63800000027],[1657054.7949999999,573832.20500000007],[1657042.4890000001,573841.78399999999],[1657030.8300000001,573845.38000000082],[1657021.6530000009,573846.10300000012],[1657011.7259999998,573844.81299999915],[1657001.6720000003,573844.62399999984],[1656995.3029999994,573854.81599999964],[1656986.307,573869.93700000085],[1656981.3660000004,573877.27999999933],[1656977.2420000006,573885.84699999914],[1656972.6170000006,573898.34100000001],[1656970.3650000002,573908.1099999994],[1656962.7100000009,573968.59999999963],[1656960.6539999992,573976.47800000012],[1656955.7320000008,573982.86500000022],[1656951.5879999995,573992.38800000027],[1656948.5869999994,574000.14200000092],[1656947.6040000003,574007.04099999927],[1656945.0189999994,574027.94600000046],[1656943.5350000001,574038.77199999988],[1656941.3910000008,574048.39499999955],[1656933.648,574076.93400000036],[1656931.8389999997,574090.75300000049],[1656931.1909999996,574096.73699999973],[1656924.1549999993,574118.97900000028],[1656921.3300000001,574125.79900000058],[1656917.3259999994,574141.40799999982],[1656913.8849999998,574168.11099999957],[1656911.0030000005,574182.90799999982],[1656908.8699999992,574199.71900000051],[1656904.2359999996,574220.35700000077],[1656903.2530000005,574227.25599999912],[1656902.4269999992,574234.17600000091],[1656902.8440000005,574247.32499999925],[1656907.8389999997,574263.14599999972],[1656911.2689999994,574275.72900000028],[1656913.7039999999,574288.02300000004],[1656913.1940000001,574300.09500000067],[1656910.7559999991,574318.94199999981],[1656905.8049999997,574334.42899999954],[1656895.8129999992,574349.25999999978],[1656885.2479999997,574361.14200000092],[1656871.9649999999,574369.47800000012],[1656858.3959999997,574373.78299999982],[1656845.5950000007,574379.14599999972],[1656841.7949999999,574384.72100000083],[1656836.2880000006,574427.4450000003],[1656830.8269999996,574455.00200000033],[1656822.6970000006,574479.17899999954],[1656817.0669999998,574499.52800000086],[1656812.5510000009,574527.20900000073],[1656808.5069999993,574549.83999999985],[1656800.2290000003,574576.07399999909],[1656790.8560000006,574594.01999999955],[1656777.2400000002,574613.49100000039],[1656771.9920000006,574622.87099999934],[1656760.3039999995,574635.56499999948],[1656745.5539999995,574648.66100000031],[1656712.6960000005,574676.81100000069],[1656697.5209999997,574684.90100000054],[1656678.3990000002,574700.62299999967],[1656669.0260000005,574718.56900000013],[1656664.8330000006,574743.25799999945],[1656662.6980000008,574760.06799999997],[1656659.8139999993,574774.86600000039],[1656660.2679999992,574786.10400000028],[1656657.6309999991,574806.84200000018],[1656651.3699999992,574832.22000000067],[1656646.9100000001,574851.92300000042],[1656636.9360000007,574865.79800000042],[1656621.4360000007,574876.88000000082],[1656606.1339999996,574886.07200000063],[1656601.5059999991,574898.56599999964],[1656598.0610000007,574925.26799999923],[1656594.3499999996,574946.9849999994],[1656588.1469999999,574964.38499999978],[1656583.0360000003,574979.85099999979],[1656578.4670000002,574984.36800000072],[1656566.7880000006,574988.91899999976],[1656549.102,574993.64900000021],[1656532.5580000002,574996.6099999994],[1656516.9389999993,575000.65000000037],[1656503.2119999994,575004.93600000069],[1656492.034,575005.56000000052],[1656485.2290000003,575003.55800000019],[1656469.8760000002,574989.58699999936],[1656462.2039999999,574978.52899999917],[1656454.0209999997,574979.54199999943],[1656450.3279999997,574984.97100000083],[1656449.216,574992.97199999914],[1656447.1579999998,575000.84899999946],[1656445.8289999999,575011.69600000046],[1656442.7469999995,575028.38399999961],[1656441.6349999998,575036.38399999961],[1656440.8080000002,575043.30399999954],[1656439.6950000003,575051.30399999954],[1656439.4890000001,575061.33899999969],[1656438.8000000007,575074.34500000067],[1656440.6610000003,575083.68999999948],[1656441.2229999993,575094.78199999966],[1656442.0700000003,575120.125],[1656447.3100000005,575141.88599999994],[1656453.7310000006,575154.85799999908],[1656461.8359999992,575178.10899999924],[1656465.8829999994,575193.80700000003],[1656466.7400000002,575211.00599999912],[1656466.6809999999,575218.98399999924],[1656467.4690000005,575229.30700000003],[1656470.2259999998,575238.60799999908],[1656472.5700000003,575244.98200000077],[1656474.1260000002,575256.3629999999],[1656468.9159999993,575297.04900000058],[1656467.4289999995,575307.87600000016],[1656465.5769999996,575338.93700000085],[1656468.7670000009,575360.43200000003],[1656475.9849999994,575375.58300000057],[1656490.5099999998,575396.47499999963],[1656506.068,575415.74400000088],[1656520.6530000009,575428.65799999982],[1656536.4969999995,575446.84600000083],[1656542.2479999997,575456.53700000048],[1656546.5999999996,575470.19800000079],[1656553.1469999999,575497.40000000037],[1656563.7520000003,575516.82399999909],[1656568.2809999995,575529.55000000075],[1656569.2740000002,575552.8359999992],[1656569.932,575587.25799999945],[1656570.6099999994,575605.39200000092],[1656571.1769999992,575656.89100000076],[1656572.7890000008,575683.29199999943],[1656574.2740000002,575710.79399999976],[1656571.0380000006,575767.86700000055],[1656566.9570000004,575799.5979999993],[1656564.2440000009,575836.45600000024],[1656566.2109999992,575860.98699999973],[1656564.1970000006,575892.02800000086],[1656563.6239999998,575912.07599999942],[1656564.1410000008,575940.41100000031],[1656564.2070000004,575962.61800000072],[1656569.7369999997,575990.48699999973],[1656576.8929999992,576013.61600000039],[1656580.2459999993,576042.31900000013],[1656581.2170000002,576066.56100000069],[1656579.7569999993,576078.50899999961],[1656578.7599999998,576093.55100000091],[1656578.6679999996,576110.62800000049],[1656581.2760000005,576121.98599999957],[1656580.4759999998,576135.13800000027],[1656579.9979999997,576163.18400000036],[1656578.3489999995,576184.2109999992],[1656576.2290000003,576200.06499999948],[1656574.0879999995,576216.87600000016],[1656573.8680000007,576235.05399999954],[1656575.7829999998,576259.4179999996],[1656580.2689999994,576279.16599999927],[1656589.1659999993,576304.59699999914],[1656599.9460000005,576323.0859999992],[1656610.7449999992,576340.61999999918],[1656625.5800000001,576366.66300000064],[1656636.2310000006,576386.25400000066],[1656647.7770000007,576405.80199999921],[1656655.1209999993,576419.85199999996],[1656661.0549999997,576435.79499999993],[1656665.227,576450.39100000076],[1656671.1290000007,576475.43400000036],[1656679.3560000006,576497.58500000089],[1656690.1229999997,576524.21800000034],[1656699.3239999991,576547.6129999999],[1656707.2449999992,576571.80000000075],[1656713.6009999998,576592.74899999984],[1656718.5079999994,576617.50300000049],[1656720.1569999997,576636.88199999928],[1656723.6850000005,576664.65000000037],[1656728.591,576689.40399999917],[1656732.2469999995,576716.07100000046],[1656735.4800000004,576737.73200000077],[1656736.4670000002,576761.01799999923],[1656737.2449999992,576794.33899999969],[1656739.7100000009,576814.94199999981],[1656744.4379999992,576840.63099999912],[1656744.3509999998,576864.89499999955],[1656740.2430000007,576897.58000000007],[1656735.9110000003,576923.36900000088],[1656734.9450000003,576954.3870000001],[1656740.5319999997,576974.27800000086],[1656746.5800000001,576997.26300000027],[1656752.5879999995,577022.16000000015],[1656764.4330000002,577055.00300000049],[1656768.8959999997,577075.7070000004],[1656768.8080000002,577099.97100000083],[1656766.1679999996,577127.89599999972],[1656761.9560000002,577145.39599999972],[1656756.5739999991,577155.87600000016],[1656748.5059999991,577163.9299999997],[1656733.6199999992,577178.12600000016],[1656725.3729999997,577187.11500000022],[1656708.6370000001,577199.15399999917],[1656695.1799999997,577210.50100000016],[1656685.8589999992,577220.46900000051],[1656682.9189999998,577235.09899999946],[1656678.8910000008,577258.85099999979],[1656668.3849999998,577277.60899999924],[1656657.9279999994,577296.53299999982],[1656650.7420000006,577312.68799999915],[1656646.7890000008,577320.31900000013],[1656639.9590000007,577334.60400000028],[1656636.0720000006,577349.11099999957],[1656638.8609999996,577366.72199999914],[1656642.7239999995,577383.35500000045],[1656651.4509999994,577401.57799999975],[1656654.0559999999,577412.93700000085],[1656652.3819999993,577434.91899999976],[1656654.0470000003,577453.34200000018],[1656657.7949999999,577462.93300000019],[1656660.0930000003,577476.32699999958],[1656663.1390000004,577491.73599999957],[1656668.4309999999,577505.51999999955],[1656673.7850000001,577511.32699999958],[1656678.9619999994,577518.06900000013],[1656708.1539999992,577534.80000000075],[1656718.3929999992,577541.24200000055],[1656735.1889999993,577551.41100000031],[1656753.9039999992,577562.94700000063],[1656782.1569999997,577586.74400000088],[1656795.9389999993,577597.47900000028],[1656802.0270000007,577613.44299999997],[1656806.2960000001,577643.22499999963],[1656806.3540000003,577665.43300000019],[1656804.5010000002,577688.34999999963],[1656803.4149999991,577712.32499999925],[1656794.2689999994,577783.80399999954],[1656790.2379999999,577807.55599999987],[1656787.5739999991,577836.43600000069],[1656796.2850000001,577862.80299999937],[1656804.0649999995,577880.90399999917],[1656805.9210000001,577890.24899999984],[1656797.8880000003,577921.46600000001],[1656789.9879999999,577958.76899999939],[1656786.0710000005,577989.56399999931],[1656783.4049999993,578018.44400000013],[1656779.1899999995,578035.94299999997],[1656774.4260000009,578049.53800000064],[1656770.0960000008,578059.99499999918],[1656763.2050000001,578089.44400000013],[1656759.0889999997,578122.12900000066],[1656760.2469999995,578144.48000000045],[1656760.1539999992,578168.74400000088],[1656759.0659999996,578192.71900000051],[1656756.2650000006,578215.51300000027],[1656752.7369999997,578235.33699999936],[1656744.4739999995,578252.47000000067],[1656732.8399999999,578272.0390000008],[1656723.0130000003,578285.93400000036],[1656708.7620000001,578302.28800000064],[1656699.4399999995,578312.25599999912],[1656687.0590000004,578329.81200000085],[1656677.1469999999,578352.6400000006],[1656669.1899999995,578367.73599999957],[1656642.8340000007,578415.89599999972],[1656630.8729999997,578438.45800000057],[1656617.8589999992,578461.04199999943],[1656603.5720000006,578486.49499999918],[1656594.9309999999,578506.45399999991],[1656584.0979999993,578535.39100000076],[1656576.7589999996,578553.60199999996],[1656570.3489999995,578580.08000000007],[1656566.6209999993,578601.79499999993],[1656561.7899999991,578623.36700000055],[1656555.4110000003,578633.55800000019],[1656536.5859999992,578654.42899999954],[1656529.2410000004,578665.45199999958],[1656521.3029999994,578679.59300000034],[1656512.4199999999,578693.61099999957],[1656500.0179999992,578712.12199999951],[1656486.0769999996,578733.62800000049],[1656474.7970000003,578751.32699999958],[1656461.2919999994,578769.69600000046],[1656446.7119999994,578789.04199999943],[1656424.807,578818.4570000004],[1656410.7320000008,578833.87600000016],[1656398.3289999999,578852.38800000027],[1656380.7550000008,578871.34600000083],[1656349.8530000001,578907.73699999973],[1656338.5730000008,578925.43600000069],[1656333.5150000006,578932.92400000058],[1656322.5620000008,578947.63199999928],[1656317.8110000007,578953.08300000057],[1656305.9130000006,578967.6679999996],[1656296.4110000003,578978.57100000046],[1656280.557,579000.78700000048],[1656274.3760000002,579009.08699999936],[1656257.7259999998,579029.12399999984],[1656248.0250000004,579041.9179999996],[1656241.0759999994,579049.16000000015],[1656229.1980000008,579062.7890000008],[1656217.1219999995,579078.30900000036],[1656210.4350000005,579090.53600000031],[1656205.3560000006,579098.98000000045],[1656202.6530000009,579104.69800000079],[1656200.3900000006,579114.46600000001],[1656198.1300000008,579131.42100000009],[1656195.8670000006,579141.18899999931],[1656195.3450000007,579153.25899999961],[1656194.625,579167.22000000067],[1656192.1669999994,579186.06599999964],[1656190.5010000002,579199.90399999917],[1656188.2579999994,579208.71600000001],[1656183.6190000009,579221.21000000089],[1656177.9049999993,579234.68200000003],[1656172.7609999999,579251.10300000012],[1656165.8249999993,579289.65000000037],[1656162.2060000002,579318.40699999966],[1656158.1009999998,579350.13599999994],[1656151.0649999995,579366.31100000069],[1656143.4529999997,579377.46000000089],[1656135.2300000004,579387.57100000046],[1656125.727,579398.47499999963],[1656116.6600000001,579406.24000000022],[1656107.3340000007,579416.20900000073],[1656096.2679999992,579423.87399999984],[1656087.3990000002,579429.74899999984],[1656082.8249999993,579434.26600000076],[1656074.773,579441.36500000022],[1656059.2620000001,579452.44600000046],[1656055.8739999998,579463.02600000054],[1656053.1710000001,579468.74400000088],[1656046.9719999991,579485.18799999915],[1656044.1809999999,579499.83799999952],[1656037.2599999998,579530.24200000055],[1656030.6669999994,579557.65499999933],[1656027.6559999995,579565.40899999999],[1656020.6569999997,579572.4849999994],[1656011.1989999991,579576.36800000072],[1655997.466,579580.65300000086],[1655993.8169999998,579586.24799999967],[1655988.9989999998,579599.67600000091],[1655979.3629999999,579604.49400000088],[1655963.9379999992,579606.64200000092],[1655935.8340000007,579613.05299999937],[1655918.6510000005,579621.0429999996],[1655915.7689999994,579627.69600000046],[1655911.1079999991,579641.14499999955],[1655901.4260000009,579652.98399999924],[1655888.6009999998,579666.49100000039],[1655882.5580000002,579682.95500000007],[1655876.0920000002,579709.26600000076],[1655870.9079999998,579734.78500000015],[1655866.25,579755.42200000025],[1655860.4499999993,579785.01400000043],[1655853.8059999999,579812.25999999978],[1655848.6420000009,579836.82399999909],[1655846.6659999993,579852.69800000079],[1655847.1989999991,579871.93300000019],[1655844.4110000003,579893.77099999972],[1655838.807,579914.28500000015],[1655829.7029999997,579938.33699999936],[1655814.909,579999.02199999988],[1655802.3049999997,580026.6129999999],[1655786.4169999994,580047.70800000057],[1655768.818,580067.62199999951],[1655733.2379999999,580093.34600000083],[1655711.6290000007,580103.79600000009],[1655687.443,580111.67500000075],[1655667.5720000006,580117.24000000022],[1655660.443,580125.4179999996],[1655657.6720000003,580139.1129999999],[1655652.2449999992,580158.69199999981],[1655645.7719999999,580160.88599999994],[1655636.75,580161.63099999912],[1655611.8369999994,580166.54099999927],[1655590.5360000003,580174.95500000007],[1655581.8230000008,580180.85099999979],[1655579.5779999997,580189.66300000064],[1655577.9120000005,580210.68899999931],[1655579.807,580235.05100000091],[1655575.0399999991,580272.76300000027],[1655568.0030000005,580296.12600000016],[1655560.4780000001,580315.27199999988],[1655546.0690000001,580333.68500000052],[1655524.9879999999,580356.18200000003],[1655509.1459999997,580370.25599999912],[1655501.4000000004,580375.3200000003],[1655496.8680000007,580394.85500000045],[1655494.4729999993,580405.72399999946],[1655489.5209999997,580413.06699999981],[1655483.8220000006,580418.39599999972],[1655479.398,580420.85600000061],[1655472.977,580447.33300000057],[1655474.6099999994,580466.7109999992],[1655482.8870000001,580480.88199999928],[1655492.1099999994,580495.17600000091],[1655494.6879999992,580514.67600000091],[1655490.1559999995,580534.2109999992],[1655480.3239999991,580572.22399999946],[1655475.9900000002,580589.86800000072],[1655468.4639999997,580609.0150000006],[1655454.9989999998,580627.55100000091],[1655438.0539999995,580641.48100000061],[1655422.0999999996,580648.51400000043],[1655409.1620000005,580654.98000000045],[1655408.148,580662.83400000073],[1655409.8210000005,580673.1129999999],[1655407.5539999995,580682.88000000082],[1655394.1079999991,580693.27300000004],[1655387.1569999997,580700.51600000076],[1655381.7459999993,580711.95199999958],[1655376.9250000007,580725.38000000082],[1655371.9739999995,580739.91000000015],[1655369.4890000001,580759.71199999936],[1655374.7520000003,580781.6370000001],[1655375.0629999992,580810.90399999917],[1655367.318,580847.27199999988],[1655368.7310000006,580876.68300000019],[1655374.5419999994,580909.69899999909],[1655376.7219999991,580940.1679999996],[1655379.7170000002,580971.8599999994],[1655380.4649999999,581005.17799999937],[1655376.7459999993,581025.93700000085],[1655370.9179999996,581056.48399999924],[1655372.1720000003,581085.87399999984],[1655365.5490000006,581114.24200000055],[1655358.1300000008,581140.4299999997],[1655348.8010000009,581181.70299999975],[1655337.7510000002,581212.53099999949],[1655326.1530000009,581225.08000000007],[1655297.409,581236.52099999972],[1655268.5150000006,581250.01999999955],[1655249.2599999998,581258.69999999925],[1655224.057,581281.62199999951],[1655207.5950000007,581292.58100000024],[1655198.1970000006,581317.71399999969],[1655193.5109999999,581339.30599999987],[1655187.5219999999,581362.64599999972],[1655180.4100000001,581393.9849999994],[1655178.6290000007,581407.96800000034],[1655174.5590000004,581432.67400000058],[1655171.8039999995,581445.41300000064],[1655180.1879999992,581466.625],[1655192.3589999992,581490.40499999933],[1655199.2019999996,581507.42500000075],[1655202.7210000008,581519.8599999994],[1655213.1730000004,581540.38199999928],[1655212.1380000003,581556.37900000066],[1655210.6850000005,581567.37099999934],[1655218.7599999998,581583.43200000003],[1655228.7740000002,581599.90499999933],[1655240.4790000003,581618.51300000027],[1655250.6229999997,581633.88499999978],[1655261.2740000002,581652.51700000092],[1655270.6500000004,581666.83100000024],[1655281.7599999998,581674.18200000003],[1655296.5490000006,581684.24799999967],[1655304.5150000006,581693.26799999923],[1655308.4330000002,581694.7349999994],[1655321.2229999993,581697.51300000027],[1655330.0250000004,581699.61400000006],[1655340.6760000009,581711.05900000036],[1655343.9079999998,581724.57499999925],[1655343.8379999995,581732.55199999921],[1655339.3279999997,581753.20900000073],[1655335.3399999999,581759.71800000034],[1655326.5170000009,581758.57300000079],[1655319.784,581755.78199999966],[1655312.8729999997,581753.92600000091],[1655308.227,581759.23299999908],[1655305.5199999996,581772.13800000027],[1655302.1070000008,581783.67300000042],[1655299.5299999993,581795.47699999996],[1655292.9719999991,581815.86700000055],[1655285.0620000008,581845.0270000007],[1655277.3589999992,581874.37199999951],[1655266.284,581913.34300000034],[1655254.7919999994,581932.93300000019],[1655240.9440000001,581961.48100000061],[1655233.6769999992,581994.87600000016],[1655230.3499999996,582021.59600000083],[1655223.4120000005,582052],[1655217.1119999997,582077.375],[1655209.2709999997,582098.55800000019],[1655204.8900000006,582118.1129999999],[1655202.6190000009,582135.06799999997],[1655191.148,582153.70199999958],[1655186.4790000003,582174.33899999969],[1655190.591,582198.03099999949],[1655193.0549999997,582210.48900000006],[1655197.8249999993,582228.19800000079],[1655199.8019999992,582243.62800000049],[1655200.0179999992,582257.7109999992],[1655196.602,582276.43300000019],[1655196.0940000005,582280.3599999994],[1655195.5209999997,582301.52800000086],[1655197.0759999994,582328.88099999912],[1655201.2070000004,582358.80599999987],[1655207.8890000004,582401.99799999967],[1655211.0270000007,582424.44600000046],[1655206.1559999995,582454.16000000015],[1655196.6380000003,582489.1799999997],[1655192.9550000001,582534.22100000083],[1655184.0519999992,582572.35500000045],[1655176.1879999992,582594.49300000072],[1655172.1549999993,582610.10099999979],[1655165.1070000008,582633.46199999936],[1655154.7569999993,582651.28500000015],[1655141.0840000007,582671.71000000089],[1655127.9560000002,582703.22699999996],[1655123.1060000006,582724.79800000042],[1655120.1960000005,582739.59400000051],[1655113.4560000002,582760.91899999976],[1655105.9920000006,582772.08899999969],[1655099.0370000005,582779.33100000024],[1655090.4409999996,582815.42899999954],[1655080.2899999991,582831.36099999957],[1655072.1390000004,582847.39299999923],[1655059.2809999995,582869.04199999943],[1655051.3100000005,582876.95199999958],[1655042.5079999994,582874.85099999979],[1655034.8029999994,582870.81599999964],[1655027.1040000003,582868.85899999924],[1655020.0419999994,582869.06000000052],[1655011.6769999992,582871.00899999961],[1655000.1180000007,582874.46000000089],[1654994.9030000009,582884.00500000082],[1654997.9309999999,582899.41100000031],[1654997.9079999998,582907.55399999954],[1654995.9460000005,582915.28500000015],[1654990.2440000009,582920.61400000006],[1654976.8139999993,582930.05100000091],[1654961.1870000008,582934.09200000018],[1654952.6710000001,582938.09699999914],[1654938.2249999996,582948.20099999942],[1654921.3210000005,582962.29800000042],[1654910.9700000007,582980.12099999934],[1654904.8670000006,582996.41899999976],[1654899.7569999993,583013.00500000082],[1654894.5270000007,583037.4020000007],[1654890.4700000007,583061.1520000007],[1654887.5150000006,583085.04499999993],[1654882.3780000005,583100.50999999978],[1654875.5069999993,583115.75],[1654863.3210000005,583147.38900000043],[1654850.8969999999,583173.08899999969],[1654839.2939999998,583185.63800000027],[1654826.6809999999,583189.11199999973],[1654816.8609999996,583194.86500000022],[1654813.693,583204.67600000091],[1654808.6410000008,583228.13800000027],[1654803.7880000006,583249.70800000057],[1654796.4059999995,583276.06200000085],[1654786.0539999995,583293.88499999978],[1654776.5429999996,583297.60199999996],[1654767.8479999993,583302.5429999996],[1654754.193,583322.01300000027],[1654748.5739999991,583342.52600000054],[1654745.7689999994,583364.3629999999],[1654754.7379999999,583389.64399999939],[1654765.5850000009,583399.19700000063],[1654778.7410000004,583406.81399999931],[1654782.0620000008,583411.39699999988],[1654781.7100000009,583415.34500000067],[1654778.1840000004,583427.02600000054],[1654772.6940000001,583446.43799999915],[1654760.0690000001,583474.0270000007],[1654748.1530000009,583495.80000000075],[1654726.0160000008,583527.10700000077],[1654710.8010000009,583543.33999999985],[1654692.591,583559.18500000052],[1654677.5539999995,583574.48399999924],[1654665.6610000003,583588.11400000006],[1654651.2750000004,583614.35700000077],[1654639.1329999994,583646.16300000064],[1654633.8220000006,583664.6400000006],[1654627.2029999997,583692.05100000091],[1654625.3670000006,583705.86800000072],[1654620.7880000006,583710.38499999978],[1654608.568,583719.8200000003],[1654600.818,583724.88299999945],[1654588.2640000004,583744.49699999951],[1654580.2890000008,583759.59400000051],[1654573.5889999997,583771.82100000046],[1654564.5380000006,583787.89699999988],[1654552.2200000007,583813.44999999925],[1654545.4739999995,583834.77600000054],[1654539.4370000008,583850.28399999999],[1654530.9519999996,583869.30800000019],[1654516.0510000009,583906.66499999911],[1654507.2569999993,583927.72499999963],[1654500.2009999994,583951.0859999992],[1654494.6630000006,583979.59600000083],[1654490.2109999992,583990.19899999909],[1654482.2589999996,583997.15300000086],[1654471.3629999999,584003.88499999978],[1654461.5639999993,584008.68400000036],[1654440.0319999997,584019.94600000046],[1654413.4550000001,584037.74100000039],[1654405.5519999992,584044.86099999957],[1654396.5250000004,584052.79399999976],[1654387.3190000001,584061.66200000048],[1654372.2799999993,584076.9609999992],[1654363.5099999998,584089.87900000066],[1654347.7569999993,584118.18200000003],[1654345.9189999998,584131.99799999967],[1654350.2469999995,584145.65699999966],[1654365.9399999995,584180.91300000064],[1654372.443,584200.92300000042],[1654373.1150000002,584220.17600000091],[1654371.7609999999,584238.20800000057],[1654372.1500000004,584251.35500000045],[1654371.0309999995,584275.32799999975],[1654366.148,584305.04099999927],[1654366.6420000009,584325.22900000028],[1654369.6099999994,584333.75999999978],[1654375.523,584342.5120000001],[1654379.8499999996,584356.17100000009],[1654374.5820000004,584365.55000000075],[1654375.0449999999,584370.72100000083],[1654376.1170000006,584376.92899999954],[1654378.6789999995,584396.42699999921],[1654381.0419999994,584417.81699999981],[1654385.1429999992,584441.50799999945],[1654388.625,584469.27099999972],[1654391.443,584493.75400000066],[1654386.6420000009,584531.46399999969],[1654386.1380000003,584567.81399999931],[1654390.9000000004,584585.52199999988],[1654389.9800000004,584607.60300000012],[1654383.9269999992,584640.0390000008],[1654376.6889999993,584664.3359999992],[1654369.7129999995,584695.69400000013],[1654356.8010000009,584749.60099999979],[1654344.659,584797.38000000082],[1654336.5789999999,584828.59500000067],[1654324.7119999994,584866.50599999912],[1654309.8029999994,584903.8629999999],[1654303.5840000007,584920.30599999987],[1654296.0179999992,584940.40699999966],[1654272.6940000001,584988.81100000069],[1654239.9269999992,585040.14399999939],[1654204.0629999992,585084.04700000025],[1654165.7689999994,585130.50999999978],[1654149.091,585150.54800000042],[1654129.1649999991,585188.37299999967],[1654115.2530000005,585218.8320000004],[1654094.4030000009,585255.57799999975],[1654077.2139999997,585279.5429999996],[1654065.2400000002,585301.15000000037],[1654062.5069999993,585307.82300000079],[1654049.1750000007,585324.30199999921],[1654029.7579999994,585335.04099999927],[1654010.5480000004,585350.5979999993],[1653979.1569999997,585382.94400000013],[1653950.6610000003,585401.44999999925],[1653921.5950000007,585414.93200000003],[1653888.2860000003,585422.75200000033],[1653864.1640000008,585422.65899999999],[1653841.0629999992,585437.87299999967],[1653819.4460000005,585441.1400000006],[1653793.0199999996,585458.9570000004],[1653773.9820000008,585480.76600000076],[1653761.1659999993,585486.13299999945],[1653738.4780000001,585483.19199999981],[1653718.8489999995,585477.77300000004],[1653702.4039999992,585480.59300000034],[1653686.0059999991,585506.7379999999],[1653666.8169999998,585530.60400000028],[1653648.8330000006,585552.39100000076],[1653635.2229999993,585564.84200000018],[1653625.2960000001,585586.71399999969],[1653622.6809999999,585606.66000000015],[1653611.352,585625.31599999964],[1653598.9149999991,585651.01600000076],[1653591.5730000008,585684.24400000088],[1653587.7620000001,585715.0549999997],[1653583.6140000001,585746.78099999949],[1653576.8310000002,585776.24799999967],[1653568.3900000006,585811.41100000031],[1653565.2400000002,585859.39699999988],[1653570.1449999996,585907.46900000051],[1653574.1309999991,585970.43500000052],[1653573.0270000007,586018.68700000085],[1653568.6960000005,586060.61099999957],[1653566.0089999996,586081.34600000083],[1653562.9370000008,586098.19700000063],[1653554.1380000003,586112.07100000046],[1653553.4680000003,586125.24100000039],[1653549.8570000008,586144.89699999988],[1653547.4509999994,586171.7379999999],[1653544.6329999994,586193.57300000079],[1653543.6329999994,586225.7070000004],[1653550.3530000001,586258.84100000001],[1653569.3059999999,586300.58799999952],[1653584.3680000007,586316.75599999912],[1653595.1109999996,586335.2379999999],[1653603.2430000007,586366.47900000028],[1653616.6469999999,586388.34100000001],[1653641.7359999996,586412.8359999992],[1653664.375,586440.84600000083],[1653661.4480000008,586478.80000000075],[1653653.9910000004,586537.40899999999],[1653644.7229999993,586578.53299999982],[1653637.3509999998,586596.74400000088],[1653630.2819999997,586620.10500000045],[1653626.3149999995,586643.70900000073],[1653622.9829999991,586669.47100000083],[1653618.0629999992,586700.13900000043],[1653615.3440000005,586729.0150000006],[1653616.432,586759.50300000049],[1653625.0510000009,586787.77300000004],[1653634.7310000006,586829.43700000085],[1653639.7139999997,586862.34699999914],[1653650.0140000004,586899.93899999931],[1653669.3239999991,586930.55299999937],[1653683.7709999997,586943.60600000061],[1653712.2440000009,586949.21399999969],[1653733.0399999991,586951.91000000015],[1653752.6899999995,586956.375],[1653772.3619999997,586959.88399999961],[1653790.2929999996,586970.35400000028],[1653794.7949999999,586973.81299999915],[1653802.8230000008,586982.04099999927],[1653813.6940000001,586999.42300000042],[1653830.1669999994,587013.69800000079],[1653846.5130000003,587019.81100000069],[1653865.9749999996,587032.39699999988],[1653882.2689999994,587047.60700000077],[1653900.2430000007,587072.1400000006],[1653910.3699999992,587087.50899999961],[1653913.9240000006,587100.10899999924],[1653913.023,587114.04700000025],[1653920.6160000004,587134.19899999909],[1653931.3560000006,587152.68200000003],[1653937.9250000007,587164.71499999985],[1653942.0950000007,587171.16499999911],[1653945.2119999994,587177.63900000043],[1653946.7469999995,587181.83100000024],[1653947.9729999993,587188.06000000052],[1653946.1530000009,587202.99699999951],[1653947.6009999998,587222.35199999996],[1653945.3910000008,587247.30199999921],[1653935.3039999995,587271.22900000028],[1653914.6779999994,587290.75599999912],[1653913.3900000006,587316.78399999999],[1653919.5380000006,587362.94199999981],[1653920.8330000006,587384.35300000012],[1653923.5150000006,587402.75],[1653929.7510000002,587417.77400000021],[1653935.2249999996,587422.47699999996],[1653937.5490000006,587426.77199999988],[1653938.5189999994,587443.9879999999],[1653936.1079999991,587454.85600000061],[1653940.8589999992,587472.56299999915],[1653952.3120000008,587485.22900000028],[1653974.2009999994,587511.22800000012],[1653999.727,587532.58799999952],[1654012.5659999996,587542.24000000022],[1654019.2650000006,587553.17100000009],[1654023.2200000007,587577.96299999952],[1654025.8010000009,587589.31799999997],[1654031.8570000008,587605.27800000086],[1654038.6779999994,587622.29499999993],[1654044.8650000002,587637.15300000086],[1654045.9100000001,587644.31699999981],[1654047.9269999992,587652.72399999946],[1654059.4570000004,587673.3870000001],[1654083.9480000008,587709.78700000048],[1654095.6769999992,587744.53199999966],[1654100.9179999996,587759.26700000092],[1654113.182,587789.13000000082],[1654121.1060000006,587806.28999999911],[1654132.2219999991,587837.92100000009],[1654140.3670000006,587868.2070000004],[1654150.8609999996,587903.91000000015],[1654158.1500000004,587918.91200000048],[1654172.4609999992,587949.03999999911],[1654182.2939999998,587981.46299999952],[1654192.3320000004,588014.07200000063],[1654192.2880000006,588045.37199999951],[1654182.8859999999,588080.41000000015],[1654168.432,588121.98000000045],[1654153.5779999997,588151.35899999924],[1654137.2650000006,588184.54099999927],[1654128.2170000002,588215.63199999928],[1654128.2029999997,588238.79099999927],[1654131.4619999994,588268.44299999997],[1654134.4680000003,588293.11199999973],[1654145.6129999999,588316.59999999963],[1654169.0549999997,588345.83799999952],[1654191.8849999998,588371.9609999992],[1654212.0810000002,588395.82499999925],[1654233.8839999996,588429.80199999921],[1654243.0620000008,588445.04900000058],[1654252.3059999999,588475.47900000028],[1654256.9989999998,588502.28299999982],[1654264.8579999991,588573.90300000086],[1654277.0390000008,588613.81900000013],[1654287.3809999991,588642.31499999948],[1654291.0850000009,588652.85899999924],[1654300.2290000003,588676.24799999967],[1654309.7719999999,588711.82799999975],[1654319.4240000006,588747.26300000027],[1654327.7430000007,588776.61500000022],[1654333.3800000008,588803.54199999943],[1654337.6620000005,588825.34200000018],[1654340.3049999997,588851.88099999912],[1654348.4220000003,588883.12299999967],[1654353.0800000001,588918.06900000013],[1654350.0140000004,588949.93700000085],[1654348.6669999994,589007.26400000043],[1654341.1309999991,589065.70500000007],[1654337.8460000008,589084.44600000046],[1654333.4810000006,589102.08899999969],[1654336.7109999992,589132.69700000063],[1654338.0209999997,589153.1520000007],[1654335.5759999994,589180.94700000063],[1654331.2750000004,589213.77199999988],[1654319.2039999999,589245.42899999954],[1654313.8929999992,589262.94899999909],[1654308.2890000008,589299.5979999993],[1654300.5730000008,589320.79900000058],[1654285.7449999992,589342.03500000015],[1654272.557,589358.53199999966],[1654267.5789999999,589373.06000000052],[1654271.5730000008,589404.72599999979],[1654275.6989999991,589428.5820000004],[1654281.4629999995,589454.40799999982],[1654284.5419999994,589469.02300000004],[1654280.1530000009,589487.62099999934],[1654262.8450000007,589504.54199999943],[1654233.2300000004,589522.90000000037],[1654216.3389999997,589528.85300000012],[1654197.1740000006,589537.3870000001],[1654176.9550000001,589545.94299999997],[1654156.7589999996,589553.54499999993],[1654136.8259999994,589558.94400000013],[1654125.4900000002,589561.625],[1654110.932,589564.68700000085],[1654085.4210000001,589567.60600000061],[1654072.0109999999,589568.90000000037],[1654053.1799999997,589574.44299999997],[1654036.2660000008,589581.35199999996],[1654020.2229999993,589580.38800000027],[1654000.6720000003,589582.96299999952],[1653977.591,589590.02999999933],[1653957.8029999994,589602.6370000001],[1653941.0089999996,589615.63199999928],[1653927.1109999996,589621.97499999963],[1653915.0800000001,589629.51799999923],[1653894.4440000001,589649.0429999996],[1653877.7809999995,589660.93700000085],[1653864.6129999999,589676.47900000028],[1653852.2630000003,589702.03099999949],[1653837.6129999999,589722.3320000004],[1653823.0690000001,589733.70299999975],[1653810.0099999998,589749.09999999963],[1653799.0209999997,589763.80700000003],[1653784.9820000008,589787.2229999993],[1653780.4949999992,589798.77999999933],[1653780.1960000005,589815.8320000004],[1653772.6579999998,589836.0979999993],[1653764.2320000008,589847.14399999939],[1653759.6260000002,589874.81900000013],[1653755.6649999991,589897.46600000001],[1653749.841,589943.19099999964],[1653733.1199999992,589964.18300000019],[1653712.0869999994,589993.72000000067],[1653702.1879999992,590015.75599999912],[1653697.2239999995,590047.37700000033],[1653692.102,590078.97800000012],[1653691.0380000006,590094.9729999993],[1653693.1009999998,590134.53399999999],[1653701.1280000005,590198.02899999917],[1653706.4100000001,590235.13299999945],[1653705.0840000007,590262.11500000022],[1653705.8739999998,590286.49699999951],[1653714.1970000006,590308.66100000031],[1653722.5429999996,590329.86900000088],[1653729.1050000004,590341.9020000007],[1653738.6109999996,590354.15599999949],[1653749.8310000002,590369.6679999996],[1653766.5319999997,590396.11400000006],[1653783.5590000004,590413.33799999952],[1653802.0449999999,590426.75799999945],[1653817.7410000004,590437.89900000021],[1653838.1170000006,590451.56499999948],[1653854.6040000003,590464.88499999978],[1653878.0700000003,590485.98000000045],[1653888.091,590494.30800000019],[1653892.6400000006,590497.93400000036],[1653897.1659999993,590502.51400000043],[1653904.9849999994,590512.63399999961],[1653911.7009999994,590522.6099999994],[1653918.5250000004,590532.44099999964],[1653923.0160000008,590545.16300000064],[1653930.6180000007,590564.35899999924],[1653936.7109999992,590587.19299999997],[1653936.1239999998,590607.4020000007],[1653933.2410000004,590631.14800000004],[1653931.7670000009,590642.13800000027],[1653929.4210000001,590661.00100000016],[1653923.6850000005,590689.48699999973],[1653916.7050000001,590712.70099999942],[1653911.0529999994,590733.21199999936],[1653903.4260000009,590761.45299999975],[1653893.8359999992,590781.45199999958],[1653880.2809999995,590799.81900000013],[1653863.9389999993,590817.9849999994],[1653849.3430000003,590829.18799999915],[1653832.1150000002,590838.13399999961],[1653813.9159999993,590845.83500000089],[1653798.2799999993,590849.87600000016],[1653780.5950000007,590853.65100000054],[1653751.8499999996,590866.21399999969],[1653737.2909999993,590869.2770000007],[1653716.2780000009,590875.65499999933],[1653701.4560000002,590880.91999999993],[1653683.7489999998,590885.65000000037],[1653670.6980000008,590885.07499999925],[1653658.2949999999,590879.4729999993],[1653642.3019999992,590863.18200000003],[1653631.9690000005,590856.8900000006],[1653619.602,590843.14599999972],[1653609.1520000007,590830.76899999939],[1653600.4480000008,590811.4299999997],[1653597.0840000007,590797.89599999972],[1653596.8699999992,590784.77099999972],[1653598.6649999991,590777.97499999963],[1653601.898,590768.3320000004],[1653596.1280000005,590758.47800000012],[1653598.2349999994,590749.64699999988],[1653594.2860000003,590734.11999999918],[1653575.9920000006,590734.78199999966],[1653564.7009999994,590744.33899999969],[1653553.9489999991,590749.01400000043],[1653542.7080000006,590758.73699999973],[1653532.602,590782.66300000064],[1653513.6339999996,590811.50999999978],[1653494.5749999993,590811.11500000022],[1653473.8379999995,590799.32100000046],[1653470.4509999994,590786.74200000055],[1653472.8239999991,590769],[1653476.8210000005,590760.4140000008],[1653476.4279999994,590748.2229999993],[1653480.6060000006,590738.70199999958],[1653489.8379999995,590722.64900000021],[1653490.2809999995,590710.72599999979],[1653477.9130000006,590696.98299999908],[1653475.6750000007,590682.63599999994],[1653476.8139999993,590674.63800000027],[1653476.4649999999,590660.53600000031],[1653464.9609999992,590656.96800000034],[1653463.6079999991,590651.84100000001],[1653458.6989999991,590650.0859999992],[1653446.0199999996,590662.65799999982],[1653426.8389999997,590678.37900000066],[1653404.7009999994,590685.57200000063],[1653387.6640000008,590708.59899999946],[1653379.3310000002,590726.68600000069],[1653372.4220000003,590749.11099999957],[1653363.3929999992,590772.05900000036],[1653353.2640000004,590796.94199999981],[1653338.1170000006,590820.21499999985],[1653336.5250000004,590825.11999999918],[1653319.7850000001,590853.29800000042],[1653310.3849999998,590863.09999999963],[1653294.6170000006,590868.24300000072],[1653287.7799999993,590874.38499999978],[1653276.273,590893.01899999939],[1653262.3499999996,590900.31799999997],[1653251.2850000001,590907.02999999933],[1653241.1199999992,590915.77500000037],[1653223.6740000006,590933.79900000058],[1653204.4700000007,590950.47599999979],[1653185.1439999994,590958.99200000055],[1653168.0960000008,590967.00500000082],[1653150.3259999994,590978.75699999928],[1653129.3389999997,590986.25899999961],[1653114.8019999992,590988.36800000072],[1653102.0040000007,590994.85500000045],[1653092.2909999993,591006.69400000013],[1653081.5510000009,591028.46199999936],[1653065.5170000009,591042.51700000092],[1653060.2980000004,591044.875],[1653051.4030000009,591035.73599999957],[1653040.352,591035.2620000001],[1653026.4749999996,591040.65100000054],[1653015.5769999996,591062.39900000021],[1653018.9399999995,591075.93300000019],[1653012.2829999998,591081.1400000006],[1652996.0590000004,591081.1129999999],[1652981.8599999994,591082.30800000019],[1652969.1799999997,591094.88000000082],[1652953.4580000006,591106.89900000021],[1652942.2750000004,591107.52600000054],[1652931.3190000001,591114.09200000018],[1652903.9440000001,591155.10899999924],[1652891.8829999994,591185.81100000069],[1652888.2280000001,591206.42200000025],[1652876.7080000006,591234.31900000013],[1652877.8770000003,591264.65899999999],[1652884.8369999994,591303.89699999988],[1652890.9900000002,591319.70800000057],[1652896.7300000004,591352.71800000034],[1652895.4690000005,591378.91000000015],[1652890.5899999999,591417.57100000046],[1652885.7719999999,591447.13499999978],[1652876.0539999995,591483.25200000033],[1652866.2420000006,591512.33000000007],[1652851.4370000008,591549.70399999991],[1652839.3499999996,591581.36199999973],[1652831.0360000003,591598.49400000088],[1652823.3949999996,591611.71900000051],[1652819.3929999992,591618.22900000028],[1652813.0099999998,591629.54099999927],[1652802.2899999991,591650.35400000028],[1652788.6699999999,591677.8200000003],[1652777.9499999993,591698.63299999945],[1652769.432,591717.65499999933],[1652766.7359999996,591722.41699999943],[1652753.3900000006,591755.9879999999],[1652744.1630000006,591789.13499999978],[1652741.4509999994,591809.86800000072],[1652745.2899999991,591827.61600000039],[1652739.2670000009,591874.27500000037],[1652736.1960000005,591898.95500000007],[1652709.2819999997,591935.87900000066],[1652697.3019999992,591958.60600000061],[1652693.8479999993,591977.32599999942],[1652688.932,591999.84999999963],[1652673.6779999994,592040.36199999973],[1652662.6260000002,592079.18200000003],[1652657.6319999993,592117.9879999999],[1652658.1630000006,592146.16899999976],[1652664.6649999991,592182.31200000085],[1652672.6659999993,592206.50999999978],[1652684.2320000008,592242.35099999979],[1652696.2259999998,592282.24000000022],[1652704.6329999994,592311.44199999981],[1652709.4550000001,592321.17200000025],[1652714.3920000009,592336.98599999957],[1652718.1420000009,592362.71000000089],[1652719.4849999994,592392.11400000006],[1652716.7310000006,592420.9879999999],[1652711.7740000002,592451.65300000086],[1652708.3249999993,592487.46499999985],[1652702.943,592529.09699999914],[1652696.0549999997,592567.65799999982],[1652690.9159999993,592599.25799999945],[1652682.1520000007,592628.31100000069],[1652670.2609999999,592658.07799999975],[1652653.398,592695.18700000085],[1652630.057,592736.56799999997],[1652620.1449999996,592758.60400000028],[1652599.5470000003,592793.31200000085],[1652586.8129999992,592805.71900000051],[1652560.8100000005,592828.70500000007],[1652544.9020000007,592841.65899999999],[1652529.4969999995,592859.94899999909],[1652512.9360000007,592862.9140000008],[1652498.1270000003,592860.99599999934],[1652488.6300000008,592863.75899999961],[1652469.9739999995,592868.36999999918],[1652454.227,592872.55900000036],[1652443.4480000008,592878.19099999964],[1652431.2310000006,592886.67200000025],[1652414.0380000006,592887.47900000028],[1652400.7829999998,592888.79700000025],[1652382.9639999997,592893.67699999921],[1652372.5219999999,592896.31799999997],[1652359.5800000001,592895.59999999963],[1652355.7569999993,592901.17400000058],[1652349.9800000004,592915.59999999963],[1652340.9600000009,592922.57799999975],[1652335.2459999993,592927.90799999982],[1652323.6380000003,592939.50200000033],[1652318.6649999991,592946.84500000067],[1652314.2620000001,592965.44199999981],[1652315.3239999991,592973.72599999979],[1652313.977,592983.61500000022],[1652308.5360000003,592995.05000000075],[1652294.1150000002,593005.32100000046],[1652289.6600000001,593008.7379999999],[1652291.6420000009,593016.02300000004],[1652291.602,593024.1640000008],[1652272.7770000007,593053.03299999982],[1652250.0130000003,593081.39200000092],[1652231.0749999993,593119.19099999964],[1652214.7740000002,593152.54099999927],[1652200.0189999994,593180.81900000013],[1652181.9849999994,593226.88199999928],[1652165.4110000003,593254.12600000016],[1652143.568,593283.56299999915],[1652103.7469999995,593317.8599999994],[1652087.8629999999,593331.93600000069],[1652071.7569999993,593355.08799999952],[1652057.1809999999,593382.43200000003],[1652050.8440000005,593408.92500000075],[1652045.2229999993,593436.31000000052],[1652043.5639999993,593450.31100000069],[1652038.6909999996,593488.01600000076],[1652033.2090000007,593522.60700000077],[1652028.2620000001,593546.0859999992],[1652028.4529999997,593583.4879999999],[1652035.4879999999,593631.83899999969],[1652041.8619999997,593659.81900000013],[1652049.1830000002,593689.99799999967],[1652059.3169999998,593721.49899999984],[1652067.8100000005,593748.95500000007],[1652076.5449999999,593775.1640000008],[1652083.125,593803.33000000007],[1652096.0510000009,593843.33999999985],[1652110.3450000007,593866.27600000054],[1652123.5350000001,593889.06900000013],[1652146.9710000008,593919.4179999996],[1652168.9839999992,593943.35400000028],[1652193.7430000007,593962.69400000013],[1652221.4719999991,593983.37700000033],[1652246.4539999999,594008.65599999949],[1652255.6390000004,594022.94400000013],[1652261.7640000004,594045.93999999948],[1652265.3010000009,594058.53800000064],[1652267.8660000004,594069.89200000092],[1652271.7630000003,594078.5429999996],[1652273.9010000005,594085.84899999946],[1652280.6769999992,594103.81799999997],[1652303.1720000003,594172.38299999945],[1652310.1040000003,594188.29600000009],[1652326.4250000007,594218.68300000019],[1652334.7780000009,594256.02500000037],[1652335.591,594289.35500000045],[1652337.8239999991,594327.02300000004],[1652338.0099999998,594364.42400000058],[1652338.3949999996,594393.70600000024],[1652336.977,594427.70500000007],[1652335.4949999992,594455.78600000031],[1652335.6559999995,594494.14399999939],[1652331.0219999999,594521.81599999964],[1652320.6919999998,594547.63299999945],[1652317.4560000002,594580.5979999993],[1652316.9839999992,594599.70500000007],[1652318.9869999997,594640.21800000034],[1652323.7170000002,594681.24400000088],[1652329.9949999992,594719.27600000054],[1652331.5930000003,594754.78399999999],[1652333.8230000008,594792.45099999942],[1652336.682,594808.95500000007],[1652341.6339999996,594840.90499999933],[1652341.0460000001,594868.94199999981],[1652337.9649999999,594901.92799999937],[1652333.0810000002,594939.63199999928],[1652327.9020000007,594972.18600000069],[1652318.8090000004,595043.68799999915],[1652313.1349999998,595079.21199999936],[1652305.0549999997,595103.40399999917],[1652303.2530000005,595110.19899999909],[1652298.0299999993,595150.89399999939],[1652293.3929999992,595178.56599999964],[1652285.1290000007,595244.10500000045],[1652277.9460000005,595291.57499999925],[1652274.3220000006,595312.34999999963],[1652268.0590000004,595360.89699999988],[1652263.0590000004,595392.51600000076],[1652252.8849999998,595424.58300000057],[1652243.4069999997,595443.48200000077],[1652228.7300000004,595463.78399999999],[1652205.9519999996,595492.14100000076],[1652199.4020000007,595503.43200000003],[1652185.3770000003,595518.7070000004],[1652166.8790000007,595529.56799999997],[1652152.0010000002,595534.66899999976],[1652139.4409999996,595546.1400000006],[1652119.0529999994,595556.75699999928],[1652102.8029999994,595557.68700000085],[1652085.5840000007,595557.37299999967],[1652070.6659999993,595555.60099999979],[1652048.9260000009,595552.78399999999],[1652040.6420000009,595561.77500000037],[1652034.2489999998,595573.08699999936],[1652031.682,595576.74699999951],[1652006.9489999991,595573.54399999976],[1652000.648,595574.80399999954],[1651995.8530000001,595581.2109999992],[1651991.3499999996,595592.76799999923],[1651984.8650000002,595612.0549999997],[1651980.0480000004,595625.64800000004],[1651972.6170000006,595644.81200000085],[1651962.9120000005,595672.78700000048],[1651955.3479999993,595693.05199999921],[1651934.5510000009,595713.6799999997],[1651923.9260000009,595717.25500000082],[1651914.7890000008,595718.14900000021],[1651901.7139999997,595718.53199999966],[1651896.4680000003,595719.76899999939],[1651884.7640000004,595724.32300000079],[1651875.4020000007,595734.2929999996],[1651865.182,595751.17899999954],[1651860.3859999999,595757.5859999992],[1651856.2219999991,595766.1520000007],[1651849.7349999994,595785.43899999931],[1651840.8859999999,595806.49599999934],[1651837.7640000004,595815.51600000076],[1651837.8120000008,595815.68200000003],[1651840.5669999998,595825.62299999967],[1651839.1030000001,595829.42699999921],[1651829.3090000004,595850.36199999973],[1651824.9869999997,595860.98399999924],[1651821.8310000002,595877.66699999943],[1651825.5360000003,595927.66499999911],[1651826.9710000008,595939.83100000024],[1651830.2760000005,595961.50400000066],[1651834.682,595981.24300000072],[1651842.1520000007,595994.34999999963],[1651854.4570000004,596007.92400000058],[1651857.9879999999,596020.52099999972],[1651855.9820000008,596035.43700000085],[1651849.4949999992,596054.7229999993],[1651848.7239999995,596068.6799999997],[1651860.1319999993,596082.29800000042],[1651874.2829999998,596106.33400000073],[1651877.3870000001,596112.80599999987],[1651882.8959999997,596132.68799999915],[1651895.1070000008,596156.31299999915],[1651898.5749999993,596160.91599999927],[1651899.1329999994,596163.8629999999],[1651911.3049999997,596178.53800000064],[1651913.7090000007,596191.94800000079],[1651916.6799999997,596199.52099999972],[1651925.1400000006,596204.61099999957],[1651932.0720000006,596205.50799999945],[1651953.9519999996,596192.20900000073],[1651965.6559999995,596187.65499999933],[1651971.3499999996,596183.28099999949],[1651975.3120000008,596182.8359999992],[1651977.7620000001,596188.10500000045],[1651979,596193.37700000033],[1651976.4260000009,596214.12900000066],[1651983.2430000007,596232.26400000043],[1651985.8269999996,596242.66200000048],[1651991.7129999995,596268.50300000049],[1651998.6410000008,596292.7229999993],[1652005.8100000005,596315.6950000003],[1652007.4039999992,596334.11199999973],[1652009.2420000006,596359.58899999969],[1652007.2980000004,596382.49899999984],[1652007.5899999999,596387.64800000004],[1652008.0089999996,596408.78800000064],[1652008.3190000001,596430.07300000079],[1652006.3120000008,596444.9879999999],[1651999.216,596461.16100000031],[1651990.9059999995,596471.10700000077],[1651984.4480000008,596474.42300000042],[1651972.4509999994,596473.82799999975],[1651965.9940000009,596477.14399999939],[1651955.4710000008,596503.89499999955],[1651952.4729999993,596526.82799999975],[1651949.4260000009,596551.67200000025],[1651946.1730000004,596576.33000000007],[1651946.3090000004,596583.53600000031],[1651948.4839999992,596606.02099999972],[1651951.9020000007,596610.4570000004],[1651953.1319999993,596632.8200000003],[1651962.7970000003,596659.1520000007],[1651966.9570000004,596673.90699999966],[1651967.8320000004,596683.12600000016],[1651976.3080000002,596704.35099999979],[1651981.0260000005,596722.05399999954],[1651986.9169999994,596730.80399999954],[1651992.1799999997,596745.70299999975],[1651999.6229999997,596757.68899999931],[1652014.2039999999,596770.75999999978],[1652022.5930000003,596782.86900000088],[1652043.9859999996,596805.76799999923],[1652047.4039999992,596810.20399999991],[1652069.2469999995,596836.19700000063],[1652080.1319999993,596853.74100000039],[1652084.4010000005,596868.35099999979],[1652082.6209999993,596874.19099999964],[1652073.7760000005,596880.23299999908],[1652069.9710000008,596878.62199999951],[1652053.7050000001,596863.41499999911],[1652052.1539999992,596860.17899999954],[1652044.8210000005,596854.2770000007],[1652042.773,596854.0120000001],[1652041.4890000001,596856.88099999912],[1652042.7420000006,596878.28800000064],[1652044.7100000009,596902.6640000008],[1652045.3169999998,596905.77800000086],[1652050.5079999994,596927.69600000046],[1652059.1160000004,596947.8200000003],[1652068.2919999994,596962.10799999908],[1652085.5879999995,596984.47599999979],[1652089.1879999992,596987.97800000012],[1652110.4230000004,597010.85700000077],[1652129.0749999993,597023.33699999936],[1652152.1380000003,597040.5429999996],[1652160.7540000007,597043.57699999958],[1652165.2750000004,597048.15599999949],[1652163.7630000003,597060.09999999963],[1652159.0040000007,597081.68799999915],[1652153.7960000001,597098.10500000045],[1652154.1500000004,597111.25],[1652141.3570000008,597131.79600000009],[1652131.4000000004,597154.78600000031],[1652128.8460000008,597174.5820000004],[1652129.2949999999,597179.75200000033],[1652130.2080000006,597204.15100000054],[1652134.0270000007,597213.59100000001],[1652138.2320000008,597220.20600000024],[1652141.0439999998,597221.52899999917],[1652137.159,597252.33500000089],[1652134.8579999991,597262.09999999963],[1652125.6630000006,597286.14800000004],[1652120.9039999992,597307.7349999994],[1652105.1309999991,597344.02899999917],[1652100.8920000009,597361.68999999948],[1652096.4470000006,597381.24100000039],[1652096.7379999999,597386.39100000076],[1652098.5710000005,597411.86700000055],[1652097.7359999996,597417.82899999991],[1652097.2290000003,597437.89100000076],[1652099.0470000003,597447.23200000077],[1652098.8660000004,597448.16699999943],[1652097.7050000001,597473.25599999912],[1652099.0639999993,597494.51799999923],[1652101.6950000003,597505.0820000004],[1652108.7249999996,597529.15599999949],[1652111.0289999992,597550.53999999911],[1652111.2960000001,597556.64499999955],[1652112.5460000001,597578.05199999921],[1652110.8259999994,597591.8870000001],[1652110.682,597608.00200000033],[1652111.568,597633.35600000061],[1652116.8890000004,597654.17300000042],[1652121.8819999993,597662.96700000018],[1652138.909,597679.23100000061],[1652146.4220000003,597684.19899999909],[1652154.3599999994,597693.21499999985],[1652156.5170000009,597699.56399999931],[1652152.2899999991,597733.36099999957],[1652147.977,597758.04099999927],[1652147.9039999992,597767.1370000001],[1652148.7660000008,597791.36999999918],[1652148.1109999996,597796.39699999988],[1652146.3430000003,597818.37199999951],[1652147.4340000004,597833.52899999917],[1652151.5659999996,597849.24000000022],[1652167.5020000003,597881.49699999951],[1652170.9680000003,597886.09999999963],[1652191.9930000007,597910.86900000088],[1652199.4570000004,597923.97699999996],[1652202.3530000001,597932.33999999985],[1652205.1410000008,597942.92500000075],[1652205.0439999998,597950.89900000021],[1652201.9780000001,597959.60700000077],[1652196.9969999995,597966.94899999909],[1652195.8220000006,597975.9020000007],[1652201.1899999995,597996.88499999978],[1652197.7599999998,598007.46299999952],[1652179.1109999996,598028.20800000057],[1652162.0240000002,598035.0979999993],[1652157.9519999996,598035.68899999931],[1652145.0350000001,598034.01400000043],[1652127.8389999997,598034.82100000046],[1652118.5209999997,598036.64800000004],[1652106.8139999993,598041.20099999942],[1652099.0470000003,598046.26400000043],[1652090.5160000008,598050.26999999955],[1652075.5500000007,598048.33100000024],[1652051.9800000004,598059.49300000072],[1652050.8530000001,598060.30599999987],[1652036.9169999994,598067.60500000045],[1652035.4749999996,598070.45299999975],[1652042.5270000007,598093.57100000046],[1652048.2579999994,598104.37800000049],[1652057.4920000006,598126.66000000015],[1652064.0350000001,598138.68999999948],[1652074.3100000005,598153.12099999934],[1652085.2760000005,598177.70500000007],[1652090.9100000001,598196.48599999957],[1652096.8579999991,598221.53800000064],[1652103.7039999999,598246.54700000025],[1652111.0700000003,598267.62900000066],[1652121.2960000001,598290.20099999942],[1652133.7029999997,598311.93600000069],[1652140.6459999997,598328.97000000067],[1652144.4370000008,598345.59600000083],[1652145.3929999992,598361.85400000028],[1652144.1919999998,598371.7620000001],[1652139.477,598385.20900000073],[1652134.2290000003,598394.75200000033],[1652131.5020000003,598400.46900000051],[1652127.8059999999,598404.94199999981],[1652106.0519999992,598425.44400000013],[1652082.9890000001,598447.69400000013],[1652077.5840000007,598450.98699999973],[1652050.9220000003,598469.73599999957],[1652045.4079999998,598473.17500000075],[1652022.5759999994,598486.34999999963],[1652003.5250000004,598502.09100000001],[1651998.1439999994,598504.42899999954],[1651989.2239999995,598511.25999999978],[1651964.0050000008,598527.16100000031],[1651957.3880000003,598530.4570000004],[1651933.9499999993,598540.51799999923],[1651917.3599999994,598544.43899999931],[1651901.375,598551.47199999914],[1651886.6750000007,598555.63800000027],[1651883.8640000001,598554.31499999948],[1651877.9269999992,598545.39900000021],[1651872.5360000003,598531.60099999979],[1651869.9069999997,598529.34400000051],[1651866.9379999992,598528.00100000016],[1651845.1989999991,598525.18400000036],[1651826.8760000002,598526.80299999937],[1651817.8469999991,598533.77999999933],[1651813.4710000008,598544.23599999957],[1651820.6190000009,598559.37900000066],[1651823.4059999995,598561.65699999966],[1651823.6960000005,598566.80599999987],[1651821.3080000002,598569.53199999966],[1651811.4670000002,598575.28600000031],[1651812.3139999993,598585.45900000073],[1651807.5390000008,598590.91100000031],[1651800.5580000002,598598.15300000086],[1651785.9419999998,598609.35799999908],[1651778.3550000004,598613.48699999973],[1651767.1459999997,598615.0700000003],[1651759.4269999992,598611.99300000072],[1651752.4949999992,598611.09500000067],[1651746.3509999998,598612.37600000016],[1651724.6699999999,598623.78399999999],[1651716.4299999997,598624.63299999945],[1651698.6280000005,598622.32699999958],[1651693.4539999999,598622.77500000037],[1651678.6459999997,598620.85700000077],[1651665.4120000005,598621.21900000051],[1651650.6879999992,598626.34100000001],[1651638.3509999998,598628.73599999957],[1651635.0179999992,598631.33899999969],[1651623.3359999992,598634.93799999915],[1651606.2239999995,598642.78500000015],[1651598.0069999993,598644.75599999912],[1651571.9399999995,598650.4849999994],[1651566.318,598647.83999999985],[1651564.7909999993,598643.64900000021],[1651555.8120000008,598642.48599999957],[1651552.4790000003,598645.08899999969],[1651550.5889999997,598644.84400000051],[1651534.5789999999,598650.75799999945],[1651532.5409999993,598666.62800000049],[1651529.6799999997,598673.44600000046],[1651522.4920000006,598682.57899999991],[1651512.0559999999,598701.35400000028],[1651497.9700000007,598724.76899999939],[1651496.1879999992,598730.60899999924],[1651488.0889999997,598754.79900000058],[1651481.4560000002,598775.18600000069],[1651480.7530000005,598780.04700000025],[1651478.034,598801.89900000021],[1651478.8550000004,598819.25699999928],[1651478.1270000003,598825.07300000079],[1651476.0380000006,598849.08400000073],[1651473.1610000003,598870.91499999911],[1651473.7420000006,598874.98399999924],[1651484.4389999993,598893.46199999936],[1651486.7770000007,598898.87600000016],[1651498.6840000004,598923.58100000024],[1651500.6809999999,598931.98699999973],[1651499.8200000003,598938.90399999917],[1651489.3819999993,598957.6799999997],[1651485.7329999991,598962.31900000013],[1651466.6050000004,598985.08100000024],[1651456.6140000001,599009.02600000054],[1651451.4979999997,599017.46900000051],[1651436.3090000004,599040.74100000039],[1651430.5879999995,599046.07100000046],[1651429.1199999992,599049.87399999984],[1651421.3599999994,599071.07300000079],[1651419.8420000002,599083.01700000092],[1651416.4100000001,599093.59500000067],[1651410.6970000006,599115.05900000036],[1651405.6129999999,599138.68200000003],[1651401.2109999992,599150.09300000034],[1651394.3949999996,599171.4140000008],[1651384.1380000003,599189.25500000082],[1651383.1669999994,599196.31799999997],[1651386.2430000007,599203.74499999918],[1651398.3310000002,599227.51400000043],[1651405.693,599248.59500000067],[1651416.6280000005,599274.13299999945],[1651423.6750000007,599297.25],[1651421.0289999992,599310.00599999912],[1651414.3629999999,599315.21299999952],[1651400.5820000004,599320.4570000004],[1651392.1569999997,599330.54800000042],[1651387.0480000004,599355.12600000016],[1651385.2970000003,599376.14499999955],[1651386.1420000009,599386.31799999997],[1651389.9879999999,599410.93700000085],[1651394.8029999994,599436.80000000075],[1651399.5940000005,599461.54199999943],[1651404.7489999998,599484.4140000008],[1651412.2670000009,599505.5150000006],[1651408.227,599521.28600000031],[1651408.7320000008,599532.37399999984],[1651409.9419999998,599538.60099999979],[1651416.1750000007,599560.49400000088],[1651420.2510000002,599584.34500000067],[1651425.2229999993,599608.1520000007],[1651430.7449999992,599620.84699999914],[1651453.7890000008,599669.19899999909],[1651467.9220000003,599693.2349999994],[1651476.1699999999,599706.44299999997],[1651492.0869999994,599724.63900000043],[1651498.8939999994,599734.46700000018],[1651511.4189999998,599747.27099999972],[1651517.3059999999,599756.02099999972],[1651526.6309999991,599770.32799999975],[1651537.4489999991,599779.87700000033],[1651547.1160000004,599791.19299999997],[1651560.1209999993,599816.04099999927],[1651570.8910000008,599825.42300000042],[1651588.0109999999,599833.7109999992],[1651602.6119999997,599837.51999999955],[1651612.0380000006,599843.85300000012],[1651626.5050000008,599848.76300000027],[1651639.3739999998,599850.26999999955],[1651643.4949999992,599849.84600000083],[1651662.3929999992,599836.16000000015],[1651666.0419999994,599831.52099999972],[1651675.0920000002,599807.45399999991],[1651678.9240000006,599801.88000000082],[1651683.5429999996,599796.40799999982],[1651694.5130000003,599789.84200000018],[1651709.4539999999,599790.66000000015],[1651726.8900000006,599796.91300000064],[1651733.4810000006,599800.80199999921],[1651756.2709999997,599811.90300000086],[1651776.625,599825.56299999915],[1651788.4969999995,599835.08899999969],[1651809.2149999999,599846.87900000066],[1651830.0659999996,599857.56900000013],[1651848.8699999992,599867.99300000072],[1651866.2789999992,599881.43200000003],[1651871.7420000006,599886.13399999961],[1651893.4619999994,599906.04199999943],[1651900.2119999994,599907.875],[1651907.9049999993,599911.90699999966],[1651918.6740000006,599921.29099999927],[1651940.9419999998,599936.31799999997],[1651948.1129999999,599944.27600000054],[1651950.7899999991,599946.69999999925],[1651954.2050000001,599951.13599999994],[1651958.7479999997,599954.76099999994],[1651976.6060000006,599965.06299999915],[1651987.5329999998,599974.46700000018],[1651998.5329999998,599983.08100000024],[1652021.5380000006,600000.12199999951],[1652041.2620000001,600011.625],[1652063.0059999991,600030.57799999975],[1652075.5069999993,600044.33999999985],[1652095.8350000009,600058.9570000004],[1652106.1809999999,600064.29199999943],[1652126.2420000006,600081.11099999957],[1652133.0730000008,600089.98399999924],[1652141.9560000002,600115.25799999945],[1652150.625,600134.59300000034],[1652152.8359999992,600148.93799999915],[1652152.8129999992,600172.25799999945],[1652153.5510000009,600174.27099999972],[1652156.9710000008,600194.84200000018],[1652157.1579999998,600210.0429999996],[1652158.3959999997,600231.44999999925],[1652160.6840000004,600236.69899999909],[1652161.8680000007,600243.88099999912],[1652166.0989999995,600265.67600000091],[1652173.2990000006,600288.81499999948],[1652180.3680000007,600304.74799999967],[1652194,600331.75599999912],[1652210.3369999994,600354.00300000049],[1652219.2630000003,600363.30800000019],[1652230.2139999997,600371.75699999928],[1652252.0659999996,600390.56599999964],[1652261.9379999992,600399.99400000088],[1652284.2850000001,600422.06299999915],[1652306.8190000001,600434.8900000006],[1652321.3900000006,600447.96199999936],[1652330.6089999992,600454.11099999957],[1652337.8039999995,600461.11400000006],[1652343.6889999993,600469.86500000022],[1652347.4159999993,600480.57300000079],[1652348.3650000002,600496.83000000007],[1652347.659,600501.69099999964],[1652346.4829999991,600526.77899999917],[1652347.273,600545.09300000034],[1652349.8479999993,600555.49100000039],[1652348.8259999994,600564.46399999969],[1652345.2080000006,600575.97599999979],[1652332.4240000006,600597.64100000076],[1652329.3330000006,600621.3629999999],[1652326.5500000007,600635.21900000051],[1652321.7510000002,600657.76099999994],[1652320.8330000006,600672.81799999997],[1652321.8629999999,600696.11500000022],[1652324.1530000009,600717.49899999984],[1652325.023,600742.85300000012],[1652326.2589999996,600764.25999999978],[1652328.3340000007,600779.70500000007],[1652332.5150000006,600801.33500000089],[1652332.4639999997,600825.6099999994],[1652332.7300000004,600847.84999999963],[1652333.1539999992,600868.03299999982],[1652331.9729999993,600876.98599999957],[1652327.4330000002,600889.49699999951],[1652322.7919999994,600909.98100000061],[1652316.7540000007,600933.48000000045],[1652311.875,600946.90499999933],[1652310.4560000002,600967.00999999978],[1652307.5460000001,600989.79600000009],[1652305.7880000006,601010.81499999948],[1652304.4800000004,601028.69700000063],[1652301.5690000001,601051.48299999908],[1652296.6319999993,601058.99000000022],[1652280.7239999995,601073.06100000069],[1652272.2949999999,601083.15000000037],[1652257.2530000005,601106.43999999948],[1652242.5519999992,601126.7379999999],[1652239.8220000006,601132.45399999991],[1652232.1860000007,601152.55100000091],[1652226.5700000003,601196.23299999908],[1652225.4930000007,601213.34600000083],[1652223.8430000003,601234.22000000067],[1652222.2640000004,601238.1679999996],[1652218.2239999995,601245.63199999928],[1652210.4539999999,601266.82899999991],[1652202.0800000001,601284.91300000064],[1652195.0950000007,601308.2890000008],[1652189.1899999995,601330.68700000085],[1652182.5470000003,601351.07200000063],[1652180.7369999997,601357.86700000055],[1652175.7770000007,601380.3870000001],[1652173.9120000005,601395.32200000063],[1652171.9199999999,601419.18600000069],[1652173.0730000008,601433.55299999937],[1652173.4940000009,601453.73599999957],[1652172.3920000009,601469.72800000012],[1652172.3379999995,601494.00400000066],[1652168.7420000006,601506.6370000001],[1652162.6760000009,601514.95600000024],[1652157.2939999998,601517.2929999996],[1652144.9010000005,601527.82599999942],[1652136.6050000004,601536.81499999948],[1652103.7609999999,601557.79499999993],[1652083.1510000005,601568.22199999914],[1652069.8379999995,601577.67799999937],[1652063.1689999998,601582.88299999945],[1652039.4619999994,601602.9729999993],[1652028.9590000007,601613.75200000033],[1652022.2899999991,601618.9570000004],[1651995.4810000006,601638.80399999954],[1651985.8729999997,601651.61600000039],[1651969.1219999995,601671.64900000021],[1651957.8560000006,601681.37099999934],[1651938.1119999997,601701.01600000076],[1651929.6319999993,601713.01600000076],[1651918.0010000002,601724.60700000077],[1651898.6209999993,601742.38299999945],[1651858.0280000009,601767.47199999914],[1651837.8619999997,601783.06900000013],[1651817.1720000003,601802.59200000018],[1651793.0429999996,601818.63399999961],[1651780.0710000005,601825.09899999946],[1651768.9389999993,601833.72000000067],[1651758.4900000002,601852.49400000088],[1651756.3619999997,601861.32399999909],[1651750.4539999999,601883.72199999914],[1651744.9360000007,601903.29499999993],[1651742.1009999998,601916.98599999957],[1651738.7650000006,601935.7229999993],[1651738.4489999991,601937.75899999961],[1651730.5480000004,601951.75100000016],[1651717.2080000006,601962.16300000064],[1651708.9600000009,601971.31799999997],[1651691.9460000005,601985.24699999951],[1651654.3190000001,602011.68099999987],[1651630.9519999996,602028.77999999933],[1651602.3289999999,602055.42300000042],[1651582.7650000006,602074.13399999961],[1651565.8540000003,602080.08999999985],[1651550.966,602087.26600000076],[1651529.4890000001,602104.61099999957],[1651527.8849999998,602109.5150000006],[1651516.9100000001,602132.21499999985],[1651504.8550000004,602155.89299999923],[1651496.3430000003,602175.07799999975],[1651494.3739999998,602181.85199999996],[1651487.727,602202.2379999999],[1651484.0010000002,602207.66499999911],[1651479.5850000009,602227.38099999912],[1651463.4900000002,602242.38900000043],[1651436.3910000008,602257.08899999969],[1651422.6549999993,602262.49799999967],[1651409.6339999996,602268.79800000042],[1651386.9979999997,602280.0820000004],[1651384.7650000006,602282.82799999975],[1651383.5820000004,602291.78099999949],[1651391.1940000001,602302.83100000024],[1651410.1760000009,602312.3200000003],[1651418.1870000008,602312.24000000022],[1651422.9110000003,602314.92899999954],[1651424.7760000005,602316.12900000066],[1651428.5409999993,602349.84400000051],[1651432.3249999993,602383.7229999993],[1651431.2750000004,602391.57499999925],[1651432.4810000006,602397.80199999921],[1651438.2039999999,602408.60700000077],[1651453.2689999994,602432.7650000006],[1651466.2870000005,602456.65799999982],[1651471.5889999997,602463.41499999911],[1651472.3509999998,602464.4729999993],[1651491.6720000003,602487.10500000045],[1651511.6760000009,602503.75599999912],[1651529.9979999997,602518.27199999988],[1651546.9849999994,602535.49000000022],[1651566.1710000001,602559.22399999946],[1651578.9580000006,602569.82799999975],[1651586.4920000006,602573.83999999985],[1651605.7589999996,602588.47800000012],[1651624.216,602601.89399999939],[1651630.8039999995,602605.78299999982],[1651652.4130000006,602617.53099999949],[1651662.1779999994,602620.87299999967],[1651682.8900000006,602632.6640000008],[1651698.5120000001,602643.63599999994],[1651720.5639999993,602660.55299999937],[1651728.2809999995,602663.63000000082],[1651734.6870000008,602668.45500000007],[1651736.5519999992,602669.65499999933],[1651741.4590000007,602671.41000000015],[1651752.5399999991,602678.75699999928],[1651769.9169999994,602693.1520000007],[1651792.5189999994,602705.18799999915],[1651810.4499999993,602722.52999999933],[1651823.6799999997,602738.30399999954],[1651836.0930000003,602759.08400000073],[1651839.9749999996,602767.7349999994],[1651853.2050000001,602783.50899999961],[1651868.6679999996,602796.53700000048],[1651869.3609999996,602797.22699999996],[1651898.9590000007,602826.66499999911]],[[1645991.4120000005,614466.88199999928],[1645976.9879999999,614469.97699999996],[1645956.7410000004,614477.59300000034],[1645938.466,614486.26300000027],[1645922.8220000006,614491.43700000085],[1645914.5759999994,614492.29199999943],[1645903.0350000001,614495.91699999943],[1645877.4790000003,614506.68500000052],[1645876.7459999993,614504.67300000042],[1645863.4800000004,614506],[1645853.966,614508.76899999939],[1645848.5749999993,614511.1099999994],[1645834.0739999991,614522.34200000018],[1645824.9629999995,614531.23399999924],[1645813.727,614547.99899999984],[1645792.9780000001,614567.53399999999],[1645777.2410000004,614588.67200000025],[1645770.8279999997,614599.02899999917],[1645765.2290000003,614619.55599999987],[1645762.0380000006,614644.22699999996],[1645761.3389999997,614650.20800000057],[1645765.477,614672.94800000079],[1645773.8709999993,614685.21199999936],[1645783.4780000001,614697.47199999914],[1645788.7909999993,614703.26899999939],[1645810.3969999999,614716.11600000039],[1645828.5800000001,614723.41000000015],[1645837.2359999996,614726.60199999996],[1645846.9749999996,614728.81499999948],[1645865.693,614732.18400000036],[1645888.5329999998,614735.12600000016],[1645911.1889999993,614739.00300000049],[1645925.9680000003,614741.86500000022],[1645931.6319999993,614744.67200000025],[1645938.8080000002,614751.66699999943],[1645948.1239999998,614773.95500000007],[1645951.0999999996,614789.51600000076],[1645948.2789999992,614812.31699999981],[1645944.034,614837.01300000027],[1645941.8809999991,614845.84200000018],[1645943.6380000003,614856.13299999945],[1645949.1970000006,614868.03199999966],[1645955.9749999996,614877.85199999996],[1645966.1429999992,614885.23299999908],[1645971.9920000006,614887.10400000028],[1645978.1150000002,614886.77500000037],[1645982.2180000003,614885.22599999979],[1645995.9600000009,614872.93799999915],[1646002.4010000005,614861.62600000016],[1646021.4539999999,614838.83799999952],[1646026.7850000001,614829.46000000089],[1646038.0219999999,614812.6950000003],[1646051.1960000005,614796.33999999985],[1646063.7599999998,614784.69899999909],[1646081.3599999994,614764.75899999961],[1646085.1009999998,614759.33000000007],[1646094.2290000003,614735.26400000043],[1646101.3420000002,614718.92699999921],[1646109.0380000006,614698.83000000007],[1646118.4120000005,614680.86700000055],[1646127.1689999998,614658.66999999993],[1646131.8719999995,614638.18799999915],[1646138.9519999996,614613.85799999908],[1646144.5240000002,614594.28600000031],[1646146.966,614575.4299999997],[1646151.1009999998,614550.88000000082],[1646150.0150000006,614535.56299999915],[1646147.6610000003,614522.15899999999],[1646142.6370000001,614506.33500000089],[1646141.1239999998,614502.14599999972],[1646137.8579999991,614496.6129999999],[1646129.0040000007,614487.48399999924],[1646120.5600000005,614482.4020000007],[1646112.8489999995,614479.3320000004],[1646104.9729999993,614478.31699999981],[1646084.6180000007,614478.73000000045],[1646072.4810000006,614479.24300000072],[1646048.6950000003,614476.17899999954],[1646041.7640000004,614475.28600000031],[1646027.1699999999,614471.48900000006],[1645991.4120000005,614466.88199999928]],[[1625827.5390000008,536170.99000000022],[1625810.9509999994,536174.85199999996],[1625789.8389999997,536182.30599999987],[1625777.2080000006,536185.69899999909],[1625759.5649999995,536189.59200000018],[1625739.6779999994,536196.08000000007],[1625721.2239999995,536205.77400000021],[1625703.8859999999,536214.64900000021],[1625689.0710000005,536219.84699999914],[1625670.0109999999,536227.55299999937],[1625645.7190000005,536236.53099999949],[1625626.6199999992,536243.11600000039],[1625612.9220000003,536247.49499999918],[1625590.5109999999,536257.66000000015],[1625577.4749999996,536280.14200000092],[1625614.5219999999,536299.04700000025],[1625629.4169999994,536308.05399999954],[1625653.7640000004,536315.19199999981],[1625665.7540000007,536316.66499999911],[1625681.5299999993,536318.60300000012],[1625697.9869999997,536316.79700000025],[1625714.5120000001,536313.7229999993],[1625738.2119999994,536309.7770000007],[1625750.8440000005,536306.38499999978],[1625770.3800000008,536302.72399999946],[1625786.9560000002,536299.81699999981],[1625803.3739999998,536296.8900000006],[1625819.7770000007,536286.94400000013],[1625833.0010000002,536278.52099999972],[1625846.4069999997,536268.20600000024],[1625853.7550000008,536257.9450000003],[1625863.0319999997,536241.06200000085],[1625875.2559999991,536224.38199999928],[1625883.4159999993,536208.31900000013],[1625890.8269999996,536197.26799999923],[1625894.875,536189.63099999912],[1625894.7029999997,536182.59200000018],[1625881.4110000003,536175.85500000045],[1625850.5969999991,536171.90899999999],[1625827.5390000008,536170.99000000022]],[[1644418.8090000004,613706.8599999994],[1644415.6789999995,613707.57699999958],[1644413.2819999997,613710.30399999954],[1644401.6510000005,613729.89699999988],[1644393.2459999993,613749.10500000045],[1644386.6840000004,613768.39100000076],[1644382.9920000006,613773.98699999973],[1644370.977,613788.57799999975],[1644362.8120000008,613797.59400000051],[1644342.25,613816.19899999909],[1644331.4140000008,613822.79399999976],[1644322.1940000001,613831.83400000073],[1644306.2750000004,613853.91100000031],[1644300.4590000007,613867.38199999928],[1644297.9920000006,613887.19400000013],[1644296.4360000007,613899.13499999978],[1644298.7100000009,613904.37900000066],[1644301.6750000007,613905.71900000051],[1644309.5789999999,613905.77600000054],[1644330.5730000008,613892.33799999952],[1644336.7239999995,613891.05100000091],[1644353.7650000006,613892.28199999966],[1644378.2229999993,613890.31200000085],[1644385.1549999993,613891.20299999975],[1644391.3530000001,613890.0820000004],[1644416.0580000002,613894.21499999985],[1644421.8870000001,613894.96399999969],[1644438.3650000002,613901.07499999925],[1644448.5629999992,613907.49799999967],[1644454.9330000002,613913.26799999923],[1644471.5610000007,613932.49799999967],[1644478.4920000006,613933.38900000043],[1644490.7190000005,613916.90799999982],[1644494.0620000008,613914.30299999937],[1644505.6030000001,613910.67400000058],[1644520,613908.52999999933],[1644529.8640000001,613902.76799999923],[1644537.0350000001,613893.46600000001],[1644538.9890000001,613878.69999999925],[1644530.2699999996,613868.47399999946],[1644514.341,613843.26300000027],[1644501.8760000002,613829.51999999955],[1644484.0559999999,613804.06599999964],[1644467.1610000003,613777.6129999999],[1644460.4910000004,613767.65000000037],[1644452.4370000008,613743.45099999942],[1644448.602,613733.85199999996],[1644446.0820000004,613722.50599999912],[1644437.7740000002,613716.32599999942],[1644432.3499999996,613710.67699999921],[1644427.7890000008,613708.01400000043],[1644422.6109999996,613708.46700000018],[1644418.8090000004,613706.8599999994]],[[1650493.6610000003,552849.41699999943],[1650476.4829999991,552850.24899999984],[1650471.1270000003,552852.59500000067],[1650457.9100000001,552869.09899999946],[1650435.3680000007,552879.30000000075],[1650428.5830000006,552885.45399999991],[1650431.2589999996,552895.85300000012],[1650435.5380000006,552901.50899999961],[1650451.6099999994,552910.59200000018],[1650474.4440000001,552921.49899999984],[1650489.7510000002,552935.59200000018],[1650498.2670000009,552939.71600000001],[1650506.2990000006,552947.76899999939],[1650528.3760000002,552956.6640000008],[1650548.4110000003,552958.27300000004],[1650569.2190000005,552960.93999999948],[1650577.3809999991,552960.86900000088],[1650580.2259999998,552954.21000000089],[1650604.0089999996,552942.09400000051],[1650607.8000000007,552935.55599999987],[1650608.5800000001,552929.58999999985],[1650616.4849999994,552922.62199999951],[1650610.9590000007,552902.75899999961],[1650608.8900000006,552887.33000000007],[1650603.6649999991,552881.55199999921],[1650587.7660000008,552871.53299999982],[1650569.8029999994,552862.2070000004],[1650551.4940000009,552854.75300000049],[1650529.7400000002,552851.96499999985],[1650513.8190000001,552849.92500000075],[1650493.6610000003,552849.41699999943]],[[1623401.5800000001,535531.0700000003],[1623392.4039999992,535531.86099999957],[1623384.5319999997,535537.91499999911],[1623377.0140000004,535549.11500000022],[1623372.6140000001,535559.58100000024],[1623371.1459999997,535579.65599999949],[1623370.6750000007,535583.58500000089],[1623371.1500000004,535587.63000000082],[1623370.5739999991,535599.6799999997],[1623373.1659999993,535611.16100000031],[1623381.7699999996,535630.39499999955],[1623386.0690000001,535636.02500000037],[1623391.9639999997,535652.85400000028],[1623411.1359999999,535669.39499999955],[1623426.7280000001,535665.24200000055],[1623440.307,535661.9609999992],[1623460.5219999999,535654.54700000025],[1623468.3570000008,535647.37199999951],[1623473.4020000007,535640.01600000076],[1623473.9940000009,535634.9849999994],[1623474.7390000001,535621.99799999967],[1623473.2630000003,535609.69700000063],[1623471.1970000006,535602.42699999921],[1623461.3190000001,535583.99400000088],[1623450.8350000009,535563.57300000079],[1623440.8259999994,535547.19700000063],[1623429.8849999998,535537.72399999946],[1623422.2980000004,535533.7650000006],[1623401.5800000001,535531.0700000003]],[[1671823.1970000006,527369.73900000006],[1671818.0270000007,527371.13399999961],[1671814.4629999995,527374.81499999948],[1671810.7229999993,527380.38900000043],[1671806.2569999993,527399.91499999911],[1671808.5380000006,527413.30599999987],[1671812.1840000004,527416.81900000013],[1671820.6530000009,527437.09100000001],[1671815.7349999994,527459.59100000001],[1671810.1349999998,527471.94400000013],[1671803.5030000005,527492.30199999921],[1671803.0409999993,527496.23200000077],[1671802.5889999997,527499.20600000024],[1671801.3910000008,527508.14699999988],[1671804.6070000008,527522.61900000088],[1671807.307,527526.00799999945],[1671819.8640000001,527522.55299999937],[1671830.8350000009,527514.89800000004],[1671846.1659999993,527497.75999999978],[1671851.1270000003,527491.23000000045],[1671852.534,527487.42400000058],[1671859.9849999994,527469.24899999984],[1671862.6119999997,527464.48699999973],[1671873.75,527455.89599999972],[1671877.7750000004,527448.28500000015],[1671880.2860000003,527444.625],[1671882.4399999995,527434.85099999979],[1671882.2090000007,527421.73000000045],[1671875.7359999996,527416.8870000001],[1671851.9460000005,527412.79600000009],[1671836.3310000002,527401.80000000075],[1671834.8599999994,527396.49799999967],[1671834.3660000004,527393.40000000037],[1671834.8279999997,527389.47000000067],[1671834.1769999992,527386.35099999979],[1671828.9020000007,527372.56599999964],[1671823.1970000006,527369.73900000006]],[[1622044.2129999995,534724.19600000046],[1622041.8819999993,534741.93200000003],[1622036.3029999994,534762.4609999992],[1622034.4309999999,534777.2229999993],[1622048.7219999991,534784.23100000061],[1622058.5050000008,534785.42500000075],[1622071.6119999997,534786.06900000013],[1622088.6640000008,534787.19400000013],[1622111.6050000004,534789.19800000079],[1622135.5989999995,534791.17200000025],[1622139.5390000008,534783.67899999954],[1622138.5370000005,534775.42300000042],[1622118.4030000009,534759.72800000012],[1622103.2280000001,534751.81499999948],[1622090.1030000001,534744.1520000007],[1622069.6300000008,534730.33000000007],[1622044.2129999995,534724.19600000046]],[[1621620.3000000007,534748.68200000003],[1621594.5480000004,534752.39800000004],[1621591.6170000006,534759.21600000001],[1621592.7379999999,534766.36999999918],[1621605.7310000006,534776.08899999969],[1621619.5010000002,534786.85899999924],[1621641.9159999993,534784.65000000037],[1621650.4460000005,534780.74699999951],[1621656.2670000009,534774.44099999964],[1621659.5319999997,534757.77600000054],[1621649.0659999996,534752.35199999996],[1621637.0749999993,534750.88900000043],[1621620.3000000007,534748.68200000003]],[[1618538.5960000008,533852.00699999928],[1618531.6420000009,533852.11999999918],[1618531.8289999999,533858.20199999958],[1618547.7390000001,533883.41499999911],[1618548.9299999997,533897.75100000016],[1618552.3920000009,533903.11500000022],[1618558.9269999992,533907.09699999914],[1618565.2239999995,533904.8320000004],[1618570.8629999999,533900.4140000008],[1618584.6229999997,533895.22800000012],[1618584.7249999996,533887.10700000077],[1618580.4350000005,533880.5270000007],[1618565.1889999993,533865.44099999964],[1618544.3039999995,533854.77300000004],[1618538.5960000008,533852.00699999928]],[[1623324.6150000002,535556.57799999975],[1623320.0289999992,535560.9609999992],[1623317.557,535564.80399999954],[1623313.9330000002,535576.32200000063],[1623309.9269999992,535593.05599999987],[1623309.943,535600.07499999925],[1623314.4159999993,535612.74300000072],[1623321.0690000001,535615.63099999912],[1623329.4169999994,535613.62199999951],[1623336.4749999996,535605.39499999955],[1623336.8149999995,535603.52300000004],[1623337.1040000003,535601.4849999994],[1623337.4059999995,535598.49200000055],[1623337.6950000003,535596.45399999991],[1623339.6889999993,535580.58999999985],[1623339.5150000006,535573.55199999921],[1623339.8049999997,535571.51400000043],[1623340.9210000001,535570.69400000013],[1623340.2760000005,535567.58500000089],[1623340.7359999996,535564.61099999957],[1623339.6150000002,535557.4570000004],[1623324.6150000002,535556.57799999975]],[[1662862.1730000004,554373.00100000016],[1662849.1199999992,554379.43999999948],[1662844.3990000002,554384.89100000076],[1662842.6730000004,554390.73299999908],[1662841.2339999992,554401.56299999915],[1662844.4269999992,554409.16499999911],[1662851.8220000006,554414.12299999967],[1662859.8239999991,554414.05000000075],[1662865.648,554408.74300000072],[1662865.3499999996,554394.65300000086],[1662868.0040000007,554373.76300000027],[1662862.1730000004,554373.00100000016]],[[1631599.2349999994,542778.34699999914],[1631590.4079999998,542784.26999999955],[1631586.1510000005,542794.74899999984],[1631584.3200000003,542808.72000000067],[1631587.0089999996,542827.08000000007],[1631597.8859999999,542821.41200000048],[1631604.6710000001,542807.25799999945],[1631608.9140000008,542797.7349999994],[1631608.8709999993,542789.59400000051],[1631605.8690000009,542782.20099999942],[1631599.2349999994,542778.34699999914]],[[1664475.3469999991,533748.81599999964],[1664472.0649999995,533750.46299999952],[1664469.8359999992,533752.08799999952],[1664463.9069999997,533759.45600000024],[1664462.8650000002,533767.4609999992],[1664465.5219999999,533769.7229999993],[1664475.6209999993,533770.0820000004],[1664478.9030000009,533768.43500000052],[1664481.9100000001,533767.86999999918],[1664484.2569999993,533765.14299999923],[1664487.0620000008,533759.44299999997],[1664486.4140000008,533756.32499999925],[1664478.3420000002,533749.2070000004],[1664475.3469999991,533748.81599999964]]]},"properties":{"WATERBODY_POLY_ID":705016424,"WATERSHED_GROUP_ID":90,"WATERBODY_TYPE":"L","WATERBODY_KEY":328974235,"AREA_HA":42299.536172336797,"GNIS_ID_1":14091,"GNIS_NAME_1":"Kootenay Lake","GNIS_ID_2":null,"GNIS_NAME_2":null,"GNIS_ID_3":null,"GNIS_NAME_3":null,"BLUE_LINE_KEY":356570348,"WATERSHED_KEY":356570348,"FWA_WATERSHED_CODE":"300-625474-000000-000000-000000-000000-000000-000000-000000-000000-000000-000000-000000-000000-000000-000000-000000-000000-000000-000000-000000","LOCAL_WATERSHED_CODE":null,"WATERSHED_GROUP_CODE":"KOTL","LEFT_RIGHT_TRIBUTARY":"LEFT","WATERBODY_KEY_50K":15,"WATERSHED_GROUP_CODE_50K":"KOTL","WATERBODY_KEY_GROUP_CODE_50K":"00015KOTL","WATERSHED_CODE_50K":"340000000000000000000000000000000000000000000","FEATURE_CODE":"GB15300000","OBJECTID":9153015,"GEOMETRY.AREA":0,"GEOMETRY.LEN":0,"FEATURE_AREA_SQM":422995361.7234,"FEATURE_LENGTH_M":401442.4425}},{"type":"Feature","id":9153018,"geometry":{"type":"Polygon","coordinates":[[[1616325.1999999993,540048.66100000031],[1616324.0370000005,540041.34400000051],[1616327.0260000005,540034.68899999931],[1616332.0930000003,540026.37299999967],[1616339.8029999994,540021.24699999951],[1616346.1040000003,540018.98000000045],[1616362.2239999995,540019.01799999923],[1616370.6349999998,540024.18300000019],[1616355.2109999992,540042.40799999982],[1616354.4440000001,540048.375],[1616351.4409999996,540055.9849999994],[1616344.1940000001,540058.1370000001],[1616332.4930000007,540054.64699999988],[1616325.1999999993,540048.66100000031]]]},"properties":{"WATERBODY_POLY_ID":705017841,"WATERSHED_GROUP_ID":90,"WATERBODY_TYPE":"L","WATERBODY_KEY":329247547,"AREA_HA":0.114088815648893,"GNIS_ID_1":null,"GNIS_NAME_1":null,"GNIS_ID_2":null,"GNIS_NAME_2":null,"GNIS_ID_3":null,"GNIS_NAME_3":null,"BLUE_LINE_KEY":356435826,"WATERSHED_KEY":356435826,"FWA_WATERSHED_CODE":"300-625474-039562-499431-578419-082512-000000-000000-000000-000000-000000-000000-000000-000000-000000-000000-000000-000000-000000-000000-000000","LOCAL_WATERSHED_CODE":null,"WATERSHED_GROUP_CODE":"KOTL","LEFT_RIGHT_TRIBUTARY":"LEFT","WATERBODY_KEY_50K":null,"WATERSHED_GROUP_CODE_50K":null,"WATERBODY_KEY_GROUP_CODE_50K":null,"WATERSHED_CODE_50K":null,"FEATURE_CODE":"GB15300140","OBJECTID":9153018,"GEOMETRY.AREA":0,"GEOMETRY.LEN":0,"FEATURE_AREA_SQM":1140.8882000000001,"FEATURE_LENGTH_M":133.66570000000002}},{"type":"Feature","id":9162991,"geometry":{"type":"Polygon","coordinates":[[[1603898.8670000006,530093.29900000058],[1603909.2789999992,530090.54700000025],[1603917.9890000001,530093.65100000054],[1603921.3489999995,530099.15000000037],[1603924.432,530114.65799999982],[1603922.7510000002,530127.52999999933],[1603920.4110000003,530138.25100000016],[1603917.3149999995,530146.01400000043],[1603912.7559999991,530126.18600000069],[1603909.9039999992,530117.87900000066],[1603898.8670000006,530093.29900000058]]]},"properties":{"WATERBODY_POLY_ID":705030008,"WATERSHED_GROUP_ID":186,"WATERBODY_TYPE":"L","WATERBODY_KEY":329523848,"AREA_HA":0.067569210902271998,"GNIS_ID_1":null,"GNIS_NAME_1":null,"GNIS_ID_2":null,"GNIS_NAME_2":null,"GNIS_ID_3":null,"GNIS_NAME_3":null,"BLUE_LINE_KEY":356549191,"WATERSHED_KEY":356549191,"FWA_WATERSHED_CODE":"300-625474-020842-045408-245208-652914-000000-000000-000000-000000-000000-000000-000000-000000-000000-000000-000000-000000-000000-000000-000000","LOCAL_WATERSHED_CODE":null,"WATERSHED_GROUP_CODE":"SLOC","LEFT_RIGHT_TRIBUTARY":"LEFT","WATERBODY_KEY_50K":null,"WATERSHED_GROUP_CODE_50K":null,"WATERBODY_KEY_GROUP_CODE_50K":null,"WATERSHED_CODE_50K":null,"FEATURE_CODE":"GB15300000","OBJECTID":9162991,"GEOMETRY.AREA":0,"GEOMETRY.LEN":0,"FEATURE_AREA_SQM":675.69209999999998,"FEATURE_LENGTH_M":130.6567}},{"type":"Feature","id":9163349,"geometry":{"type":"Polygon","coordinates":[[[1616549.3509999998,548083.28700000048],[1616555.7060000002,548081.18700000085],[1616562.6520000007,548075.01300000027],[1616564.2029999997,548070.09699999914],[1616567.0309999995,548064.38000000082],[1616573.7100000009,548075.39800000004],[1616575.9299999997,548081.72800000012],[1616575.9269999992,548088.74499999918],[1616577.2009999994,548094.96000000089],[1616580.0730000008,548103.44199999981],[1616583.2249999996,548110.84200000018],[1616582.6199999992,548115.87299999967],[1616577.5380000006,548124.18700000085],[1616571.2329999991,548126.45299999975],[1616563.1870000008,548125.47599999979],[1616550.0309999995,548117.66000000015],[1616545.6219999995,548113.13800000027],[1616534.3939999994,548106.67200000025],[1616534.2400000002,548099.63499999978],[1616536.9110000003,548093.89900000021],[1616543.6830000002,548088.66000000015],[1616549.3509999998,548083.28700000048]]]},"properties":{"WATERBODY_POLY_ID":705029819,"WATERSHED_GROUP_ID":186,"WATERBODY_TYPE":"L","WATERBODY_KEY":329523672,"AREA_HA":0.17279995229856401,"GNIS_ID_1":null,"GNIS_NAME_1":null,"GNIS_ID_2":null,"GNIS_NAME_2":null,"GNIS_ID_3":null,"GNIS_NAME_3":null,"BLUE_LINE_KEY":356543079,"WATERSHED_KEY":356543079,"FWA_WATERSHED_CODE":"999-999999-999999-999999-999999-999999-999999-999999-999999-999999-999999-999999-999999-999999-999999-999999-999999-999999-999999-999999-999999","LOCAL_WATERSHED_CODE":null,"WATERSHED_GROUP_CODE":"SLOC","LEFT_RIGHT_TRIBUTARY":"UNKNOWN","WATERBODY_KEY_50K":515,"WATERSHED_GROUP_CODE_50K":"SLOC","WATERBODY_KEY_GROUP_CODE_50K":"00515SLOC","WATERSHED_CODE_50K":"999999999999999999999999999999999999999999999","FEATURE_CODE":"GB15300000","OBJECTID":9163349,"GEOMETRY.AREA":0,"GEOMETRY.LEN":0,"FEATURE_AREA_SQM":1727.9995000000001,"FEATURE_LENGTH_M":171.4007}}]}