{"type":"FeatureCollection","features":[{"type":"Feature","geometry":{"type":"Point","coordinates":[-117.47001459193041,49.780673281301404]},"properties":{"FIRE_NUMBER":"N50170","FIRE_YEAR":2000,"IGNITION_DATE":964051200000,"FIRE_CAUSE":"Lightning","FIRE_LABEL":"2000-N50170","FIRE_CENTRE":6,"ZONE":5,"CURRENT_SIZE":0.01}},{"type":"Feature","geometry":{"type":"Point","coordinates":[-117.46471457250094,49.715956278489003]},"properties":{"FIRE_NUMBER":"N50040","FIRE_YEAR":2003,"IGNITION_DATE":1054944000000,"FIRE_CAUSE":"Unknown","FIRE_LABEL":"2003-N50040","FIRE_CENTRE":6,"ZONE":5,"CURRENT_SIZE":0.0090000000000000011}},{"type":"Feature","geometry":{"type":"Point","coordinates":[-117.42338159143615,49.814256288680696]},"properties":{"FIRE_NUMBER":"N50548","FIRE_YEAR":2001,"IGNITION_DATE":998593080000,"FIRE_CAUSE":"Lightning","FIRE_LABEL":"2001-N50548","FIRE_CENTRE":6,"ZONE":5,"CURRENT_SIZE":0.84999999999999998}},{"type":"Feature","geometry":{"type":"Point","coordinates":[-117.34463435701834,49.740641192942697]},"properties":{"FIRE_NUMBER":"N51091","FIRE_YEAR":2020,"IGNITION_DATE":1597175591000,"FIRE_CAUSE":"Lightning","FIRE_LABEL":"2020-N51091","FIRE_CENTRE":6,"ZONE":5,"CURRENT_SIZE":0.80000000000000004}},{"type":"Feature","geometry":{"type":"Point","coordinates":[-117.28684754390335,49.731639298790618]},"properties":{"FIRE_NUMBER":"N51724","FIRE_YEAR":2021,"IGNITION_DATE":1625770930000,"FIRE_CAUSE":"Lightning","FIRE_LABEL":"2021-N51724","FIRE_CENTRE":6,"ZONE":5,"CURRENT_SIZE":2359}},{"type":"Feature","geometry":{"type":"Point","coordinates":[-117.28059755006242,49.760289301644463]},"properties":{"FIRE_NUMBER":"N52661","FIRE_YEAR":2023,"IGNITION_DATE":1691343000000,"FIRE_CAUSE":"Lightning","FIRE_LABEL":"2023-N52661","FIRE_CENTRE":6,"ZONE":5,"CURRENT_SIZE":0.20000000000000001}},{"type":"Feature","geometry":{"type":"Point","coordinates":[-117.19298151875711,49.705806307990017]},"properties":{"FIRE_NUMBER":"N51420","FIRE_YEAR":2022,"IGNITION_DATE":1660298400000,"FIRE_CAUSE":"Lightning","FIRE_LABEL":"2022-N51420","FIRE_CENTRE":6,"ZONE":5,"CURRENT_SIZE":2.8000000000000003}},{"type":"Feature","geometry":{"type":"Point","coordinates":[-117.14606351092381,49.713488313449936]},"properties":{"FIRE_NUMBER":"N70180","FIRE_YEAR":2015,"IGNITION_DATE":1435547160000,"FIRE_CAUSE":"Lightning","FIRE_LABEL":"2015-N70180","FIRE_CENTRE":6,"ZONE":7,"CURRENT_SIZE":0.029999999999999999}},{"type":"Feature","geometry":{"type":"Point","coordinates":[-117.07584754491212,49.890006332707927]},"properties":{"FIRE_NUMBER":"N70969","FIRE_YEAR":2022,"IGNITION_DATE":1656687554000,"FIRE_CAUSE":"Lightning","FIRE_LABEL":"2022-N70969","FIRE_CENTRE":6,"ZONE":7,"CURRENT_SIZE":1924}},{"type":"Feature","geometry":{"type":"Point","coordinates":[-117.0297844163813,49.815222433579528]},"properties":{"FIRE_NUMBER":"N71114","FIRE_YEAR":2020,"IGNITION_DATE":1594912059000,"FIRE_CAUSE":"Lightning","FIRE_LABEL":"2020-N71114","FIRE_CENTRE":6,"ZONE":7,"CURRENT_SIZE":1160}},{"type":"Feature","geometry":{"type":"Point","coordinates":[-117.01276450861337,49.800256333784098]},"properties":{"FIRE_NUMBER":"N72498","FIRE_YEAR":2022,"IGNITION_DATE":1663133400000,"FIRE_CAUSE":"Lightning","FIRE_LABEL":"2022-N72498","FIRE_CENTRE":6,"ZONE":7,"CURRENT_SIZE":33.5}},{"type":"Feature","geometry":{"type":"Point","coordinates":[-117.00688150149658,49.776056333222918]},"properties":{"FIRE_NUMBER":"N71128","FIRE_YEAR":2023,"IGNITION_DATE":1688051133000,"FIRE_CAUSE":"Lightning","FIRE_LABEL":"2023-N71128","FIRE_CENTRE":6,"ZONE":7,"CURRENT_SIZE":0.0090000000000000011}},{"type":"Feature","geometry":{"type":"Point","coordinates":[-116.97336449599933,49.782423337211334]},"properties":{"FIRE_NUMBER":"N70697","FIRE_YEAR":2022,"IGNITION_DATE":1658498702000,"FIRE_CAUSE":"Lightning","FIRE_LABEL":"2022-N70697","FIRE_CENTRE":6,"ZONE":7,"CURRENT_SIZE":0.02}},{"type":"Feature","geometry":{"type":"Point","coordinates":[-116.93421451997179,49.900756348982995]},"properties":{"FIRE_NUMBER":"N71748","FIRE_YEAR":2019,"IGNITION_DATE":1567951743000,"FIRE_CAUSE":"Person","FIRE_LABEL":"2019-N71748","FIRE_CENTRE":6,"ZONE":7,"CURRENT_SIZE":0.0090000000000000011}},{"type":"Feature","geometry":{"type":"Point","coordinates":[-116.96644517328714,49.700808132689126]},"properties":{"FIRE_NUMBER":"N71323","FIRE_YEAR":2020,"IGNITION_DATE":1597693519000,"FIRE_CAUSE":"Lightning","FIRE_LABEL":"2020-N71323","FIRE_CENTRE":6,"ZONE":7,"CURRENT_SIZE":0.029999999999999999}},{"type":"Feature","geometry":{"type":"Point","coordinates":[-116.91896451851825,49.903489350663676]},"properties":{"FIRE_NUMBER":"N21088","FIRE_YEAR":2023,"IGNITION_DATE":null,"FIRE_CAUSE":"Person","FIRE_LABEL":"2023-N21088","FIRE_CENTRE":6,"ZONE":2,"CURRENT_SIZE":0.0090000000000000011}},{"type":"Feature","geometry":{"type":"Point","coordinates":[-116.80116443167265,49.662906348867722]},"properties":{"FIRE_NUMBER":"N70284","FIRE_YEAR":2023,"IGNITION_DATE":1683919366000,"FIRE_CAUSE":"Person","FIRE_LABEL":"2023-N70284","FIRE_CENTRE":6,"ZONE":7,"CURRENT_SIZE":0.0090000000000000011}},{"type":"Feature","geometry":{"type":"Point","coordinates":[-116.75418147581432,49.863973367397641]},"properties":{"FIRE_NUMBER":"N72196","FIRE_YEAR":2022,"IGNITION_DATE":1661522666000,"FIRE_CAUSE":"Lightning","FIRE_LABEL":"2022-N72196","FIRE_CENTRE":6,"ZONE":7,"CURRENT_SIZE":104}},{"type":"Feature","geometry":{"type":"Point","coordinates":[-116.79931441187742,49.591623344392794]},"properties":{"FIRE_NUMBER":"N71370","FIRE_YEAR":2021,"IGNITION_DATE":1625344813000,"FIRE_CAUSE":"Lightning","FIRE_LABEL":"2021-N71370","FIRE_CENTRE":6,"ZONE":7,"CURRENT_SIZE":0.0090000000000000011}},{"type":"Feature","geometry":{"type":"Point","coordinates":[-116.77094743761134,49.712056355749134]},"properties":{"FIRE_NUMBER":"N70454","FIRE_YEAR":2021,"IGNITION_DATE":1620161133000,"FIRE_CAUSE":"Person","FIRE_LABEL":"2021-N70454","FIRE_CENTRE":6,"ZONE":7,"CURRENT_SIZE":0.0090000000000000011}},{"type":"Feature","geometry":{"type":"Point","coordinates":[-116.78218141665748,49.624823349178151]},"properties":{"FIRE_NUMBER":"N70448","FIRE_YEAR":2007,"IGNITION_DATE":null,"FIRE_CAUSE":"Unknown","FIRE_LABEL":"2007-N70448","FIRE_CENTRE":6,"ZONE":7,"CURRENT_SIZE":null}},{"type":"Feature","geometry":{"type":"Point","coordinates":[-116.74989742489677,49.675639355396463]},"properties":{"FIRE_NUMBER":"N71291","FIRE_YEAR":2022,"IGNITION_DATE":1660300431000,"FIRE_CAUSE":"Lightning","FIRE_LABEL":"2022-N71291","FIRE_CENTRE":6,"ZONE":7,"CURRENT_SIZE":0.029999999999999999}},{"type":"Feature","geometry":{"type":"Point","coordinates":[-116.73073144097575,49.750673362325792]},"properties":{"FIRE_NUMBER":"N72510","FIRE_YEAR":2023,"IGNITION_DATE":1691249831000,"FIRE_CAUSE":"Lightning","FIRE_LABEL":"2023-N72510","FIRE_CENTRE":6,"ZONE":7,"CURRENT_SIZE":0.01}},{"type":"Feature","geometry":{"type":"Point","coordinates":[-116.70383143644055,49.753873366097281]},"properties":{"FIRE_NUMBER":"N70708","FIRE_YEAR":2003,"IGNITION_DATE":1060159920000,"FIRE_CAUSE":"Lightning","FIRE_LABEL":"2003-N70708","FIRE_CENTRE":6,"ZONE":7,"CURRENT_SIZE":100}},{"type":"Feature","geometry":{"type":"Point","coordinates":[-116.73026440069258,49.598389352810159]},"properties":{"FIRE_NUMBER":"N71445","FIRE_YEAR":2022,"IGNITION_DATE":1660474809000,"FIRE_CAUSE":"Lightning","FIRE_LABEL":"2022-N71445","FIRE_CENTRE":6,"ZONE":7,"CURRENT_SIZE":0.10000000000000001}},{"type":"Feature","geometry":{"type":"Point","coordinates":[-116.65334737967602,49.578339360300639]},"properties":{"FIRE_NUMBER":"N10705","FIRE_YEAR":2000,"IGNITION_DATE":null,"FIRE_CAUSE":"Unknown","FIRE_LABEL":"2000-N10705","FIRE_CENTRE":6,"ZONE":1,"CURRENT_SIZE":null}},{"type":"Feature","geometry":{"type":"Point","coordinates":[-116.58413137355451,49.607423369776676]},"properties":{"FIRE_NUMBER":"N11282","FIRE_YEAR":2021,"IGNITION_DATE":1625187920000,"FIRE_CAUSE":"Lightning","FIRE_LABEL":"2021-N11282","FIRE_CENTRE":6,"ZONE":1,"CURRENT_SIZE":0.90000000000000002}},{"type":"Feature","geometry":{"type":"Point","coordinates":[-116.54629740504936,49.752723383025575]},"properties":{"FIRE_NUMBER":"N12113","FIRE_YEAR":2022,"IGNITION_DATE":1661611328000,"FIRE_CAUSE":"Lightning","FIRE_LABEL":"2022-N12113","FIRE_CENTRE":6,"ZONE":1,"CURRENT_SIZE":111}},{"type":"Feature","geometry":{"type":"Point","coordinates":[-116.88381442607151,49.582373334724714]},"properties":{"FIRE_NUMBER":"N72813","FIRE_YEAR":2021,"IGNITION_DATE":1629658645000,"FIRE_CAUSE":"Lightning","FIRE_LABEL":"2021-N72813","FIRE_CENTRE":6,"ZONE":7,"CURRENT_SIZE":0.0090000000000000011}},{"type":"Feature","geometry":{"type":"Point","coordinates":[-116.95399395746354,49.648474331311483]},"properties":{"FIRE_NUMBER":"N71306","FIRE_YEAR":2020,"IGNITION_DATE":1597700544000,"FIRE_CAUSE":"Lightning","FIRE_LABEL":"2020-N71306","FIRE_CENTRE":6,"ZONE":7,"CURRENT_SIZE":0.0090000000000000011}},{"type":"Feature","geometry":{"type":"Point","coordinates":[-116.96518146325143,49.665773331260532]},"properties":{"FIRE_NUMBER":"N70885","FIRE_YEAR":2021,"IGNITION_DATE":1624376712000,"FIRE_CAUSE":"Lightning","FIRE_LABEL":"2021-N70885","FIRE_CENTRE":6,"ZONE":7,"CURRENT_SIZE":0.60999999999999999}},{"type":"Feature","geometry":{"type":"Point","coordinates":[-116.87551444505202,49.659639340944807]},"properties":{"FIRE_NUMBER":"N70509","FIRE_YEAR":2021,"IGNITION_DATE":1621000800000,"FIRE_CAUSE":"Lightning","FIRE_LABEL":"2021-N70509","FIRE_CENTRE":6,"ZONE":7,"CURRENT_SIZE":0.029999999999999999}},{"type":"Feature","geometry":{"type":"Point","coordinates":[-116.9652974644365,49.667323331260846]},"properties":{"FIRE_NUMBER":"N71645","FIRE_YEAR":2021,"IGNITION_DATE":1625741713000,"FIRE_CAUSE":"Lightning","FIRE_LABEL":"2021-N71645","FIRE_CENTRE":6,"ZONE":7,"CURRENT_SIZE":0.0090000000000000011}},{"type":"Feature","geometry":{"type":"Point","coordinates":[-116.83018413586879,49.657721145162888]},"properties":{"FIRE_NUMBER":"N71674","FIRE_YEAR":2020,"IGNITION_DATE":1599564606000,"FIRE_CAUSE":"Unknown","FIRE_LABEL":"2020-N71674","FIRE_CENTRE":6,"ZONE":7,"CURRENT_SIZE":0.089999999999999997}},{"type":"Feature","geometry":{"type":"Point","coordinates":[-116.92593305584187,49.666090635755808]},"properties":{"FIRE_NUMBER":"N71375","FIRE_YEAR":2020,"IGNITION_DATE":1598117400000,"FIRE_CAUSE":"Person","FIRE_LABEL":"2020-N71375","FIRE_CENTRE":6,"ZONE":7,"CURRENT_SIZE":0.015000000000000001}},{"type":"Feature","geometry":{"type":"Point","coordinates":[-116.94058046085826,49.674456334267617]},"properties":{"FIRE_NUMBER":"N70231","FIRE_YEAR":2023,"IGNITION_DATE":null,"FIRE_CAUSE":"Unknown","FIRE_LABEL":"2023-N70231","FIRE_CENTRE":6,"ZONE":7,"CURRENT_SIZE":0.0090000000000000011}},{"type":"Feature","geometry":{"type":"Point","coordinates":[-116.83151444052197,49.677289346768568]},"properties":{"FIRE_NUMBER":"N71507","FIRE_YEAR":2021,"IGNITION_DATE":1625528758000,"FIRE_CAUSE":"Person","FIRE_LABEL":"2021-N71507","FIRE_CENTRE":6,"ZONE":7,"CURRENT_SIZE":0.0090000000000000011}},{"type":"Feature","geometry":{"type":"Point","coordinates":[-116.83879744469863,49.687089346207138]},"properties":{"FIRE_NUMBER":"N71065","FIRE_YEAR":2022,"IGNITION_DATE":1659611132000,"FIRE_CAUSE":"Person","FIRE_LABEL":"2022-N71065","FIRE_CENTRE":6,"ZONE":7,"CURRENT_SIZE":0.0090000000000000011}},{"type":"Feature","geometry":{"type":"Point","coordinates":[-116.81429744163157,49.693689349707498]},"properties":{"FIRE_NUMBER":"N70889","FIRE_YEAR":2021,"IGNITION_DATE":null,"FIRE_CAUSE":"Person","FIRE_LABEL":"2021-N70889","FIRE_CENTRE":6,"ZONE":7,"CURRENT_SIZE":0.01}},{"type":"Feature","geometry":{"type":"Point","coordinates":[-116.8010144406399,49.697389351260952]},"properties":{"FIRE_NUMBER":"N70899","FIRE_YEAR":2021,"IGNITION_DATE":1624539600000,"FIRE_CAUSE":"Person","FIRE_LABEL":"2021-N70899","FIRE_CENTRE":6,"ZONE":7,"CURRENT_SIZE":0.02}},{"type":"Feature","geometry":{"type":"Point","coordinates":[-116.85214445236285,49.705834346139362]},"properties":{"FIRE_NUMBER":"N71292","FIRE_YEAR":2023,"IGNITION_DATE":null,"FIRE_CAUSE":"Unknown","FIRE_LABEL":"2023-N71292","FIRE_CENTRE":6,"ZONE":7,"CURRENT_SIZE":null}},{"type":"Feature","geometry":{"type":"Point","coordinates":[-116.8064795513543,49.737356852743353]},"properties":{"FIRE_NUMBER":"N71245","FIRE_YEAR":2020,"IGNITION_DATE":1597693558000,"FIRE_CAUSE":"Lightning","FIRE_LABEL":"2020-N71245","FIRE_CENTRE":6,"ZONE":7,"CURRENT_SIZE":0.0090000000000000011}},{"type":"Feature","geometry":{"type":"Point","coordinates":[-116.84918113023681,49.749123015969644]},"properties":{"FIRE_NUMBER":"N71065","FIRE_YEAR":2019,"IGNITION_DATE":1563890508000,"FIRE_CAUSE":"Lightning","FIRE_LABEL":"2019-N71065","FIRE_CENTRE":6,"ZONE":7,"CURRENT_SIZE":0.0090000000000000011}},{"type":"Feature","geometry":{"type":"Point","coordinates":[-116.80759745876122,49.764423355091893]},"properties":{"FIRE_NUMBER":"N71736","FIRE_YEAR":2022,"IGNITION_DATE":1661083791000,"FIRE_CAUSE":"Lightning","FIRE_LABEL":"2022-N71736","FIRE_CENTRE":6,"ZONE":7,"CURRENT_SIZE":0.0090000000000000011}},{"type":"Feature","geometry":{"type":"Point","coordinates":[-116.83918046603604,49.76927335119359]},"properties":{"FIRE_NUMBER":"N71544","FIRE_YEAR":2022,"IGNITION_DATE":1660839062000,"FIRE_CAUSE":"Lightning","FIRE_LABEL":"2022-N71544","FIRE_CENTRE":6,"ZONE":7,"CURRENT_SIZE":0.16}},{"type":"Feature","geometry":{"type":"Point","coordinates":[-116.79724746702654,49.801023358587649]},"properties":{"FIRE_NUMBER":"N71402","FIRE_YEAR":2022,"IGNITION_DATE":1660401521000,"FIRE_CAUSE":"Lightning","FIRE_LABEL":"2022-N71402","FIRE_CENTRE":6,"ZONE":7,"CURRENT_SIZE":0.01}},{"type":"Feature","geometry":{"type":"Point","coordinates":[-116.79798146825723,49.805323358610522]},"properties":{"FIRE_NUMBER":"N71401","FIRE_YEAR":2022,"IGNITION_DATE":997660800000,"FIRE_CAUSE":"Lightning","FIRE_LABEL":"2022-N71401","FIRE_CENTRE":6,"ZONE":7,"CURRENT_SIZE":0.01}},{"type":"Feature","geometry":{"type":"Point","coordinates":[-116.92493149605332,49.817023345332132]},"properties":{"FIRE_NUMBER":"N71379","FIRE_YEAR":2021,"IGNITION_DATE":1625343907000,"FIRE_CAUSE":"Lightning","FIRE_LABEL":"2021-N71379","FIRE_CENTRE":6,"ZONE":7,"CURRENT_SIZE":0.26000000000000001}},{"type":"Feature","geometry":{"type":"Point","coordinates":[-116.83731448765147,49.850439356437711]},"properties":{"FIRE_NUMBER":"N70178","FIRE_YEAR":2021,"IGNITION_DATE":1618237151000,"FIRE_CAUSE":"Person","FIRE_LABEL":"2021-N70178","FIRE_CENTRE":6,"ZONE":7,"CURRENT_SIZE":0.023}},{"type":"Feature","geometry":{"type":"Point","coordinates":[-116.81793115480441,49.865656360412444]},"properties":{"FIRE_NUMBER":"N71697","FIRE_YEAR":2019,"IGNITION_DATE":1564782284000,"FIRE_CAUSE":"Lightning","FIRE_LABEL":"2019-N71697","FIRE_CENTRE":6,"ZONE":7,"CURRENT_SIZE":4.7000000000000002}},{"type":"Feature","geometry":{"type":"Point","coordinates":[-116.83544749356908,49.872906358457143]},"properties":{"FIRE_NUMBER":"N72071","FIRE_YEAR":2022,"IGNITION_DATE":1661579885000,"FIRE_CAUSE":"Lightning","FIRE_LABEL":"2022-N72071","FIRE_CENTRE":6,"ZONE":7,"CURRENT_SIZE":0.0090000000000000011}},{"type":"Feature","geometry":{"type":"Point","coordinates":[-116.83001450009924,49.899006360478154]},"properties":{"FIRE_NUMBER":"N70445","FIRE_YEAR":2004,"IGNITION_DATE":1092756600000,"FIRE_CAUSE":"Lightning","FIRE_LABEL":"2004-N70445","FIRE_CENTRE":6,"ZONE":7,"CURRENT_SIZE":6}},{"type":"Feature","geometry":{"type":"Point","coordinates":[-117.31243152657274,49.649656291380602]},"properties":{"FIRE_NUMBER":"N72263","FIRE_YEAR":2022,"IGNITION_DATE":1660730480000,"FIRE_CAUSE":"Lightning","FIRE_LABEL":"2022-N72263","FIRE_CENTRE":6,"ZONE":7,"CURRENT_SIZE":660}},{"type":"Feature","geometry":{"type":"Point","coordinates":[-117.2753315230958,49.666506296434683]},"properties":{"FIRE_NUMBER":"N70723","FIRE_YEAR":2022,"IGNITION_DATE":1658491489000,"FIRE_CAUSE":"Lightning","FIRE_LABEL":"2022-N70723","FIRE_CENTRE":6,"ZONE":7,"CURRENT_SIZE":0.80000000000000004}},{"type":"Feature","geometry":{"type":"Point","coordinates":[-117.2191314975353,49.606539298894482]},"properties":{"FIRE_NUMBER":"N72986","FIRE_YEAR":2023,"IGNITION_DATE":1691424655000,"FIRE_CAUSE":"Lightning","FIRE_LABEL":"2023-N72986","FIRE_CENTRE":6,"ZONE":7,"CURRENT_SIZE":0.0090000000000000011}},{"type":"Feature","geometry":{"type":"Point","coordinates":[-117.21281449968328,49.624123300892762]},"properties":{"FIRE_NUMBER":"N72502","FIRE_YEAR":2022,"IGNITION_DATE":1664139916000,"FIRE_CAUSE":"Lightning","FIRE_LABEL":"2022-N72502","FIRE_CENTRE":6,"ZONE":7,"CURRENT_SIZE":0.02}},{"type":"Feature","geometry":{"type":"Point","coordinates":[-117.20571823075939,49.608721358198544]},"properties":{"FIRE_NUMBER":"N70930","FIRE_YEAR":2018,"IGNITION_DATE":1529949660000,"FIRE_CAUSE":"Lightning","FIRE_LABEL":"2018-N70930","FIRE_CENTRE":6,"ZONE":7,"CURRENT_SIZE":0.0090000000000000011}},{"type":"Feature","geometry":{"type":"Point","coordinates":[-117.18009749523334,49.628123304164625]},"properties":{"FIRE_NUMBER":"N72615","FIRE_YEAR":2023,"IGNITION_DATE":1691425291000,"FIRE_CAUSE":"Lightning","FIRE_LABEL":"2023-N72615","FIRE_CENTRE":6,"ZONE":7,"CURRENT_SIZE":46}},{"type":"Feature","geometry":{"type":"Point","coordinates":[-117.1848975878342,49.597921901821834]},"properties":{"FIRE_NUMBER":"N71255","FIRE_YEAR":2020,"IGNITION_DATE":1597692120000,"FIRE_CAUSE":"Lightning","FIRE_LABEL":"2020-N71255","FIRE_CENTRE":6,"ZONE":7,"CURRENT_SIZE":0.0090000000000000011}},{"type":"Feature","geometry":{"type":"Point","coordinates":[-117.17456448989432,49.610389304504722]},"properties":{"FIRE_NUMBER":"N70985","FIRE_YEAR":2023,"IGNITION_DATE":1687964637000,"FIRE_CAUSE":"Person","FIRE_LABEL":"2023-N70985","FIRE_CENTRE":6,"ZONE":7,"CURRENT_SIZE":0.0090000000000000011}},{"type":"Feature","geometry":{"type":"Point","coordinates":[-117.16689749122492,49.625339305512398]},"properties":{"FIRE_NUMBER":"N72070","FIRE_YEAR":2022,"IGNITION_DATE":1661546700000,"FIRE_CAUSE":"Lightning","FIRE_LABEL":"2022-N72070","FIRE_CENTRE":6,"ZONE":7,"CURRENT_SIZE":0.0090000000000000011}},{"type":"Feature","geometry":{"type":"Point","coordinates":[-117.15934750059292,49.663723309117756]},"properties":{"FIRE_NUMBER":"N72620","FIRE_YEAR":2023,"IGNITION_DATE":1691345600000,"FIRE_CAUSE":"Lightning","FIRE_LABEL":"2023-N72620","FIRE_CENTRE":6,"ZONE":7,"CURRENT_SIZE":0.10000000000000001}},{"type":"Feature","geometry":{"type":"Point","coordinates":[-117.15759749218397,49.633006307725061]},"properties":{"FIRE_NUMBER":"N72069","FIRE_YEAR":2022,"IGNITION_DATE":1661578406000,"FIRE_CAUSE":"Lightning","FIRE_LABEL":"2022-N72069","FIRE_CENTRE":6,"ZONE":7,"CURRENT_SIZE":0.01}},{"type":"Feature","geometry":{"type":"Point","coordinates":[-117.13213147947531,49.605175308833054]},"properties":{"FIRE_NUMBER":"N72120","FIRE_YEAR":2021,"IGNITION_DATE":null,"FIRE_CAUSE":"Person","FIRE_LABEL":"2021-N72120","FIRE_CENTRE":6,"ZONE":7,"CURRENT_SIZE":0}},{"type":"Feature","geometry":{"type":"Point","coordinates":[-117.08422778005489,49.639506016106388]},"properties":{"FIRE_NUMBER":"N71299","FIRE_YEAR":2020,"IGNITION_DATE":1597692731000,"FIRE_CAUSE":"Lightning","FIRE_LABEL":"2020-N71299","FIRE_CENTRE":6,"ZONE":7,"CURRENT_SIZE":0.040000000000000001}},{"type":"Feature","geometry":{"type":"Point","coordinates":[-117.07638148171733,49.655556317978601]},"properties":{"FIRE_NUMBER":"N71335","FIRE_YEAR":2022,"IGNITION_DATE":1660212396000,"FIRE_CAUSE":"Lightning","FIRE_LABEL":"2022-N71335","FIRE_CENTRE":6,"ZONE":7,"CURRENT_SIZE":0.001}},{"type":"Feature","geometry":{"type":"Point","coordinates":[-117.07327958100412,49.65468851824177]},"properties":{"FIRE_NUMBER":"N71298","FIRE_YEAR":2020,"IGNITION_DATE":1597692748000,"FIRE_CAUSE":"Lightning","FIRE_LABEL":"2020-N71298","FIRE_CENTRE":6,"ZONE":7,"CURRENT_SIZE":0.040000000000000001}},{"type":"Feature","geometry":{"type":"Point","coordinates":[-117.06839748604996,49.67495631966203]},"properties":{"FIRE_NUMBER":"N72611","FIRE_YEAR":2023,"IGNITION_DATE":1691422816000,"FIRE_CAUSE":"Lightning","FIRE_LABEL":"2023-N72611","FIRE_CENTRE":6,"ZONE":7,"CURRENT_SIZE":0.01}},{"type":"Feature","geometry":{"type":"Point","coordinates":[-117.06059746529647,49.600323316481962]},"properties":{"FIRE_NUMBER":"N70599","FIRE_YEAR":2013,"IGNITION_DATE":1377522060000,"FIRE_CAUSE":"Unknown","FIRE_LABEL":"2013-N70599","FIRE_CENTRE":6,"ZONE":7,"CURRENT_SIZE":0.0090000000000000011}},{"type":"Feature","geometry":{"type":"Point","coordinates":[-117.0402137610576,49.600058218685021]},"properties":{"FIRE_NUMBER":"N71076","FIRE_YEAR":2020,"IGNITION_DATE":1597326628000,"FIRE_CAUSE":"Person","FIRE_LABEL":"2020-N71076","FIRE_CENTRE":6,"ZONE":7,"CURRENT_SIZE":0.59999999999999998}},{"type":"Feature","geometry":{"type":"Point","coordinates":[-117.03001446711417,49.629422988388612]},"properties":{"FIRE_NUMBER":"N70550","FIRE_YEAR":2019,"IGNITION_DATE":1560443370000,"FIRE_CAUSE":"Lightning","FIRE_LABEL":"2019-N70550","FIRE_CENTRE":6,"ZONE":7,"CURRENT_SIZE":0.0090000000000000011}},{"type":"Feature","geometry":{"type":"Point","coordinates":[-116.97439779048135,49.635706327794438]},"properties":{"FIRE_NUMBER":"N70471","FIRE_YEAR":2019,"IGNITION_DATE":1559584816000,"FIRE_CAUSE":"Person","FIRE_LABEL":"2019-N70471","FIRE_CENTRE":6,"ZONE":7,"CURRENT_SIZE":0.67000000000000004}},{"type":"Feature","geometry":{"type":"Point","coordinates":[-117.83833169900726,49.920406248040976]},"properties":{"FIRE_NUMBER":"N50453","FIRE_YEAR":2003,"IGNITION_DATE":1060246800000,"FIRE_CAUSE":"Lightning","FIRE_LABEL":"2003-N50453","FIRE_CENTRE":6,"ZONE":5,"CURRENT_SIZE":1}},{"type":"Feature","geometry":{"type":"Point","coordinates":[-117.86359762614254,49.631839228120498]},"properties":{"FIRE_NUMBER":"N51469","FIRE_YEAR":2021,"IGNITION_DATE":1625162006000,"FIRE_CAUSE":"Lightning","FIRE_LABEL":"2021-N51469","FIRE_CENTRE":6,"ZONE":5,"CURRENT_SIZE":0.01}},{"type":"Feature","geometry":{"type":"Point","coordinates":[-117.85868162719322,49.639023228920614]},"properties":{"FIRE_NUMBER":"N51440","FIRE_YEAR":2023,"IGNITION_DATE":null,"FIRE_CAUSE":"Person","FIRE_LABEL":"2023-N51440","FIRE_CENTRE":6,"ZONE":5,"CURRENT_SIZE":0.0090000000000000011}},{"type":"Feature","geometry":{"type":"Point","coordinates":[-117.82350094785534,49.633272682194885]},"properties":{"FIRE_NUMBER":"N53146","FIRE_YEAR":2018,"IGNITION_DATE":1539259200000,"FIRE_CAUSE":"Person","FIRE_LABEL":"2018-N53146","FIRE_CENTRE":6,"ZONE":5,"CURRENT_SIZE":0.90000000000000002}},{"type":"Feature","geometry":{"type":"Point","coordinates":[-117.78776483450176,49.548140082097035]},"properties":{"FIRE_NUMBER":"N51541","FIRE_YEAR":2018,"IGNITION_DATE":1532789820000,"FIRE_CAUSE":"Lightning","FIRE_LABEL":"2018-N51541","FIRE_CENTRE":6,"ZONE":5,"CURRENT_SIZE":6.9000000000000004}},{"type":"Feature","geometry":{"type":"Point","coordinates":[-117.75458159733557,49.602089238660504]},"properties":{"FIRE_NUMBER":"N51319","FIRE_YEAR":2022,"IGNITION_DATE":1660233600000,"FIRE_CAUSE":"Lightning","FIRE_LABEL":"2022-N51319","FIRE_CENTRE":6,"ZONE":5,"CURRENT_SIZE":0.029999999999999999}},{"type":"Feature","geometry":{"type":"Point","coordinates":[-117.75673159338355,49.581539236905883]},"properties":{"FIRE_NUMBER":"N51275","FIRE_YEAR":2022,"IGNITION_DATE":1660298175000,"FIRE_CAUSE":"Lightning","FIRE_LABEL":"2022-N51275","FIRE_CENTRE":6,"ZONE":5,"CURRENT_SIZE":0.01}},{"type":"Feature","geometry":{"type":"Point","coordinates":[-117.73586461893038,49.692189246452585]},"properties":{"FIRE_NUMBER":"N50481","FIRE_YEAR":2002,"IGNITION_DATE":1030640400000,"FIRE_CAUSE":"Lightning","FIRE_LABEL":"2002-N50481","FIRE_CENTRE":6,"ZONE":5,"CURRENT_SIZE":0.80000000000000004}},{"type":"Feature","geometry":{"type":"Point","coordinates":[-117.74557059935201,49.615839240514021]},"properties":{"FIRE_NUMBER":"N50341","FIRE_YEAR":2023,"IGNITION_DATE":1684235458000,"FIRE_CAUSE":"Person","FIRE_LABEL":"2023-N50341","FIRE_CENTRE":6,"ZONE":5,"CURRENT_SIZE":0.0090000000000000011}},{"type":"Feature","geometry":{"type":"Point","coordinates":[-117.75251456821664,49.493989232442594]},"properties":{"FIRE_NUMBER":"N51273","FIRE_YEAR":2022,"IGNITION_DATE":1660256266000,"FIRE_CAUSE":"Lightning","FIRE_LABEL":"2022-N51273","FIRE_CENTRE":6,"ZONE":5,"CURRENT_SIZE":0.0090000000000000011}},{"type":"Feature","geometry":{"type":"Point","coordinates":[-117.74438157841013,49.53382323529916]},"properties":{"FIRE_NUMBER":"N51130","FIRE_YEAR":2022,"IGNITION_DATE":1659628800000,"FIRE_CAUSE":"Lightning","FIRE_LABEL":"2022-N51130","FIRE_CENTRE":6,"ZONE":5,"CURRENT_SIZE":0.015000000000000001}},{"type":"Feature","geometry":{"type":"Point","coordinates":[-117.74288157495057,49.525973235464505]},"properties":{"FIRE_NUMBER":"N50684","FIRE_YEAR":2022,"IGNITION_DATE":1658506440000,"FIRE_CAUSE":"Lightning","FIRE_LABEL":"2022-N50684","FIRE_CENTRE":6,"ZONE":5,"CURRENT_SIZE":0.029999999999999999}},{"type":"Feature","geometry":{"type":"Point","coordinates":[-117.74046457584006,49.529089236175992]},"properties":{"FIRE_NUMBER":"N50736","FIRE_YEAR":2022,"IGNITION_DATE":1658506440000,"FIRE_CAUSE":"Lightning","FIRE_LABEL":"2022-N50736","FIRE_CENTRE":6,"ZONE":5,"CURRENT_SIZE":0.20000000000000001}},{"type":"Feature","geometry":{"type":"Point","coordinates":[-117.71971459825795,49.630223244648057]},"properties":{"FIRE_NUMBER":"N51071","FIRE_YEAR":2022,"IGNITION_DATE":1659621600000,"FIRE_CAUSE":"Person","FIRE_LABEL":"2022-N51071","FIRE_CENTRE":6,"ZONE":5,"CURRENT_SIZE":0.0090000000000000011}},{"type":"Feature","geometry":{"type":"Point","coordinates":[-117.73674757351483,49.522956235620178]},"properties":{"FIRE_NUMBER":"N50685","FIRE_YEAR":2022,"IGNITION_DATE":1658506711000,"FIRE_CAUSE":"Lightning","FIRE_LABEL":"2022-N50685","FIRE_CENTRE":6,"ZONE":5,"CURRENT_SIZE":0.0090000000000000011}},{"type":"Feature","geometry":{"type":"Point","coordinates":[-117.70834764659314,49.592339302803872]},"properties":{"FIRE_NUMBER":"N50269","FIRE_YEAR":2021,"IGNITION_DATE":1618661968000,"FIRE_CAUSE":"Person","FIRE_LABEL":"2021-N50269","FIRE_CENTRE":6,"ZONE":5,"CURRENT_SIZE":0.90000000000000002}},{"type":"Feature","geometry":{"type":"Point","coordinates":[-117.64166161264629,49.737555259656688]},"properties":{"FIRE_NUMBER":"N50648","FIRE_YEAR":2015,"IGNITION_DATE":1439601060000,"FIRE_CAUSE":"Lightning","FIRE_LABEL":"2015-N50648","FIRE_CENTRE":6,"ZONE":5,"CURRENT_SIZE":0.02}},{"type":"Feature","geometry":{"type":"Point","coordinates":[-117.61734757517792,49.61212325457943]},"properties":{"FIRE_NUMBER":"N51453","FIRE_YEAR":2022,"IGNITION_DATE":1660256493000,"FIRE_CAUSE":"Lightning","FIRE_LABEL":"2022-N51453","FIRE_CENTRE":6,"ZONE":5,"CURRENT_SIZE":0.080000000000000002}},{"type":"Feature","geometry":{"type":"Point","coordinates":[-117.60834786983928,49.599871255095117]},"properties":{"FIRE_NUMBER":"N51248","FIRE_YEAR":2020,"IGNITION_DATE":1597688908000,"FIRE_CAUSE":"Lightning","FIRE_LABEL":"2020-N51248","FIRE_CENTRE":6,"ZONE":5,"CURRENT_SIZE":1.2}},{"type":"Feature","geometry":{"type":"Point","coordinates":[-117.60373155816021,49.562723253093118]},"properties":{"FIRE_NUMBER":"N50746","FIRE_YEAR":2022,"IGNITION_DATE":1658570487000,"FIRE_CAUSE":"Lightning","FIRE_LABEL":"2022-N50746","FIRE_CENTRE":6,"ZONE":5,"CURRENT_SIZE":0.14999999999999999}},{"type":"Feature","geometry":{"type":"Point","coordinates":[-117.58728155057905,49.541406253729875]},"properties":{"FIRE_NUMBER":"N51274","FIRE_YEAR":2022,"IGNITION_DATE":1660335953000,"FIRE_CAUSE":"Lightning","FIRE_LABEL":"2022-N51274","FIRE_CENTRE":6,"ZONE":5,"CURRENT_SIZE":0.089999999999999997}},{"type":"Feature","geometry":{"type":"Point","coordinates":[-117.59304737944144,49.506723932586965]},"properties":{"FIRE_NUMBER":"N50928","FIRE_YEAR":2018,"IGNITION_DATE":1529905260000,"FIRE_CAUSE":"Lightning","FIRE_LABEL":"2018-N50928","FIRE_CENTRE":6,"ZONE":5,"CURRENT_SIZE":0.01}},{"type":"Feature","geometry":{"type":"Point","coordinates":[-117.55398457902791,49.672488265239842]},"properties":{"FIRE_NUMBER":"N53052","FIRE_YEAR":2018,"IGNITION_DATE":1535575440000,"FIRE_CAUSE":"Lightning","FIRE_LABEL":"2018-N53052","FIRE_CENTRE":6,"ZONE":5,"CURRENT_SIZE":0.01}},{"type":"Feature","geometry":{"type":"Point","coordinates":[-117.5420475781369,49.680306267268016]},"properties":{"FIRE_NUMBER":"N50132","FIRE_YEAR":2009,"IGNITION_DATE":null,"FIRE_CAUSE":"Unknown","FIRE_LABEL":"2009-N50132","FIRE_CENTRE":6,"ZONE":5,"CURRENT_SIZE":null}},{"type":"Feature","geometry":{"type":"Point","coordinates":[-117.5283145589507,49.618072931404775]},"properties":{"FIRE_NUMBER":"N51466","FIRE_YEAR":2019,"IGNITION_DATE":1565438236000,"FIRE_CAUSE":"Lightning","FIRE_LABEL":"2019-N51466","FIRE_CENTRE":6,"ZONE":5,"CURRENT_SIZE":0.040000000000000001}},{"type":"Feature","geometry":{"type":"Point","coordinates":[-117.50308154216164,49.571023264978258]},"properties":{"FIRE_NUMBER":"N50718","FIRE_YEAR":2022,"IGNITION_DATE":1658590361000,"FIRE_CAUSE":"Lightning","FIRE_LABEL":"2022-N50718","FIRE_CENTRE":6,"ZONE":5,"CURRENT_SIZE":0.02}},{"type":"Feature","geometry":{"type":"Point","coordinates":[-117.49721453569438,49.551556264265848]},"properties":{"FIRE_NUMBER":"N71392","FIRE_YEAR":2022,"IGNITION_DATE":1660388316000,"FIRE_CAUSE":"Lightning","FIRE_LABEL":"2022-N71392","FIRE_CENTRE":6,"ZONE":7,"CURRENT_SIZE":0.10000000000000001}},{"type":"Feature","geometry":{"type":"Point","coordinates":[-117.48283153972183,49.576839267504042]},"properties":{"FIRE_NUMBER":"N51270","FIRE_YEAR":2022,"IGNITION_DATE":1660207074000,"FIRE_CAUSE":"Lightning","FIRE_LABEL":"2022-N51270","FIRE_CENTRE":6,"ZONE":5,"CURRENT_SIZE":0.0090000000000000011}},{"type":"Feature","geometry":{"type":"Point","coordinates":[-117.47671454574792,49.606524270219339]},"properties":{"FIRE_NUMBER":"N50409","FIRE_YEAR":2015,"IGNITION_DATE":1435703220000,"FIRE_CAUSE":"Lightning","FIRE_LABEL":"2015-N50409","FIRE_CENTRE":6,"ZONE":5,"CURRENT_SIZE":0.035000000000000003}},{"type":"Feature","geometry":{"type":"Point","coordinates":[-117.48846452401934,49.51317326269573]},"properties":{"FIRE_NUMBER":"N71376","FIRE_YEAR":2022,"IGNITION_DATE":1660298420000,"FIRE_CAUSE":"Lightning","FIRE_LABEL":"2022-N71376","FIRE_CENTRE":6,"ZONE":7,"CURRENT_SIZE":0.0090000000000000011}},{"type":"Feature","geometry":{"type":"Point","coordinates":[-117.46439755129649,49.632373273200386]},"properties":{"FIRE_NUMBER":"N51705","FIRE_YEAR":2021,"IGNITION_DATE":1625770063000,"FIRE_CAUSE":"Lightning","FIRE_LABEL":"2021-N51705","FIRE_CENTRE":6,"ZONE":5,"CURRENT_SIZE":6023}},{"type":"Feature","geometry":{"type":"Point","coordinates":[-117.45641454678739,49.62528927360944]},"properties":{"FIRE_NUMBER":"N52606","FIRE_YEAR":2023,"IGNITION_DATE":1691413620000,"FIRE_CAUSE":"Lightning","FIRE_LABEL":"2023-N52606","FIRE_CENTRE":6,"ZONE":5,"CURRENT_SIZE":0.52000000000000002}},{"type":"Feature","geometry":{"type":"Point","coordinates":[-117.4808975143321,49.480889262077561]},"properties":{"FIRE_NUMBER":"N70096","FIRE_YEAR":2006,"IGNITION_DATE":1151847720000,"FIRE_CAUSE":"Lightning","FIRE_LABEL":"2006-N70096","FIRE_CENTRE":6,"ZONE":7,"CURRENT_SIZE":0.10000000000000001}},{"type":"Feature","geometry":{"type":"Point","coordinates":[-117.4577145249026,49.539339268031419]},"properties":{"FIRE_NUMBER":"N71283","FIRE_YEAR":2022,"IGNITION_DATE":1660295751000,"FIRE_CAUSE":"Lightning","FIRE_LABEL":"2022-N71283","FIRE_CENTRE":6,"ZONE":7,"CURRENT_SIZE":0.0090000000000000011}},{"type":"Feature","geometry":{"type":"Point","coordinates":[-117.42497950747148,49.496939268674637]},"properties":{"FIRE_NUMBER":"N70559","FIRE_YEAR":2014,"IGNITION_DATE":1427505360000,"FIRE_CAUSE":"Lightning","FIRE_LABEL":"2014-N70559","FIRE_CENTRE":6,"ZONE":7,"CURRENT_SIZE":0.0090000000000000011}},{"type":"Feature","geometry":{"type":"Point","coordinates":[-117.38026449648738,49.489289273257725]},"properties":{"FIRE_NUMBER":"N71071","FIRE_YEAR":2023,"IGNITION_DATE":null,"FIRE_CAUSE":"Person","FIRE_LABEL":"2023-N71071","FIRE_CENTRE":6,"ZONE":7,"CURRENT_SIZE":0.0090000000000000011}},{"type":"Feature","geometry":{"type":"Point","coordinates":[-117.33609751549608,49.594256285200295]},"properties":{"FIRE_NUMBER":"N71264","FIRE_YEAR":2022,"IGNITION_DATE":1660261192000,"FIRE_CAUSE":"Lightning","FIRE_LABEL":"2022-N71264","FIRE_CENTRE":6,"ZONE":7,"CURRENT_SIZE":0.32000000000000001}},{"type":"Feature","geometry":{"type":"Point","coordinates":[-117.32573151629386,49.603223286527395]},"properties":{"FIRE_NUMBER":"N71265","FIRE_YEAR":2022,"IGNITION_DATE":1660213619000,"FIRE_CAUSE":"Lightning","FIRE_LABEL":"2022-N71265","FIRE_CENTRE":6,"ZONE":7,"CURRENT_SIZE":0.029999999999999999}},{"type":"Feature","geometry":{"type":"Point","coordinates":[-117.33568498398893,49.475138277462008]},"properties":{"FIRE_NUMBER":"N70787","FIRE_YEAR":2020,"IGNITION_DATE":1596234365000,"FIRE_CAUSE":"Person","FIRE_LABEL":"2020-N70787","FIRE_CENTRE":6,"ZONE":7,"CURRENT_SIZE":0.0090000000000000011}},{"type":"Feature","geometry":{"type":"Point","coordinates":[-117.31726449583898,49.528673282701867]},"properties":{"FIRE_NUMBER":"N71554","FIRE_YEAR":2023,"IGNITION_DATE":1688926530000,"FIRE_CAUSE":"Lightning","FIRE_LABEL":"2023-N71554","FIRE_CENTRE":6,"ZONE":7,"CURRENT_SIZE":0.0090000000000000011}},{"type":"Feature","geometry":{"type":"Point","coordinates":[-117.31076448477233,49.494106281268259]},"properties":{"FIRE_NUMBER":"N72065","FIRE_YEAR":2022,"IGNITION_DATE":1661546431000,"FIRE_CAUSE":"Lightning","FIRE_LABEL":"2022-N72065","FIRE_CENTRE":6,"ZONE":7,"CURRENT_SIZE":0.040000000000000001}},{"type":"Feature","geometry":{"type":"Point","coordinates":[-117.30689748576611,49.500506282410569]},"properties":{"FIRE_NUMBER":"N72862","FIRE_YEAR":2021,"IGNITION_DATE":1632662100000,"FIRE_CAUSE":"Person","FIRE_LABEL":"2021-N72862","FIRE_CENTRE":6,"ZONE":7,"CURRENT_SIZE":0.023}},{"type":"Feature","geometry":{"type":"Point","coordinates":[-117.29913147236725,49.456389280925031]},"properties":{"FIRE_NUMBER":"N70971","FIRE_YEAR":2023,"IGNITION_DATE":1687960805000,"FIRE_CAUSE":"Lightning","FIRE_LABEL":"2023-N70971","FIRE_CENTRE":6,"ZONE":7,"CURRENT_SIZE":0.0090000000000000011}},{"type":"Feature","geometry":{"type":"Point","coordinates":[-117.26456450431527,49.599923293827651]},"properties":{"FIRE_NUMBER":"N72075","FIRE_YEAR":2022,"IGNITION_DATE":1661508671000,"FIRE_CAUSE":"Lightning","FIRE_LABEL":"2022-N72075","FIRE_CENTRE":6,"ZONE":7,"CURRENT_SIZE":0.040000000000000001}},{"type":"Feature","geometry":{"type":"Point","coordinates":[-117.27396448611967,49.526539621468395]},"properties":{"FIRE_NUMBER":"N71181","FIRE_YEAR":2019,"IGNITION_DATE":1564758034000,"FIRE_CAUSE":"Person","FIRE_LABEL":"2019-N71181","FIRE_CENTRE":6,"ZONE":7,"CURRENT_SIZE":0.089999999999999997}},{"type":"Feature","geometry":{"type":"Point","coordinates":[-117.28051447357096,49.473956283958138]},"properties":{"FIRE_NUMBER":"N73311","FIRE_YEAR":2023,"IGNITION_DATE":1695021080000,"FIRE_CAUSE":"Person","FIRE_LABEL":"2023-N73311","FIRE_CENTRE":6,"ZONE":7,"CURRENT_SIZE":0.29999999999999999}},{"type":"Feature","geometry":{"type":"Point","coordinates":[-117.25751449753345,49.583306293494836]},"properties":{"FIRE_NUMBER":"N71982","FIRE_YEAR":2022,"IGNITION_DATE":1661432933000,"FIRE_CAUSE":"Lightning","FIRE_LABEL":"2022-N71982","FIRE_CENTRE":6,"ZONE":7,"CURRENT_SIZE":0.0090000000000000011}},{"type":"Feature","geometry":{"type":"Point","coordinates":[-117.25179979332763,49.566587992368987]},"properties":{"FIRE_NUMBER":"N71681","FIRE_YEAR":2020,"IGNITION_DATE":1599468853000,"FIRE_CAUSE":"Person","FIRE_LABEL":"2020-N71681","FIRE_CENTRE":6,"ZONE":7,"CURRENT_SIZE":0.16}},{"type":"Feature","geometry":{"type":"Point","coordinates":[-117.24399749651806,49.587989295005201]},"properties":{"FIRE_NUMBER":"N70307","FIRE_YEAR":2023,"IGNITION_DATE":1684056248000,"FIRE_CAUSE":"Person","FIRE_LABEL":"2023-N70307","FIRE_CENTRE":6,"ZONE":7,"CURRENT_SIZE":0.029999999999999999}},{"type":"Feature","geometry":{"type":"Point","coordinates":[-117.23854749361301,49.578756294883014]},"properties":{"FIRE_NUMBER":"N70303","FIRE_YEAR":2021,"IGNITION_DATE":1618768800000,"FIRE_CAUSE":"Person","FIRE_LABEL":"2021-N70303","FIRE_CENTRE":6,"ZONE":7,"CURRENT_SIZE":0.070000000000000007}},{"type":"Feature","geometry":{"type":"Point","coordinates":[-117.26112946528326,49.456850284803707]},"properties":{"FIRE_NUMBER":"N72560","FIRE_YEAR":2022,"IGNITION_DATE":1664697600000,"FIRE_CAUSE":"Person","FIRE_LABEL":"2022-N72560","FIRE_CENTRE":6,"ZONE":7,"CURRENT_SIZE":0.13}},{"type":"Feature","geometry":{"type":"Point","coordinates":[-117.26064986275739,49.447790684387343]},"properties":{"FIRE_NUMBER":"N71833","FIRE_YEAR":2020,"IGNITION_DATE":1601764200000,"FIRE_CAUSE":"Person","FIRE_LABEL":"2020-N71833","FIRE_CENTRE":6,"ZONE":7,"CURRENT_SIZE":0.10000000000000001}},{"type":"Feature","geometry":{"type":"Point","coordinates":[-117.20604628972387,49.593039135938582]},"properties":{"FIRE_NUMBER":"N71440","FIRE_YEAR":2018,"IGNITION_DATE":1532415600000,"FIRE_CAUSE":"Person","FIRE_LABEL":"2018-N71440","FIRE_CENTRE":6,"ZONE":7,"CURRENT_SIZE":0.20000000000000001}},{"type":"Feature","geometry":{"type":"Point","coordinates":[-117.21563146960875,49.508306293336169]},"properties":{"FIRE_NUMBER":"N72555","FIRE_YEAR":2023,"IGNITION_DATE":1691331230000,"FIRE_CAUSE":"Lightning","FIRE_LABEL":"2023-N72555","FIRE_CENTRE":6,"ZONE":7,"CURRENT_SIZE":0.29999999999999999}},{"type":"Feature","geometry":{"type":"Point","coordinates":[-117.20003148312688,49.566256298284429]},"properties":{"FIRE_NUMBER":"N72066","FIRE_YEAR":2022,"IGNITION_DATE":1661425096000,"FIRE_CAUSE":"Lightning","FIRE_LABEL":"2022-N72066","FIRE_CENTRE":6,"ZONE":7,"CURRENT_SIZE":0.0090000000000000011}},{"type":"Feature","geometry":{"type":"Point","coordinates":[-117.18804744784798,49.442473291937787]},"properties":{"FIRE_NUMBER":"N71317","FIRE_YEAR":2022,"IGNITION_DATE":1660215235000,"FIRE_CAUSE":"Lightning","FIRE_LABEL":"2022-N71317","FIRE_CENTRE":6,"ZONE":7,"CURRENT_SIZE":0.0090000000000000011}},{"type":"Feature","geometry":{"type":"Point","coordinates":[-117.06216445544554,49.5643893135124]},"properties":{"FIRE_NUMBER":"N70699","FIRE_YEAR":2022,"IGNITION_DATE":1658513180000,"FIRE_CAUSE":"Lightning","FIRE_LABEL":"2022-N70699","FIRE_CENTRE":6,"ZONE":7,"CURRENT_SIZE":1.6000000000000001}},{"type":"Feature","geometry":{"type":"Point","coordinates":[-117.05746444662343,49.53287331236114]},"properties":{"FIRE_NUMBER":"N71820","FIRE_YEAR":2023,"IGNITION_DATE":1689607336000,"FIRE_CAUSE":"Lightning","FIRE_LABEL":"2023-N71820","FIRE_CENTRE":6,"ZONE":7,"CURRENT_SIZE":0.0090000000000000011}},{"type":"Feature","geometry":{"type":"Point","coordinates":[-117.02814745063033,49.568623317680064]},"properties":{"FIRE_NUMBER":"N72087","FIRE_YEAR":2022,"IGNITION_DATE":1661341402000,"FIRE_CAUSE":"Lightning","FIRE_LABEL":"2022-N72087","FIRE_CENTRE":6,"ZONE":7,"CURRENT_SIZE":0.0090000000000000011}},{"type":"Feature","geometry":{"type":"Point","coordinates":[-117.45143050151391,49.45453886391855]},"properties":{"FIRE_NUMBER":"N70454","FIRE_YEAR":2020,"IGNITION_DATE":1593883823000,"FIRE_CAUSE":"Person","FIRE_LABEL":"2020-N70454","FIRE_CENTRE":6,"ZONE":7,"CURRENT_SIZE":0.0090000000000000011}},{"type":"Feature","geometry":{"type":"Point","coordinates":[-117.4593474801752,49.370173257297914]},"properties":{"FIRE_NUMBER":"N52509","FIRE_YEAR":2023,"IGNITION_DATE":1691236490000,"FIRE_CAUSE":"Lightning","FIRE_LABEL":"2023-N52509","FIRE_CENTRE":6,"ZONE":5,"CURRENT_SIZE":0.20000000000000001}},{"type":"Feature","geometry":{"type":"Point","coordinates":[-117.43738061031075,49.460489325647352]},"properties":{"FIRE_NUMBER":"N70895","FIRE_YEAR":2021,"IGNITION_DATE":1624536000000,"FIRE_CAUSE":"Person","FIRE_LABEL":"2021-N70895","FIRE_CENTRE":6,"ZONE":7,"CURRENT_SIZE":0.0090000000000000011}},{"type":"Feature","geometry":{"type":"Point","coordinates":[-117.4413814923325,49.428706263136647]},"properties":{"FIRE_NUMBER":"N72091","FIRE_YEAR":2022,"IGNITION_DATE":1661601600000,"FIRE_CAUSE":"Lightning","FIRE_LABEL":"2022-N72091","FIRE_CENTRE":6,"ZONE":7,"CURRENT_SIZE":0.080000000000000002}},{"type":"Feature","geometry":{"type":"Point","coordinates":[-117.43401447278295,49.360723259931547]},"properties":{"FIRE_NUMBER":"N52338","FIRE_YEAR":2022,"IGNITION_DATE":1662662872000,"FIRE_CAUSE":"Lightning","FIRE_LABEL":"2022-N52338","FIRE_CENTRE":6,"ZONE":5,"CURRENT_SIZE":0.059999999999999998}},{"type":"Feature","geometry":{"type":"Point","coordinates":[-117.41268148519875,49.419673265474394]},"properties":{"FIRE_NUMBER":"N71860","FIRE_YEAR":2022,"IGNITION_DATE":1661264880000,"FIRE_CAUSE":"Lightning","FIRE_LABEL":"2022-N71860","FIRE_CENTRE":6,"ZONE":7,"CURRENT_SIZE":24.5}},{"type":"Feature","geometry":{"type":"Point","coordinates":[-117.34198147800669,49.444139274921362]},"properties":{"FIRE_NUMBER":"N72624","FIRE_YEAR":2023,"IGNITION_DATE":1691416472000,"FIRE_CAUSE":"Lightning","FIRE_LABEL":"2023-N72624","FIRE_CENTRE":6,"ZONE":7,"CURRENT_SIZE":0.015000000000000001}},{"type":"Feature","geometry":{"type":"Point","coordinates":[-117.33334746875043,49.416673274674928]},"properties":{"FIRE_NUMBER":"N70096","FIRE_YEAR":2000,"IGNITION_DATE":null,"FIRE_CAUSE":"Unknown","FIRE_LABEL":"2000-N70096","FIRE_CENTRE":6,"ZONE":7,"CURRENT_SIZE":null}},{"type":"Feature","geometry":{"type":"Point","coordinates":[-117.31739745272971,49.364839273230984]},"properties":{"FIRE_NUMBER":"N71901","FIRE_YEAR":2022,"IGNITION_DATE":1661274000000,"FIRE_CAUSE":"Lightning","FIRE_LABEL":"2022-N71901","FIRE_CENTRE":6,"ZONE":7,"CURRENT_SIZE":0.01}},{"type":"Feature","geometry":{"type":"Point","coordinates":[-117.28321446366746,49.43533928105164]},"properties":{"FIRE_NUMBER":"N72836","FIRE_YEAR":2023,"IGNITION_DATE":1692362989000,"FIRE_CAUSE":"Lightning","FIRE_LABEL":"2023-N72836","FIRE_CENTRE":6,"ZONE":7,"CURRENT_SIZE":0.015000000000000001}},{"type":"Feature","geometry":{"type":"Point","coordinates":[-117.28204746360755,49.435339281257413]},"properties":{"FIRE_NUMBER":"N72731","FIRE_YEAR":2023,"IGNITION_DATE":1691342923000,"FIRE_CAUSE":"Lightning","FIRE_LABEL":"2023-N72731","FIRE_CENTRE":6,"ZONE":7,"CURRENT_SIZE":0.0090000000000000011}},{"type":"Feature","geometry":{"type":"Point","coordinates":[-117.28714745570508,49.399123278353827]},"properties":{"FIRE_NUMBER":"N71869","FIRE_YEAR":2022,"IGNITION_DATE":1661214729000,"FIRE_CAUSE":"Lightning","FIRE_LABEL":"2022-N71869","FIRE_CENTRE":6,"ZONE":7,"CURRENT_SIZE":0.01}},{"type":"Feature","geometry":{"type":"Point","coordinates":[-117.28176445502545,49.402839278985589]},"properties":{"FIRE_NUMBER":"N70525","FIRE_YEAR":2022,"IGNITION_DATE":1657261121000,"FIRE_CAUSE":"Lightning","FIRE_LABEL":"2022-N70525","FIRE_CENTRE":6,"ZONE":7,"CURRENT_SIZE":0.0090000000000000011}},{"type":"Feature","geometry":{"type":"Point","coordinates":[-117.25984746042991,49.440056283803585]},"properties":{"FIRE_NUMBER":"N70784","FIRE_YEAR":2021,"IGNITION_DATE":1623621042000,"FIRE_CAUSE":"Lightning","FIRE_LABEL":"2021-N70784","FIRE_CENTRE":6,"ZONE":7,"CURRENT_SIZE":0.059999999999999998}},{"type":"Feature","geometry":{"type":"Point","coordinates":[-117.2617144547833,49.413306282461065]},"properties":{"FIRE_NUMBER":"N71885","FIRE_YEAR":2022,"IGNITION_DATE":1661265258000,"FIRE_CAUSE":"Lightning","FIRE_LABEL":"2022-N71885","FIRE_CENTRE":6,"ZONE":7,"CURRENT_SIZE":0.0090000000000000011}},{"type":"Feature","geometry":{"type":"Point","coordinates":[-117.25363077365867,49.367922387288537]},"properties":{"FIRE_NUMBER":"N53115","FIRE_YEAR":2018,"IGNITION_DATE":1539259200000,"FIRE_CAUSE":"Person","FIRE_LABEL":"2018-N53115","FIRE_CENTRE":6,"ZONE":5,"CURRENT_SIZE":0.5}},{"type":"Feature","geometry":{"type":"Point","coordinates":[-117.2228474519398,49.435089288041894]},"properties":{"FIRE_NUMBER":"N71877","FIRE_YEAR":2022,"IGNITION_DATE":1661253489000,"FIRE_CAUSE":"Lightning","FIRE_LABEL":"2022-N71877","FIRE_CENTRE":6,"ZONE":7,"CURRENT_SIZE":0.0090000000000000011}},{"type":"Feature","geometry":{"type":"Point","coordinates":[-117.19943144624587,49.426673289997538]},"properties":{"FIRE_NUMBER":"N71883","FIRE_YEAR":2022,"IGNITION_DATE":1661266800000,"FIRE_CAUSE":"Lightning","FIRE_LABEL":"2022-N71883","FIRE_CENTRE":6,"ZONE":7,"CURRENT_SIZE":0.0090000000000000011}},{"type":"Feature","geometry":{"type":"Point","coordinates":[-117.19574744463817,49.427289290267858]},"properties":{"FIRE_NUMBER":"N71383","FIRE_YEAR":2022,"IGNITION_DATE":1660302283000,"FIRE_CAUSE":"Lightning","FIRE_LABEL":"2022-N71383","FIRE_CENTRE":6,"ZONE":7,"CURRENT_SIZE":0.0090000000000000011}},{"type":"Feature","geometry":{"type":"Point","coordinates":[-117.19661442161238,49.337023284309659]},"properties":{"FIRE_NUMBER":"N50762","FIRE_YEAR":2023,"IGNITION_DATE":1686046533000,"FIRE_CAUSE":"Lightning","FIRE_LABEL":"2023-N50762","FIRE_CENTRE":6,"ZONE":5,"CURRENT_SIZE":0.0090000000000000011}},{"type":"Feature","geometry":{"type":"Point","coordinates":[-117.1531474122871,49.330756288577788]},"properties":{"FIRE_NUMBER":"N52610","FIRE_YEAR":2023,"IGNITION_DATE":1691338811000,"FIRE_CAUSE":"Lightning","FIRE_LABEL":"2023-N52610","FIRE_CENTRE":6,"ZONE":5,"CURRENT_SIZE":0.0090000000000000011}},{"type":"Feature","geometry":{"type":"Point","coordinates":[-117.13879742450328,49.391623294314151]},"properties":{"FIRE_NUMBER":"N71873","FIRE_YEAR":2022,"IGNITION_DATE":1661270400000,"FIRE_CAUSE":"Lightning","FIRE_LABEL":"2022-N71873","FIRE_CENTRE":6,"ZONE":7,"CURRENT_SIZE":0.0090000000000000011}},{"type":"Feature","geometry":{"type":"Point","coordinates":[-117.12159742787082,49.413473297628038]},"properties":{"FIRE_NUMBER":"N72608","FIRE_YEAR":2023,"IGNITION_DATE":1691247859000,"FIRE_CAUSE":"Lightning","FIRE_LABEL":"2023-N72608","FIRE_CENTRE":6,"ZONE":7,"CURRENT_SIZE":0.16}},{"type":"Feature","geometry":{"type":"Point","coordinates":[-117.13076441219567,49.348706292585206]},"properties":{"FIRE_NUMBER":"N51881","FIRE_YEAR":2022,"IGNITION_DATE":1661077567000,"FIRE_CAUSE":"Lightning","FIRE_LABEL":"2022-N51881","FIRE_CENTRE":6,"ZONE":5,"CURRENT_SIZE":796}},{"type":"Feature","geometry":{"type":"Point","coordinates":[-117.08591441350518,49.386406299782976]},"properties":{"FIRE_NUMBER":"N71931","FIRE_YEAR":2022,"IGNITION_DATE":1661267946000,"FIRE_CAUSE":"Lightning","FIRE_LABEL":"2022-N71931","FIRE_CENTRE":6,"ZONE":7,"CURRENT_SIZE":0.089999999999999997}},{"type":"Feature","geometry":{"type":"Point","coordinates":[-116.85663132952075,49.233373315262519]},"properties":{"FIRE_NUMBER":"N72523","FIRE_YEAR":2023,"IGNITION_DATE":1691252520000,"FIRE_CAUSE":"Lightning","FIRE_LABEL":"2023-N72523","FIRE_CENTRE":6,"ZONE":7,"CURRENT_SIZE":0.070000000000000007}},{"type":"Feature","geometry":{"type":"Point","coordinates":[-116.88133135625368,49.316256318188991]},"properties":{"FIRE_NUMBER":"N71245","FIRE_YEAR":2021,"IGNITION_DATE":1625168368000,"FIRE_CAUSE":"Lightning","FIRE_LABEL":"2021-N71245","FIRE_CENTRE":6,"ZONE":7,"CURRENT_SIZE":7589}},{"type":"Feature","geometry":{"type":"Point","coordinates":[-116.66921431618162,49.321573008856618]},"properties":{"FIRE_NUMBER":"N71094","FIRE_YEAR":2019,"IGNITION_DATE":1563921955000,"FIRE_CAUSE":"Lightning","FIRE_LABEL":"2019-N71094","FIRE_CENTRE":6,"ZONE":7,"CURRENT_SIZE":5.2999999999999998}},{"type":"Feature","geometry":{"type":"Point","coordinates":[-116.70843099289847,49.329389671013075]},"properties":{"FIRE_NUMBER":"N71809","FIRE_YEAR":2019,"IGNITION_DATE":1570989600000,"FIRE_CAUSE":"Person","FIRE_LABEL":"2019-N71809","FIRE_CENTRE":6,"ZONE":7,"CURRENT_SIZE":0.20000000000000001}},{"type":"Feature","geometry":{"type":"Point","coordinates":[-116.66759731941482,49.337173342779273]},"properties":{"FIRE_NUMBER":"N72092","FIRE_YEAR":2022,"IGNITION_DATE":1661617792000,"FIRE_CAUSE":"Lightning","FIRE_LABEL":"2022-N72092","FIRE_CENTRE":6,"ZONE":7,"CURRENT_SIZE":0.12}},{"type":"Feature","geometry":{"type":"Point","coordinates":[-116.67236432353178,49.345823010037066]},"properties":{"FIRE_NUMBER":"N71354","FIRE_YEAR":2019,"IGNITION_DATE":1565446800000,"FIRE_CAUSE":"Lightning","FIRE_LABEL":"2019-N71354","FIRE_CENTRE":6,"ZONE":7,"CURRENT_SIZE":0.0090000000000000011}},{"type":"Feature","geometry":{"type":"Point","coordinates":[-116.72606434277458,49.381656339579202]},"properties":{"FIRE_NUMBER":"N70051","FIRE_YEAR":2004,"IGNITION_DATE":1086705360000,"FIRE_CAUSE":"Unknown","FIRE_LABEL":"2004-N70051","FIRE_CENTRE":6,"ZONE":7,"CURRENT_SIZE":0.001}},{"type":"Feature","geometry":{"type":"Point","coordinates":[-116.72618134427418,49.387506339643885]},"properties":{"FIRE_NUMBER":"N70170","FIRE_YEAR":2008,"IGNITION_DATE":1215524640000,"FIRE_CAUSE":"Unknown","FIRE_LABEL":"2008-N70170","FIRE_CENTRE":6,"ZONE":7,"CURRENT_SIZE":0.01}},{"type":"Feature","geometry":{"type":"Point","coordinates":[-116.72038101242553,49.395889674444611]},"properties":{"FIRE_NUMBER":"N71083","FIRE_YEAR":2019,"IGNITION_DATE":1563947644000,"FIRE_CAUSE":"Lightning","FIRE_LABEL":"2019-N71083","FIRE_CENTRE":6,"ZONE":7,"CURRENT_SIZE":0.0090000000000000011}},{"type":"Feature","geometry":{"type":"Point","coordinates":[-116.85073105014216,49.443872996002128]},"properties":{"FIRE_NUMBER":"N70567","FIRE_YEAR":2019,"IGNITION_DATE":1560443280000,"FIRE_CAUSE":"Lightning","FIRE_LABEL":"2019-N70567","FIRE_CENTRE":6,"ZONE":7,"CURRENT_SIZE":0.29999999999999999}},{"type":"Feature","geometry":{"type":"Point","coordinates":[-116.75643136597733,49.447473340449662]},"properties":{"FIRE_NUMBER":"N70302","FIRE_YEAR":2021,"IGNITION_DATE":1618761600000,"FIRE_CAUSE":"Person","FIRE_LABEL":"2021-N70302","FIRE_CENTRE":6,"ZONE":7,"CURRENT_SIZE":0.0090000000000000011}},{"type":"Feature","geometry":{"type":"Point","coordinates":[-116.66956434850569,49.446923349606941]},"properties":{"FIRE_NUMBER":"N71448","FIRE_YEAR":2022,"IGNITION_DATE":1660478400000,"FIRE_CAUSE":"Lightning","FIRE_LABEL":"2022-N71448","FIRE_CENTRE":6,"ZONE":7,"CURRENT_SIZE":0.01}},{"type":"Feature","geometry":{"type":"Point","coordinates":[-116.75749736725722,49.454739340585881]},"properties":{"FIRE_NUMBER":"N70309","FIRE_YEAR":2007,"IGNITION_DATE":null,"FIRE_CAUSE":"Unknown","FIRE_LABEL":"2007-N70309","FIRE_CENTRE":6,"ZONE":7,"CURRENT_SIZE":null}},{"type":"Feature","geometry":{"type":"Point","coordinates":[-116.70818102545942,49.457839679271778]},"properties":{"FIRE_NUMBER":"N71208","FIRE_YEAR":2019,"IGNITION_DATE":1564721862000,"FIRE_CAUSE":"Lightning","FIRE_LABEL":"2019-N71208","FIRE_CENTRE":6,"ZONE":7,"CURRENT_SIZE":0.0090000000000000011}},{"type":"Feature","geometry":{"type":"Point","coordinates":[-116.67639735360113,49.461589349844935]},"properties":{"FIRE_NUMBER":"N71686","FIRE_YEAR":2021,"IGNITION_DATE":1625669124000,"FIRE_CAUSE":"Lightning","FIRE_LABEL":"2021-N71686","FIRE_CENTRE":6,"ZONE":7,"CURRENT_SIZE":3795}},{"type":"Feature","geometry":{"type":"Point","coordinates":[-116.84265049390144,49.492106133760132]},"properties":{"FIRE_NUMBER":"N71359","FIRE_YEAR":2020,"IGNITION_DATE":1598035538000,"FIRE_CAUSE":"Person","FIRE_LABEL":"2020-N71359","FIRE_CENTRE":6,"ZONE":7,"CURRENT_SIZE":0.089999999999999997}},{"type":"Feature","geometry":{"type":"Point","coordinates":[-116.89184741275082,49.529056330054701]},"properties":{"FIRE_NUMBER":"N71378","FIRE_YEAR":2022,"IGNITION_DATE":1660330831000,"FIRE_CAUSE":"Lightning","FIRE_LABEL":"2022-N71378","FIRE_CENTRE":6,"ZONE":7,"CURRENT_SIZE":0.0090000000000000011}},{"type":"Feature","geometry":{"type":"Point","coordinates":[-116.78158039412212,49.535256343351818]},"properties":{"FIRE_NUMBER":"N70435","FIRE_YEAR":2022,"IGNITION_DATE":null,"FIRE_CAUSE":"Person","FIRE_LABEL":"2022-N70435","FIRE_CENTRE":6,"ZONE":7,"CURRENT_SIZE":0.0090000000000000011}},{"type":"Feature","geometry":{"type":"Point","coordinates":[-116.62593135994013,49.522923359723762]},"properties":{"FIRE_NUMBER":"N11795","FIRE_YEAR":2021,"IGNITION_DATE":1625914800000,"FIRE_CAUSE":"Lightning","FIRE_LABEL":"2021-N11795","FIRE_CENTRE":6,"ZONE":1,"CURRENT_SIZE":1130}},{"type":"Feature","geometry":{"type":"Point","coordinates":[-116.74639739372746,49.56067234877132]},"properties":{"FIRE_NUMBER":"N72609","FIRE_YEAR":2023,"IGNITION_DATE":1691361960000,"FIRE_CAUSE":"Lightning","FIRE_LABEL":"2023-N72609","FIRE_CENTRE":6,"ZONE":7,"CURRENT_SIZE":0.29999999999999999}},{"type":"Feature","geometry":{"type":"Point","coordinates":[-116.7949644037151,49.565889343740587]},"properties":{"FIRE_NUMBER":"N70365","FIRE_YEAR":2021,"IGNITION_DATE":1619010014000,"FIRE_CAUSE":"Person","FIRE_LABEL":"2021-N70365","FIRE_CENTRE":6,"ZONE":7,"CURRENT_SIZE":0.0090000000000000011}},{"type":"Feature","geometry":{"type":"Point","coordinates":[-116.65126430407757,49.290506341926985]},"properties":{"FIRE_NUMBER":"N71973","FIRE_YEAR":2020,"IGNITION_DATE":1616935718000,"FIRE_CAUSE":"Person","FIRE_LABEL":"2020-N71973","FIRE_CENTRE":6,"ZONE":7,"CURRENT_SIZE":7.6000000000000005}},{"type":"Feature","geometry":{"type":"Point","coordinates":[-117.93518157528709,49.386839204993187]},"properties":{"FIRE_NUMBER":"N52522","FIRE_YEAR":2023,"IGNITION_DATE":1691236034000,"FIRE_CAUSE":"Lightning","FIRE_LABEL":"2023-N52522","FIRE_CENTRE":6,"ZONE":5,"CURRENT_SIZE":2.5}},{"type":"Feature","geometry":{"type":"Point","coordinates":[-117.93609757251775,49.373523204002154]},"properties":{"FIRE_NUMBER":"N52711","FIRE_YEAR":2021,"IGNITION_DATE":1629556982000,"FIRE_CAUSE":"Lightning","FIRE_LABEL":"2021-N52711","FIRE_CENTRE":6,"ZONE":5,"CURRENT_SIZE":0.015000000000000001}},{"type":"Feature","geometry":{"type":"Point","coordinates":[-117.93151456920771,49.364756204308435]},"properties":{"FIRE_NUMBER":"N50147","FIRE_YEAR":2000,"IGNITION_DATE":963943200000,"FIRE_CAUSE":"Unknown","FIRE_LABEL":"2000-N50147","FIRE_CENTRE":6,"ZONE":5,"CURRENT_SIZE":0}},{"type":"Feature","geometry":{"type":"Point","coordinates":[-117.88161398958485,49.377424728408776]},"properties":{"FIRE_NUMBER":"N52548","FIRE_YEAR":2018,"IGNITION_DATE":1533989700000,"FIRE_CAUSE":"Lightning","FIRE_LABEL":"2018-N52548","FIRE_CENTRE":6,"ZONE":5,"CURRENT_SIZE":3193}},{"type":"Feature","geometry":{"type":"Point","coordinates":[-117.83368153852348,49.317339212412797]},"properties":{"FIRE_NUMBER":"N50583","FIRE_YEAR":2008,"IGNITION_DATE":1218281400000,"FIRE_CAUSE":"Lightning","FIRE_LABEL":"2008-N50583","FIRE_CENTRE":6,"ZONE":5,"CURRENT_SIZE":0.0090000000000000011}},{"type":"Feature","geometry":{"type":"Point","coordinates":[-117.7639815644587,49.467639229582254]},"properties":{"FIRE_NUMBER":"N52847","FIRE_YEAR":2023,"IGNITION_DATE":1692436027000,"FIRE_CAUSE":"Lightning","FIRE_LABEL":"2023-N52847","FIRE_CENTRE":6,"ZONE":5,"CURRENT_SIZE":99}},{"type":"Feature","geometry":{"type":"Point","coordinates":[-117.7731468625207,49.363722347779998]},"properties":{"FIRE_NUMBER":"N50621","FIRE_YEAR":2018,"IGNITION_DATE":1529513640000,"FIRE_CAUSE":"Lightning","FIRE_LABEL":"2018-N50621","FIRE_CENTRE":6,"ZONE":5,"CURRENT_SIZE":0.01}},{"type":"Feature","geometry":{"type":"Point","coordinates":[-117.72871454721006,49.426589231056269]},"properties":{"FIRE_NUMBER":"N52741","FIRE_YEAR":2023,"IGNITION_DATE":1691930477000,"FIRE_CAUSE":"Lightning","FIRE_LABEL":"2023-N52741","FIRE_CENTRE":6,"ZONE":5,"CURRENT_SIZE":0.0090000000000000011}},{"type":"Feature","geometry":{"type":"Point","coordinates":[-117.71344755578195,49.4722232353365]},"properties":{"FIRE_NUMBER":"N52155","FIRE_YEAR":2022,"IGNITION_DATE":1661761108000,"FIRE_CAUSE":"Lightning","FIRE_LABEL":"2022-N52155","FIRE_CENTRE":6,"ZONE":5,"CURRENT_SIZE":0.050000000000000003}},{"type":"Feature","geometry":{"type":"Point","coordinates":[-117.72149753592379,49.389706228947126]},"properties":{"FIRE_NUMBER":"N52680","FIRE_YEAR":2023,"IGNITION_DATE":1691603855000,"FIRE_CAUSE":"Lightning","FIRE_LABEL":"2023-N52680","FIRE_CENTRE":6,"ZONE":5,"CURRENT_SIZE":0.0090000000000000011}},{"type":"Feature","geometry":{"type":"Point","coordinates":[-117.68043153793289,49.429223236280301]},"properties":{"FIRE_NUMBER":"N52664","FIRE_YEAR":2023,"IGNITION_DATE":1691584958000,"FIRE_CAUSE":"Lightning","FIRE_LABEL":"2023-N52664","FIRE_CENTRE":6,"ZONE":5,"CURRENT_SIZE":0.01}},{"type":"Feature","geometry":{"type":"Point","coordinates":[-117.68043153793289,49.429223236280301]},"properties":{"FIRE_NUMBER":"N52764","FIRE_YEAR":2023,"IGNITION_DATE":1691584957000,"FIRE_CAUSE":"Lightning","FIRE_LABEL":"2023-N52764","FIRE_CENTRE":6,"ZONE":5,"CURRENT_SIZE":10.41}},{"type":"Feature","geometry":{"type":"Point","coordinates":[-117.66619752768591,49.398173236390804]},"properties":{"FIRE_NUMBER":"N50348","FIRE_YEAR":2021,"IGNITION_DATE":1618928552000,"FIRE_CAUSE":"Person","FIRE_LABEL":"2021-N50348","FIRE_CENTRE":6,"ZONE":5,"CURRENT_SIZE":1.5600000000000001}},{"type":"Feature","geometry":{"type":"Point","coordinates":[-117.65446453980776,49.451906240838298]},"properties":{"FIRE_NUMBER":"N51271","FIRE_YEAR":2022,"IGNITION_DATE":1660233600000,"FIRE_CAUSE":"Lightning","FIRE_LABEL":"2022-N51271","FIRE_CENTRE":6,"ZONE":5,"CURRENT_SIZE":0.0090000000000000011}},{"type":"Feature","geometry":{"type":"Point","coordinates":[-117.66328152014866,49.371489235042318]},"properties":{"FIRE_NUMBER":"N52686","FIRE_YEAR":2023,"IGNITION_DATE":1691602576000,"FIRE_CAUSE":"Lightning","FIRE_LABEL":"2023-N52686","FIRE_CENTRE":6,"ZONE":5,"CURRENT_SIZE":0.01}},{"type":"Feature","geometry":{"type":"Point","coordinates":[-117.63776454051194,49.467289243836937]},"properties":{"FIRE_NUMBER":"N51487","FIRE_YEAR":2023,"IGNITION_DATE":1688922605000,"FIRE_CAUSE":"Lightning","FIRE_LABEL":"2023-N51487","FIRE_CENTRE":6,"ZONE":5,"CURRENT_SIZE":0.059999999999999998}},{"type":"Feature","geometry":{"type":"Point","coordinates":[-117.66888149999475,49.290056228812489]},"properties":{"FIRE_NUMBER":"N50487","FIRE_YEAR":2014,"IGNITION_DATE":null,"FIRE_CAUSE":"Unknown","FIRE_LABEL":"2014-N50487","FIRE_CENTRE":6,"ZONE":5,"CURRENT_SIZE":null}},{"type":"Feature","geometry":{"type":"Point","coordinates":[-117.59826453483591,49.478139248293708]},"properties":{"FIRE_NUMBER":"N51601","FIRE_YEAR":2023,"IGNITION_DATE":1689163983000,"FIRE_CAUSE":"Lightning","FIRE_LABEL":"2023-N51601","FIRE_CENTRE":6,"ZONE":5,"CURRENT_SIZE":0.10000000000000001}},{"type":"Feature","geometry":{"type":"Point","coordinates":[-117.60834752195584,49.418956243939228]},"properties":{"FIRE_NUMBER":"N50196","FIRE_YEAR":2023,"IGNITION_DATE":1683128203000,"FIRE_CAUSE":"Person","FIRE_LABEL":"2023-N50196","FIRE_CENTRE":6,"ZONE":5,"CURRENT_SIZE":3.5}},{"type":"Feature","geometry":{"type":"Point","coordinates":[-117.58502450088071,49.353304242350717]},"properties":{"FIRE_NUMBER":"N51869","FIRE_YEAR":2020,"IGNITION_DATE":1616078960000,"FIRE_CAUSE":"Person","FIRE_LABEL":"2020-N51869","FIRE_CENTRE":6,"ZONE":5,"CURRENT_SIZE":0.10000000000000001}},{"type":"Feature","geometry":{"type":"Point","coordinates":[-117.57503150386233,49.372323244643297]},"properties":{"FIRE_NUMBER":"N50518","FIRE_YEAR":2023,"IGNITION_DATE":1685223580000,"FIRE_CAUSE":"Lightning","FIRE_LABEL":"2023-N50518","FIRE_CENTRE":6,"ZONE":5,"CURRENT_SIZE":0.0090000000000000011}},{"type":"Feature","geometry":{"type":"Point","coordinates":[-117.5419456722227,49.458506162068424]},"properties":{"FIRE_NUMBER":"N50483","FIRE_YEAR":2018,"IGNITION_DATE":1528076940000,"FIRE_CAUSE":"Lightning","FIRE_LABEL":"2018-N50483","FIRE_CENTRE":6,"ZONE":5,"CURRENT_SIZE":0.0090000000000000011}},{"type":"Feature","geometry":{"type":"Point","coordinates":[-117.55234750536118,49.394473248580127]},"properties":{"FIRE_NUMBER":"N52426","FIRE_YEAR":2023,"IGNITION_DATE":1690981200000,"FIRE_CAUSE":"Person","FIRE_LABEL":"2023-N52426","FIRE_CENTRE":6,"ZONE":5,"CURRENT_SIZE":0.10000000000000001}},{"type":"Feature","geometry":{"type":"Point","coordinates":[-117.52603069037674,49.359873348941584]},"properties":{"FIRE_NUMBER":"N51643","FIRE_YEAR":2020,"IGNITION_DATE":1599469200000,"FIRE_CAUSE":"Person","FIRE_LABEL":"2020-N51643","FIRE_CENTRE":6,"ZONE":5,"CURRENT_SIZE":0.0090000000000000011}},{"type":"Feature","geometry":{"type":"Point","coordinates":[-117.5205644576791,49.235673242316182]},"properties":{"FIRE_NUMBER":"N50312","FIRE_YEAR":2023,"IGNITION_DATE":1684075204000,"FIRE_CAUSE":"Person","FIRE_LABEL":"2023-N50312","FIRE_CENTRE":6,"ZONE":5,"CURRENT_SIZE":0.0090000000000000011}},{"type":"Feature","geometry":{"type":"Point","coordinates":[-117.5024814638376,49.273156246185451]},"properties":{"FIRE_NUMBER":"N52970","FIRE_YEAR":2023,"IGNITION_DATE":1691345020000,"FIRE_CAUSE":"Lightning","FIRE_LABEL":"2023-N52970","FIRE_CENTRE":6,"ZONE":5,"CURRENT_SIZE":0.11}},{"type":"Feature","geometry":{"type":"Point","coordinates":[-117.48209744559361,49.220323245346876]},"properties":{"FIRE_NUMBER":"N52198","FIRE_YEAR":2021,"IGNITION_DATE":1627312550000,"FIRE_CAUSE":"Person","FIRE_LABEL":"2021-N52198","FIRE_CENTRE":6,"ZONE":5,"CURRENT_SIZE":0.5}},{"type":"Feature","geometry":{"type":"Point","coordinates":[-117.45289777210373,49.212672914931822]},"properties":{"FIRE_NUMBER":"N51800","FIRE_YEAR":2019,"IGNITION_DATE":1570366800000,"FIRE_CAUSE":"Person","FIRE_LABEL":"2019-N51800","FIRE_CENTRE":6,"ZONE":5,"CURRENT_SIZE":0.0090000000000000011}},{"type":"Feature","geometry":{"type":"Point","coordinates":[-117.42779744834363,49.268956254614913]},"properties":{"FIRE_NUMBER":"N52577","FIRE_YEAR":2022,"IGNITION_DATE":1664817925000,"FIRE_CAUSE":"Person","FIRE_LABEL":"2022-N52577","FIRE_CENTRE":6,"ZONE":5,"CURRENT_SIZE":0.59999999999999998}},{"type":"Feature","geometry":{"type":"Point","coordinates":[-117.39894746160124,49.338973262481417]},"properties":{"FIRE_NUMBER":"N52675","FIRE_YEAR":2023,"IGNITION_DATE":1691599260000,"FIRE_CAUSE":"Lightning","FIRE_LABEL":"2023-N52675","FIRE_CENTRE":6,"ZONE":5,"CURRENT_SIZE":0.0090000000000000011}},{"type":"Feature","geometry":{"type":"Point","coordinates":[-117.36159744137819,49.292473263315976]},"properties":{"FIRE_NUMBER":"N51088","FIRE_YEAR":2022,"IGNITION_DATE":1659531600000,"FIRE_CAUSE":"Person","FIRE_LABEL":"2022-N51088","FIRE_CENTRE":6,"ZONE":5,"CURRENT_SIZE":0.0090000000000000011}},{"type":"Feature","geometry":{"type":"Point","coordinates":[-117.37191442724975,49.230422924950972]},"properties":{"FIRE_NUMBER":"N50581","FIRE_YEAR":2019,"IGNITION_DATE":1560451556000,"FIRE_CAUSE":"Lightning","FIRE_LABEL":"2019-N50581","FIRE_CENTRE":6,"ZONE":5,"CURRENT_SIZE":0.01}},{"type":"Feature","geometry":{"type":"Point","coordinates":[-117.31971444198093,49.32362326996099]},"properties":{"FIRE_NUMBER":"N52736","FIRE_YEAR":2023,"IGNITION_DATE":1691513700000,"FIRE_CAUSE":"Lightning","FIRE_LABEL":"2023-N52736","FIRE_CENTRE":6,"ZONE":5,"CURRENT_SIZE":0.01}},{"type":"Feature","geometry":{"type":"Point","coordinates":[-117.29104740329574,49.194239264827587]},"properties":{"FIRE_NUMBER":"N52201","FIRE_YEAR":2021,"IGNITION_DATE":null,"FIRE_CAUSE":"Person","FIRE_LABEL":"2021-N52201","FIRE_CENTRE":6,"ZONE":5,"CURRENT_SIZE":0.0090000000000000011}},{"type":"Feature","geometry":{"type":"Point","coordinates":[-117.26101441655648,49.270806273227002]},"properties":{"FIRE_NUMBER":"N50663","FIRE_YEAR":2022,"IGNITION_DATE":1658384376000,"FIRE_CAUSE":"Lightning","FIRE_LABEL":"2022-N50663","FIRE_CENTRE":6,"ZONE":5,"CURRENT_SIZE":0.02}},{"type":"Feature","geometry":{"type":"Point","coordinates":[-117.23489739940925,49.222156273082184]},"properties":{"FIRE_NUMBER":"N50893","FIRE_YEAR":2021,"IGNITION_DATE":1624503438000,"FIRE_CAUSE":"Lightning","FIRE_LABEL":"2021-N50893","FIRE_CENTRE":6,"ZONE":5,"CURRENT_SIZE":0.0030000000000000001}},{"type":"Feature","geometry":{"type":"Point","coordinates":[-117.21113040468963,49.262039278049322]},"properties":{"FIRE_NUMBER":"N52442","FIRE_YEAR":2023,"IGNITION_DATE":null,"FIRE_CAUSE":"Person","FIRE_LABEL":"2023-N52442","FIRE_CENTRE":6,"ZONE":5,"CURRENT_SIZE":0.050000000000000003}},{"type":"Feature","geometry":{"type":"Point","coordinates":[-117.17971441466558,49.320806284961002]},"properties":{"FIRE_NUMBER":"N52749","FIRE_YEAR":2023,"IGNITION_DATE":1691962419000,"FIRE_CAUSE":"Lightning","FIRE_LABEL":"2023-N52749","FIRE_CENTRE":6,"ZONE":5,"CURRENT_SIZE":0.040000000000000001}},{"type":"Feature","geometry":{"type":"Point","coordinates":[-117.18572912814689,49.285173976740282]},"properties":{"FIRE_NUMBER":"N51404","FIRE_YEAR":2018,"IGNITION_DATE":1532250000000,"FIRE_CAUSE":"Person","FIRE_LABEL":"2018-N51404","FIRE_CENTRE":6,"ZONE":5,"CURRENT_SIZE":0.059999999999999998}},{"type":"Feature","geometry":{"type":"Point","coordinates":[-117.1830313943416,49.241356279731214]},"properties":{"FIRE_NUMBER":"N52045","FIRE_YEAR":2022,"IGNITION_DATE":1661435642000,"FIRE_CAUSE":"Lightning","FIRE_LABEL":"2022-N52045","FIRE_CENTRE":6,"ZONE":5,"CURRENT_SIZE":0.040000000000000001}},{"type":"Feature","geometry":{"type":"Point","coordinates":[-117.12911439968781,49.302906289713199]},"properties":{"FIRE_NUMBER":"N51505","FIRE_YEAR":2022,"IGNITION_DATE":1660586400000,"FIRE_CAUSE":"Lightning","FIRE_LABEL":"2022-N51505","FIRE_CENTRE":6,"ZONE":5,"CURRENT_SIZE":8.9000000000000004}},{"type":"Feature","geometry":{"type":"Point","coordinates":[-117.1223474008959,49.309206291161956]},"properties":{"FIRE_NUMBER":"N52576","FIRE_YEAR":2023,"IGNITION_DATE":1691338549000,"FIRE_CAUSE":"Lightning","FIRE_LABEL":"2023-N52576","FIRE_CENTRE":6,"ZONE":5,"CURRENT_SIZE":0.059999999999999998}},{"type":"Feature","geometry":{"type":"Point","coordinates":[-117.12196437803163,49.221673285230544]},"properties":{"FIRE_NUMBER":"N72500","FIRE_YEAR":2023,"IGNITION_DATE":1691242739000,"FIRE_CAUSE":"Lightning","FIRE_LABEL":"2023-N72500","FIRE_CENTRE":6,"ZONE":7,"CURRENT_SIZE":3}},{"type":"Feature","geometry":{"type":"Point","coordinates":[-117.11191437914825,49.233223287182447]},"properties":{"FIRE_NUMBER":"N52569","FIRE_YEAR":2023,"IGNITION_DATE":1691326351000,"FIRE_CAUSE":"Lightning","FIRE_LABEL":"2023-N52569","FIRE_CENTRE":6,"ZONE":5,"CURRENT_SIZE":0.87}},{"type":"Feature","geometry":{"type":"Point","coordinates":[-117.08419736294502,49.191689287288703]},"properties":{"FIRE_NUMBER":"N71281","FIRE_YEAR":2022,"IGNITION_DATE":1660245760000,"FIRE_CAUSE":"Lightning","FIRE_LABEL":"2022-N71281","FIRE_CENTRE":6,"ZONE":7,"CURRENT_SIZE":294}},{"type":"Feature","geometry":{"type":"Point","coordinates":[-117.03614736759241,49.244556296009293]},"properties":{"FIRE_NUMBER":"N72512","FIRE_YEAR":2023,"IGNITION_DATE":1691250763000,"FIRE_CAUSE":"Lightning","FIRE_LABEL":"2023-N72512","FIRE_CENTRE":6,"ZONE":7,"CURRENT_SIZE":0.01}},{"type":"Feature","geometry":{"type":"Point","coordinates":[-116.98068134781444,49.209456300316681]},"properties":{"FIRE_NUMBER":"N72514","FIRE_YEAR":2023,"IGNITION_DATE":1691251444000,"FIRE_CAUSE":"Lightning","FIRE_LABEL":"2023-N72514","FIRE_CENTRE":6,"ZONE":7,"CURRENT_SIZE":0.02}},{"type":"Feature","geometry":{"type":"Point","coordinates":[-116.97481434491014,49.203056300475843]},"properties":{"FIRE_NUMBER":"N72513","FIRE_YEAR":2023,"IGNITION_DATE":1691251831000,"FIRE_CAUSE":"Lightning","FIRE_LABEL":"2023-N72513","FIRE_CENTRE":6,"ZONE":7,"CURRENT_SIZE":0.01}},{"type":"Feature","geometry":{"type":"Point","coordinates":[-116.93808102516327,49.268972978439358]},"properties":{"FIRE_NUMBER":"N71047","FIRE_YEAR":2022,"IGNITION_DATE":1658481420000,"FIRE_CAUSE":"Lightning","FIRE_LABEL":"2022-N71047","FIRE_CENTRE":6,"ZONE":7,"CURRENT_SIZE":0.28000000000000003}},{"type":"Feature","geometry":{"type":"Point","coordinates":[-116.96001430291781,49.051006291769539]},"properties":{"FIRE_NUMBER":"N72515","FIRE_YEAR":2022,"IGNITION_DATE":1664184768000,"FIRE_CAUSE":"Lightning","FIRE_LABEL":"2022-N72515","FIRE_CENTRE":6,"ZONE":7,"CURRENT_SIZE":0.5}},{"type":"Feature","geometry":{"type":"Point","coordinates":[-116.95681429977226,49.043256292052405]},"properties":{"FIRE_NUMBER":"N72393","FIRE_YEAR":2021,"IGNITION_DATE":1628057220000,"FIRE_CAUSE":"Lightning","FIRE_LABEL":"2021-N72393","FIRE_CENTRE":6,"ZONE":7,"CURRENT_SIZE":0.0090000000000000011}},{"type":"Feature","geometry":{"type":"Point","coordinates":[-116.95176430460597,49.063206293477421]},"properties":{"FIRE_NUMBER":"N72391","FIRE_YEAR":2021,"IGNITION_DATE":1628057319000,"FIRE_CAUSE":"Lightning","FIRE_LABEL":"2021-N72391","FIRE_CENTRE":6,"ZONE":7,"CURRENT_SIZE":0.0090000000000000011}},{"type":"Feature","geometry":{"type":"Point","coordinates":[-116.92966429503581,49.041173294964153]},"properties":{"FIRE_NUMBER":"N71979","FIRE_YEAR":2022,"IGNITION_DATE":1661433411000,"FIRE_CAUSE":"Lightning","FIRE_LABEL":"2022-N71979","FIRE_CENTRE":6,"ZONE":7,"CURRENT_SIZE":0.0090000000000000011}},{"type":"Feature","geometry":{"type":"Point","coordinates":[-116.88974760145307,49.097339602669599]},"properties":{"FIRE_NUMBER":"N71482","FIRE_YEAR":2019,"IGNITION_DATE":1566230800000,"FIRE_CAUSE":"Person","FIRE_LABEL":"2019-N71482","FIRE_CENTRE":6,"ZONE":7,"CURRENT_SIZE":0.0090000000000000011}},{"type":"Feature","geometry":{"type":"Point","coordinates":[-116.88426429163697,49.064506300936728]},"properties":{"FIRE_NUMBER":"N71539","FIRE_YEAR":2022,"IGNITION_DATE":1660146540000,"FIRE_CAUSE":"Lightning","FIRE_LABEL":"2022-N71539","FIRE_CENTRE":6,"ZONE":7,"CURRENT_SIZE":0.16}},{"type":"Feature","geometry":{"type":"Point","coordinates":[-116.87464810069953,49.106638505286789]},"properties":{"FIRE_NUMBER":"N71819","FIRE_YEAR":2020,"IGNITION_DATE":1601341200000,"FIRE_CAUSE":"Person","FIRE_LABEL":"2020-N71819","FIRE_CENTRE":6,"ZONE":7,"CURRENT_SIZE":0.01}},{"type":"Feature","geometry":{"type":"Point","coordinates":[-116.89056427892098,49.009572996685172]},"properties":{"FIRE_NUMBER":"N71483","FIRE_YEAR":2019,"IGNITION_DATE":null,"FIRE_CAUSE":"Person","FIRE_LABEL":"2019-N71483","FIRE_CENTRE":6,"ZONE":7,"CURRENT_SIZE":0.0090000000000000011}},{"type":"Feature","geometry":{"type":"Point","coordinates":[-116.86046504909136,49.131189932226704]},"properties":{"FIRE_NUMBER":"N72301","FIRE_YEAR":2018,"IGNITION_DATE":1532799780000,"FIRE_CAUSE":"Lightning","FIRE_LABEL":"2018-N72301","FIRE_CENTRE":6,"ZONE":7,"CURRENT_SIZE":6798}},{"type":"Feature","geometry":{"type":"Point","coordinates":[-116.86206719917688,49.109591106774602]},"properties":{"FIRE_NUMBER":"N71166","FIRE_YEAR":2020,"IGNITION_DATE":1597577400000,"FIRE_CAUSE":"Person","FIRE_LABEL":"2020-N71166","FIRE_CENTRE":6,"ZONE":7,"CURRENT_SIZE":0.10000000000000001}},{"type":"Feature","geometry":{"type":"Point","coordinates":[-116.79761426017944,49.005408306698023]},"properties":{"FIRE_NUMBER":"N70396","FIRE_YEAR":2016,"IGNITION_DATE":1472756400000,"FIRE_CAUSE":"Person","FIRE_LABEL":"2016-N70396","FIRE_CENTRE":6,"ZONE":7,"CURRENT_SIZE":0.80000000000000004}},{"type":"Feature","geometry":{"type":"Point","coordinates":[-116.7924472575089,49.000573307045229]},"properties":{"FIRE_NUMBER":"N71686","FIRE_YEAR":2023,"IGNITION_DATE":1689273168000,"FIRE_CAUSE":"Lightning","FIRE_LABEL":"2023-N71686","FIRE_CENTRE":6,"ZONE":7,"CURRENT_SIZE":0.01}},{"type":"Feature","geometry":{"type":"Point","coordinates":[-116.74304727892849,49.12128932025589]},"properties":{"FIRE_NUMBER":"N72343","FIRE_YEAR":2022,"IGNITION_DATE":1662616801000,"FIRE_CAUSE":"Lightning","FIRE_LABEL":"2022-N72343","FIRE_CENTRE":6,"ZONE":7,"CURRENT_SIZE":0.59999999999999998}},{"type":"Feature","geometry":{"type":"Point","coordinates":[-116.72473129782762,49.20913932829064]},"properties":{"FIRE_NUMBER":"N71472","FIRE_YEAR":2022,"IGNITION_DATE":1660499095000,"FIRE_CAUSE":"Lightning","FIRE_LABEL":"2022-N71472","FIRE_CENTRE":6,"ZONE":7,"CURRENT_SIZE":0.089999999999999997}},{"type":"Feature","geometry":{"type":"Point","coordinates":[-116.73889727471308,49.107773320357282]},"properties":{"FIRE_NUMBER":"N71246","FIRE_YEAR":2022,"IGNITION_DATE":1660210632000,"FIRE_CAUSE":"Lightning","FIRE_LABEL":"2022-N71246","FIRE_CENTRE":6,"ZONE":7,"CURRENT_SIZE":0.0090000000000000011}},{"type":"Feature","geometry":{"type":"Point","coordinates":[-116.70243121820413,49.151456327052372]},"properties":{"FIRE_NUMBER":"N72549","FIRE_YEAR":2021,"IGNITION_DATE":1628058266000,"FIRE_CAUSE":"Lightning","FIRE_LABEL":"2021-N72549","FIRE_CENTRE":6,"ZONE":7,"CURRENT_SIZE":0.059999999999999998}},{"type":"Feature","geometry":{"type":"Point","coordinates":[-117.20778134660338,49.035723264296138]},"properties":{"FIRE_NUMBER":"N52876","FIRE_YEAR":2021,"IGNITION_DATE":1633384800000,"FIRE_CAUSE":"Person","FIRE_LABEL":"2021-N52876","FIRE_CENTRE":6,"ZONE":5,"CURRENT_SIZE":0.0090000000000000011}},{"type":"Feature","geometry":{"type":"Point","coordinates":[-117.27121436137691,49.047823257940365]},"properties":{"FIRE_NUMBER":"N50429","FIRE_YEAR":2011,"IGNITION_DATE":1314558000000,"FIRE_CAUSE":"Unknown","FIRE_LABEL":"2011-N50429","FIRE_CENTRE":6,"ZONE":5,"CURRENT_SIZE":0.0090000000000000011}},{"type":"Feature","geometry":{"type":"Point","coordinates":[-117.02964731263519,49.037306283451983]},"properties":{"FIRE_NUMBER":"N71607","FIRE_YEAR":2021,"IGNITION_DATE":1625655255000,"FIRE_CAUSE":"Lightning","FIRE_LABEL":"2021-N71607","FIRE_CENTRE":6,"ZONE":7,"CURRENT_SIZE":0.02}},{"type":"Feature","geometry":{"type":"Point","coordinates":[-117.27331436817974,49.071789259107575]},"properties":{"FIRE_NUMBER":"N52193","FIRE_YEAR":2021,"IGNITION_DATE":1627291286000,"FIRE_CAUSE":"Person","FIRE_LABEL":"2021-N52193","FIRE_CENTRE":6,"ZONE":5,"CURRENT_SIZE":0.040000000000000001}},{"type":"Feature","geometry":{"type":"Point","coordinates":[-117.05069732292614,49.05838928267201]},"properties":{"FIRE_NUMBER":"N51785","FIRE_YEAR":2023,"IGNITION_DATE":1689528653000,"FIRE_CAUSE":"Person","FIRE_LABEL":"2023-N51785","FIRE_CENTRE":6,"ZONE":5,"CURRENT_SIZE":0.0090000000000000011}},{"type":"Feature","geometry":{"type":"Point","coordinates":[-117.16443134880871,49.075456270910195]},"properties":{"FIRE_NUMBER":"N52788","FIRE_YEAR":2023,"IGNITION_DATE":1691227778000,"FIRE_CAUSE":"Lightning","FIRE_LABEL":"2023-N52788","FIRE_CENTRE":6,"ZONE":5,"CURRENT_SIZE":0.040000000000000001}},{"type":"Feature","geometry":{"type":"Point","coordinates":[-117.01014732136034,49.083056288495428]},"properties":{"FIRE_NUMBER":"N72024","FIRE_YEAR":2022,"IGNITION_DATE":1661502652000,"FIRE_CAUSE":"Lightning","FIRE_LABEL":"2022-N72024","FIRE_CENTRE":6,"ZONE":7,"CURRENT_SIZE":0.02}},{"type":"Feature","geometry":{"type":"Point","coordinates":[-117.12729735095735,49.114556277870626]},"properties":{"FIRE_NUMBER":"N51976","FIRE_YEAR":2022,"IGNITION_DATE":1661430278000,"FIRE_CAUSE":"Lightning","FIRE_LABEL":"2022-N51976","FIRE_CENTRE":6,"ZONE":5,"CURRENT_SIZE":0.0090000000000000011}},{"type":"Feature","geometry":{"type":"Point","coordinates":[-117.14769735794893,49.122956275862485]},"properties":{"FIRE_NUMBER":"N51939","FIRE_YEAR":2021,"IGNITION_DATE":1625666317000,"FIRE_CAUSE":"Lightning","FIRE_LABEL":"2021-N51939","FIRE_CENTRE":6,"ZONE":5,"CURRENT_SIZE":2}},{"type":"Feature","geometry":{"type":"Point","coordinates":[-117.13561436126918,49.145023279170289]},"properties":{"FIRE_NUMBER":"N50504","FIRE_YEAR":2021,"IGNITION_DATE":1620993606000,"FIRE_CAUSE":"Person","FIRE_LABEL":"2021-N50504","FIRE_CENTRE":6,"ZONE":5,"CURRENT_SIZE":0.20000000000000001}},{"type":"Feature","geometry":{"type":"Point","coordinates":[-117.22979738692111,49.177756270981874]},"properties":{"FIRE_NUMBER":"N52520","FIRE_YEAR":2021,"IGNITION_DATE":1628413467000,"FIRE_CAUSE":"Lightning","FIRE_LABEL":"2021-N52520","FIRE_CENTRE":6,"ZONE":5,"CURRENT_SIZE":0.0090000000000000011}},{"type":"Feature","geometry":{"type":"Point","coordinates":[-117.06306435438569,49.171839288211615]},"properties":{"FIRE_NUMBER":"N51282","FIRE_YEAR":2022,"IGNITION_DATE":1660294523000,"FIRE_CAUSE":"Lightning","FIRE_LABEL":"2022-N51282","FIRE_CENTRE":6,"ZONE":5,"CURRENT_SIZE":0.0090000000000000011}},{"type":"Feature","geometry":{"type":"Point","coordinates":[-117.25254739461147,49.19030626887043]},"properties":{"FIRE_NUMBER":"N50704","FIRE_YEAR":2022,"IGNITION_DATE":1658592660000,"FIRE_CAUSE":"Lightning","FIRE_LABEL":"2022-N50704","FIRE_CENTRE":6,"ZONE":5,"CURRENT_SIZE":0.01}},{"type":"Feature","geometry":{"type":"Point","coordinates":[-117.70001445695831,49.100006213791524]},"properties":{"FIRE_NUMBER":"N50182","FIRE_YEAR":2000,"IGNITION_DATE":null,"FIRE_CAUSE":"Unknown","FIRE_LABEL":"2000-N50182","FIRE_CENTRE":6,"ZONE":5,"CURRENT_SIZE":null}},{"type":"Feature","geometry":{"type":"Point","coordinates":[-117.53901443523166,49.133356233558615]},"properties":{"FIRE_NUMBER":"N51260","FIRE_YEAR":2022,"IGNITION_DATE":1660265700000,"FIRE_CAUSE":"Lightning","FIRE_LABEL":"2022-N51260","FIRE_CENTRE":6,"ZONE":5,"CURRENT_SIZE":0.089999999999999997}},{"type":"Feature","geometry":{"type":"Point","coordinates":[-117.52384863443235,49.144739636009291]},"properties":{"FIRE_NUMBER":"N50613","FIRE_YEAR":2020,"IGNITION_DATE":1595593800000,"FIRE_CAUSE":"Person","FIRE_LABEL":"2020-N50613","FIRE_CENTRE":6,"ZONE":5,"CURRENT_SIZE":0.0090000000000000011}},{"type":"Feature","geometry":{"type":"Point","coordinates":[-117.51321443033592,49.134556236819655]},"properties":{"FIRE_NUMBER":"N52501","FIRE_YEAR":2021,"IGNITION_DATE":1628412398000,"FIRE_CAUSE":"Lightning","FIRE_LABEL":"2021-N52501","FIRE_CENTRE":6,"ZONE":5,"CURRENT_SIZE":0.0090000000000000011}},{"type":"Feature","geometry":{"type":"Point","coordinates":[-117.48628141149028,49.083589236633557]},"properties":{"FIRE_NUMBER":"N51030","FIRE_YEAR":2023,"IGNITION_DATE":1688146456000,"FIRE_CAUSE":"Lightning","FIRE_LABEL":"2023-N51030","FIRE_CENTRE":6,"ZONE":5,"CURRENT_SIZE":0.0090000000000000011}},{"type":"Feature","geometry":{"type":"Point","coordinates":[-117.48381441357454,49.090339237022206]},"properties":{"FIRE_NUMBER":"N52373","FIRE_YEAR":2021,"IGNITION_DATE":1628056580000,"FIRE_CAUSE":"Lightning","FIRE_LABEL":"2021-N52373","FIRE_CENTRE":6,"ZONE":5,"CURRENT_SIZE":0.029999999999999999}},{"type":"Feature","geometry":{"type":"Point","coordinates":[-117.45239743692379,49.205373247711123]},"properties":{"FIRE_NUMBER":"N52225","FIRE_YEAR":2021,"IGNITION_DATE":1627459698000,"FIRE_CAUSE":"Person","FIRE_LABEL":"2021-N52225","FIRE_CENTRE":6,"ZONE":5,"CURRENT_SIZE":0.0090000000000000011}},{"type":"Feature","geometry":{"type":"Point","coordinates":[-117.45276442706718,49.168723245186328]},"properties":{"FIRE_NUMBER":"N50867","FIRE_YEAR":2022,"IGNITION_DATE":1659073500000,"FIRE_CAUSE":"Lightning","FIRE_LABEL":"2022-N50867","FIRE_CENTRE":6,"ZONE":5,"CURRENT_SIZE":0.27000000000000002}},{"type":"Feature","geometry":{"type":"Point","coordinates":[-117.43856440871282,49.109306243536501]},"properties":{"FIRE_NUMBER":"N51448","FIRE_YEAR":2023,"IGNITION_DATE":1688917851000,"FIRE_CAUSE":"Lightning","FIRE_LABEL":"2023-N51448","FIRE_CENTRE":6,"ZONE":5,"CURRENT_SIZE":0.10000000000000001}},{"type":"Feature","geometry":{"type":"Point","coordinates":[-117.43786540862362,49.107790242830056]},"properties":{"FIRE_NUMBER":"N50704","FIRE_YEAR":2009,"IGNITION_DATE":1250259600000,"FIRE_CAUSE":"Lightning","FIRE_LABEL":"2009-N50704","FIRE_CENTRE":6,"ZONE":5,"CURRENT_SIZE":0.5}},{"type":"Feature","geometry":{"type":"Point","coordinates":[-117.37071440673542,49.14922291963839]},"properties":{"FIRE_NUMBER":"N51402","FIRE_YEAR":2019,"IGNITION_DATE":1565464329000,"FIRE_CAUSE":"Lightning","FIRE_LABEL":"2019-N51402","FIRE_CENTRE":6,"ZONE":5,"CURRENT_SIZE":0.0090000000000000011}},{"type":"Feature","geometry":{"type":"Point","coordinates":[-117.36154775067656,49.196089590578978]},"properties":{"FIRE_NUMBER":"N50891","FIRE_YEAR":2019,"IGNITION_DATE":1562508648000,"FIRE_CAUSE":"Lightning","FIRE_LABEL":"2019-N50891","FIRE_CENTRE":6,"ZONE":5,"CURRENT_SIZE":0.0090000000000000011}},{"type":"Feature","geometry":{"type":"Point","coordinates":[-117.38204738638437,49.062873246769442]},"properties":{"FIRE_NUMBER":"N52617","FIRE_YEAR":2022,"IGNITION_DATE":1664640000000,"FIRE_CAUSE":"Lightning","FIRE_LABEL":"2022-N52617","FIRE_CENTRE":6,"ZONE":5,"CURRENT_SIZE":0.20999999999999999}},{"type":"Feature","geometry":{"type":"Point","coordinates":[-117.33468137474189,49.048789250538469]},"properties":{"FIRE_NUMBER":"N50969","FIRE_YEAR":2023,"IGNITION_DATE":1687904363000,"FIRE_CAUSE":"Lightning","FIRE_LABEL":"2023-N50969","FIRE_CENTRE":6,"ZONE":5,"CURRENT_SIZE":0.10000000000000001}},{"type":"Feature","geometry":{"type":"Point","coordinates":[-117.30718105428738,49.12407292503142]},"properties":{"FIRE_NUMBER":"N50655","FIRE_YEAR":2019,"IGNITION_DATE":1560788819000,"FIRE_CAUSE":"Lightning","FIRE_LABEL":"2019-N50655","FIRE_CENTRE":6,"ZONE":5,"CURRENT_SIZE":0.01}},{"type":"Feature","geometry":{"type":"Point","coordinates":[-117.29836439696194,49.166089595368632]},"properties":{"FIRE_NUMBER":"N50413","FIRE_YEAR":2019,"IGNITION_DATE":1559225839000,"FIRE_CAUSE":"Lightning","FIRE_LABEL":"2019-N50413","FIRE_CENTRE":6,"ZONE":5,"CURRENT_SIZE":0.0090000000000000011}},{"type":"Feature","geometry":{"type":"Point","coordinates":[-117.28809740266166,49.193723265008707]},"properties":{"FIRE_NUMBER":"N52169","FIRE_YEAR":2021,"IGNITION_DATE":null,"FIRE_CAUSE":"Person","FIRE_LABEL":"2021-N52169","FIRE_CENTRE":6,"ZONE":5,"CURRENT_SIZE":0.0090000000000000011}},{"type":"Feature","geometry":{"type":"Point","coordinates":[-117.67256097455129,49.572706745634022]},"properties":{"FIRE_NUMBER":"N51235","FIRE_YEAR":2020,"IGNITION_DATE":1597688026000,"FIRE_CAUSE":"Lightning","FIRE_LABEL":"2020-N51235","FIRE_CENTRE":6,"ZONE":5,"CURRENT_SIZE":0.45000000000000001}},{"type":"Feature","geometry":{"type":"Point","coordinates":[-117.60631496069921,49.566587953311497]},"properties":{"FIRE_NUMBER":"N51249","FIRE_YEAR":2020,"IGNITION_DATE":1597691005000,"FIRE_CAUSE":"Lightning","FIRE_LABEL":"2020-N51249","FIRE_CENTRE":6,"ZONE":5,"CURRENT_SIZE":0.0090000000000000011}},{"type":"Feature","geometry":{"type":"Point","coordinates":[-117.60268156133165,49.571506254269082]},"properties":{"FIRE_NUMBER":"N51728","FIRE_YEAR":2022,"IGNITION_DATE":1661083200000,"FIRE_CAUSE":"Lightning","FIRE_LABEL":"2022-N51728","FIRE_CENTRE":6,"ZONE":5,"CURRENT_SIZE":0.0090000000000000011}},{"type":"Feature","geometry":{"type":"Point","coordinates":[-117.58747797634236,49.640905959861776]},"properties":{"FIRE_NUMBER":"N51284","FIRE_YEAR":2020,"IGNITION_DATE":1597688887000,"FIRE_CAUSE":"Lightning","FIRE_LABEL":"2020-N51284","FIRE_CENTRE":6,"ZONE":5,"CURRENT_SIZE":0.80000000000000004}},{"type":"Feature","geometry":{"type":"Point","coordinates":[-117.57799455788722,49.576471857314438]},"properties":{"FIRE_NUMBER":"N51344","FIRE_YEAR":2020,"IGNITION_DATE":1597858954000,"FIRE_CAUSE":"Lightning","FIRE_LABEL":"2020-N51344","FIRE_CENTRE":6,"ZONE":5,"CURRENT_SIZE":0.0090000000000000011}},{"type":"Feature","geometry":{"type":"Point","coordinates":[-117.53954759209374,49.733223271137476]},"properties":{"FIRE_NUMBER":"N52981","FIRE_YEAR":2023,"IGNITION_DATE":1692787526000,"FIRE_CAUSE":"Lightning","FIRE_LABEL":"2023-N52981","FIRE_CENTRE":6,"ZONE":5,"CURRENT_SIZE":0.10000000000000001}},{"type":"Feature","geometry":{"type":"Point","coordinates":[-117.5297646009727,49.773856274374744]},"properties":{"FIRE_NUMBER":"N52072","FIRE_YEAR":2022,"IGNITION_DATE":1661558401000,"FIRE_CAUSE":"Lightning","FIRE_LABEL":"2022-N52072","FIRE_CENTRE":6,"ZONE":5,"CURRENT_SIZE":0.0090000000000000011}},{"type":"Feature","geometry":{"type":"Point","coordinates":[-117.51944759366337,49.756256274505773]},"properties":{"FIRE_NUMBER":"N51278","FIRE_YEAR":2022,"IGNITION_DATE":1660256806000,"FIRE_CAUSE":"Lightning","FIRE_LABEL":"2022-N51278","FIRE_CENTRE":6,"ZONE":5,"CURRENT_SIZE":18}},{"type":"Feature","geometry":{"type":"Point","coordinates":[-117.51944756420647,49.640956267237947]},"properties":{"FIRE_NUMBER":"N50531","FIRE_YEAR":2021,"IGNITION_DATE":1620996121000,"FIRE_CAUSE":"Person","FIRE_LABEL":"2021-N50531","FIRE_CENTRE":6,"ZONE":5,"CURRENT_SIZE":0.114}},{"type":"Feature","geometry":{"type":"Point","coordinates":[-117.5217125546399,49.604654864965738]},"properties":{"FIRE_NUMBER":"N51285","FIRE_YEAR":2020,"IGNITION_DATE":1597689671000,"FIRE_CAUSE":"Lightning","FIRE_LABEL":"2020-N51285","FIRE_CENTRE":6,"ZONE":5,"CURRENT_SIZE":0.0090000000000000011}},{"type":"Feature","geometry":{"type":"Point","coordinates":[-117.50903155077836,49.60232326575246]},"properties":{"FIRE_NUMBER":"N52601","FIRE_YEAR":2022,"IGNITION_DATE":1664971200000,"FIRE_CAUSE":"Person","FIRE_LABEL":"2022-N52601","FIRE_CENTRE":6,"ZONE":5,"CURRENT_SIZE":2.3700000000000001}},{"type":"Feature","geometry":{"type":"Point","coordinates":[-117.51798173899017,49.548471961618176]},"properties":{"FIRE_NUMBER":"N71341","FIRE_YEAR":2020,"IGNITION_DATE":1597690940000,"FIRE_CAUSE":"Lightning","FIRE_LABEL":"2020-N71341","FIRE_CENTRE":6,"ZONE":7,"CURRENT_SIZE":0.015000000000000001}},{"type":"Feature","geometry":{"type":"Point","coordinates":[-117.51458154036366,49.554689262234035]},"properties":{"FIRE_NUMBER":"N71325","FIRE_YEAR":2022,"IGNITION_DATE":1660325423000,"FIRE_CAUSE":"Lightning","FIRE_LABEL":"2022-N71325","FIRE_CENTRE":6,"ZONE":7,"CURRENT_SIZE":0.01}},{"type":"Feature","geometry":{"type":"Point","coordinates":[-117.46683159847061,49.811323284110181]},"properties":{"FIRE_NUMBER":"N51415","FIRE_YEAR":2022,"IGNITION_DATE":1659627000000,"FIRE_CAUSE":"Lightning","FIRE_LABEL":"2022-N51415","FIRE_CENTRE":6,"ZONE":5,"CURRENT_SIZE":9.5}},{"type":"Feature","geometry":{"type":"Point","coordinates":[-117.49468122565,49.642989603553765]},"properties":{"FIRE_NUMBER":"N50903","FIRE_YEAR":2019,"IGNITION_DATE":1562183422000,"FIRE_CAUSE":"Person","FIRE_LABEL":"2019-N50903","FIRE_CENTRE":6,"ZONE":5,"CURRENT_SIZE":0.0090000000000000011}},{"type":"Feature","geometry":{"type":"Point","coordinates":[-117.4594315919893,49.789339283532961]},"properties":{"FIRE_NUMBER":"N51960","FIRE_YEAR":2022,"IGNITION_DATE":1661252582000,"FIRE_CAUSE":"Lightning","FIRE_LABEL":"2022-N51960","FIRE_CENTRE":6,"ZONE":5,"CURRENT_SIZE":0.040000000000000001}},{"type":"Feature","geometry":{"type":"Point","coordinates":[-117.48459755877661,49.647923271396863]},"properties":{"FIRE_NUMBER":"N51626","FIRE_YEAR":2021,"IGNITION_DATE":1624986691000,"FIRE_CAUSE":"Lightning","FIRE_LABEL":"2021-N51626","FIRE_CENTRE":6,"ZONE":5,"CURRENT_SIZE":0.01}},{"type":"Feature","geometry":{"type":"Point","coordinates":[-117.46291458486634,49.763756281674276]},"properties":{"FIRE_NUMBER":"N50722","FIRE_YEAR":2021,"IGNITION_DATE":null,"FIRE_CAUSE":"Person","FIRE_LABEL":"2021-N50722","FIRE_CENTRE":6,"ZONE":5,"CURRENT_SIZE":0.0090000000000000011}},{"type":"Feature","geometry":{"type":"Point","coordinates":[-117.4759475674808,49.688473275485272]},"properties":{"FIRE_NUMBER":"N51377","FIRE_YEAR":2021,"IGNITION_DATE":1625315699000,"FIRE_CAUSE":"Person","FIRE_LABEL":"2021-N51377","FIRE_CENTRE":6,"ZONE":5,"CURRENT_SIZE":0.0090000000000000011}},{"type":"Feature","geometry":{"type":"Point","coordinates":[-117.46218158503463,49.761806281506203]},"properties":{"FIRE_NUMBER":"N51006","FIRE_YEAR":2021,"IGNITION_DATE":null,"FIRE_CAUSE":"Person","FIRE_LABEL":"2021-N51006","FIRE_CENTRE":6,"ZONE":5,"CURRENT_SIZE":0.0090000000000000011}},{"type":"Feature","geometry":{"type":"Point","coordinates":[-117.46093158547667,49.762623281346869]},"properties":{"FIRE_NUMBER":"N52199","FIRE_YEAR":2021,"IGNITION_DATE":null,"FIRE_CAUSE":"Person","FIRE_LABEL":"2021-N52199","FIRE_CENTRE":6,"ZONE":5,"CURRENT_SIZE":0.0090000000000000011}},{"type":"Feature","geometry":{"type":"Point","coordinates":[-117.47785115206369,49.625673870758263]},"properties":{"FIRE_NUMBER":"N51262","FIRE_YEAR":2020,"IGNITION_DATE":1597689671000,"FIRE_CAUSE":"Lightning","FIRE_LABEL":"2020-N51262","FIRE_CENTRE":6,"ZONE":5,"CURRENT_SIZE":0.40000000000000002}},{"type":"Feature","geometry":{"type":"Point","coordinates":[-117.45229756922275,49.709423279589785]},"properties":{"FIRE_NUMBER":"N52574","FIRE_YEAR":2023,"IGNITION_DATE":1691310098000,"FIRE_CAUSE":"Lightning","FIRE_LABEL":"2023-N52574","FIRE_CENTRE":6,"ZONE":5,"CURRENT_SIZE":0.80000000000000004}},{"type":"Feature","geometry":{"type":"Point","coordinates":[-117.44639756849112,49.712773280105218]},"properties":{"FIRE_NUMBER":"N51336","FIRE_YEAR":2022,"IGNITION_DATE":1660243109000,"FIRE_CAUSE":"Lightning","FIRE_LABEL":"2022-N51336","FIRE_CENTRE":6,"ZONE":5,"CURRENT_SIZE":0.029999999999999999}},{"type":"Feature","geometry":{"type":"Point","coordinates":[-117.44323122881511,49.688772945686793]},"properties":{"FIRE_NUMBER":"N51415","FIRE_YEAR":2019,"IGNITION_DATE":1565437444000,"FIRE_CAUSE":"Lightning","FIRE_LABEL":"2019-N51415","FIRE_CENTRE":6,"ZONE":5,"CURRENT_SIZE":0.10000000000000001}},{"type":"Feature","geometry":{"type":"Point","coordinates":[-117.42239756947561,49.731889283536418]},"properties":{"FIRE_NUMBER":"N52710","FIRE_YEAR":2023,"IGNITION_DATE":1691840221000,"FIRE_CAUSE":"Lightning","FIRE_LABEL":"2023-N52710","FIRE_CENTRE":6,"ZONE":5,"CURRENT_SIZE":0.14000000000000001}},{"type":"Feature","geometry":{"type":"Point","coordinates":[-117.39286458406706,49.807273291862373]},"properties":{"FIRE_NUMBER":"N51879","FIRE_YEAR":2022,"IGNITION_DATE":1660939543000,"FIRE_CAUSE":"Lightning","FIRE_LABEL":"2022-N51879","FIRE_CENTRE":6,"ZONE":5,"CURRENT_SIZE":0.089999999999999997}},{"type":"Feature","geometry":{"type":"Point","coordinates":[-117.94284766424086,49.715073224144334]},"properties":{"FIRE_NUMBER":"N51306","FIRE_YEAR":2022,"IGNITION_DATE":1660305600000,"FIRE_CAUSE":"Lightning","FIRE_LABEL":"2022-N51306","FIRE_CENTRE":6,"ZONE":5,"CURRENT_SIZE":0.0090000000000000011}},{"type":"Feature","geometry":{"type":"Point","coordinates":[-117.93069766077937,49.711773225610209]},"properties":{"FIRE_NUMBER":"N51298","FIRE_YEAR":2022,"IGNITION_DATE":1660309260000,"FIRE_CAUSE":"Lightning","FIRE_LABEL":"2022-N51298","FIRE_CENTRE":6,"ZONE":5,"CURRENT_SIZE":0.015000000000000001}},{"type":"Feature","geometry":{"type":"Point","coordinates":[-117.9037646432688,49.667139226062233]},"properties":{"FIRE_NUMBER":"N50985","FIRE_YEAR":2022,"IGNITION_DATE":1659373200000,"FIRE_CAUSE":"Lightning","FIRE_LABEL":"2022-N50985","FIRE_CENTRE":6,"ZONE":5,"CURRENT_SIZE":0.45000000000000001}},{"type":"Feature","geometry":{"type":"Point","coordinates":[-117.87104764188892,49.682206230584157]},"properties":{"FIRE_NUMBER":"N51965","FIRE_YEAR":2022,"IGNITION_DATE":1661410800000,"FIRE_CAUSE":"Lightning","FIRE_LABEL":"2022-N51965","FIRE_CENTRE":6,"ZONE":5,"CURRENT_SIZE":0.0090000000000000011}},{"type":"Feature","geometry":{"type":"Point","coordinates":[-117.85001462555903,49.638339563546303]},"properties":{"FIRE_NUMBER":"N51831","FIRE_YEAR":2019,"IGNITION_DATE":1572444286000,"FIRE_CAUSE":"Person","FIRE_LABEL":"2019-N51831","FIRE_CENTRE":6,"ZONE":5,"CURRENT_SIZE":2}},{"type":"Feature","geometry":{"type":"Point","coordinates":[-117.80814767641584,49.855889247637627]},"properties":{"FIRE_NUMBER":"N51956","FIRE_YEAR":2022,"IGNITION_DATE":1661074402000,"FIRE_CAUSE":"Lightning","FIRE_LABEL":"2022-N51956","FIRE_CENTRE":6,"ZONE":5,"CURRENT_SIZE":333.91000000000003}},{"type":"Feature","geometry":{"type":"Point","coordinates":[-117.85024961002615,49.579557926888512]},"properties":{"FIRE_NUMBER":"N51361","FIRE_YEAR":2020,"IGNITION_DATE":1597681366000,"FIRE_CAUSE":"Lightning","FIRE_LABEL":"2020-N51361","FIRE_CENTRE":6,"ZONE":5,"CURRENT_SIZE":0.26000000000000001}},{"type":"Feature","geometry":{"type":"Point","coordinates":[-117.82133422423856,49.650888933989414]},"properties":{"FIRE_NUMBER":"N51071","FIRE_YEAR":2020,"IGNITION_DATE":1597047981000,"FIRE_CAUSE":"Lightning","FIRE_LABEL":"2020-N51071","FIRE_CENTRE":6,"ZONE":5,"CURRENT_SIZE":0.75}},{"type":"Feature","geometry":{"type":"Point","coordinates":[-117.78584761454239,49.642639237591972]},"properties":{"FIRE_NUMBER":"N51468","FIRE_YEAR":2021,"IGNITION_DATE":1625345331000,"FIRE_CAUSE":"Lightning","FIRE_LABEL":"2021-N51468","FIRE_CENTRE":6,"ZONE":5,"CURRENT_SIZE":0.40000000000000002}},{"type":"Feature","geometry":{"type":"Point","coordinates":[-117.76578463447404,49.731207444918127]},"properties":{"FIRE_NUMBER":"N50372","FIRE_YEAR":2020,"IGNITION_DATE":1592010548000,"FIRE_CAUSE":"Lightning","FIRE_LABEL":"2020-N50372","FIRE_CENTRE":6,"ZONE":5,"CURRENT_SIZE":0.002}},{"type":"Feature","geometry":{"type":"Point","coordinates":[-117.78726458735375,49.537706231086283]},"properties":{"FIRE_NUMBER":"N50683","FIRE_YEAR":2022,"IGNITION_DATE":1658490815000,"FIRE_CAUSE":"Lightning","FIRE_LABEL":"2022-N50683","FIRE_CENTRE":6,"ZONE":5,"CURRENT_SIZE":1.0600000000000001}},{"type":"Feature","geometry":{"type":"Point","coordinates":[-117.77551459870701,49.590506235604238]},"properties":{"FIRE_NUMBER":"N51911","FIRE_YEAR":2022,"IGNITION_DATE":1661276854000,"FIRE_CAUSE":"Lightning","FIRE_LABEL":"2022-N51911","FIRE_CENTRE":6,"ZONE":5,"CURRENT_SIZE":0.0090000000000000011}},{"type":"Feature","geometry":{"type":"Point","coordinates":[-117.77633158309442,49.530589231979448]},"properties":{"FIRE_NUMBER":"N50677","FIRE_YEAR":2022,"IGNITION_DATE":1658491313000,"FIRE_CAUSE":"Lightning","FIRE_LABEL":"2022-N50677","FIRE_CENTRE":6,"ZONE":5,"CURRENT_SIZE":0.79000000000000004}},{"type":"Feature","geometry":{"type":"Point","coordinates":[-117.72873064279791,49.789456253000573]},"properties":{"FIRE_NUMBER":"N53322","FIRE_YEAR":2023,"IGNITION_DATE":1695133647000,"FIRE_CAUSE":"Lightning","FIRE_LABEL":"2023-N53322","FIRE_CENTRE":6,"ZONE":5,"CURRENT_SIZE":0.0090000000000000011}},{"type":"Feature","geometry":{"type":"Point","coordinates":[-117.74574761508325,49.672856243764834]},"properties":{"FIRE_NUMBER":"N51276","FIRE_YEAR":2022,"IGNITION_DATE":1660298774000,"FIRE_CAUSE":"Lightning","FIRE_LABEL":"2022-N51276","FIRE_CENTRE":6,"ZONE":5,"CURRENT_SIZE":0.02}},{"type":"Feature","geometry":{"type":"Point","coordinates":[-117.76234759009225,49.566006235329368]},"properties":{"FIRE_NUMBER":"N51903","FIRE_YEAR":2022,"IGNITION_DATE":1661286600000,"FIRE_CAUSE":"Lightning","FIRE_LABEL":"2022-N51903","FIRE_CENTRE":6,"ZONE":5,"CURRENT_SIZE":0.12}},{"type":"Feature","geometry":{"type":"Point","coordinates":[-117.75459759832711,49.601423238321289]},"properties":{"FIRE_NUMBER":"N52801","FIRE_YEAR":2021,"IGNITION_DATE":null,"FIRE_CAUSE":"Person","FIRE_LABEL":"2021-N52801","FIRE_CENTRE":6,"ZONE":5,"CURRENT_SIZE":0.0090000000000000011}},{"type":"Feature","geometry":{"type":"Point","coordinates":[-117.74623038603215,49.562704636789995]},"properties":{"FIRE_NUMBER":"N51261","FIRE_YEAR":2020,"IGNITION_DATE":1597687867000,"FIRE_CAUSE":"Lightning","FIRE_LABEL":"2020-N51261","FIRE_CENTRE":6,"ZONE":5,"CURRENT_SIZE":1.0600000000000001}},{"type":"Feature","geometry":{"type":"Point","coordinates":[-117.73376457247507,49.519139236044026]},"properties":{"FIRE_NUMBER":"N50729","FIRE_YEAR":2022,"IGNITION_DATE":1658575449000,"FIRE_CAUSE":"Lightning","FIRE_LABEL":"2022-N50729","FIRE_CENTRE":6,"ZONE":5,"CURRENT_SIZE":0.02}},{"type":"Feature","geometry":{"type":"Point","coordinates":[-117.69618158145671,49.581671244335332]},"properties":{"FIRE_NUMBER":"N51250","FIRE_YEAR":2020,"IGNITION_DATE":1597688031000,"FIRE_CAUSE":"Lightning","FIRE_LABEL":"2020-N51250","FIRE_CENTRE":6,"ZONE":5,"CURRENT_SIZE":1302}},{"type":"Feature","geometry":{"type":"Point","coordinates":[-117.65908160088317,49.68120625421782]},"properties":{"FIRE_NUMBER":"N51089","FIRE_YEAR":2023,"IGNITION_DATE":null,"FIRE_CAUSE":"Person","FIRE_LABEL":"2023-N51089","FIRE_CENTRE":6,"ZONE":5,"CURRENT_SIZE":0.0090000000000000011}},{"type":"Feature","geometry":{"type":"Point","coordinates":[-117.65883160141024,49.681356254253139]},"properties":{"FIRE_NUMBER":"N52776","FIRE_YEAR":2021,"IGNITION_DATE":null,"FIRE_CAUSE":"Person","FIRE_LABEL":"2021-N52776","FIRE_CENTRE":6,"ZONE":5,"CURRENT_SIZE":0.0090000000000000011}},{"type":"Feature","geometry":{"type":"Point","coordinates":[-117.65889760147948,49.680939253971324]},"properties":{"FIRE_NUMBER":"N51116","FIRE_YEAR":2023,"IGNITION_DATE":null,"FIRE_CAUSE":"Person","FIRE_LABEL":"2023-N51116","FIRE_CENTRE":6,"ZONE":5,"CURRENT_SIZE":0.0090000000000000011}},{"type":"Feature","geometry":{"type":"Point","coordinates":[-117.65866460106383,49.681489254569158]},"properties":{"FIRE_NUMBER":"N50560","FIRE_YEAR":2022,"IGNITION_DATE":null,"FIRE_CAUSE":"Person","FIRE_LABEL":"2022-N50560","FIRE_CENTRE":6,"ZONE":5,"CURRENT_SIZE":0.0090000000000000011}},{"type":"Feature","geometry":{"type":"Point","coordinates":[-118.0146145716153,49.317739525583853]},"properties":{"FIRE_NUMBER":"N51778","FIRE_YEAR":2019,"IGNITION_DATE":1569148245000,"FIRE_CAUSE":"Person","FIRE_LABEL":"2019-N51778","FIRE_CENTRE":6,"ZONE":5,"CURRENT_SIZE":0.20999999999999999}},{"type":"Feature","geometry":{"type":"Point","coordinates":[-117.97739760081022,49.45530620452277]},"properties":{"FIRE_NUMBER":"N51287","FIRE_YEAR":2022,"IGNITION_DATE":1660252680000,"FIRE_CAUSE":"Lightning","FIRE_LABEL":"2022-N51287","FIRE_CENTRE":6,"ZONE":5,"CURRENT_SIZE":0.0090000000000000011}},{"type":"Feature","geometry":{"type":"Point","coordinates":[-117.96668154104908,49.233339192473359]},"properties":{"FIRE_NUMBER":"N50843","FIRE_YEAR":2000,"IGNITION_DATE":null,"FIRE_CAUSE":"Unknown","FIRE_LABEL":"2000-N50843","FIRE_CENTRE":6,"ZONE":5,"CURRENT_SIZE":null}},{"type":"Feature","geometry":{"type":"Point","coordinates":[-117.95449755045868,49.276572196375312]},"properties":{"FIRE_NUMBER":"N50708","FIRE_YEAR":2018,"IGNITION_DATE":1529517780000,"FIRE_CAUSE":"Lightning","FIRE_LABEL":"2018-N50708","FIRE_CENTRE":6,"ZONE":5,"CURRENT_SIZE":0.0090000000000000011}},{"type":"Feature","geometry":{"type":"Point","coordinates":[-117.95973154021596,49.236373193148943]},"properties":{"FIRE_NUMBER":"N52559","FIRE_YEAR":2023,"IGNITION_DATE":1691312938000,"FIRE_CAUSE":"Lightning","FIRE_LABEL":"2023-N52559","FIRE_CENTRE":6,"ZONE":5,"CURRENT_SIZE":0.40000000000000002}},{"type":"Feature","geometry":{"type":"Point","coordinates":[-117.91349755484104,49.323639203439789]},"properties":{"FIRE_NUMBER":"N50457","FIRE_YEAR":2021,"IGNITION_DATE":1620194400000,"FIRE_CAUSE":"Person","FIRE_LABEL":"2021-N50457","FIRE_CENTRE":6,"ZONE":5,"CURRENT_SIZE":0.0090000000000000011}},{"type":"Feature","geometry":{"type":"Point","coordinates":[-117.90496756481487,49.360174663772789]},"properties":{"FIRE_NUMBER":"N50106","FIRE_YEAR":2018,"IGNITION_DATE":1525462260000,"FIRE_CAUSE":"Lightning","FIRE_LABEL":"2018-N50106","FIRE_CENTRE":6,"ZONE":5,"CURRENT_SIZE":0.25}},{"type":"Feature","geometry":{"type":"Point","coordinates":[-117.90529755685876,49.336089205288623]},"properties":{"FIRE_NUMBER":"N52536","FIRE_YEAR":2021,"IGNITION_DATE":1628614615000,"FIRE_CAUSE":"Person","FIRE_LABEL":"2021-N52536","FIRE_CENTRE":6,"ZONE":5,"CURRENT_SIZE":0.0090000000000000011}},{"type":"Feature","geometry":{"type":"Point","coordinates":[-117.84376453925782,49.315639544334104]},"properties":{"FIRE_NUMBER":"N50592","FIRE_YEAR":2019,"IGNITION_DATE":1559958626000,"FIRE_CAUSE":"Lightning","FIRE_LABEL":"2019-N50592","FIRE_CENTRE":6,"ZONE":5,"CURRENT_SIZE":0.070000000000000007}},{"type":"Feature","geometry":{"type":"Point","coordinates":[-117.80111623690614,49.335138816897256]},"properties":{"FIRE_NUMBER":"N51382","FIRE_YEAR":2020,"IGNITION_DATE":1597676110000,"FIRE_CAUSE":"Lightning","FIRE_LABEL":"2020-N51382","FIRE_CENTRE":6,"ZONE":5,"CURRENT_SIZE":0.01}},{"type":"Feature","geometry":{"type":"Point","coordinates":[-117.81761091043646,49.22290660789114]},"properties":{"FIRE_NUMBER":"N51439","FIRE_YEAR":2020,"IGNITION_DATE":1597675183000,"FIRE_CAUSE":"Lightning","FIRE_LABEL":"2020-N51439","FIRE_CENTRE":6,"ZONE":5,"CURRENT_SIZE":0.23000000000000001}},{"type":"Feature","geometry":{"type":"Point","coordinates":[-117.79743153562706,49.334873217413232]},"properties":{"FIRE_NUMBER":"N50523","FIRE_YEAR":2021,"IGNITION_DATE":1621094983000,"FIRE_CAUSE":"Person","FIRE_LABEL":"2021-N50523","FIRE_CENTRE":6,"ZONE":5,"CURRENT_SIZE":0.59999999999999998}},{"type":"Feature","geometry":{"type":"Point","coordinates":[-117.77423153703982,49.35587322128125]},"properties":{"FIRE_NUMBER":"N50931","FIRE_YEAR":2023,"IGNITION_DATE":1686667592000,"FIRE_CAUSE":"Lightning","FIRE_LABEL":"2023-N50931","FIRE_CENTRE":6,"ZONE":5,"CURRENT_SIZE":0.015000000000000001}},{"type":"Feature","geometry":{"type":"Point","coordinates":[-117.77642749785333,49.204290911862365]},"properties":{"FIRE_NUMBER":"N51400","FIRE_YEAR":2020,"IGNITION_DATE":1597676109000,"FIRE_CAUSE":"Lightning","FIRE_LABEL":"2020-N51400","FIRE_CENTRE":6,"ZONE":5,"CURRENT_SIZE":0.02}},{"type":"Feature","geometry":{"type":"Point","coordinates":[-117.72931453286468,49.372989560998008]},"properties":{"FIRE_NUMBER":"N50190","FIRE_YEAR":2019,"IGNITION_DATE":1557320400000,"FIRE_CAUSE":"Person","FIRE_LABEL":"2019-N50190","FIRE_CENTRE":6,"ZONE":5,"CURRENT_SIZE":0.0090000000000000011}},{"type":"Feature","geometry":{"type":"Point","coordinates":[-117.73348118738846,49.323689557206805]},"properties":{"FIRE_NUMBER":"N51079","FIRE_YEAR":2019,"IGNITION_DATE":1563953745000,"FIRE_CAUSE":"Lightning","FIRE_LABEL":"2019-N51079","FIRE_CENTRE":6,"ZONE":5,"CURRENT_SIZE":0.01}},{"type":"Feature","geometry":{"type":"Point","coordinates":[-117.7337315092355,49.280589221058854]},"properties":{"FIRE_NUMBER":"N52859","FIRE_YEAR":2021,"IGNITION_DATE":1632571392000,"FIRE_CAUSE":"Person","FIRE_LABEL":"2021-N52859","FIRE_CENTRE":6,"ZONE":5,"CURRENT_SIZE":0.001}},{"type":"Feature","geometry":{"type":"Point","coordinates":[-117.73148150754221,49.276873220894394]},"properties":{"FIRE_NUMBER":"N52903","FIRE_YEAR":2021,"IGNITION_DATE":1632837781000,"FIRE_CAUSE":"Lightning","FIRE_LABEL":"2021-N52903","FIRE_CENTRE":6,"ZONE":5,"CURRENT_SIZE":0.10000000000000001}},{"type":"Feature","geometry":{"type":"Point","coordinates":[-117.72054981138788,49.298590223366709]},"properties":{"FIRE_NUMBER":"N51078","FIRE_YEAR":2020,"IGNITION_DATE":1596740461000,"FIRE_CAUSE":"Lightning","FIRE_LABEL":"2020-N51078","FIRE_CENTRE":6,"ZONE":5,"CURRENT_SIZE":0.16}},{"type":"Feature","geometry":{"type":"Point","coordinates":[-117.70891497611417,49.353506594604781]},"properties":{"FIRE_NUMBER":"N50938","FIRE_YEAR":2018,"IGNITION_DATE":1529989860000,"FIRE_CAUSE":"Lightning","FIRE_LABEL":"2018-N50938","FIRE_CENTRE":6,"ZONE":5,"CURRENT_SIZE":0.074999999999999997}},{"type":"Feature","geometry":{"type":"Point","coordinates":[-117.73228148720652,49.194656215797039]},"properties":{"FIRE_NUMBER":"N50673","FIRE_YEAR":2021,"IGNITION_DATE":1622301965000,"FIRE_CAUSE":"Lightning","FIRE_LABEL":"2021-N50673","FIRE_CENTRE":6,"ZONE":5,"CURRENT_SIZE":5.2999999999999998}},{"type":"Feature","geometry":{"type":"Point","coordinates":[-117.69923119337871,49.369972897556643]},"properties":{"FIRE_NUMBER":"N51078","FIRE_YEAR":2019,"IGNITION_DATE":1563952816000,"FIRE_CAUSE":"Lightning","FIRE_LABEL":"2019-N51078","FIRE_CENTRE":6,"ZONE":5,"CURRENT_SIZE":0.0090000000000000011}},{"type":"Feature","geometry":{"type":"Point","coordinates":[-117.68633151914922,49.352323230998628]},"properties":{"FIRE_NUMBER":"N50717","FIRE_YEAR":2021,"IGNITION_DATE":1622802582000,"FIRE_CAUSE":"Person","FIRE_LABEL":"2021-N50717","FIRE_CENTRE":6,"ZONE":5,"CURRENT_SIZE":0.080000000000000002}},{"type":"Feature","geometry":{"type":"Point","coordinates":[-117.70306449795564,49.257056222768497]},"properties":{"FIRE_NUMBER":"N51340","FIRE_YEAR":2019,"IGNITION_DATE":1565441726000,"FIRE_CAUSE":"Lightning","FIRE_LABEL":"2019-N51340","FIRE_CENTRE":6,"ZONE":5,"CURRENT_SIZE":0.10000000000000001}},{"type":"Feature","geometry":{"type":"Point","coordinates":[-117.65108147020199,49.187489224408608]},"properties":{"FIRE_NUMBER":"N51660","FIRE_YEAR":2021,"IGNITION_DATE":1625686309000,"FIRE_CAUSE":"Lightning","FIRE_LABEL":"2021-N51660","FIRE_CENTRE":6,"ZONE":5,"CURRENT_SIZE":0.029999999999999999}},{"type":"Feature","geometry":{"type":"Point","coordinates":[-117.55301444943329,49.182706234758527]},"properties":{"FIRE_NUMBER":"N52714","FIRE_YEAR":2022,"IGNITION_DATE":1665760837000,"FIRE_CAUSE":"Person","FIRE_LABEL":"2022-N52714","FIRE_CENTRE":6,"ZONE":5,"CURRENT_SIZE":0.29999999999999999}},{"type":"Feature","geometry":{"type":"Point","coordinates":[-117.56666445384063,49.186089567026741]},"properties":{"FIRE_NUMBER":"N50593","FIRE_YEAR":2019,"IGNITION_DATE":1560450406000,"FIRE_CAUSE":"Lightning","FIRE_LABEL":"2019-N50593","FIRE_CENTRE":6,"ZONE":5,"CURRENT_SIZE":0.10000000000000001}},{"type":"Feature","geometry":{"type":"Point","coordinates":[-117.53728111595167,49.193606237393055]},"properties":{"FIRE_NUMBER":"N50653","FIRE_YEAR":2019,"IGNITION_DATE":1560450672000,"FIRE_CAUSE":"Lightning","FIRE_LABEL":"2019-N50653","FIRE_CENTRE":6,"ZONE":5,"CURRENT_SIZE":0.10000000000000001}},{"type":"Feature","geometry":{"type":"Point","coordinates":[-117.67884781425408,49.211839556165913]},"properties":{"FIRE_NUMBER":"N50889","FIRE_YEAR":2019,"IGNITION_DATE":1560449940000,"FIRE_CAUSE":"Lightning","FIRE_LABEL":"2019-N50889","FIRE_CENTRE":6,"ZONE":5,"CURRENT_SIZE":0.01}},{"type":"Feature","geometry":{"type":"Point","coordinates":[-117.66949781311588,49.21378955731614]},"properties":{"FIRE_NUMBER":"N50574","FIRE_YEAR":2019,"IGNITION_DATE":1560450036000,"FIRE_CAUSE":"Lightning","FIRE_LABEL":"2019-N50574","FIRE_CENTRE":6,"ZONE":5,"CURRENT_SIZE":0.20000000000000001}},{"type":"Feature","geometry":{"type":"Point","coordinates":[-117.68818048430808,49.215689222538082]},"properties":{"FIRE_NUMBER":"N52479","FIRE_YEAR":2023,"IGNITION_DATE":null,"FIRE_CAUSE":"Person","FIRE_LABEL":"2023-N52479","FIRE_CENTRE":6,"ZONE":5,"CURRENT_SIZE":0.0090000000000000011}},{"type":"Feature","geometry":{"type":"Point","coordinates":[-117.68688118952429,49.236339524122165]},"properties":{"FIRE_NUMBER":"N51362","FIRE_YEAR":2020,"IGNITION_DATE":1597676139000,"FIRE_CAUSE":"Person","FIRE_LABEL":"2020-N51362","FIRE_CENTRE":6,"ZONE":5,"CURRENT_SIZE":0.5}},{"type":"Feature","geometry":{"type":"Point","coordinates":[-117.5303144561264,49.225156240248403]},"properties":{"FIRE_NUMBER":"N51756","FIRE_YEAR":2021,"IGNITION_DATE":1625770100000,"FIRE_CAUSE":"Lightning","FIRE_LABEL":"2021-N51756","FIRE_CENTRE":6,"ZONE":5,"CURRENT_SIZE":35}},{"type":"Feature","geometry":{"type":"Point","coordinates":[-117.66884748919229,49.25167322641812]},"properties":{"FIRE_NUMBER":"N50305","FIRE_YEAR":2021,"IGNITION_DATE":null,"FIRE_CAUSE":"Person","FIRE_LABEL":"2021-N50305","FIRE_CENTRE":6,"ZONE":5,"CURRENT_SIZE":0.35000000000000003}},{"type":"Feature","geometry":{"type":"Point","coordinates":[-117.67068149794446,49.282406228184414]},"properties":{"FIRE_NUMBER":"N51165","FIRE_YEAR":2021,"IGNITION_DATE":1625081400000,"FIRE_CAUSE":"Person","FIRE_LABEL":"2021-N51165","FIRE_CENTRE":6,"ZONE":5,"CURRENT_SIZE":20}},{"type":"Feature","geometry":{"type":"Point","coordinates":[-117.68451450145757,49.287123226858718]},"properties":{"FIRE_NUMBER":"N52936","FIRE_YEAR":2023,"IGNITION_DATE":1692777600000,"FIRE_CAUSE":"Lightning","FIRE_LABEL":"2023-N52936","FIRE_CENTRE":6,"ZONE":5,"CURRENT_SIZE":0.0090000000000000011}},{"type":"Feature","geometry":{"type":"Point","coordinates":[-117.69491450713372,49.297556226470398]},"properties":{"FIRE_NUMBER":"N50549","FIRE_YEAR":2019,"IGNITION_DATE":1560443576000,"FIRE_CAUSE":"Lightning","FIRE_LABEL":"2019-N50549","FIRE_CENTRE":6,"ZONE":5,"CURRENT_SIZE":0.0090000000000000011}},{"type":"Feature","geometry":{"type":"Point","coordinates":[-117.5927644859498,49.294639237405022]},"properties":{"FIRE_NUMBER":"N52690","FIRE_YEAR":2023,"IGNITION_DATE":1691682098000,"FIRE_CAUSE":"Lightning","FIRE_LABEL":"2023-N52690","FIRE_CENTRE":6,"ZONE":5,"CURRENT_SIZE":0.059999999999999998}},{"type":"Feature","geometry":{"type":"Point","coordinates":[-117.57046428260897,49.296038240541542]},"properties":{"FIRE_NUMBER":"N51328","FIRE_YEAR":2020,"IGNITION_DATE":1597579708000,"FIRE_CAUSE":"Lightning","FIRE_LABEL":"2020-N51328","FIRE_CENTRE":6,"ZONE":5,"CURRENT_SIZE":0.65000000000000002}},{"type":"Feature","geometry":{"type":"Point","coordinates":[-117.67684750683,49.313756229995526]},"properties":{"FIRE_NUMBER":"N52504","FIRE_YEAR":2023,"IGNITION_DATE":1691230985000,"FIRE_CAUSE":"Person","FIRE_LABEL":"2023-N52504","FIRE_CENTRE":6,"ZONE":5,"CURRENT_SIZE":2}},{"type":"Feature","geometry":{"type":"Point","coordinates":[-117.66801450614224,49.316156230472274]},"properties":{"FIRE_NUMBER":"N52488","FIRE_YEAR":2023,"IGNITION_DATE":1691235540000,"FIRE_CAUSE":"Unknown","FIRE_LABEL":"2023-N52488","FIRE_CENTRE":6,"ZONE":5,"CURRENT_SIZE":0.0090000000000000011}},{"type":"Feature","geometry":{"type":"Point","coordinates":[-117.66968061775466,49.31797234038487]},"properties":{"FIRE_NUMBER":"N51851","FIRE_YEAR":2021,"IGNITION_DATE":1626108304000,"FIRE_CAUSE":"Person","FIRE_LABEL":"2021-N51851","FIRE_CENTRE":6,"ZONE":5,"CURRENT_SIZE":0.0090000000000000011}},{"type":"Feature","geometry":{"type":"Point","coordinates":[-117.5938311594774,49.317956239500624]},"properties":{"FIRE_NUMBER":"N51830","FIRE_YEAR":2019,"IGNITION_DATE":1572545747000,"FIRE_CAUSE":"Person","FIRE_LABEL":"2019-N51830","FIRE_CENTRE":6,"ZONE":5,"CURRENT_SIZE":0.0090000000000000011}},{"type":"Feature","geometry":{"type":"Point","coordinates":[-117.61506450242747,49.337973237644093]},"properties":{"FIRE_NUMBER":"N50604","FIRE_YEAR":2023,"IGNITION_DATE":1685608536000,"FIRE_CAUSE":"Lightning","FIRE_LABEL":"2023-N50604","FIRE_CENTRE":6,"ZONE":5,"CURRENT_SIZE":0.025000000000000001}},{"type":"Feature","geometry":{"type":"Point","coordinates":[-117.67456451643253,49.348389231651261]},"properties":{"FIRE_NUMBER":"N51464","FIRE_YEAR":2021,"IGNITION_DATE":1625497247000,"FIRE_CAUSE":"Person","FIRE_LABEL":"2021-N51464","FIRE_CENTRE":6,"ZONE":5,"CURRENT_SIZE":0.01}},{"type":"Feature","geometry":{"type":"Point","coordinates":[-117.6762001161851,49.349054831575344]},"properties":{"FIRE_NUMBER":"N50430","FIRE_YEAR":2020,"IGNITION_DATE":1593253800000,"FIRE_CAUSE":"Person","FIRE_LABEL":"2020-N50430","FIRE_CENTRE":6,"ZONE":5,"CURRENT_SIZE":0.01}},{"type":"Feature","geometry":{"type":"Point","coordinates":[-117.66096451564371,49.354623233882265]},"properties":{"FIRE_NUMBER":"N52675","FIRE_YEAR":2022,"IGNITION_DATE":1665212986000,"FIRE_CAUSE":"Person","FIRE_LABEL":"2022-N52675","FIRE_CENTRE":6,"ZONE":5,"CURRENT_SIZE":0.29999999999999999}},{"type":"Feature","geometry":{"type":"Point","coordinates":[-117.58146450036911,49.356606242831475]},"properties":{"FIRE_NUMBER":"N51796","FIRE_YEAR":2019,"IGNITION_DATE":1569917308000,"FIRE_CAUSE":"Person","FIRE_LABEL":"2019-N51796","FIRE_CENTRE":6,"ZONE":5,"CURRENT_SIZE":0.0090000000000000011}},{"type":"Feature","geometry":{"type":"Point","coordinates":[-117.67513202705652,49.389090134040998]},"properties":{"FIRE_NUMBER":"N51380","FIRE_YEAR":2020,"IGNITION_DATE":1598014800000,"FIRE_CAUSE":"Person","FIRE_LABEL":"2020-N51380","FIRE_CENTRE":6,"ZONE":5,"CURRENT_SIZE":0.059999999999999998}},{"type":"Feature","geometry":{"type":"Point","coordinates":[-117.641847524619,49.405373238848945]},"properties":{"FIRE_NUMBER":"N51995","FIRE_YEAR":2020,"IGNITION_DATE":null,"FIRE_CAUSE":"Person","FIRE_LABEL":"2020-N51995","FIRE_CENTRE":6,"ZONE":5,"CURRENT_SIZE":7}},{"type":"Feature","geometry":{"type":"Point","coordinates":[-117.46473149830173,49.434639260528911]},"properties":{"FIRE_NUMBER":"N72099","FIRE_YEAR":2022,"IGNITION_DATE":1661612063000,"FIRE_CAUSE":"Lightning","FIRE_LABEL":"2022-N72099","FIRE_CENTRE":6,"ZONE":7,"CURRENT_SIZE":0.16}},{"type":"Feature","geometry":{"type":"Point","coordinates":[-117.62884454356491,49.487341446021567]},"properties":{"FIRE_NUMBER":"N51263","FIRE_YEAR":2020,"IGNITION_DATE":1597689223000,"FIRE_CAUSE":"Lightning","FIRE_LABEL":"2020-N51263","FIRE_CENTRE":6,"ZONE":5,"CURRENT_SIZE":0.0090000000000000011}},{"type":"Feature","geometry":{"type":"Point","coordinates":[-117.96011450321869,49.093906184297751]},"properties":{"FIRE_NUMBER":"N52945","FIRE_YEAR":2023,"IGNITION_DATE":1671985800000,"FIRE_CAUSE":"Person","FIRE_LABEL":"2023-N52945","FIRE_CENTRE":6,"ZONE":5,"CURRENT_SIZE":0.002}},{"type":"Feature","geometry":{"type":"Point","coordinates":[-117.86688117462157,49.177339533631013]},"properties":{"FIRE_NUMBER":"N50561","FIRE_YEAR":2019,"IGNITION_DATE":1560448652000,"FIRE_CAUSE":"Lightning","FIRE_LABEL":"2019-N50561","FIRE_CENTRE":6,"ZONE":5,"CURRENT_SIZE":0.001}},{"type":"Feature","geometry":{"type":"Point","coordinates":[-117.87501448907672,49.098639194426745]},"properties":{"FIRE_NUMBER":"N52037","FIRE_YEAR":2022,"IGNITION_DATE":1661518760000,"FIRE_CAUSE":"Lightning","FIRE_LABEL":"2022-N52037","FIRE_CENTRE":6,"ZONE":5,"CURRENT_SIZE":0.0090000000000000011}},{"type":"Feature","geometry":{"type":"Point","coordinates":[-117.78274747735269,49.120573205647254]},"properties":{"FIRE_NUMBER":"N50685","FIRE_YEAR":2021,"IGNITION_DATE":1622379170000,"FIRE_CAUSE":"Lightning","FIRE_LABEL":"2021-N50685","FIRE_CENTRE":6,"ZONE":5,"CURRENT_SIZE":0.13}},{"type":"Feature","geometry":{"type":"Point","coordinates":[-117.76589748425684,49.161039209780149]},"properties":{"FIRE_NUMBER":"N52565","FIRE_YEAR":2022,"IGNITION_DATE":1663354800000,"FIRE_CAUSE":"Lightning","FIRE_LABEL":"2022-N52565","FIRE_CENTRE":6,"ZONE":5,"CURRENT_SIZE":0.13}},{"type":"Feature","geometry":{"type":"Point","coordinates":[-117.75793377742549,49.14137130998521]},"properties":{"FIRE_NUMBER":"N50790","FIRE_YEAR":2019,"IGNITION_DATE":1561752034000,"FIRE_CAUSE":"Lightning","FIRE_LABEL":"2019-N50790","FIRE_CENTRE":6,"ZONE":5,"CURRENT_SIZE":0.40000000000000002}},{"type":"Feature","geometry":{"type":"Point","coordinates":[-117.73013146180752,49.099289210085082]},"properties":{"FIRE_NUMBER":"N52723","FIRE_YEAR":2023,"IGNITION_DATE":1691927197000,"FIRE_CAUSE":"Person","FIRE_LABEL":"2023-N52723","FIRE_CENTRE":6,"ZONE":5,"CURRENT_SIZE":1.3}},{"type":"Feature","geometry":{"type":"Point","coordinates":[-117.70776445402285,49.087173211648377]},"properties":{"FIRE_NUMBER":"N50945","FIRE_YEAR":2021,"IGNITION_DATE":1624744876000,"FIRE_CAUSE":"Person","FIRE_LABEL":"2021-N50945","FIRE_CENTRE":6,"ZONE":5,"CURRENT_SIZE":0.70000000000000007}},{"type":"Feature","geometry":{"type":"Point","coordinates":[-117.70719745436642,49.086406212387587]},"properties":{"FIRE_NUMBER":"N53419","FIRE_YEAR":2023,"IGNITION_DATE":null,"FIRE_CAUSE":"Person","FIRE_LABEL":"2023-N53419","FIRE_CENTRE":6,"ZONE":5,"CURRENT_SIZE":0}},{"type":"Feature","geometry":{"type":"Point","coordinates":[-117.70649638925958,49.089788926830515]},"properties":{"FIRE_NUMBER":"N50392","FIRE_YEAR":2018,"IGNITION_DATE":1525474800000,"FIRE_CAUSE":"Person","FIRE_LABEL":"2018-N50392","FIRE_CENTRE":6,"ZONE":5,"CURRENT_SIZE":0.10000000000000001}},{"type":"Feature","geometry":{"type":"Point","coordinates":[-117.61618144454017,49.117473223827801]},"properties":{"FIRE_NUMBER":"N52624","FIRE_YEAR":2021,"IGNITION_DATE":1628410061000,"FIRE_CAUSE":"Lightning","FIRE_LABEL":"2021-N52624","FIRE_CENTRE":6,"ZONE":5,"CURRENT_SIZE":3.3999999999999999}},{"type":"Feature","geometry":{"type":"Point","coordinates":[-117.59706793016305,49.071206223002939]},"properties":{"FIRE_NUMBER":"N50050","FIRE_YEAR":2020,"IGNITION_DATE":1586707200000,"FIRE_CAUSE":"Person","FIRE_LABEL":"2020-N50050","FIRE_CENTRE":6,"ZONE":5,"CURRENT_SIZE":1.8}},{"type":"Feature","geometry":{"type":"Point","coordinates":[-117.57684778014952,49.153956230334238]},"properties":{"FIRE_NUMBER":"N50610","FIRE_YEAR":2019,"IGNITION_DATE":1560449880000,"FIRE_CAUSE":"Lightning","FIRE_LABEL":"2019-N50610","FIRE_CENTRE":6,"ZONE":5,"CURRENT_SIZE":0.90000000000000002}},{"type":"Feature","geometry":{"type":"Point","coordinates":[-117.56834775554027,49.06472289267456]},"properties":{"FIRE_NUMBER":"N51807","FIRE_YEAR":2019,"IGNITION_DATE":1570892400000,"FIRE_CAUSE":"Person","FIRE_LABEL":"2019-N51807","FIRE_CENTRE":6,"ZONE":5,"CURRENT_SIZE":0.0090000000000000011}},{"type":"Feature","geometry":{"type":"Point","coordinates":[-117.54661444174317,49.153839233740918]},"properties":{"FIRE_NUMBER":"N50859","FIRE_YEAR":2022,"IGNITION_DATE":1659074963000,"FIRE_CAUSE":"Lightning","FIRE_LABEL":"2022-N50859","FIRE_CENTRE":6,"ZONE":5,"CURRENT_SIZE":0.23999999999999999}},{"type":"Feature","geometry":{"type":"Point","coordinates":[-117.52393263419755,49.144655736177178]},"properties":{"FIRE_NUMBER":"N50751","FIRE_YEAR":2020,"IGNITION_DATE":1596215400000,"FIRE_CAUSE":"Person","FIRE_LABEL":"2020-N50751","FIRE_CENTRE":6,"ZONE":5,"CURRENT_SIZE":0.0090000000000000011}},{"type":"Feature","geometry":{"type":"Point","coordinates":[-117.52252873443678,49.146605036469943]},"properties":{"FIRE_NUMBER":"N50404","FIRE_YEAR":2020,"IGNITION_DATE":1592806500000,"FIRE_CAUSE":"Person","FIRE_LABEL":"2020-N50404","FIRE_CENTRE":6,"ZONE":5,"CURRENT_SIZE":0.0090000000000000011}},{"type":"Feature","geometry":{"type":"Point","coordinates":[-117.49814762983397,49.903306285615152]},"properties":{"FIRE_NUMBER":"N50673","FIRE_YEAR":2022,"IGNITION_DATE":1658483379000,"FIRE_CAUSE":"Lightning","FIRE_LABEL":"2022-N50673","FIRE_CENTRE":6,"ZONE":5,"CURRENT_SIZE":0.0090000000000000011}},{"type":"Feature","geometry":{"type":"Point","coordinates":[-117.47601462438233,49.898956288414325]},"properties":{"FIRE_NUMBER":"N52556","FIRE_YEAR":2023,"IGNITION_DATE":1691337600000,"FIRE_CAUSE":"Lightning","FIRE_LABEL":"2023-N52556","FIRE_CENTRE":6,"ZONE":5,"CURRENT_SIZE":0.02}},{"type":"Feature","geometry":{"type":"Point","coordinates":[-117.41400081862075,49.922274196164288]},"properties":{"FIRE_NUMBER":"N51731","FIRE_YEAR":2019,"IGNITION_DATE":1567562701000,"FIRE_CAUSE":"Lightning","FIRE_LABEL":"2019-N51731","FIRE_CENTRE":6,"ZONE":5,"CURRENT_SIZE":0.0090000000000000011}},{"type":"Feature","geometry":{"type":"Point","coordinates":[-117.41351460448841,49.869956293222032]},"properties":{"FIRE_NUMBER":"N50926","FIRE_YEAR":2019,"IGNITION_DATE":1562790769000,"FIRE_CAUSE":"Person","FIRE_LABEL":"2019-N50926","FIRE_CENTRE":6,"ZONE":5,"CURRENT_SIZE":0.0090000000000000011}},{"type":"Feature","geometry":{"type":"Point","coordinates":[-117.41288060498802,49.870373293471772]},"properties":{"FIRE_NUMBER":"N52257","FIRE_YEAR":2022,"IGNITION_DATE":1662222572000,"FIRE_CAUSE":"Person","FIRE_LABEL":"2022-N52257","FIRE_CENTRE":6,"ZONE":5,"CURRENT_SIZE":0.0090000000000000011}},{"type":"Feature","geometry":{"type":"Point","coordinates":[-117.4090979382143,49.872689627336598]},"properties":{"FIRE_NUMBER":"N50443","FIRE_YEAR":2019,"IGNITION_DATE":1559401346000,"FIRE_CAUSE":"Person","FIRE_LABEL":"2019-N50443","FIRE_CENTRE":6,"ZONE":5,"CURRENT_SIZE":0.050000000000000003}},{"type":"Feature","geometry":{"type":"Point","coordinates":[-117.38674761340761,49.923206299358959]},"properties":{"FIRE_NUMBER":"N50711","FIRE_YEAR":2022,"IGNITION_DATE":null,"FIRE_CAUSE":"Person","FIRE_LABEL":"2022-N50711","FIRE_CENTRE":6,"ZONE":5,"CURRENT_SIZE":0.0090000000000000011}},{"type":"Feature","geometry":{"type":"Point","coordinates":[-117.38491461429305,49.924323299945762]},"properties":{"FIRE_NUMBER":"N50467","FIRE_YEAR":2022,"IGNITION_DATE":null,"FIRE_CAUSE":"Person","FIRE_LABEL":"2022-N50467","FIRE_CENTRE":6,"ZONE":5,"CURRENT_SIZE":0.0090000000000000011}},{"type":"Feature","geometry":{"type":"Point","coordinates":[-117.38289761322281,49.92155630035127]},"properties":{"FIRE_NUMBER":"N52875","FIRE_YEAR":2023,"IGNITION_DATE":null,"FIRE_CAUSE":"Person","FIRE_LABEL":"2023-N52875","FIRE_CENTRE":6,"ZONE":5,"CURRENT_SIZE":0.0090000000000000011}},{"type":"Feature","geometry":{"type":"Point","coordinates":[-117.38261461317219,49.922306300429824]},"properties":{"FIRE_NUMBER":"N51117","FIRE_YEAR":2019,"IGNITION_DATE":null,"FIRE_CAUSE":"Person","FIRE_LABEL":"2019-N51117","FIRE_CENTRE":6,"ZONE":5,"CURRENT_SIZE":0.0090000000000000011}},{"type":"Feature","geometry":{"type":"Point","coordinates":[-117.38064761211437,49.921473300016032]},"properties":{"FIRE_NUMBER":"N52035","FIRE_YEAR":2021,"IGNITION_DATE":1626618600000,"FIRE_CAUSE":"Person","FIRE_LABEL":"2021-N52035","FIRE_CENTRE":6,"ZONE":5,"CURRENT_SIZE":0.0090000000000000011}},{"type":"Feature","geometry":{"type":"Point","coordinates":[-117.860900311763,49.950239747924911]},"properties":{"FIRE_NUMBER":"N50294","FIRE_YEAR":2020,"IGNITION_DATE":null,"FIRE_CAUSE":"Person","FIRE_LABEL":"2020-N50294","FIRE_CENTRE":6,"ZONE":5,"CURRENT_SIZE":0.001}},{"type":"Feature","geometry":{"type":"Point","coordinates":[-117.7987147017498,49.959023255043085]},"properties":{"FIRE_NUMBER":"N52361","FIRE_YEAR":2023,"IGNITION_DATE":1690732131000,"FIRE_CAUSE":"Lightning","FIRE_LABEL":"2023-N52361","FIRE_CENTRE":6,"ZONE":5,"CURRENT_SIZE":0.27000000000000002}},{"type":"Feature","geometry":{"type":"Point","coordinates":[-117.76004770025143,49.976223260930652]},"properties":{"FIRE_NUMBER":"N50396","FIRE_YEAR":2023,"IGNITION_DATE":null,"FIRE_CAUSE":"Unknown","FIRE_LABEL":"2023-N50396","FIRE_CENTRE":6,"ZONE":5,"CURRENT_SIZE":0.01}},{"type":"Feature","geometry":{"type":"Point","coordinates":[-117.50118162895505,49.897723284856809]},"properties":{"FIRE_NUMBER":"N50674","FIRE_YEAR":2022,"IGNITION_DATE":1658491863000,"FIRE_CAUSE":"Lightning","FIRE_LABEL":"2022-N50674","FIRE_CENTRE":6,"ZONE":5,"CURRENT_SIZE":0.0090000000000000011}}]}